**************************************************
Report         : passing_points

Reference      : ref:/WORK/zigbee_phy_tx
Implementation : imp:/WORK/zigbee_phy_tx
Version        : L-2016.03-SP1
Date           : Thu Sep 17 17:22:32 2026
**************************************************

3266 Passing compare points:

  Ref  DFF        ref:/WORK/zigbee_phy_tx/u_ctrl_fsm/current_state_reg[0]
  Impl DFF        imp:/WORK/zigbee_phy_tx/u_ctrl_fsm/current_state_reg[0]

  Ref  DFF        ref:/WORK/zigbee_phy_tx/u_ctrl_fsm/current_state_reg[1]
  Impl DFF        imp:/WORK/zigbee_phy_tx/u_ctrl_fsm/current_state_reg[1]

  Ref  DFF        ref:/WORK/zigbee_phy_tx/u_ctrl_fsm/load_delay_reg_reg[0]
  Impl DFF        imp:/WORK/zigbee_phy_tx/u_ctrl_fsm/load_delay_reg_reg[0]

  Ref  DFF        ref:/WORK/zigbee_phy_tx/u_ctrl_fsm/load_delay_reg_reg[1]
  Impl DFF        imp:/WORK/zigbee_phy_tx/u_ctrl_fsm/load_delay_reg_reg[1]

  Ref  DFF        ref:/WORK/zigbee_phy_tx/u_ctrl_fsm/preample_sfd_rom_rd_addr_reg_reg[0]
  Impl DFF        imp:/WORK/zigbee_phy_tx/u_ctrl_fsm/preample_sfd_rom_rd_addr_reg_reg[0]

  Ref  DFF        ref:/WORK/zigbee_phy_tx/u_ctrl_fsm/preample_sfd_rom_rd_addr_reg_reg[1]
  Impl DFF        imp:/WORK/zigbee_phy_tx/u_ctrl_fsm/preample_sfd_rom_rd_addr_reg_reg[1]

  Ref  DFF        ref:/WORK/zigbee_phy_tx/u_ctrl_fsm/preample_sfd_rom_rd_addr_reg_reg[2]
  Impl DFF        imp:/WORK/zigbee_phy_tx/u_ctrl_fsm/preample_sfd_rom_rd_addr_reg_reg[2]

  Ref  DFF        ref:/WORK/zigbee_phy_tx/u_ctrl_fsm/preample_sfd_rom_rd_addr_reg_reg[3]
  Impl DFF        imp:/WORK/zigbee_phy_tx/u_ctrl_fsm/preample_sfd_rom_rd_addr_reg_reg[3]

  Ref  DFF        ref:/WORK/zigbee_phy_tx/u_ctrl_fsm/ready_for_IQ_d_reg
  Impl DFF        imp:/WORK/zigbee_phy_tx/u_ctrl_fsm/ready_for_IQ_d_reg

  Ref  DFF        ref:/WORK/zigbee_phy_tx/u_ctrl_fsm/req_cnt_reg_reg[0]
  Impl DFF        imp:/WORK/zigbee_phy_tx/u_ctrl_fsm/req_cnt_reg_reg[0]

  Ref  DFF        ref:/WORK/zigbee_phy_tx/u_ctrl_fsm/req_cnt_reg_reg[1]
  Impl DFF        imp:/WORK/zigbee_phy_tx/u_ctrl_fsm/req_cnt_reg_reg[1]

  Ref  DFF        ref:/WORK/zigbee_phy_tx/u_ctrl_fsm/sm_ram_rd_addr_reg_reg[0]
  Impl DFF        imp:/WORK/zigbee_phy_tx/u_ctrl_fsm/sm_ram_rd_addr_reg_reg[0]

  Ref  DFF        ref:/WORK/zigbee_phy_tx/u_ctrl_fsm/sm_ram_rd_addr_reg_reg[1]
  Impl DFF        imp:/WORK/zigbee_phy_tx/u_ctrl_fsm/sm_ram_rd_addr_reg_reg[1]

  Ref  DFF        ref:/WORK/zigbee_phy_tx/u_ctrl_fsm/sm_ram_rd_addr_reg_reg[2]
  Impl DFF        imp:/WORK/zigbee_phy_tx/u_ctrl_fsm/sm_ram_rd_addr_reg_reg[2]

  Ref  DFF        ref:/WORK/zigbee_phy_tx/u_ctrl_fsm/sm_ram_rd_addr_reg_reg[3]
  Impl DFF        imp:/WORK/zigbee_phy_tx/u_ctrl_fsm/sm_ram_rd_addr_reg_reg[3]

  Ref  DFF        ref:/WORK/zigbee_phy_tx/u_ctrl_fsm/sm_ram_rd_addr_reg_reg[4]
  Impl DFF        imp:/WORK/zigbee_phy_tx/u_ctrl_fsm/sm_ram_rd_addr_reg_reg[4]

  Ref  DFF        ref:/WORK/zigbee_phy_tx/u_ctrl_fsm/sm_ram_rd_addr_reg_reg[5]
  Impl DFF        imp:/WORK/zigbee_phy_tx/u_ctrl_fsm/sm_ram_rd_addr_reg_reg[5]

  Ref  DFF        ref:/WORK/zigbee_phy_tx/u_ctrl_fsm/sm_ram_rd_addr_reg_reg[6]
  Impl DFF        imp:/WORK/zigbee_phy_tx/u_ctrl_fsm/sm_ram_rd_addr_reg_reg[6]

  Ref  DFF        ref:/WORK/zigbee_phy_tx/u_ctrl_fsm/sm_ram_rd_addr_reg_reg[7]
  Impl DFF        imp:/WORK/zigbee_phy_tx/u_ctrl_fsm/sm_ram_rd_addr_reg_reg[7]

  Ref  DFF        ref:/WORK/zigbee_phy_tx/u_demux/even_bit_reg
  Impl DFF        imp:/WORK/zigbee_phy_tx/u_demux/even_bit_reg

  Ref  DFF        ref:/WORK/zigbee_phy_tx/u_demux/o_I_reg
  Impl DFF        imp:/WORK/zigbee_phy_tx/u_demux/o_I_reg

  Ref  DFF        ref:/WORK/zigbee_phy_tx/u_demux/o_Q_reg
  Impl DFF        imp:/WORK/zigbee_phy_tx/u_demux/o_Q_reg

  Ref  DFF        ref:/WORK/zigbee_phy_tx/u_demux/o_valid_I_reg
  Impl DFF        imp:/WORK/zigbee_phy_tx/u_demux/o_valid_I_reg

  Ref  DFF        ref:/WORK/zigbee_phy_tx/u_demux/o_valid_Q_reg
  Impl DFF        imp:/WORK/zigbee_phy_tx/u_demux/o_valid_Q_reg

  Ref  DFF        ref:/WORK/zigbee_phy_tx/u_form_ppdu/I_piso/out_reg
  Impl DFF        imp:/WORK/zigbee_phy_tx/u_form_ppdu/I_piso/out_reg

  Ref  DFF        ref:/WORK/zigbee_phy_tx/u_form_ppdu/I_piso/q_reg[0]
  Impl DFF        imp:/WORK/zigbee_phy_tx/u_form_ppdu/I_piso/q_reg[0]

  Ref  DFF        ref:/WORK/zigbee_phy_tx/u_form_ppdu/I_piso/q_reg[1]
  Impl DFF        imp:/WORK/zigbee_phy_tx/u_form_ppdu/I_piso/q_reg[1]

  Ref  DFF        ref:/WORK/zigbee_phy_tx/u_form_ppdu/I_piso/q_reg[2]
  Impl DFF        imp:/WORK/zigbee_phy_tx/u_form_ppdu/I_piso/q_reg[2]

  Ref  DFF        ref:/WORK/zigbee_phy_tx/u_form_ppdu/I_piso/q_reg[3]
  Impl DFF        imp:/WORK/zigbee_phy_tx/u_form_ppdu/I_piso/q_reg[3]

  Ref  DFF        ref:/WORK/zigbee_phy_tx/u_form_ppdu/I_piso/valid_reg
  Impl DFF        imp:/WORK/zigbee_phy_tx/u_form_ppdu/I_piso/valid_reg

  Ref  DFF        ref:/WORK/zigbee_phy_tx/u_form_ppdu/Q_piso/out_reg
  Impl DFF        imp:/WORK/zigbee_phy_tx/u_form_ppdu/Q_piso/out_reg

  Ref  DFF        ref:/WORK/zigbee_phy_tx/u_form_ppdu/Q_piso/q_reg[0]
  Impl DFF        imp:/WORK/zigbee_phy_tx/u_form_ppdu/Q_piso/q_reg[0]

  Ref  DFF        ref:/WORK/zigbee_phy_tx/u_form_ppdu/Q_piso/q_reg[1]
  Impl DFF        imp:/WORK/zigbee_phy_tx/u_form_ppdu/Q_piso/q_reg[1]

  Ref  DFF        ref:/WORK/zigbee_phy_tx/u_form_ppdu/Q_piso/q_reg[2]
  Impl DFF        imp:/WORK/zigbee_phy_tx/u_form_ppdu/Q_piso/q_reg[2]

  Ref  DFF        ref:/WORK/zigbee_phy_tx/u_form_ppdu/Q_piso/q_reg[3]
  Impl DFF        imp:/WORK/zigbee_phy_tx/u_form_ppdu/Q_piso/q_reg[3]

  Ref  DFF        ref:/WORK/zigbee_phy_tx/u_form_ppdu/Q_piso/valid_reg
  Impl DFF        imp:/WORK/zigbee_phy_tx/u_form_ppdu/Q_piso/valid_reg

  Ref  DFF        ref:/WORK/zigbee_phy_tx/u_form_ppdu/rom_dut/data_reg[0]
  Impl DFF        imp:/WORK/zigbee_phy_tx/u_form_ppdu/rom_dut/data_reg[0]

  Ref  DFF        ref:/WORK/zigbee_phy_tx/u_form_ppdu/rom_dut/data_reg[1]
  Impl DFF        imp:/WORK/zigbee_phy_tx/u_form_ppdu/rom_dut/data_reg[1]

  Ref  DFF        ref:/WORK/zigbee_phy_tx/u_form_ppdu/rom_dut/data_reg[2]
  Impl DFF        imp:/WORK/zigbee_phy_tx/u_form_ppdu/rom_dut/data_reg[2]

  Ref  DFF        ref:/WORK/zigbee_phy_tx/u_form_ppdu/rom_dut/data_reg[3]
  Impl DFF        imp:/WORK/zigbee_phy_tx/u_form_ppdu/rom_dut/data_reg[3]

  Ref  DFF        ref:/WORK/zigbee_phy_tx/u_mod_top/sn_valid_d_reg
  Impl DFF        imp:/WORK/zigbee_phy_tx/u_mod_top/sn_valid_d_reg

  Ref  DFF        ref:/WORK/zigbee_phy_tx/u_mod_top/u_chirp/Tx_imag_reg[0]
  Impl DFF        imp:/WORK/zigbee_phy_tx/u_mod_top/u_chirp/Tx_imag_reg[0]

  Ref  DFF        ref:/WORK/zigbee_phy_tx/u_mod_top/u_chirp/Tx_imag_reg[1]
  Impl DFF        imp:/WORK/zigbee_phy_tx/u_mod_top/u_chirp/Tx_imag_reg[1]

  Ref  DFF        ref:/WORK/zigbee_phy_tx/u_mod_top/u_chirp/Tx_imag_reg[2]
  Impl DFF        imp:/WORK/zigbee_phy_tx/u_mod_top/u_chirp/Tx_imag_reg[2]

  Ref  DFF        ref:/WORK/zigbee_phy_tx/u_mod_top/u_chirp/Tx_imag_reg[3]
  Impl DFF        imp:/WORK/zigbee_phy_tx/u_mod_top/u_chirp/Tx_imag_reg[3]

  Ref  DFF        ref:/WORK/zigbee_phy_tx/u_mod_top/u_chirp/Tx_imag_reg[4]
  Impl DFF        imp:/WORK/zigbee_phy_tx/u_mod_top/u_chirp/Tx_imag_reg[4]

  Ref  DFF        ref:/WORK/zigbee_phy_tx/u_mod_top/u_chirp/Tx_imag_reg[5]
  Impl DFF        imp:/WORK/zigbee_phy_tx/u_mod_top/u_chirp/Tx_imag_reg[5]

  Ref  DFF        ref:/WORK/zigbee_phy_tx/u_mod_top/u_chirp/Tx_imag_reg[6]
  Impl DFF        imp:/WORK/zigbee_phy_tx/u_mod_top/u_chirp/Tx_imag_reg[6]

  Ref  DFF        ref:/WORK/zigbee_phy_tx/u_mod_top/u_chirp/Tx_imag_reg[7]
  Impl DFF        imp:/WORK/zigbee_phy_tx/u_mod_top/u_chirp/Tx_imag_reg[7]

  Ref  DFF        ref:/WORK/zigbee_phy_tx/u_mod_top/u_chirp/Tx_real_reg[0]
  Impl DFF        imp:/WORK/zigbee_phy_tx/u_mod_top/u_chirp/Tx_real_reg[0]

  Ref  DFF        ref:/WORK/zigbee_phy_tx/u_mod_top/u_chirp/Tx_real_reg[1]
  Impl DFF        imp:/WORK/zigbee_phy_tx/u_mod_top/u_chirp/Tx_real_reg[1]

  Ref  DFF        ref:/WORK/zigbee_phy_tx/u_mod_top/u_chirp/Tx_real_reg[2]
  Impl DFF        imp:/WORK/zigbee_phy_tx/u_mod_top/u_chirp/Tx_real_reg[2]

  Ref  DFF        ref:/WORK/zigbee_phy_tx/u_mod_top/u_chirp/Tx_real_reg[3]
  Impl DFF        imp:/WORK/zigbee_phy_tx/u_mod_top/u_chirp/Tx_real_reg[3]

  Ref  DFF        ref:/WORK/zigbee_phy_tx/u_mod_top/u_chirp/Tx_real_reg[4]
  Impl DFF        imp:/WORK/zigbee_phy_tx/u_mod_top/u_chirp/Tx_real_reg[4]

  Ref  DFF        ref:/WORK/zigbee_phy_tx/u_mod_top/u_chirp/Tx_real_reg[5]
  Impl DFF        imp:/WORK/zigbee_phy_tx/u_mod_top/u_chirp/Tx_real_reg[5]

  Ref  DFF        ref:/WORK/zigbee_phy_tx/u_mod_top/u_chirp/Tx_real_reg[6]
  Impl DFF        imp:/WORK/zigbee_phy_tx/u_mod_top/u_chirp/Tx_real_reg[6]

  Ref  DFF        ref:/WORK/zigbee_phy_tx/u_mod_top/u_chirp/Tx_real_reg[7]
  Impl DFF        imp:/WORK/zigbee_phy_tx/u_mod_top/u_chirp/Tx_real_reg[7]

  Ref  DFF        ref:/WORK/zigbee_phy_tx/u_mod_top/u_chirp/done_mod_reg
  Impl DFF        imp:/WORK/zigbee_phy_tx/u_mod_top/u_chirp/done_mod_reg

  Ref  DFF        ref:/WORK/zigbee_phy_tx/u_mod_top/u_chirp/gap_cnt_reg[0]
  Impl DFF        imp:/WORK/zigbee_phy_tx/u_mod_top/u_chirp/gap_cnt_reg[0]

  Ref  DFF        ref:/WORK/zigbee_phy_tx/u_mod_top/u_chirp/gap_cnt_reg[1]
  Impl DFF        imp:/WORK/zigbee_phy_tx/u_mod_top/u_chirp/gap_cnt_reg[1]

  Ref  DFF        ref:/WORK/zigbee_phy_tx/u_mod_top/u_chirp/gap_cnt_reg[2]
  Impl DFF        imp:/WORK/zigbee_phy_tx/u_mod_top/u_chirp/gap_cnt_reg[2]

  Ref  DFF        ref:/WORK/zigbee_phy_tx/u_mod_top/u_chirp/gap_cnt_reg[3]
  Impl DFF        imp:/WORK/zigbee_phy_tx/u_mod_top/u_chirp/gap_cnt_reg[3]

  Ref  DFF        ref:/WORK/zigbee_phy_tx/u_mod_top/u_chirp/gap_cnt_reg[4]
  Impl DFF        imp:/WORK/zigbee_phy_tx/u_mod_top/u_chirp/gap_cnt_reg[4]

  Ref  DFF        ref:/WORK/zigbee_phy_tx/u_mod_top/u_chirp/gap_cnt_reg[5]
  Impl DFF        imp:/WORK/zigbee_phy_tx/u_mod_top/u_chirp/gap_cnt_reg[5]

  Ref  DFF        ref:/WORK/zigbee_phy_tx/u_mod_top/u_chirp/gap_cnt_reg[6]
  Impl DFF        imp:/WORK/zigbee_phy_tx/u_mod_top/u_chirp/gap_cnt_reg[6]

  Ref  DFF        ref:/WORK/zigbee_phy_tx/u_mod_top/u_chirp/group_parity_reg
  Impl DFF        imp:/WORK/zigbee_phy_tx/u_mod_top/u_chirp/group_parity_reg

  Ref  DFF        ref:/WORK/zigbee_phy_tx/u_mod_top/u_chirp/last_group_lat_reg
  Impl DFF        imp:/WORK/zigbee_phy_tx/u_mod_top/u_chirp/last_group_lat_reg

  Ref  DFF        ref:/WORK/zigbee_phy_tx/u_mod_top/u_chirp/sample_idx_reg[0]
  Impl DFF        imp:/WORK/zigbee_phy_tx/u_mod_top/u_chirp/sample_idx_reg[0]

  Ref  DFF        ref:/WORK/zigbee_phy_tx/u_mod_top/u_chirp/sample_idx_reg[1]
  Impl DFF        imp:/WORK/zigbee_phy_tx/u_mod_top/u_chirp/sample_idx_reg[1]

  Ref  DFF        ref:/WORK/zigbee_phy_tx/u_mod_top/u_chirp/sample_idx_reg[2]
  Impl DFF        imp:/WORK/zigbee_phy_tx/u_mod_top/u_chirp/sample_idx_reg[2]

  Ref  DFF        ref:/WORK/zigbee_phy_tx/u_mod_top/u_chirp/sample_idx_reg[3]
  Impl DFF        imp:/WORK/zigbee_phy_tx/u_mod_top/u_chirp/sample_idx_reg[3]

  Ref  DFF        ref:/WORK/zigbee_phy_tx/u_mod_top/u_chirp/sample_idx_reg[4]
  Impl DFF        imp:/WORK/zigbee_phy_tx/u_mod_top/u_chirp/sample_idx_reg[4]

  Ref  DFF        ref:/WORK/zigbee_phy_tx/u_mod_top/u_chirp/sample_idx_reg[5]
  Impl DFF        imp:/WORK/zigbee_phy_tx/u_mod_top/u_chirp/sample_idx_reg[5]

  Ref  DFF        ref:/WORK/zigbee_phy_tx/u_mod_top/u_chirp/sample_valid_reg
  Impl DFF        imp:/WORK/zigbee_phy_tx/u_mod_top/u_chirp/sample_valid_reg

  Ref  DFF        ref:/WORK/zigbee_phy_tx/u_mod_top/u_chirp/si_reg[1]
  Impl DFF        imp:/WORK/zigbee_phy_tx/u_mod_top/u_chirp/si_reg[1]

  Ref  DFF        ref:/WORK/zigbee_phy_tx/u_mod_top/u_chirp/sn_req_reg
  Impl DFF        imp:/WORK/zigbee_phy_tx/u_mod_top/u_chirp/sn_req_reg

  Ref  DFF        ref:/WORK/zigbee_phy_tx/u_mod_top/u_chirp/sr_reg[1]
  Impl DFF        imp:/WORK/zigbee_phy_tx/u_mod_top/u_chirp/sr_reg[1]

  Ref  DFF        ref:/WORK/zigbee_phy_tx/u_mod_top/u_chirp/state_reg[0]
  Impl DFF        imp:/WORK/zigbee_phy_tx/u_mod_top/u_chirp/state_reg[0]

  Ref  DFF        ref:/WORK/zigbee_phy_tx/u_mod_top/u_chirp/state_reg[1]
  Impl DFF        imp:/WORK/zigbee_phy_tx/u_mod_top/u_chirp/state_reg[1]

  Ref  DFF        ref:/WORK/zigbee_phy_tx/u_mod_top/u_chirp/subchirp_idx_reg[0]
  Impl DFF        imp:/WORK/zigbee_phy_tx/u_mod_top/u_chirp/subchirp_idx_reg[0]

  Ref  DFF        ref:/WORK/zigbee_phy_tx/u_mod_top/u_chirp/subchirp_idx_reg[1]
  Impl DFF        imp:/WORK/zigbee_phy_tx/u_mod_top/u_chirp/subchirp_idx_reg[1]

  Ref  DFF        ref:/WORK/zigbee_phy_tx/u_mod_top/u_dqpsk/buf_imag_reg[0][0]
  Impl DFF        imp:/WORK/zigbee_phy_tx/u_mod_top/u_dqpsk/buf_imag_reg[0][0]

  Ref  DFF        ref:/WORK/zigbee_phy_tx/u_mod_top/u_dqpsk/buf_imag_reg[0][1]
  Impl DFF        imp:/WORK/zigbee_phy_tx/u_mod_top/u_dqpsk/buf_imag_reg[0][1]

  Ref  DFF        ref:/WORK/zigbee_phy_tx/u_mod_top/u_dqpsk/buf_imag_reg[1][0]
  Impl DFF        imp:/WORK/zigbee_phy_tx/u_mod_top/u_dqpsk/buf_imag_reg[1][0]

  Ref  DFF        ref:/WORK/zigbee_phy_tx/u_mod_top/u_dqpsk/buf_imag_reg[1][1]
  Impl DFF        imp:/WORK/zigbee_phy_tx/u_mod_top/u_dqpsk/buf_imag_reg[1][1]

  Ref  DFF        ref:/WORK/zigbee_phy_tx/u_mod_top/u_dqpsk/buf_imag_reg[2][0]
  Impl DFF        imp:/WORK/zigbee_phy_tx/u_mod_top/u_dqpsk/buf_imag_reg[2][0]

  Ref  DFF        ref:/WORK/zigbee_phy_tx/u_mod_top/u_dqpsk/buf_imag_reg[2][1]
  Impl DFF        imp:/WORK/zigbee_phy_tx/u_mod_top/u_dqpsk/buf_imag_reg[2][1]

  Ref  DFF        ref:/WORK/zigbee_phy_tx/u_mod_top/u_dqpsk/buf_imag_reg[3][0]
  Impl DFF        imp:/WORK/zigbee_phy_tx/u_mod_top/u_dqpsk/buf_imag_reg[3][0]

  Ref  DFF        ref:/WORK/zigbee_phy_tx/u_mod_top/u_dqpsk/buf_imag_reg[3][1]
  Impl DFF        imp:/WORK/zigbee_phy_tx/u_mod_top/u_dqpsk/buf_imag_reg[3][1]

  Ref  DFF        ref:/WORK/zigbee_phy_tx/u_mod_top/u_dqpsk/buf_real_reg[0][0]
  Impl DFF        imp:/WORK/zigbee_phy_tx/u_mod_top/u_dqpsk/buf_real_reg[0][0]

  Ref  DFF        ref:/WORK/zigbee_phy_tx/u_mod_top/u_dqpsk/buf_real_reg[0][1]
  Impl DFF        imp:/WORK/zigbee_phy_tx/u_mod_top/u_dqpsk/buf_real_reg[0][1]

  Ref  DFF        ref:/WORK/zigbee_phy_tx/u_mod_top/u_dqpsk/buf_real_reg[1][0]
  Impl DFF        imp:/WORK/zigbee_phy_tx/u_mod_top/u_dqpsk/buf_real_reg[1][0]

  Ref  DFF        ref:/WORK/zigbee_phy_tx/u_mod_top/u_dqpsk/buf_real_reg[1][1]
  Impl DFF        imp:/WORK/zigbee_phy_tx/u_mod_top/u_dqpsk/buf_real_reg[1][1]

  Ref  DFF        ref:/WORK/zigbee_phy_tx/u_mod_top/u_dqpsk/buf_real_reg[2][0]
  Impl DFF        imp:/WORK/zigbee_phy_tx/u_mod_top/u_dqpsk/buf_real_reg[2][0]

  Ref  DFF        ref:/WORK/zigbee_phy_tx/u_mod_top/u_dqpsk/buf_real_reg[2][1]
  Impl DFF        imp:/WORK/zigbee_phy_tx/u_mod_top/u_dqpsk/buf_real_reg[2][1]

  Ref  DFF        ref:/WORK/zigbee_phy_tx/u_mod_top/u_dqpsk/buf_real_reg[3][0]
  Impl DFF        imp:/WORK/zigbee_phy_tx/u_mod_top/u_dqpsk/buf_real_reg[3][0]

  Ref  DFF        ref:/WORK/zigbee_phy_tx/u_mod_top/u_dqpsk/buf_real_reg[3][1]
  Impl DFF        imp:/WORK/zigbee_phy_tx/u_mod_top/u_dqpsk/buf_real_reg[3][1]

  Ref  DFF        ref:/WORK/zigbee_phy_tx/u_mod_top/u_dqpsk/imag_out_reg[1]
  Impl DFF        imp:/WORK/zigbee_phy_tx/u_mod_top/u_dqpsk/imag_out_reg[1]

  Ref  DFF        ref:/WORK/zigbee_phy_tx/u_mod_top/u_dqpsk/ptr_reg[0]
  Impl DFF        imp:/WORK/zigbee_phy_tx/u_mod_top/u_dqpsk/ptr_reg[0]

  Ref  DFF        ref:/WORK/zigbee_phy_tx/u_mod_top/u_dqpsk/ptr_reg[1]
  Impl DFF        imp:/WORK/zigbee_phy_tx/u_mod_top/u_dqpsk/ptr_reg[1]

  Ref  DFF        ref:/WORK/zigbee_phy_tx/u_mod_top/u_dqpsk/real_out_reg[1]
  Impl DFF        imp:/WORK/zigbee_phy_tx/u_mod_top/u_dqpsk/real_out_reg[1]

  Ref  DFF        ref:/WORK/zigbee_phy_tx/u_payload_ram/mem_reg[0][0]
  Impl DFF        imp:/WORK/zigbee_phy_tx/u_payload_ram/mem_reg[0][0]

  Ref  DFF        ref:/WORK/zigbee_phy_tx/u_payload_ram/mem_reg[0][1]
  Impl DFF        imp:/WORK/zigbee_phy_tx/u_payload_ram/mem_reg[0][1]

  Ref  DFF        ref:/WORK/zigbee_phy_tx/u_payload_ram/mem_reg[0][2]
  Impl DFF        imp:/WORK/zigbee_phy_tx/u_payload_ram/mem_reg[0][2]

  Ref  DFF        ref:/WORK/zigbee_phy_tx/u_payload_ram/mem_reg[0][3]
  Impl DFF        imp:/WORK/zigbee_phy_tx/u_payload_ram/mem_reg[0][3]

  Ref  DFF        ref:/WORK/zigbee_phy_tx/u_payload_ram/mem_reg[0][4]
  Impl DFF        imp:/WORK/zigbee_phy_tx/u_payload_ram/mem_reg[0][4]

  Ref  DFF        ref:/WORK/zigbee_phy_tx/u_payload_ram/mem_reg[0][5]
  Impl DFF        imp:/WORK/zigbee_phy_tx/u_payload_ram/mem_reg[0][5]

  Ref  DFF        ref:/WORK/zigbee_phy_tx/u_payload_ram/mem_reg[0][6]
  Impl DFF        imp:/WORK/zigbee_phy_tx/u_payload_ram/mem_reg[0][6]

  Ref  DFF        ref:/WORK/zigbee_phy_tx/u_payload_ram/mem_reg[0][7]
  Impl DFF        imp:/WORK/zigbee_phy_tx/u_payload_ram/mem_reg[0][7]

  Ref  DFF        ref:/WORK/zigbee_phy_tx/u_payload_ram/mem_reg[100][0]
  Impl DFF        imp:/WORK/zigbee_phy_tx/u_payload_ram/mem_reg[100][0]

  Ref  DFF        ref:/WORK/zigbee_phy_tx/u_payload_ram/mem_reg[100][1]
  Impl DFF        imp:/WORK/zigbee_phy_tx/u_payload_ram/mem_reg[100][1]

  Ref  DFF        ref:/WORK/zigbee_phy_tx/u_payload_ram/mem_reg[100][2]
  Impl DFF        imp:/WORK/zigbee_phy_tx/u_payload_ram/mem_reg[100][2]

  Ref  DFF        ref:/WORK/zigbee_phy_tx/u_payload_ram/mem_reg[100][3]
  Impl DFF        imp:/WORK/zigbee_phy_tx/u_payload_ram/mem_reg[100][3]

  Ref  DFF        ref:/WORK/zigbee_phy_tx/u_payload_ram/mem_reg[100][4]
  Impl DFF        imp:/WORK/zigbee_phy_tx/u_payload_ram/mem_reg[100][4]

  Ref  DFF        ref:/WORK/zigbee_phy_tx/u_payload_ram/mem_reg[100][5]
  Impl DFF        imp:/WORK/zigbee_phy_tx/u_payload_ram/mem_reg[100][5]

  Ref  DFF        ref:/WORK/zigbee_phy_tx/u_payload_ram/mem_reg[100][6]
  Impl DFF        imp:/WORK/zigbee_phy_tx/u_payload_ram/mem_reg[100][6]

  Ref  DFF        ref:/WORK/zigbee_phy_tx/u_payload_ram/mem_reg[100][7]
  Impl DFF        imp:/WORK/zigbee_phy_tx/u_payload_ram/mem_reg[100][7]

  Ref  DFF        ref:/WORK/zigbee_phy_tx/u_payload_ram/mem_reg[101][0]
  Impl DFF        imp:/WORK/zigbee_phy_tx/u_payload_ram/mem_reg[101][0]

  Ref  DFF        ref:/WORK/zigbee_phy_tx/u_payload_ram/mem_reg[101][1]
  Impl DFF        imp:/WORK/zigbee_phy_tx/u_payload_ram/mem_reg[101][1]

  Ref  DFF        ref:/WORK/zigbee_phy_tx/u_payload_ram/mem_reg[101][2]
  Impl DFF        imp:/WORK/zigbee_phy_tx/u_payload_ram/mem_reg[101][2]

  Ref  DFF        ref:/WORK/zigbee_phy_tx/u_payload_ram/mem_reg[101][3]
  Impl DFF        imp:/WORK/zigbee_phy_tx/u_payload_ram/mem_reg[101][3]

  Ref  DFF        ref:/WORK/zigbee_phy_tx/u_payload_ram/mem_reg[101][4]
  Impl DFF        imp:/WORK/zigbee_phy_tx/u_payload_ram/mem_reg[101][4]

  Ref  DFF        ref:/WORK/zigbee_phy_tx/u_payload_ram/mem_reg[101][5]
  Impl DFF        imp:/WORK/zigbee_phy_tx/u_payload_ram/mem_reg[101][5]

  Ref  DFF        ref:/WORK/zigbee_phy_tx/u_payload_ram/mem_reg[101][6]
  Impl DFF        imp:/WORK/zigbee_phy_tx/u_payload_ram/mem_reg[101][6]

  Ref  DFF        ref:/WORK/zigbee_phy_tx/u_payload_ram/mem_reg[101][7]
  Impl DFF        imp:/WORK/zigbee_phy_tx/u_payload_ram/mem_reg[101][7]

  Ref  DFF        ref:/WORK/zigbee_phy_tx/u_payload_ram/mem_reg[102][0]
  Impl DFF        imp:/WORK/zigbee_phy_tx/u_payload_ram/mem_reg[102][0]

  Ref  DFF        ref:/WORK/zigbee_phy_tx/u_payload_ram/mem_reg[102][1]
  Impl DFF        imp:/WORK/zigbee_phy_tx/u_payload_ram/mem_reg[102][1]

  Ref  DFF        ref:/WORK/zigbee_phy_tx/u_payload_ram/mem_reg[102][2]
  Impl DFF        imp:/WORK/zigbee_phy_tx/u_payload_ram/mem_reg[102][2]

  Ref  DFF        ref:/WORK/zigbee_phy_tx/u_payload_ram/mem_reg[102][3]
  Impl DFF        imp:/WORK/zigbee_phy_tx/u_payload_ram/mem_reg[102][3]

  Ref  DFF        ref:/WORK/zigbee_phy_tx/u_payload_ram/mem_reg[102][4]
  Impl DFF        imp:/WORK/zigbee_phy_tx/u_payload_ram/mem_reg[102][4]

  Ref  DFF        ref:/WORK/zigbee_phy_tx/u_payload_ram/mem_reg[102][5]
  Impl DFF        imp:/WORK/zigbee_phy_tx/u_payload_ram/mem_reg[102][5]

  Ref  DFF        ref:/WORK/zigbee_phy_tx/u_payload_ram/mem_reg[102][6]
  Impl DFF        imp:/WORK/zigbee_phy_tx/u_payload_ram/mem_reg[102][6]

  Ref  DFF        ref:/WORK/zigbee_phy_tx/u_payload_ram/mem_reg[102][7]
  Impl DFF        imp:/WORK/zigbee_phy_tx/u_payload_ram/mem_reg[102][7]

  Ref  DFF        ref:/WORK/zigbee_phy_tx/u_payload_ram/mem_reg[103][0]
  Impl DFF        imp:/WORK/zigbee_phy_tx/u_payload_ram/mem_reg[103][0]

  Ref  DFF        ref:/WORK/zigbee_phy_tx/u_payload_ram/mem_reg[103][1]
  Impl DFF        imp:/WORK/zigbee_phy_tx/u_payload_ram/mem_reg[103][1]

  Ref  DFF        ref:/WORK/zigbee_phy_tx/u_payload_ram/mem_reg[103][2]
  Impl DFF        imp:/WORK/zigbee_phy_tx/u_payload_ram/mem_reg[103][2]

  Ref  DFF        ref:/WORK/zigbee_phy_tx/u_payload_ram/mem_reg[103][3]
  Impl DFF        imp:/WORK/zigbee_phy_tx/u_payload_ram/mem_reg[103][3]

  Ref  DFF        ref:/WORK/zigbee_phy_tx/u_payload_ram/mem_reg[103][4]
  Impl DFF        imp:/WORK/zigbee_phy_tx/u_payload_ram/mem_reg[103][4]

  Ref  DFF        ref:/WORK/zigbee_phy_tx/u_payload_ram/mem_reg[103][5]
  Impl DFF        imp:/WORK/zigbee_phy_tx/u_payload_ram/mem_reg[103][5]

  Ref  DFF        ref:/WORK/zigbee_phy_tx/u_payload_ram/mem_reg[103][6]
  Impl DFF        imp:/WORK/zigbee_phy_tx/u_payload_ram/mem_reg[103][6]

  Ref  DFF        ref:/WORK/zigbee_phy_tx/u_payload_ram/mem_reg[103][7]
  Impl DFF        imp:/WORK/zigbee_phy_tx/u_payload_ram/mem_reg[103][7]

  Ref  DFF        ref:/WORK/zigbee_phy_tx/u_payload_ram/mem_reg[104][0]
  Impl DFF        imp:/WORK/zigbee_phy_tx/u_payload_ram/mem_reg[104][0]

  Ref  DFF        ref:/WORK/zigbee_phy_tx/u_payload_ram/mem_reg[104][1]
  Impl DFF        imp:/WORK/zigbee_phy_tx/u_payload_ram/mem_reg[104][1]

  Ref  DFF        ref:/WORK/zigbee_phy_tx/u_payload_ram/mem_reg[104][2]
  Impl DFF        imp:/WORK/zigbee_phy_tx/u_payload_ram/mem_reg[104][2]

  Ref  DFF        ref:/WORK/zigbee_phy_tx/u_payload_ram/mem_reg[104][3]
  Impl DFF        imp:/WORK/zigbee_phy_tx/u_payload_ram/mem_reg[104][3]

  Ref  DFF        ref:/WORK/zigbee_phy_tx/u_payload_ram/mem_reg[104][4]
  Impl DFF        imp:/WORK/zigbee_phy_tx/u_payload_ram/mem_reg[104][4]

  Ref  DFF        ref:/WORK/zigbee_phy_tx/u_payload_ram/mem_reg[104][5]
  Impl DFF        imp:/WORK/zigbee_phy_tx/u_payload_ram/mem_reg[104][5]

  Ref  DFF        ref:/WORK/zigbee_phy_tx/u_payload_ram/mem_reg[104][6]
  Impl DFF        imp:/WORK/zigbee_phy_tx/u_payload_ram/mem_reg[104][6]

  Ref  DFF        ref:/WORK/zigbee_phy_tx/u_payload_ram/mem_reg[104][7]
  Impl DFF        imp:/WORK/zigbee_phy_tx/u_payload_ram/mem_reg[104][7]

  Ref  DFF        ref:/WORK/zigbee_phy_tx/u_payload_ram/mem_reg[105][0]
  Impl DFF        imp:/WORK/zigbee_phy_tx/u_payload_ram/mem_reg[105][0]

  Ref  DFF        ref:/WORK/zigbee_phy_tx/u_payload_ram/mem_reg[105][1]
  Impl DFF        imp:/WORK/zigbee_phy_tx/u_payload_ram/mem_reg[105][1]

  Ref  DFF        ref:/WORK/zigbee_phy_tx/u_payload_ram/mem_reg[105][2]
  Impl DFF        imp:/WORK/zigbee_phy_tx/u_payload_ram/mem_reg[105][2]

  Ref  DFF        ref:/WORK/zigbee_phy_tx/u_payload_ram/mem_reg[105][3]
  Impl DFF        imp:/WORK/zigbee_phy_tx/u_payload_ram/mem_reg[105][3]

  Ref  DFF        ref:/WORK/zigbee_phy_tx/u_payload_ram/mem_reg[105][4]
  Impl DFF        imp:/WORK/zigbee_phy_tx/u_payload_ram/mem_reg[105][4]

  Ref  DFF        ref:/WORK/zigbee_phy_tx/u_payload_ram/mem_reg[105][5]
  Impl DFF        imp:/WORK/zigbee_phy_tx/u_payload_ram/mem_reg[105][5]

  Ref  DFF        ref:/WORK/zigbee_phy_tx/u_payload_ram/mem_reg[105][6]
  Impl DFF        imp:/WORK/zigbee_phy_tx/u_payload_ram/mem_reg[105][6]

  Ref  DFF        ref:/WORK/zigbee_phy_tx/u_payload_ram/mem_reg[105][7]
  Impl DFF        imp:/WORK/zigbee_phy_tx/u_payload_ram/mem_reg[105][7]

  Ref  DFF        ref:/WORK/zigbee_phy_tx/u_payload_ram/mem_reg[106][0]
  Impl DFF        imp:/WORK/zigbee_phy_tx/u_payload_ram/mem_reg[106][0]

  Ref  DFF        ref:/WORK/zigbee_phy_tx/u_payload_ram/mem_reg[106][1]
  Impl DFF        imp:/WORK/zigbee_phy_tx/u_payload_ram/mem_reg[106][1]

  Ref  DFF        ref:/WORK/zigbee_phy_tx/u_payload_ram/mem_reg[106][2]
  Impl DFF        imp:/WORK/zigbee_phy_tx/u_payload_ram/mem_reg[106][2]

  Ref  DFF        ref:/WORK/zigbee_phy_tx/u_payload_ram/mem_reg[106][3]
  Impl DFF        imp:/WORK/zigbee_phy_tx/u_payload_ram/mem_reg[106][3]

  Ref  DFF        ref:/WORK/zigbee_phy_tx/u_payload_ram/mem_reg[106][4]
  Impl DFF        imp:/WORK/zigbee_phy_tx/u_payload_ram/mem_reg[106][4]

  Ref  DFF        ref:/WORK/zigbee_phy_tx/u_payload_ram/mem_reg[106][5]
  Impl DFF        imp:/WORK/zigbee_phy_tx/u_payload_ram/mem_reg[106][5]

  Ref  DFF        ref:/WORK/zigbee_phy_tx/u_payload_ram/mem_reg[106][6]
  Impl DFF        imp:/WORK/zigbee_phy_tx/u_payload_ram/mem_reg[106][6]

  Ref  DFF        ref:/WORK/zigbee_phy_tx/u_payload_ram/mem_reg[106][7]
  Impl DFF        imp:/WORK/zigbee_phy_tx/u_payload_ram/mem_reg[106][7]

  Ref  DFF        ref:/WORK/zigbee_phy_tx/u_payload_ram/mem_reg[107][0]
  Impl DFF        imp:/WORK/zigbee_phy_tx/u_payload_ram/mem_reg[107][0]

  Ref  DFF        ref:/WORK/zigbee_phy_tx/u_payload_ram/mem_reg[107][1]
  Impl DFF        imp:/WORK/zigbee_phy_tx/u_payload_ram/mem_reg[107][1]

  Ref  DFF        ref:/WORK/zigbee_phy_tx/u_payload_ram/mem_reg[107][2]
  Impl DFF        imp:/WORK/zigbee_phy_tx/u_payload_ram/mem_reg[107][2]

  Ref  DFF        ref:/WORK/zigbee_phy_tx/u_payload_ram/mem_reg[107][3]
  Impl DFF        imp:/WORK/zigbee_phy_tx/u_payload_ram/mem_reg[107][3]

  Ref  DFF        ref:/WORK/zigbee_phy_tx/u_payload_ram/mem_reg[107][4]
  Impl DFF        imp:/WORK/zigbee_phy_tx/u_payload_ram/mem_reg[107][4]

  Ref  DFF        ref:/WORK/zigbee_phy_tx/u_payload_ram/mem_reg[107][5]
  Impl DFF        imp:/WORK/zigbee_phy_tx/u_payload_ram/mem_reg[107][5]

  Ref  DFF        ref:/WORK/zigbee_phy_tx/u_payload_ram/mem_reg[107][6]
  Impl DFF        imp:/WORK/zigbee_phy_tx/u_payload_ram/mem_reg[107][6]

  Ref  DFF        ref:/WORK/zigbee_phy_tx/u_payload_ram/mem_reg[107][7]
  Impl DFF        imp:/WORK/zigbee_phy_tx/u_payload_ram/mem_reg[107][7]

  Ref  DFF        ref:/WORK/zigbee_phy_tx/u_payload_ram/mem_reg[108][0]
  Impl DFF        imp:/WORK/zigbee_phy_tx/u_payload_ram/mem_reg[108][0]

  Ref  DFF        ref:/WORK/zigbee_phy_tx/u_payload_ram/mem_reg[108][1]
  Impl DFF        imp:/WORK/zigbee_phy_tx/u_payload_ram/mem_reg[108][1]

  Ref  DFF        ref:/WORK/zigbee_phy_tx/u_payload_ram/mem_reg[108][2]
  Impl DFF        imp:/WORK/zigbee_phy_tx/u_payload_ram/mem_reg[108][2]

  Ref  DFF        ref:/WORK/zigbee_phy_tx/u_payload_ram/mem_reg[108][3]
  Impl DFF        imp:/WORK/zigbee_phy_tx/u_payload_ram/mem_reg[108][3]

  Ref  DFF        ref:/WORK/zigbee_phy_tx/u_payload_ram/mem_reg[108][4]
  Impl DFF        imp:/WORK/zigbee_phy_tx/u_payload_ram/mem_reg[108][4]

  Ref  DFF        ref:/WORK/zigbee_phy_tx/u_payload_ram/mem_reg[108][5]
  Impl DFF        imp:/WORK/zigbee_phy_tx/u_payload_ram/mem_reg[108][5]

  Ref  DFF        ref:/WORK/zigbee_phy_tx/u_payload_ram/mem_reg[108][6]
  Impl DFF        imp:/WORK/zigbee_phy_tx/u_payload_ram/mem_reg[108][6]

  Ref  DFF        ref:/WORK/zigbee_phy_tx/u_payload_ram/mem_reg[108][7]
  Impl DFF        imp:/WORK/zigbee_phy_tx/u_payload_ram/mem_reg[108][7]

  Ref  DFF        ref:/WORK/zigbee_phy_tx/u_payload_ram/mem_reg[109][0]
  Impl DFF        imp:/WORK/zigbee_phy_tx/u_payload_ram/mem_reg[109][0]

  Ref  DFF        ref:/WORK/zigbee_phy_tx/u_payload_ram/mem_reg[109][1]
  Impl DFF        imp:/WORK/zigbee_phy_tx/u_payload_ram/mem_reg[109][1]

  Ref  DFF        ref:/WORK/zigbee_phy_tx/u_payload_ram/mem_reg[109][2]
  Impl DFF        imp:/WORK/zigbee_phy_tx/u_payload_ram/mem_reg[109][2]

  Ref  DFF        ref:/WORK/zigbee_phy_tx/u_payload_ram/mem_reg[109][3]
  Impl DFF        imp:/WORK/zigbee_phy_tx/u_payload_ram/mem_reg[109][3]

  Ref  DFF        ref:/WORK/zigbee_phy_tx/u_payload_ram/mem_reg[109][4]
  Impl DFF        imp:/WORK/zigbee_phy_tx/u_payload_ram/mem_reg[109][4]

  Ref  DFF        ref:/WORK/zigbee_phy_tx/u_payload_ram/mem_reg[109][5]
  Impl DFF        imp:/WORK/zigbee_phy_tx/u_payload_ram/mem_reg[109][5]

  Ref  DFF        ref:/WORK/zigbee_phy_tx/u_payload_ram/mem_reg[109][6]
  Impl DFF        imp:/WORK/zigbee_phy_tx/u_payload_ram/mem_reg[109][6]

  Ref  DFF        ref:/WORK/zigbee_phy_tx/u_payload_ram/mem_reg[109][7]
  Impl DFF        imp:/WORK/zigbee_phy_tx/u_payload_ram/mem_reg[109][7]

  Ref  DFF        ref:/WORK/zigbee_phy_tx/u_payload_ram/mem_reg[10][0]
  Impl DFF        imp:/WORK/zigbee_phy_tx/u_payload_ram/mem_reg[10][0]

  Ref  DFF        ref:/WORK/zigbee_phy_tx/u_payload_ram/mem_reg[10][1]
  Impl DFF        imp:/WORK/zigbee_phy_tx/u_payload_ram/mem_reg[10][1]

  Ref  DFF        ref:/WORK/zigbee_phy_tx/u_payload_ram/mem_reg[10][2]
  Impl DFF        imp:/WORK/zigbee_phy_tx/u_payload_ram/mem_reg[10][2]

  Ref  DFF        ref:/WORK/zigbee_phy_tx/u_payload_ram/mem_reg[10][3]
  Impl DFF        imp:/WORK/zigbee_phy_tx/u_payload_ram/mem_reg[10][3]

  Ref  DFF        ref:/WORK/zigbee_phy_tx/u_payload_ram/mem_reg[10][4]
  Impl DFF        imp:/WORK/zigbee_phy_tx/u_payload_ram/mem_reg[10][4]

  Ref  DFF        ref:/WORK/zigbee_phy_tx/u_payload_ram/mem_reg[10][5]
  Impl DFF        imp:/WORK/zigbee_phy_tx/u_payload_ram/mem_reg[10][5]

  Ref  DFF        ref:/WORK/zigbee_phy_tx/u_payload_ram/mem_reg[10][6]
  Impl DFF        imp:/WORK/zigbee_phy_tx/u_payload_ram/mem_reg[10][6]

  Ref  DFF        ref:/WORK/zigbee_phy_tx/u_payload_ram/mem_reg[10][7]
  Impl DFF        imp:/WORK/zigbee_phy_tx/u_payload_ram/mem_reg[10][7]

  Ref  DFF        ref:/WORK/zigbee_phy_tx/u_payload_ram/mem_reg[110][0]
  Impl DFF        imp:/WORK/zigbee_phy_tx/u_payload_ram/mem_reg[110][0]

  Ref  DFF        ref:/WORK/zigbee_phy_tx/u_payload_ram/mem_reg[110][1]
  Impl DFF        imp:/WORK/zigbee_phy_tx/u_payload_ram/mem_reg[110][1]

  Ref  DFF        ref:/WORK/zigbee_phy_tx/u_payload_ram/mem_reg[110][2]
  Impl DFF        imp:/WORK/zigbee_phy_tx/u_payload_ram/mem_reg[110][2]

  Ref  DFF        ref:/WORK/zigbee_phy_tx/u_payload_ram/mem_reg[110][3]
  Impl DFF        imp:/WORK/zigbee_phy_tx/u_payload_ram/mem_reg[110][3]

  Ref  DFF        ref:/WORK/zigbee_phy_tx/u_payload_ram/mem_reg[110][4]
  Impl DFF        imp:/WORK/zigbee_phy_tx/u_payload_ram/mem_reg[110][4]

  Ref  DFF        ref:/WORK/zigbee_phy_tx/u_payload_ram/mem_reg[110][5]
  Impl DFF        imp:/WORK/zigbee_phy_tx/u_payload_ram/mem_reg[110][5]

  Ref  DFF        ref:/WORK/zigbee_phy_tx/u_payload_ram/mem_reg[110][6]
  Impl DFF        imp:/WORK/zigbee_phy_tx/u_payload_ram/mem_reg[110][6]

  Ref  DFF        ref:/WORK/zigbee_phy_tx/u_payload_ram/mem_reg[110][7]
  Impl DFF        imp:/WORK/zigbee_phy_tx/u_payload_ram/mem_reg[110][7]

  Ref  DFF        ref:/WORK/zigbee_phy_tx/u_payload_ram/mem_reg[111][0]
  Impl DFF        imp:/WORK/zigbee_phy_tx/u_payload_ram/mem_reg[111][0]

  Ref  DFF        ref:/WORK/zigbee_phy_tx/u_payload_ram/mem_reg[111][1]
  Impl DFF        imp:/WORK/zigbee_phy_tx/u_payload_ram/mem_reg[111][1]

  Ref  DFF        ref:/WORK/zigbee_phy_tx/u_payload_ram/mem_reg[111][2]
  Impl DFF        imp:/WORK/zigbee_phy_tx/u_payload_ram/mem_reg[111][2]

  Ref  DFF        ref:/WORK/zigbee_phy_tx/u_payload_ram/mem_reg[111][3]
  Impl DFF        imp:/WORK/zigbee_phy_tx/u_payload_ram/mem_reg[111][3]

  Ref  DFF        ref:/WORK/zigbee_phy_tx/u_payload_ram/mem_reg[111][4]
  Impl DFF        imp:/WORK/zigbee_phy_tx/u_payload_ram/mem_reg[111][4]

  Ref  DFF        ref:/WORK/zigbee_phy_tx/u_payload_ram/mem_reg[111][5]
  Impl DFF        imp:/WORK/zigbee_phy_tx/u_payload_ram/mem_reg[111][5]

  Ref  DFF        ref:/WORK/zigbee_phy_tx/u_payload_ram/mem_reg[111][6]
  Impl DFF        imp:/WORK/zigbee_phy_tx/u_payload_ram/mem_reg[111][6]

  Ref  DFF        ref:/WORK/zigbee_phy_tx/u_payload_ram/mem_reg[111][7]
  Impl DFF        imp:/WORK/zigbee_phy_tx/u_payload_ram/mem_reg[111][7]

  Ref  DFF        ref:/WORK/zigbee_phy_tx/u_payload_ram/mem_reg[112][0]
  Impl DFF        imp:/WORK/zigbee_phy_tx/u_payload_ram/mem_reg[112][0]

  Ref  DFF        ref:/WORK/zigbee_phy_tx/u_payload_ram/mem_reg[112][1]
  Impl DFF        imp:/WORK/zigbee_phy_tx/u_payload_ram/mem_reg[112][1]

  Ref  DFF        ref:/WORK/zigbee_phy_tx/u_payload_ram/mem_reg[112][2]
  Impl DFF        imp:/WORK/zigbee_phy_tx/u_payload_ram/mem_reg[112][2]

  Ref  DFF        ref:/WORK/zigbee_phy_tx/u_payload_ram/mem_reg[112][3]
  Impl DFF        imp:/WORK/zigbee_phy_tx/u_payload_ram/mem_reg[112][3]

  Ref  DFF        ref:/WORK/zigbee_phy_tx/u_payload_ram/mem_reg[112][4]
  Impl DFF        imp:/WORK/zigbee_phy_tx/u_payload_ram/mem_reg[112][4]

  Ref  DFF        ref:/WORK/zigbee_phy_tx/u_payload_ram/mem_reg[112][5]
  Impl DFF        imp:/WORK/zigbee_phy_tx/u_payload_ram/mem_reg[112][5]

  Ref  DFF        ref:/WORK/zigbee_phy_tx/u_payload_ram/mem_reg[112][6]
  Impl DFF        imp:/WORK/zigbee_phy_tx/u_payload_ram/mem_reg[112][6]

  Ref  DFF        ref:/WORK/zigbee_phy_tx/u_payload_ram/mem_reg[112][7]
  Impl DFF        imp:/WORK/zigbee_phy_tx/u_payload_ram/mem_reg[112][7]

  Ref  DFF        ref:/WORK/zigbee_phy_tx/u_payload_ram/mem_reg[113][0]
  Impl DFF        imp:/WORK/zigbee_phy_tx/u_payload_ram/mem_reg[113][0]

  Ref  DFF        ref:/WORK/zigbee_phy_tx/u_payload_ram/mem_reg[113][1]
  Impl DFF        imp:/WORK/zigbee_phy_tx/u_payload_ram/mem_reg[113][1]

  Ref  DFF        ref:/WORK/zigbee_phy_tx/u_payload_ram/mem_reg[113][2]
  Impl DFF        imp:/WORK/zigbee_phy_tx/u_payload_ram/mem_reg[113][2]

  Ref  DFF        ref:/WORK/zigbee_phy_tx/u_payload_ram/mem_reg[113][3]
  Impl DFF        imp:/WORK/zigbee_phy_tx/u_payload_ram/mem_reg[113][3]

  Ref  DFF        ref:/WORK/zigbee_phy_tx/u_payload_ram/mem_reg[113][4]
  Impl DFF        imp:/WORK/zigbee_phy_tx/u_payload_ram/mem_reg[113][4]

  Ref  DFF        ref:/WORK/zigbee_phy_tx/u_payload_ram/mem_reg[113][5]
  Impl DFF        imp:/WORK/zigbee_phy_tx/u_payload_ram/mem_reg[113][5]

  Ref  DFF        ref:/WORK/zigbee_phy_tx/u_payload_ram/mem_reg[113][6]
  Impl DFF        imp:/WORK/zigbee_phy_tx/u_payload_ram/mem_reg[113][6]

  Ref  DFF        ref:/WORK/zigbee_phy_tx/u_payload_ram/mem_reg[113][7]
  Impl DFF        imp:/WORK/zigbee_phy_tx/u_payload_ram/mem_reg[113][7]

  Ref  DFF        ref:/WORK/zigbee_phy_tx/u_payload_ram/mem_reg[114][0]
  Impl DFF        imp:/WORK/zigbee_phy_tx/u_payload_ram/mem_reg[114][0]

  Ref  DFF        ref:/WORK/zigbee_phy_tx/u_payload_ram/mem_reg[114][1]
  Impl DFF        imp:/WORK/zigbee_phy_tx/u_payload_ram/mem_reg[114][1]

  Ref  DFF        ref:/WORK/zigbee_phy_tx/u_payload_ram/mem_reg[114][2]
  Impl DFF        imp:/WORK/zigbee_phy_tx/u_payload_ram/mem_reg[114][2]

  Ref  DFF        ref:/WORK/zigbee_phy_tx/u_payload_ram/mem_reg[114][3]
  Impl DFF        imp:/WORK/zigbee_phy_tx/u_payload_ram/mem_reg[114][3]

  Ref  DFF        ref:/WORK/zigbee_phy_tx/u_payload_ram/mem_reg[114][4]
  Impl DFF        imp:/WORK/zigbee_phy_tx/u_payload_ram/mem_reg[114][4]

  Ref  DFF        ref:/WORK/zigbee_phy_tx/u_payload_ram/mem_reg[114][5]
  Impl DFF        imp:/WORK/zigbee_phy_tx/u_payload_ram/mem_reg[114][5]

  Ref  DFF        ref:/WORK/zigbee_phy_tx/u_payload_ram/mem_reg[114][6]
  Impl DFF        imp:/WORK/zigbee_phy_tx/u_payload_ram/mem_reg[114][6]

  Ref  DFF        ref:/WORK/zigbee_phy_tx/u_payload_ram/mem_reg[114][7]
  Impl DFF        imp:/WORK/zigbee_phy_tx/u_payload_ram/mem_reg[114][7]

  Ref  DFF        ref:/WORK/zigbee_phy_tx/u_payload_ram/mem_reg[115][0]
  Impl DFF        imp:/WORK/zigbee_phy_tx/u_payload_ram/mem_reg[115][0]

  Ref  DFF        ref:/WORK/zigbee_phy_tx/u_payload_ram/mem_reg[115][1]
  Impl DFF        imp:/WORK/zigbee_phy_tx/u_payload_ram/mem_reg[115][1]

  Ref  DFF        ref:/WORK/zigbee_phy_tx/u_payload_ram/mem_reg[115][2]
  Impl DFF        imp:/WORK/zigbee_phy_tx/u_payload_ram/mem_reg[115][2]

  Ref  DFF        ref:/WORK/zigbee_phy_tx/u_payload_ram/mem_reg[115][3]
  Impl DFF        imp:/WORK/zigbee_phy_tx/u_payload_ram/mem_reg[115][3]

  Ref  DFF        ref:/WORK/zigbee_phy_tx/u_payload_ram/mem_reg[115][4]
  Impl DFF        imp:/WORK/zigbee_phy_tx/u_payload_ram/mem_reg[115][4]

  Ref  DFF        ref:/WORK/zigbee_phy_tx/u_payload_ram/mem_reg[115][5]
  Impl DFF        imp:/WORK/zigbee_phy_tx/u_payload_ram/mem_reg[115][5]

  Ref  DFF        ref:/WORK/zigbee_phy_tx/u_payload_ram/mem_reg[115][6]
  Impl DFF        imp:/WORK/zigbee_phy_tx/u_payload_ram/mem_reg[115][6]

  Ref  DFF        ref:/WORK/zigbee_phy_tx/u_payload_ram/mem_reg[115][7]
  Impl DFF        imp:/WORK/zigbee_phy_tx/u_payload_ram/mem_reg[115][7]

  Ref  DFF        ref:/WORK/zigbee_phy_tx/u_payload_ram/mem_reg[116][0]
  Impl DFF        imp:/WORK/zigbee_phy_tx/u_payload_ram/mem_reg[116][0]

  Ref  DFF        ref:/WORK/zigbee_phy_tx/u_payload_ram/mem_reg[116][1]
  Impl DFF        imp:/WORK/zigbee_phy_tx/u_payload_ram/mem_reg[116][1]

  Ref  DFF        ref:/WORK/zigbee_phy_tx/u_payload_ram/mem_reg[116][2]
  Impl DFF        imp:/WORK/zigbee_phy_tx/u_payload_ram/mem_reg[116][2]

  Ref  DFF        ref:/WORK/zigbee_phy_tx/u_payload_ram/mem_reg[116][3]
  Impl DFF        imp:/WORK/zigbee_phy_tx/u_payload_ram/mem_reg[116][3]

  Ref  DFF        ref:/WORK/zigbee_phy_tx/u_payload_ram/mem_reg[116][4]
  Impl DFF        imp:/WORK/zigbee_phy_tx/u_payload_ram/mem_reg[116][4]

  Ref  DFF        ref:/WORK/zigbee_phy_tx/u_payload_ram/mem_reg[116][5]
  Impl DFF        imp:/WORK/zigbee_phy_tx/u_payload_ram/mem_reg[116][5]

  Ref  DFF        ref:/WORK/zigbee_phy_tx/u_payload_ram/mem_reg[116][6]
  Impl DFF        imp:/WORK/zigbee_phy_tx/u_payload_ram/mem_reg[116][6]

  Ref  DFF        ref:/WORK/zigbee_phy_tx/u_payload_ram/mem_reg[116][7]
  Impl DFF        imp:/WORK/zigbee_phy_tx/u_payload_ram/mem_reg[116][7]

  Ref  DFF        ref:/WORK/zigbee_phy_tx/u_payload_ram/mem_reg[117][0]
  Impl DFF        imp:/WORK/zigbee_phy_tx/u_payload_ram/mem_reg[117][0]

  Ref  DFF        ref:/WORK/zigbee_phy_tx/u_payload_ram/mem_reg[117][1]
  Impl DFF        imp:/WORK/zigbee_phy_tx/u_payload_ram/mem_reg[117][1]

  Ref  DFF        ref:/WORK/zigbee_phy_tx/u_payload_ram/mem_reg[117][2]
  Impl DFF        imp:/WORK/zigbee_phy_tx/u_payload_ram/mem_reg[117][2]

  Ref  DFF        ref:/WORK/zigbee_phy_tx/u_payload_ram/mem_reg[117][3]
  Impl DFF        imp:/WORK/zigbee_phy_tx/u_payload_ram/mem_reg[117][3]

  Ref  DFF        ref:/WORK/zigbee_phy_tx/u_payload_ram/mem_reg[117][4]
  Impl DFF        imp:/WORK/zigbee_phy_tx/u_payload_ram/mem_reg[117][4]

  Ref  DFF        ref:/WORK/zigbee_phy_tx/u_payload_ram/mem_reg[117][5]
  Impl DFF        imp:/WORK/zigbee_phy_tx/u_payload_ram/mem_reg[117][5]

  Ref  DFF        ref:/WORK/zigbee_phy_tx/u_payload_ram/mem_reg[117][6]
  Impl DFF        imp:/WORK/zigbee_phy_tx/u_payload_ram/mem_reg[117][6]

  Ref  DFF        ref:/WORK/zigbee_phy_tx/u_payload_ram/mem_reg[117][7]
  Impl DFF        imp:/WORK/zigbee_phy_tx/u_payload_ram/mem_reg[117][7]

  Ref  DFF        ref:/WORK/zigbee_phy_tx/u_payload_ram/mem_reg[118][0]
  Impl DFF        imp:/WORK/zigbee_phy_tx/u_payload_ram/mem_reg[118][0]

  Ref  DFF        ref:/WORK/zigbee_phy_tx/u_payload_ram/mem_reg[118][1]
  Impl DFF        imp:/WORK/zigbee_phy_tx/u_payload_ram/mem_reg[118][1]

  Ref  DFF        ref:/WORK/zigbee_phy_tx/u_payload_ram/mem_reg[118][2]
  Impl DFF        imp:/WORK/zigbee_phy_tx/u_payload_ram/mem_reg[118][2]

  Ref  DFF        ref:/WORK/zigbee_phy_tx/u_payload_ram/mem_reg[118][3]
  Impl DFF        imp:/WORK/zigbee_phy_tx/u_payload_ram/mem_reg[118][3]

  Ref  DFF        ref:/WORK/zigbee_phy_tx/u_payload_ram/mem_reg[118][4]
  Impl DFF        imp:/WORK/zigbee_phy_tx/u_payload_ram/mem_reg[118][4]

  Ref  DFF        ref:/WORK/zigbee_phy_tx/u_payload_ram/mem_reg[118][5]
  Impl DFF        imp:/WORK/zigbee_phy_tx/u_payload_ram/mem_reg[118][5]

  Ref  DFF        ref:/WORK/zigbee_phy_tx/u_payload_ram/mem_reg[118][6]
  Impl DFF        imp:/WORK/zigbee_phy_tx/u_payload_ram/mem_reg[118][6]

  Ref  DFF        ref:/WORK/zigbee_phy_tx/u_payload_ram/mem_reg[118][7]
  Impl DFF        imp:/WORK/zigbee_phy_tx/u_payload_ram/mem_reg[118][7]

  Ref  DFF        ref:/WORK/zigbee_phy_tx/u_payload_ram/mem_reg[119][0]
  Impl DFF        imp:/WORK/zigbee_phy_tx/u_payload_ram/mem_reg[119][0]

  Ref  DFF        ref:/WORK/zigbee_phy_tx/u_payload_ram/mem_reg[119][1]
  Impl DFF        imp:/WORK/zigbee_phy_tx/u_payload_ram/mem_reg[119][1]

  Ref  DFF        ref:/WORK/zigbee_phy_tx/u_payload_ram/mem_reg[119][2]
  Impl DFF        imp:/WORK/zigbee_phy_tx/u_payload_ram/mem_reg[119][2]

  Ref  DFF        ref:/WORK/zigbee_phy_tx/u_payload_ram/mem_reg[119][3]
  Impl DFF        imp:/WORK/zigbee_phy_tx/u_payload_ram/mem_reg[119][3]

  Ref  DFF        ref:/WORK/zigbee_phy_tx/u_payload_ram/mem_reg[119][4]
  Impl DFF        imp:/WORK/zigbee_phy_tx/u_payload_ram/mem_reg[119][4]

  Ref  DFF        ref:/WORK/zigbee_phy_tx/u_payload_ram/mem_reg[119][5]
  Impl DFF        imp:/WORK/zigbee_phy_tx/u_payload_ram/mem_reg[119][5]

  Ref  DFF        ref:/WORK/zigbee_phy_tx/u_payload_ram/mem_reg[119][6]
  Impl DFF        imp:/WORK/zigbee_phy_tx/u_payload_ram/mem_reg[119][6]

  Ref  DFF        ref:/WORK/zigbee_phy_tx/u_payload_ram/mem_reg[119][7]
  Impl DFF        imp:/WORK/zigbee_phy_tx/u_payload_ram/mem_reg[119][7]

  Ref  DFF        ref:/WORK/zigbee_phy_tx/u_payload_ram/mem_reg[11][0]
  Impl DFF        imp:/WORK/zigbee_phy_tx/u_payload_ram/mem_reg[11][0]

  Ref  DFF        ref:/WORK/zigbee_phy_tx/u_payload_ram/mem_reg[11][1]
  Impl DFF        imp:/WORK/zigbee_phy_tx/u_payload_ram/mem_reg[11][1]

  Ref  DFF        ref:/WORK/zigbee_phy_tx/u_payload_ram/mem_reg[11][2]
  Impl DFF        imp:/WORK/zigbee_phy_tx/u_payload_ram/mem_reg[11][2]

  Ref  DFF        ref:/WORK/zigbee_phy_tx/u_payload_ram/mem_reg[11][3]
  Impl DFF        imp:/WORK/zigbee_phy_tx/u_payload_ram/mem_reg[11][3]

  Ref  DFF        ref:/WORK/zigbee_phy_tx/u_payload_ram/mem_reg[11][4]
  Impl DFF        imp:/WORK/zigbee_phy_tx/u_payload_ram/mem_reg[11][4]

  Ref  DFF        ref:/WORK/zigbee_phy_tx/u_payload_ram/mem_reg[11][5]
  Impl DFF        imp:/WORK/zigbee_phy_tx/u_payload_ram/mem_reg[11][5]

  Ref  DFF        ref:/WORK/zigbee_phy_tx/u_payload_ram/mem_reg[11][6]
  Impl DFF        imp:/WORK/zigbee_phy_tx/u_payload_ram/mem_reg[11][6]

  Ref  DFF        ref:/WORK/zigbee_phy_tx/u_payload_ram/mem_reg[11][7]
  Impl DFF        imp:/WORK/zigbee_phy_tx/u_payload_ram/mem_reg[11][7]

  Ref  DFF        ref:/WORK/zigbee_phy_tx/u_payload_ram/mem_reg[120][0]
  Impl DFF        imp:/WORK/zigbee_phy_tx/u_payload_ram/mem_reg[120][0]

  Ref  DFF        ref:/WORK/zigbee_phy_tx/u_payload_ram/mem_reg[120][1]
  Impl DFF        imp:/WORK/zigbee_phy_tx/u_payload_ram/mem_reg[120][1]

  Ref  DFF        ref:/WORK/zigbee_phy_tx/u_payload_ram/mem_reg[120][2]
  Impl DFF        imp:/WORK/zigbee_phy_tx/u_payload_ram/mem_reg[120][2]

  Ref  DFF        ref:/WORK/zigbee_phy_tx/u_payload_ram/mem_reg[120][3]
  Impl DFF        imp:/WORK/zigbee_phy_tx/u_payload_ram/mem_reg[120][3]

  Ref  DFF        ref:/WORK/zigbee_phy_tx/u_payload_ram/mem_reg[120][4]
  Impl DFF        imp:/WORK/zigbee_phy_tx/u_payload_ram/mem_reg[120][4]

  Ref  DFF        ref:/WORK/zigbee_phy_tx/u_payload_ram/mem_reg[120][5]
  Impl DFF        imp:/WORK/zigbee_phy_tx/u_payload_ram/mem_reg[120][5]

  Ref  DFF        ref:/WORK/zigbee_phy_tx/u_payload_ram/mem_reg[120][6]
  Impl DFF        imp:/WORK/zigbee_phy_tx/u_payload_ram/mem_reg[120][6]

  Ref  DFF        ref:/WORK/zigbee_phy_tx/u_payload_ram/mem_reg[120][7]
  Impl DFF        imp:/WORK/zigbee_phy_tx/u_payload_ram/mem_reg[120][7]

  Ref  DFF        ref:/WORK/zigbee_phy_tx/u_payload_ram/mem_reg[121][0]
  Impl DFF        imp:/WORK/zigbee_phy_tx/u_payload_ram/mem_reg[121][0]

  Ref  DFF        ref:/WORK/zigbee_phy_tx/u_payload_ram/mem_reg[121][1]
  Impl DFF        imp:/WORK/zigbee_phy_tx/u_payload_ram/mem_reg[121][1]

  Ref  DFF        ref:/WORK/zigbee_phy_tx/u_payload_ram/mem_reg[121][2]
  Impl DFF        imp:/WORK/zigbee_phy_tx/u_payload_ram/mem_reg[121][2]

  Ref  DFF        ref:/WORK/zigbee_phy_tx/u_payload_ram/mem_reg[121][3]
  Impl DFF        imp:/WORK/zigbee_phy_tx/u_payload_ram/mem_reg[121][3]

  Ref  DFF        ref:/WORK/zigbee_phy_tx/u_payload_ram/mem_reg[121][4]
  Impl DFF        imp:/WORK/zigbee_phy_tx/u_payload_ram/mem_reg[121][4]

  Ref  DFF        ref:/WORK/zigbee_phy_tx/u_payload_ram/mem_reg[121][5]
  Impl DFF        imp:/WORK/zigbee_phy_tx/u_payload_ram/mem_reg[121][5]

  Ref  DFF        ref:/WORK/zigbee_phy_tx/u_payload_ram/mem_reg[121][6]
  Impl DFF        imp:/WORK/zigbee_phy_tx/u_payload_ram/mem_reg[121][6]

  Ref  DFF        ref:/WORK/zigbee_phy_tx/u_payload_ram/mem_reg[121][7]
  Impl DFF        imp:/WORK/zigbee_phy_tx/u_payload_ram/mem_reg[121][7]

  Ref  DFF        ref:/WORK/zigbee_phy_tx/u_payload_ram/mem_reg[122][0]
  Impl DFF        imp:/WORK/zigbee_phy_tx/u_payload_ram/mem_reg[122][0]

  Ref  DFF        ref:/WORK/zigbee_phy_tx/u_payload_ram/mem_reg[122][1]
  Impl DFF        imp:/WORK/zigbee_phy_tx/u_payload_ram/mem_reg[122][1]

  Ref  DFF        ref:/WORK/zigbee_phy_tx/u_payload_ram/mem_reg[122][2]
  Impl DFF        imp:/WORK/zigbee_phy_tx/u_payload_ram/mem_reg[122][2]

  Ref  DFF        ref:/WORK/zigbee_phy_tx/u_payload_ram/mem_reg[122][3]
  Impl DFF        imp:/WORK/zigbee_phy_tx/u_payload_ram/mem_reg[122][3]

  Ref  DFF        ref:/WORK/zigbee_phy_tx/u_payload_ram/mem_reg[122][4]
  Impl DFF        imp:/WORK/zigbee_phy_tx/u_payload_ram/mem_reg[122][4]

  Ref  DFF        ref:/WORK/zigbee_phy_tx/u_payload_ram/mem_reg[122][5]
  Impl DFF        imp:/WORK/zigbee_phy_tx/u_payload_ram/mem_reg[122][5]

  Ref  DFF        ref:/WORK/zigbee_phy_tx/u_payload_ram/mem_reg[122][6]
  Impl DFF        imp:/WORK/zigbee_phy_tx/u_payload_ram/mem_reg[122][6]

  Ref  DFF        ref:/WORK/zigbee_phy_tx/u_payload_ram/mem_reg[122][7]
  Impl DFF        imp:/WORK/zigbee_phy_tx/u_payload_ram/mem_reg[122][7]

  Ref  DFF        ref:/WORK/zigbee_phy_tx/u_payload_ram/mem_reg[123][0]
  Impl DFF        imp:/WORK/zigbee_phy_tx/u_payload_ram/mem_reg[123][0]

  Ref  DFF        ref:/WORK/zigbee_phy_tx/u_payload_ram/mem_reg[123][1]
  Impl DFF        imp:/WORK/zigbee_phy_tx/u_payload_ram/mem_reg[123][1]

  Ref  DFF        ref:/WORK/zigbee_phy_tx/u_payload_ram/mem_reg[123][2]
  Impl DFF        imp:/WORK/zigbee_phy_tx/u_payload_ram/mem_reg[123][2]

  Ref  DFF        ref:/WORK/zigbee_phy_tx/u_payload_ram/mem_reg[123][3]
  Impl DFF        imp:/WORK/zigbee_phy_tx/u_payload_ram/mem_reg[123][3]

  Ref  DFF        ref:/WORK/zigbee_phy_tx/u_payload_ram/mem_reg[123][4]
  Impl DFF        imp:/WORK/zigbee_phy_tx/u_payload_ram/mem_reg[123][4]

  Ref  DFF        ref:/WORK/zigbee_phy_tx/u_payload_ram/mem_reg[123][5]
  Impl DFF        imp:/WORK/zigbee_phy_tx/u_payload_ram/mem_reg[123][5]

  Ref  DFF        ref:/WORK/zigbee_phy_tx/u_payload_ram/mem_reg[123][6]
  Impl DFF        imp:/WORK/zigbee_phy_tx/u_payload_ram/mem_reg[123][6]

  Ref  DFF        ref:/WORK/zigbee_phy_tx/u_payload_ram/mem_reg[123][7]
  Impl DFF        imp:/WORK/zigbee_phy_tx/u_payload_ram/mem_reg[123][7]

  Ref  DFF        ref:/WORK/zigbee_phy_tx/u_payload_ram/mem_reg[124][0]
  Impl DFF        imp:/WORK/zigbee_phy_tx/u_payload_ram/mem_reg[124][0]

  Ref  DFF        ref:/WORK/zigbee_phy_tx/u_payload_ram/mem_reg[124][1]
  Impl DFF        imp:/WORK/zigbee_phy_tx/u_payload_ram/mem_reg[124][1]

  Ref  DFF        ref:/WORK/zigbee_phy_tx/u_payload_ram/mem_reg[124][2]
  Impl DFF        imp:/WORK/zigbee_phy_tx/u_payload_ram/mem_reg[124][2]

  Ref  DFF        ref:/WORK/zigbee_phy_tx/u_payload_ram/mem_reg[124][3]
  Impl DFF        imp:/WORK/zigbee_phy_tx/u_payload_ram/mem_reg[124][3]

  Ref  DFF        ref:/WORK/zigbee_phy_tx/u_payload_ram/mem_reg[124][4]
  Impl DFF        imp:/WORK/zigbee_phy_tx/u_payload_ram/mem_reg[124][4]

  Ref  DFF        ref:/WORK/zigbee_phy_tx/u_payload_ram/mem_reg[124][5]
  Impl DFF        imp:/WORK/zigbee_phy_tx/u_payload_ram/mem_reg[124][5]

  Ref  DFF        ref:/WORK/zigbee_phy_tx/u_payload_ram/mem_reg[124][6]
  Impl DFF        imp:/WORK/zigbee_phy_tx/u_payload_ram/mem_reg[124][6]

  Ref  DFF        ref:/WORK/zigbee_phy_tx/u_payload_ram/mem_reg[124][7]
  Impl DFF        imp:/WORK/zigbee_phy_tx/u_payload_ram/mem_reg[124][7]

  Ref  DFF        ref:/WORK/zigbee_phy_tx/u_payload_ram/mem_reg[125][0]
  Impl DFF        imp:/WORK/zigbee_phy_tx/u_payload_ram/mem_reg[125][0]

  Ref  DFF        ref:/WORK/zigbee_phy_tx/u_payload_ram/mem_reg[125][1]
  Impl DFF        imp:/WORK/zigbee_phy_tx/u_payload_ram/mem_reg[125][1]

  Ref  DFF        ref:/WORK/zigbee_phy_tx/u_payload_ram/mem_reg[125][2]
  Impl DFF        imp:/WORK/zigbee_phy_tx/u_payload_ram/mem_reg[125][2]

  Ref  DFF        ref:/WORK/zigbee_phy_tx/u_payload_ram/mem_reg[125][3]
  Impl DFF        imp:/WORK/zigbee_phy_tx/u_payload_ram/mem_reg[125][3]

  Ref  DFF        ref:/WORK/zigbee_phy_tx/u_payload_ram/mem_reg[125][4]
  Impl DFF        imp:/WORK/zigbee_phy_tx/u_payload_ram/mem_reg[125][4]

  Ref  DFF        ref:/WORK/zigbee_phy_tx/u_payload_ram/mem_reg[125][5]
  Impl DFF        imp:/WORK/zigbee_phy_tx/u_payload_ram/mem_reg[125][5]

  Ref  DFF        ref:/WORK/zigbee_phy_tx/u_payload_ram/mem_reg[125][6]
  Impl DFF        imp:/WORK/zigbee_phy_tx/u_payload_ram/mem_reg[125][6]

  Ref  DFF        ref:/WORK/zigbee_phy_tx/u_payload_ram/mem_reg[125][7]
  Impl DFF        imp:/WORK/zigbee_phy_tx/u_payload_ram/mem_reg[125][7]

  Ref  DFF        ref:/WORK/zigbee_phy_tx/u_payload_ram/mem_reg[126][0]
  Impl DFF        imp:/WORK/zigbee_phy_tx/u_payload_ram/mem_reg[126][0]

  Ref  DFF        ref:/WORK/zigbee_phy_tx/u_payload_ram/mem_reg[126][1]
  Impl DFF        imp:/WORK/zigbee_phy_tx/u_payload_ram/mem_reg[126][1]

  Ref  DFF        ref:/WORK/zigbee_phy_tx/u_payload_ram/mem_reg[126][2]
  Impl DFF        imp:/WORK/zigbee_phy_tx/u_payload_ram/mem_reg[126][2]

  Ref  DFF        ref:/WORK/zigbee_phy_tx/u_payload_ram/mem_reg[126][3]
  Impl DFF        imp:/WORK/zigbee_phy_tx/u_payload_ram/mem_reg[126][3]

  Ref  DFF        ref:/WORK/zigbee_phy_tx/u_payload_ram/mem_reg[126][4]
  Impl DFF        imp:/WORK/zigbee_phy_tx/u_payload_ram/mem_reg[126][4]

  Ref  DFF        ref:/WORK/zigbee_phy_tx/u_payload_ram/mem_reg[126][5]
  Impl DFF        imp:/WORK/zigbee_phy_tx/u_payload_ram/mem_reg[126][5]

  Ref  DFF        ref:/WORK/zigbee_phy_tx/u_payload_ram/mem_reg[126][6]
  Impl DFF        imp:/WORK/zigbee_phy_tx/u_payload_ram/mem_reg[126][6]

  Ref  DFF        ref:/WORK/zigbee_phy_tx/u_payload_ram/mem_reg[126][7]
  Impl DFF        imp:/WORK/zigbee_phy_tx/u_payload_ram/mem_reg[126][7]

  Ref  DFF        ref:/WORK/zigbee_phy_tx/u_payload_ram/mem_reg[127][0]
  Impl DFF        imp:/WORK/zigbee_phy_tx/u_payload_ram/mem_reg[127][0]

  Ref  DFF        ref:/WORK/zigbee_phy_tx/u_payload_ram/mem_reg[127][1]
  Impl DFF        imp:/WORK/zigbee_phy_tx/u_payload_ram/mem_reg[127][1]

  Ref  DFF        ref:/WORK/zigbee_phy_tx/u_payload_ram/mem_reg[127][2]
  Impl DFF        imp:/WORK/zigbee_phy_tx/u_payload_ram/mem_reg[127][2]

  Ref  DFF        ref:/WORK/zigbee_phy_tx/u_payload_ram/mem_reg[127][3]
  Impl DFF        imp:/WORK/zigbee_phy_tx/u_payload_ram/mem_reg[127][3]

  Ref  DFF        ref:/WORK/zigbee_phy_tx/u_payload_ram/mem_reg[127][4]
  Impl DFF        imp:/WORK/zigbee_phy_tx/u_payload_ram/mem_reg[127][4]

  Ref  DFF        ref:/WORK/zigbee_phy_tx/u_payload_ram/mem_reg[127][5]
  Impl DFF        imp:/WORK/zigbee_phy_tx/u_payload_ram/mem_reg[127][5]

  Ref  DFF        ref:/WORK/zigbee_phy_tx/u_payload_ram/mem_reg[127][6]
  Impl DFF        imp:/WORK/zigbee_phy_tx/u_payload_ram/mem_reg[127][6]

  Ref  DFF        ref:/WORK/zigbee_phy_tx/u_payload_ram/mem_reg[127][7]
  Impl DFF        imp:/WORK/zigbee_phy_tx/u_payload_ram/mem_reg[127][7]

  Ref  DFF        ref:/WORK/zigbee_phy_tx/u_payload_ram/mem_reg[12][0]
  Impl DFF        imp:/WORK/zigbee_phy_tx/u_payload_ram/mem_reg[12][0]

  Ref  DFF        ref:/WORK/zigbee_phy_tx/u_payload_ram/mem_reg[12][1]
  Impl DFF        imp:/WORK/zigbee_phy_tx/u_payload_ram/mem_reg[12][1]

  Ref  DFF        ref:/WORK/zigbee_phy_tx/u_payload_ram/mem_reg[12][2]
  Impl DFF        imp:/WORK/zigbee_phy_tx/u_payload_ram/mem_reg[12][2]

  Ref  DFF        ref:/WORK/zigbee_phy_tx/u_payload_ram/mem_reg[12][3]
  Impl DFF        imp:/WORK/zigbee_phy_tx/u_payload_ram/mem_reg[12][3]

  Ref  DFF        ref:/WORK/zigbee_phy_tx/u_payload_ram/mem_reg[12][4]
  Impl DFF        imp:/WORK/zigbee_phy_tx/u_payload_ram/mem_reg[12][4]

  Ref  DFF        ref:/WORK/zigbee_phy_tx/u_payload_ram/mem_reg[12][5]
  Impl DFF        imp:/WORK/zigbee_phy_tx/u_payload_ram/mem_reg[12][5]

  Ref  DFF        ref:/WORK/zigbee_phy_tx/u_payload_ram/mem_reg[12][6]
  Impl DFF        imp:/WORK/zigbee_phy_tx/u_payload_ram/mem_reg[12][6]

  Ref  DFF        ref:/WORK/zigbee_phy_tx/u_payload_ram/mem_reg[12][7]
  Impl DFF        imp:/WORK/zigbee_phy_tx/u_payload_ram/mem_reg[12][7]

  Ref  DFF        ref:/WORK/zigbee_phy_tx/u_payload_ram/mem_reg[13][0]
  Impl DFF        imp:/WORK/zigbee_phy_tx/u_payload_ram/mem_reg[13][0]

  Ref  DFF        ref:/WORK/zigbee_phy_tx/u_payload_ram/mem_reg[13][1]
  Impl DFF        imp:/WORK/zigbee_phy_tx/u_payload_ram/mem_reg[13][1]

  Ref  DFF        ref:/WORK/zigbee_phy_tx/u_payload_ram/mem_reg[13][2]
  Impl DFF        imp:/WORK/zigbee_phy_tx/u_payload_ram/mem_reg[13][2]

  Ref  DFF        ref:/WORK/zigbee_phy_tx/u_payload_ram/mem_reg[13][3]
  Impl DFF        imp:/WORK/zigbee_phy_tx/u_payload_ram/mem_reg[13][3]

  Ref  DFF        ref:/WORK/zigbee_phy_tx/u_payload_ram/mem_reg[13][4]
  Impl DFF        imp:/WORK/zigbee_phy_tx/u_payload_ram/mem_reg[13][4]

  Ref  DFF        ref:/WORK/zigbee_phy_tx/u_payload_ram/mem_reg[13][5]
  Impl DFF        imp:/WORK/zigbee_phy_tx/u_payload_ram/mem_reg[13][5]

  Ref  DFF        ref:/WORK/zigbee_phy_tx/u_payload_ram/mem_reg[13][6]
  Impl DFF        imp:/WORK/zigbee_phy_tx/u_payload_ram/mem_reg[13][6]

  Ref  DFF        ref:/WORK/zigbee_phy_tx/u_payload_ram/mem_reg[13][7]
  Impl DFF        imp:/WORK/zigbee_phy_tx/u_payload_ram/mem_reg[13][7]

  Ref  DFF        ref:/WORK/zigbee_phy_tx/u_payload_ram/mem_reg[14][0]
  Impl DFF        imp:/WORK/zigbee_phy_tx/u_payload_ram/mem_reg[14][0]

  Ref  DFF        ref:/WORK/zigbee_phy_tx/u_payload_ram/mem_reg[14][1]
  Impl DFF        imp:/WORK/zigbee_phy_tx/u_payload_ram/mem_reg[14][1]

  Ref  DFF        ref:/WORK/zigbee_phy_tx/u_payload_ram/mem_reg[14][2]
  Impl DFF        imp:/WORK/zigbee_phy_tx/u_payload_ram/mem_reg[14][2]

  Ref  DFF        ref:/WORK/zigbee_phy_tx/u_payload_ram/mem_reg[14][3]
  Impl DFF        imp:/WORK/zigbee_phy_tx/u_payload_ram/mem_reg[14][3]

  Ref  DFF        ref:/WORK/zigbee_phy_tx/u_payload_ram/mem_reg[14][4]
  Impl DFF        imp:/WORK/zigbee_phy_tx/u_payload_ram/mem_reg[14][4]

  Ref  DFF        ref:/WORK/zigbee_phy_tx/u_payload_ram/mem_reg[14][5]
  Impl DFF        imp:/WORK/zigbee_phy_tx/u_payload_ram/mem_reg[14][5]

  Ref  DFF        ref:/WORK/zigbee_phy_tx/u_payload_ram/mem_reg[14][6]
  Impl DFF        imp:/WORK/zigbee_phy_tx/u_payload_ram/mem_reg[14][6]

  Ref  DFF        ref:/WORK/zigbee_phy_tx/u_payload_ram/mem_reg[14][7]
  Impl DFF        imp:/WORK/zigbee_phy_tx/u_payload_ram/mem_reg[14][7]

  Ref  DFF        ref:/WORK/zigbee_phy_tx/u_payload_ram/mem_reg[15][0]
  Impl DFF        imp:/WORK/zigbee_phy_tx/u_payload_ram/mem_reg[15][0]

  Ref  DFF        ref:/WORK/zigbee_phy_tx/u_payload_ram/mem_reg[15][1]
  Impl DFF        imp:/WORK/zigbee_phy_tx/u_payload_ram/mem_reg[15][1]

  Ref  DFF        ref:/WORK/zigbee_phy_tx/u_payload_ram/mem_reg[15][2]
  Impl DFF        imp:/WORK/zigbee_phy_tx/u_payload_ram/mem_reg[15][2]

  Ref  DFF        ref:/WORK/zigbee_phy_tx/u_payload_ram/mem_reg[15][3]
  Impl DFF        imp:/WORK/zigbee_phy_tx/u_payload_ram/mem_reg[15][3]

  Ref  DFF        ref:/WORK/zigbee_phy_tx/u_payload_ram/mem_reg[15][4]
  Impl DFF        imp:/WORK/zigbee_phy_tx/u_payload_ram/mem_reg[15][4]

  Ref  DFF        ref:/WORK/zigbee_phy_tx/u_payload_ram/mem_reg[15][5]
  Impl DFF        imp:/WORK/zigbee_phy_tx/u_payload_ram/mem_reg[15][5]

  Ref  DFF        ref:/WORK/zigbee_phy_tx/u_payload_ram/mem_reg[15][6]
  Impl DFF        imp:/WORK/zigbee_phy_tx/u_payload_ram/mem_reg[15][6]

  Ref  DFF        ref:/WORK/zigbee_phy_tx/u_payload_ram/mem_reg[15][7]
  Impl DFF        imp:/WORK/zigbee_phy_tx/u_payload_ram/mem_reg[15][7]

  Ref  DFF        ref:/WORK/zigbee_phy_tx/u_payload_ram/mem_reg[16][0]
  Impl DFF        imp:/WORK/zigbee_phy_tx/u_payload_ram/mem_reg[16][0]

  Ref  DFF        ref:/WORK/zigbee_phy_tx/u_payload_ram/mem_reg[16][1]
  Impl DFF        imp:/WORK/zigbee_phy_tx/u_payload_ram/mem_reg[16][1]

  Ref  DFF        ref:/WORK/zigbee_phy_tx/u_payload_ram/mem_reg[16][2]
  Impl DFF        imp:/WORK/zigbee_phy_tx/u_payload_ram/mem_reg[16][2]

  Ref  DFF        ref:/WORK/zigbee_phy_tx/u_payload_ram/mem_reg[16][3]
  Impl DFF        imp:/WORK/zigbee_phy_tx/u_payload_ram/mem_reg[16][3]

  Ref  DFF        ref:/WORK/zigbee_phy_tx/u_payload_ram/mem_reg[16][4]
  Impl DFF        imp:/WORK/zigbee_phy_tx/u_payload_ram/mem_reg[16][4]

  Ref  DFF        ref:/WORK/zigbee_phy_tx/u_payload_ram/mem_reg[16][5]
  Impl DFF        imp:/WORK/zigbee_phy_tx/u_payload_ram/mem_reg[16][5]

  Ref  DFF        ref:/WORK/zigbee_phy_tx/u_payload_ram/mem_reg[16][6]
  Impl DFF        imp:/WORK/zigbee_phy_tx/u_payload_ram/mem_reg[16][6]

  Ref  DFF        ref:/WORK/zigbee_phy_tx/u_payload_ram/mem_reg[16][7]
  Impl DFF        imp:/WORK/zigbee_phy_tx/u_payload_ram/mem_reg[16][7]

  Ref  DFF        ref:/WORK/zigbee_phy_tx/u_payload_ram/mem_reg[17][0]
  Impl DFF        imp:/WORK/zigbee_phy_tx/u_payload_ram/mem_reg[17][0]

  Ref  DFF        ref:/WORK/zigbee_phy_tx/u_payload_ram/mem_reg[17][1]
  Impl DFF        imp:/WORK/zigbee_phy_tx/u_payload_ram/mem_reg[17][1]

  Ref  DFF        ref:/WORK/zigbee_phy_tx/u_payload_ram/mem_reg[17][2]
  Impl DFF        imp:/WORK/zigbee_phy_tx/u_payload_ram/mem_reg[17][2]

  Ref  DFF        ref:/WORK/zigbee_phy_tx/u_payload_ram/mem_reg[17][3]
  Impl DFF        imp:/WORK/zigbee_phy_tx/u_payload_ram/mem_reg[17][3]

  Ref  DFF        ref:/WORK/zigbee_phy_tx/u_payload_ram/mem_reg[17][4]
  Impl DFF        imp:/WORK/zigbee_phy_tx/u_payload_ram/mem_reg[17][4]

  Ref  DFF        ref:/WORK/zigbee_phy_tx/u_payload_ram/mem_reg[17][5]
  Impl DFF        imp:/WORK/zigbee_phy_tx/u_payload_ram/mem_reg[17][5]

  Ref  DFF        ref:/WORK/zigbee_phy_tx/u_payload_ram/mem_reg[17][6]
  Impl DFF        imp:/WORK/zigbee_phy_tx/u_payload_ram/mem_reg[17][6]

  Ref  DFF        ref:/WORK/zigbee_phy_tx/u_payload_ram/mem_reg[17][7]
  Impl DFF        imp:/WORK/zigbee_phy_tx/u_payload_ram/mem_reg[17][7]

  Ref  DFF        ref:/WORK/zigbee_phy_tx/u_payload_ram/mem_reg[18][0]
  Impl DFF        imp:/WORK/zigbee_phy_tx/u_payload_ram/mem_reg[18][0]

  Ref  DFF        ref:/WORK/zigbee_phy_tx/u_payload_ram/mem_reg[18][1]
  Impl DFF        imp:/WORK/zigbee_phy_tx/u_payload_ram/mem_reg[18][1]

  Ref  DFF        ref:/WORK/zigbee_phy_tx/u_payload_ram/mem_reg[18][2]
  Impl DFF        imp:/WORK/zigbee_phy_tx/u_payload_ram/mem_reg[18][2]

  Ref  DFF        ref:/WORK/zigbee_phy_tx/u_payload_ram/mem_reg[18][3]
  Impl DFF        imp:/WORK/zigbee_phy_tx/u_payload_ram/mem_reg[18][3]

  Ref  DFF        ref:/WORK/zigbee_phy_tx/u_payload_ram/mem_reg[18][4]
  Impl DFF        imp:/WORK/zigbee_phy_tx/u_payload_ram/mem_reg[18][4]

  Ref  DFF        ref:/WORK/zigbee_phy_tx/u_payload_ram/mem_reg[18][5]
  Impl DFF        imp:/WORK/zigbee_phy_tx/u_payload_ram/mem_reg[18][5]

  Ref  DFF        ref:/WORK/zigbee_phy_tx/u_payload_ram/mem_reg[18][6]
  Impl DFF        imp:/WORK/zigbee_phy_tx/u_payload_ram/mem_reg[18][6]

  Ref  DFF        ref:/WORK/zigbee_phy_tx/u_payload_ram/mem_reg[18][7]
  Impl DFF        imp:/WORK/zigbee_phy_tx/u_payload_ram/mem_reg[18][7]

  Ref  DFF        ref:/WORK/zigbee_phy_tx/u_payload_ram/mem_reg[19][0]
  Impl DFF        imp:/WORK/zigbee_phy_tx/u_payload_ram/mem_reg[19][0]

  Ref  DFF        ref:/WORK/zigbee_phy_tx/u_payload_ram/mem_reg[19][1]
  Impl DFF        imp:/WORK/zigbee_phy_tx/u_payload_ram/mem_reg[19][1]

  Ref  DFF        ref:/WORK/zigbee_phy_tx/u_payload_ram/mem_reg[19][2]
  Impl DFF        imp:/WORK/zigbee_phy_tx/u_payload_ram/mem_reg[19][2]

  Ref  DFF        ref:/WORK/zigbee_phy_tx/u_payload_ram/mem_reg[19][3]
  Impl DFF        imp:/WORK/zigbee_phy_tx/u_payload_ram/mem_reg[19][3]

  Ref  DFF        ref:/WORK/zigbee_phy_tx/u_payload_ram/mem_reg[19][4]
  Impl DFF        imp:/WORK/zigbee_phy_tx/u_payload_ram/mem_reg[19][4]

  Ref  DFF        ref:/WORK/zigbee_phy_tx/u_payload_ram/mem_reg[19][5]
  Impl DFF        imp:/WORK/zigbee_phy_tx/u_payload_ram/mem_reg[19][5]

  Ref  DFF        ref:/WORK/zigbee_phy_tx/u_payload_ram/mem_reg[19][6]
  Impl DFF        imp:/WORK/zigbee_phy_tx/u_payload_ram/mem_reg[19][6]

  Ref  DFF        ref:/WORK/zigbee_phy_tx/u_payload_ram/mem_reg[19][7]
  Impl DFF        imp:/WORK/zigbee_phy_tx/u_payload_ram/mem_reg[19][7]

  Ref  DFF        ref:/WORK/zigbee_phy_tx/u_payload_ram/mem_reg[1][0]
  Impl DFF        imp:/WORK/zigbee_phy_tx/u_payload_ram/mem_reg[1][0]

  Ref  DFF        ref:/WORK/zigbee_phy_tx/u_payload_ram/mem_reg[1][1]
  Impl DFF        imp:/WORK/zigbee_phy_tx/u_payload_ram/mem_reg[1][1]

  Ref  DFF        ref:/WORK/zigbee_phy_tx/u_payload_ram/mem_reg[1][2]
  Impl DFF        imp:/WORK/zigbee_phy_tx/u_payload_ram/mem_reg[1][2]

  Ref  DFF        ref:/WORK/zigbee_phy_tx/u_payload_ram/mem_reg[1][3]
  Impl DFF        imp:/WORK/zigbee_phy_tx/u_payload_ram/mem_reg[1][3]

  Ref  DFF        ref:/WORK/zigbee_phy_tx/u_payload_ram/mem_reg[1][4]
  Impl DFF        imp:/WORK/zigbee_phy_tx/u_payload_ram/mem_reg[1][4]

  Ref  DFF        ref:/WORK/zigbee_phy_tx/u_payload_ram/mem_reg[1][5]
  Impl DFF        imp:/WORK/zigbee_phy_tx/u_payload_ram/mem_reg[1][5]

  Ref  DFF        ref:/WORK/zigbee_phy_tx/u_payload_ram/mem_reg[1][6]
  Impl DFF        imp:/WORK/zigbee_phy_tx/u_payload_ram/mem_reg[1][6]

  Ref  DFF        ref:/WORK/zigbee_phy_tx/u_payload_ram/mem_reg[1][7]
  Impl DFF        imp:/WORK/zigbee_phy_tx/u_payload_ram/mem_reg[1][7]

  Ref  DFF        ref:/WORK/zigbee_phy_tx/u_payload_ram/mem_reg[20][0]
  Impl DFF        imp:/WORK/zigbee_phy_tx/u_payload_ram/mem_reg[20][0]

  Ref  DFF        ref:/WORK/zigbee_phy_tx/u_payload_ram/mem_reg[20][1]
  Impl DFF        imp:/WORK/zigbee_phy_tx/u_payload_ram/mem_reg[20][1]

  Ref  DFF        ref:/WORK/zigbee_phy_tx/u_payload_ram/mem_reg[20][2]
  Impl DFF        imp:/WORK/zigbee_phy_tx/u_payload_ram/mem_reg[20][2]

  Ref  DFF        ref:/WORK/zigbee_phy_tx/u_payload_ram/mem_reg[20][3]
  Impl DFF        imp:/WORK/zigbee_phy_tx/u_payload_ram/mem_reg[20][3]

  Ref  DFF        ref:/WORK/zigbee_phy_tx/u_payload_ram/mem_reg[20][4]
  Impl DFF        imp:/WORK/zigbee_phy_tx/u_payload_ram/mem_reg[20][4]

  Ref  DFF        ref:/WORK/zigbee_phy_tx/u_payload_ram/mem_reg[20][5]
  Impl DFF        imp:/WORK/zigbee_phy_tx/u_payload_ram/mem_reg[20][5]

  Ref  DFF        ref:/WORK/zigbee_phy_tx/u_payload_ram/mem_reg[20][6]
  Impl DFF        imp:/WORK/zigbee_phy_tx/u_payload_ram/mem_reg[20][6]

  Ref  DFF        ref:/WORK/zigbee_phy_tx/u_payload_ram/mem_reg[20][7]
  Impl DFF        imp:/WORK/zigbee_phy_tx/u_payload_ram/mem_reg[20][7]

  Ref  DFF        ref:/WORK/zigbee_phy_tx/u_payload_ram/mem_reg[21][0]
  Impl DFF        imp:/WORK/zigbee_phy_tx/u_payload_ram/mem_reg[21][0]

  Ref  DFF        ref:/WORK/zigbee_phy_tx/u_payload_ram/mem_reg[21][1]
  Impl DFF        imp:/WORK/zigbee_phy_tx/u_payload_ram/mem_reg[21][1]

  Ref  DFF        ref:/WORK/zigbee_phy_tx/u_payload_ram/mem_reg[21][2]
  Impl DFF        imp:/WORK/zigbee_phy_tx/u_payload_ram/mem_reg[21][2]

  Ref  DFF        ref:/WORK/zigbee_phy_tx/u_payload_ram/mem_reg[21][3]
  Impl DFF        imp:/WORK/zigbee_phy_tx/u_payload_ram/mem_reg[21][3]

  Ref  DFF        ref:/WORK/zigbee_phy_tx/u_payload_ram/mem_reg[21][4]
  Impl DFF        imp:/WORK/zigbee_phy_tx/u_payload_ram/mem_reg[21][4]

  Ref  DFF        ref:/WORK/zigbee_phy_tx/u_payload_ram/mem_reg[21][5]
  Impl DFF        imp:/WORK/zigbee_phy_tx/u_payload_ram/mem_reg[21][5]

  Ref  DFF        ref:/WORK/zigbee_phy_tx/u_payload_ram/mem_reg[21][6]
  Impl DFF        imp:/WORK/zigbee_phy_tx/u_payload_ram/mem_reg[21][6]

  Ref  DFF        ref:/WORK/zigbee_phy_tx/u_payload_ram/mem_reg[21][7]
  Impl DFF        imp:/WORK/zigbee_phy_tx/u_payload_ram/mem_reg[21][7]

  Ref  DFF        ref:/WORK/zigbee_phy_tx/u_payload_ram/mem_reg[22][0]
  Impl DFF        imp:/WORK/zigbee_phy_tx/u_payload_ram/mem_reg[22][0]

  Ref  DFF        ref:/WORK/zigbee_phy_tx/u_payload_ram/mem_reg[22][1]
  Impl DFF        imp:/WORK/zigbee_phy_tx/u_payload_ram/mem_reg[22][1]

  Ref  DFF        ref:/WORK/zigbee_phy_tx/u_payload_ram/mem_reg[22][2]
  Impl DFF        imp:/WORK/zigbee_phy_tx/u_payload_ram/mem_reg[22][2]

  Ref  DFF        ref:/WORK/zigbee_phy_tx/u_payload_ram/mem_reg[22][3]
  Impl DFF        imp:/WORK/zigbee_phy_tx/u_payload_ram/mem_reg[22][3]

  Ref  DFF        ref:/WORK/zigbee_phy_tx/u_payload_ram/mem_reg[22][4]
  Impl DFF        imp:/WORK/zigbee_phy_tx/u_payload_ram/mem_reg[22][4]

  Ref  DFF        ref:/WORK/zigbee_phy_tx/u_payload_ram/mem_reg[22][5]
  Impl DFF        imp:/WORK/zigbee_phy_tx/u_payload_ram/mem_reg[22][5]

  Ref  DFF        ref:/WORK/zigbee_phy_tx/u_payload_ram/mem_reg[22][6]
  Impl DFF        imp:/WORK/zigbee_phy_tx/u_payload_ram/mem_reg[22][6]

  Ref  DFF        ref:/WORK/zigbee_phy_tx/u_payload_ram/mem_reg[22][7]
  Impl DFF        imp:/WORK/zigbee_phy_tx/u_payload_ram/mem_reg[22][7]

  Ref  DFF        ref:/WORK/zigbee_phy_tx/u_payload_ram/mem_reg[23][0]
  Impl DFF        imp:/WORK/zigbee_phy_tx/u_payload_ram/mem_reg[23][0]

  Ref  DFF        ref:/WORK/zigbee_phy_tx/u_payload_ram/mem_reg[23][1]
  Impl DFF        imp:/WORK/zigbee_phy_tx/u_payload_ram/mem_reg[23][1]

  Ref  DFF        ref:/WORK/zigbee_phy_tx/u_payload_ram/mem_reg[23][2]
  Impl DFF        imp:/WORK/zigbee_phy_tx/u_payload_ram/mem_reg[23][2]

  Ref  DFF        ref:/WORK/zigbee_phy_tx/u_payload_ram/mem_reg[23][3]
  Impl DFF        imp:/WORK/zigbee_phy_tx/u_payload_ram/mem_reg[23][3]

  Ref  DFF        ref:/WORK/zigbee_phy_tx/u_payload_ram/mem_reg[23][4]
  Impl DFF        imp:/WORK/zigbee_phy_tx/u_payload_ram/mem_reg[23][4]

  Ref  DFF        ref:/WORK/zigbee_phy_tx/u_payload_ram/mem_reg[23][5]
  Impl DFF        imp:/WORK/zigbee_phy_tx/u_payload_ram/mem_reg[23][5]

  Ref  DFF        ref:/WORK/zigbee_phy_tx/u_payload_ram/mem_reg[23][6]
  Impl DFF        imp:/WORK/zigbee_phy_tx/u_payload_ram/mem_reg[23][6]

  Ref  DFF        ref:/WORK/zigbee_phy_tx/u_payload_ram/mem_reg[23][7]
  Impl DFF        imp:/WORK/zigbee_phy_tx/u_payload_ram/mem_reg[23][7]

  Ref  DFF        ref:/WORK/zigbee_phy_tx/u_payload_ram/mem_reg[24][0]
  Impl DFF        imp:/WORK/zigbee_phy_tx/u_payload_ram/mem_reg[24][0]

  Ref  DFF        ref:/WORK/zigbee_phy_tx/u_payload_ram/mem_reg[24][1]
  Impl DFF        imp:/WORK/zigbee_phy_tx/u_payload_ram/mem_reg[24][1]

  Ref  DFF        ref:/WORK/zigbee_phy_tx/u_payload_ram/mem_reg[24][2]
  Impl DFF        imp:/WORK/zigbee_phy_tx/u_payload_ram/mem_reg[24][2]

  Ref  DFF        ref:/WORK/zigbee_phy_tx/u_payload_ram/mem_reg[24][3]
  Impl DFF        imp:/WORK/zigbee_phy_tx/u_payload_ram/mem_reg[24][3]

  Ref  DFF        ref:/WORK/zigbee_phy_tx/u_payload_ram/mem_reg[24][4]
  Impl DFF        imp:/WORK/zigbee_phy_tx/u_payload_ram/mem_reg[24][4]

  Ref  DFF        ref:/WORK/zigbee_phy_tx/u_payload_ram/mem_reg[24][5]
  Impl DFF        imp:/WORK/zigbee_phy_tx/u_payload_ram/mem_reg[24][5]

  Ref  DFF        ref:/WORK/zigbee_phy_tx/u_payload_ram/mem_reg[24][6]
  Impl DFF        imp:/WORK/zigbee_phy_tx/u_payload_ram/mem_reg[24][6]

  Ref  DFF        ref:/WORK/zigbee_phy_tx/u_payload_ram/mem_reg[24][7]
  Impl DFF        imp:/WORK/zigbee_phy_tx/u_payload_ram/mem_reg[24][7]

  Ref  DFF        ref:/WORK/zigbee_phy_tx/u_payload_ram/mem_reg[25][0]
  Impl DFF        imp:/WORK/zigbee_phy_tx/u_payload_ram/mem_reg[25][0]

  Ref  DFF        ref:/WORK/zigbee_phy_tx/u_payload_ram/mem_reg[25][1]
  Impl DFF        imp:/WORK/zigbee_phy_tx/u_payload_ram/mem_reg[25][1]

  Ref  DFF        ref:/WORK/zigbee_phy_tx/u_payload_ram/mem_reg[25][2]
  Impl DFF        imp:/WORK/zigbee_phy_tx/u_payload_ram/mem_reg[25][2]

  Ref  DFF        ref:/WORK/zigbee_phy_tx/u_payload_ram/mem_reg[25][3]
  Impl DFF        imp:/WORK/zigbee_phy_tx/u_payload_ram/mem_reg[25][3]

  Ref  DFF        ref:/WORK/zigbee_phy_tx/u_payload_ram/mem_reg[25][4]
  Impl DFF        imp:/WORK/zigbee_phy_tx/u_payload_ram/mem_reg[25][4]

  Ref  DFF        ref:/WORK/zigbee_phy_tx/u_payload_ram/mem_reg[25][5]
  Impl DFF        imp:/WORK/zigbee_phy_tx/u_payload_ram/mem_reg[25][5]

  Ref  DFF        ref:/WORK/zigbee_phy_tx/u_payload_ram/mem_reg[25][6]
  Impl DFF        imp:/WORK/zigbee_phy_tx/u_payload_ram/mem_reg[25][6]

  Ref  DFF        ref:/WORK/zigbee_phy_tx/u_payload_ram/mem_reg[25][7]
  Impl DFF        imp:/WORK/zigbee_phy_tx/u_payload_ram/mem_reg[25][7]

  Ref  DFF        ref:/WORK/zigbee_phy_tx/u_payload_ram/mem_reg[26][0]
  Impl DFF        imp:/WORK/zigbee_phy_tx/u_payload_ram/mem_reg[26][0]

  Ref  DFF        ref:/WORK/zigbee_phy_tx/u_payload_ram/mem_reg[26][1]
  Impl DFF        imp:/WORK/zigbee_phy_tx/u_payload_ram/mem_reg[26][1]

  Ref  DFF        ref:/WORK/zigbee_phy_tx/u_payload_ram/mem_reg[26][2]
  Impl DFF        imp:/WORK/zigbee_phy_tx/u_payload_ram/mem_reg[26][2]

  Ref  DFF        ref:/WORK/zigbee_phy_tx/u_payload_ram/mem_reg[26][3]
  Impl DFF        imp:/WORK/zigbee_phy_tx/u_payload_ram/mem_reg[26][3]

  Ref  DFF        ref:/WORK/zigbee_phy_tx/u_payload_ram/mem_reg[26][4]
  Impl DFF        imp:/WORK/zigbee_phy_tx/u_payload_ram/mem_reg[26][4]

  Ref  DFF        ref:/WORK/zigbee_phy_tx/u_payload_ram/mem_reg[26][5]
  Impl DFF        imp:/WORK/zigbee_phy_tx/u_payload_ram/mem_reg[26][5]

  Ref  DFF        ref:/WORK/zigbee_phy_tx/u_payload_ram/mem_reg[26][6]
  Impl DFF        imp:/WORK/zigbee_phy_tx/u_payload_ram/mem_reg[26][6]

  Ref  DFF        ref:/WORK/zigbee_phy_tx/u_payload_ram/mem_reg[26][7]
  Impl DFF        imp:/WORK/zigbee_phy_tx/u_payload_ram/mem_reg[26][7]

  Ref  DFF        ref:/WORK/zigbee_phy_tx/u_payload_ram/mem_reg[27][0]
  Impl DFF        imp:/WORK/zigbee_phy_tx/u_payload_ram/mem_reg[27][0]

  Ref  DFF        ref:/WORK/zigbee_phy_tx/u_payload_ram/mem_reg[27][1]
  Impl DFF        imp:/WORK/zigbee_phy_tx/u_payload_ram/mem_reg[27][1]

  Ref  DFF        ref:/WORK/zigbee_phy_tx/u_payload_ram/mem_reg[27][2]
  Impl DFF        imp:/WORK/zigbee_phy_tx/u_payload_ram/mem_reg[27][2]

  Ref  DFF        ref:/WORK/zigbee_phy_tx/u_payload_ram/mem_reg[27][3]
  Impl DFF        imp:/WORK/zigbee_phy_tx/u_payload_ram/mem_reg[27][3]

  Ref  DFF        ref:/WORK/zigbee_phy_tx/u_payload_ram/mem_reg[27][4]
  Impl DFF        imp:/WORK/zigbee_phy_tx/u_payload_ram/mem_reg[27][4]

  Ref  DFF        ref:/WORK/zigbee_phy_tx/u_payload_ram/mem_reg[27][5]
  Impl DFF        imp:/WORK/zigbee_phy_tx/u_payload_ram/mem_reg[27][5]

  Ref  DFF        ref:/WORK/zigbee_phy_tx/u_payload_ram/mem_reg[27][6]
  Impl DFF        imp:/WORK/zigbee_phy_tx/u_payload_ram/mem_reg[27][6]

  Ref  DFF        ref:/WORK/zigbee_phy_tx/u_payload_ram/mem_reg[27][7]
  Impl DFF        imp:/WORK/zigbee_phy_tx/u_payload_ram/mem_reg[27][7]

  Ref  DFF        ref:/WORK/zigbee_phy_tx/u_payload_ram/mem_reg[28][0]
  Impl DFF        imp:/WORK/zigbee_phy_tx/u_payload_ram/mem_reg[28][0]

  Ref  DFF        ref:/WORK/zigbee_phy_tx/u_payload_ram/mem_reg[28][1]
  Impl DFF        imp:/WORK/zigbee_phy_tx/u_payload_ram/mem_reg[28][1]

  Ref  DFF        ref:/WORK/zigbee_phy_tx/u_payload_ram/mem_reg[28][2]
  Impl DFF        imp:/WORK/zigbee_phy_tx/u_payload_ram/mem_reg[28][2]

  Ref  DFF        ref:/WORK/zigbee_phy_tx/u_payload_ram/mem_reg[28][3]
  Impl DFF        imp:/WORK/zigbee_phy_tx/u_payload_ram/mem_reg[28][3]

  Ref  DFF        ref:/WORK/zigbee_phy_tx/u_payload_ram/mem_reg[28][4]
  Impl DFF        imp:/WORK/zigbee_phy_tx/u_payload_ram/mem_reg[28][4]

  Ref  DFF        ref:/WORK/zigbee_phy_tx/u_payload_ram/mem_reg[28][5]
  Impl DFF        imp:/WORK/zigbee_phy_tx/u_payload_ram/mem_reg[28][5]

  Ref  DFF        ref:/WORK/zigbee_phy_tx/u_payload_ram/mem_reg[28][6]
  Impl DFF        imp:/WORK/zigbee_phy_tx/u_payload_ram/mem_reg[28][6]

  Ref  DFF        ref:/WORK/zigbee_phy_tx/u_payload_ram/mem_reg[28][7]
  Impl DFF        imp:/WORK/zigbee_phy_tx/u_payload_ram/mem_reg[28][7]

  Ref  DFF        ref:/WORK/zigbee_phy_tx/u_payload_ram/mem_reg[29][0]
  Impl DFF        imp:/WORK/zigbee_phy_tx/u_payload_ram/mem_reg[29][0]

  Ref  DFF        ref:/WORK/zigbee_phy_tx/u_payload_ram/mem_reg[29][1]
  Impl DFF        imp:/WORK/zigbee_phy_tx/u_payload_ram/mem_reg[29][1]

  Ref  DFF        ref:/WORK/zigbee_phy_tx/u_payload_ram/mem_reg[29][2]
  Impl DFF        imp:/WORK/zigbee_phy_tx/u_payload_ram/mem_reg[29][2]

  Ref  DFF        ref:/WORK/zigbee_phy_tx/u_payload_ram/mem_reg[29][3]
  Impl DFF        imp:/WORK/zigbee_phy_tx/u_payload_ram/mem_reg[29][3]

  Ref  DFF        ref:/WORK/zigbee_phy_tx/u_payload_ram/mem_reg[29][4]
  Impl DFF        imp:/WORK/zigbee_phy_tx/u_payload_ram/mem_reg[29][4]

  Ref  DFF        ref:/WORK/zigbee_phy_tx/u_payload_ram/mem_reg[29][5]
  Impl DFF        imp:/WORK/zigbee_phy_tx/u_payload_ram/mem_reg[29][5]

  Ref  DFF        ref:/WORK/zigbee_phy_tx/u_payload_ram/mem_reg[29][6]
  Impl DFF        imp:/WORK/zigbee_phy_tx/u_payload_ram/mem_reg[29][6]

  Ref  DFF        ref:/WORK/zigbee_phy_tx/u_payload_ram/mem_reg[29][7]
  Impl DFF        imp:/WORK/zigbee_phy_tx/u_payload_ram/mem_reg[29][7]

  Ref  DFF        ref:/WORK/zigbee_phy_tx/u_payload_ram/mem_reg[2][0]
  Impl DFF        imp:/WORK/zigbee_phy_tx/u_payload_ram/mem_reg[2][0]

  Ref  DFF        ref:/WORK/zigbee_phy_tx/u_payload_ram/mem_reg[2][1]
  Impl DFF        imp:/WORK/zigbee_phy_tx/u_payload_ram/mem_reg[2][1]

  Ref  DFF        ref:/WORK/zigbee_phy_tx/u_payload_ram/mem_reg[2][2]
  Impl DFF        imp:/WORK/zigbee_phy_tx/u_payload_ram/mem_reg[2][2]

  Ref  DFF        ref:/WORK/zigbee_phy_tx/u_payload_ram/mem_reg[2][3]
  Impl DFF        imp:/WORK/zigbee_phy_tx/u_payload_ram/mem_reg[2][3]

  Ref  DFF        ref:/WORK/zigbee_phy_tx/u_payload_ram/mem_reg[2][4]
  Impl DFF        imp:/WORK/zigbee_phy_tx/u_payload_ram/mem_reg[2][4]

  Ref  DFF        ref:/WORK/zigbee_phy_tx/u_payload_ram/mem_reg[2][5]
  Impl DFF        imp:/WORK/zigbee_phy_tx/u_payload_ram/mem_reg[2][5]

  Ref  DFF        ref:/WORK/zigbee_phy_tx/u_payload_ram/mem_reg[2][6]
  Impl DFF        imp:/WORK/zigbee_phy_tx/u_payload_ram/mem_reg[2][6]

  Ref  DFF        ref:/WORK/zigbee_phy_tx/u_payload_ram/mem_reg[2][7]
  Impl DFF        imp:/WORK/zigbee_phy_tx/u_payload_ram/mem_reg[2][7]

  Ref  DFF        ref:/WORK/zigbee_phy_tx/u_payload_ram/mem_reg[30][0]
  Impl DFF        imp:/WORK/zigbee_phy_tx/u_payload_ram/mem_reg[30][0]

  Ref  DFF        ref:/WORK/zigbee_phy_tx/u_payload_ram/mem_reg[30][1]
  Impl DFF        imp:/WORK/zigbee_phy_tx/u_payload_ram/mem_reg[30][1]

  Ref  DFF        ref:/WORK/zigbee_phy_tx/u_payload_ram/mem_reg[30][2]
  Impl DFF        imp:/WORK/zigbee_phy_tx/u_payload_ram/mem_reg[30][2]

  Ref  DFF        ref:/WORK/zigbee_phy_tx/u_payload_ram/mem_reg[30][3]
  Impl DFF        imp:/WORK/zigbee_phy_tx/u_payload_ram/mem_reg[30][3]

  Ref  DFF        ref:/WORK/zigbee_phy_tx/u_payload_ram/mem_reg[30][4]
  Impl DFF        imp:/WORK/zigbee_phy_tx/u_payload_ram/mem_reg[30][4]

  Ref  DFF        ref:/WORK/zigbee_phy_tx/u_payload_ram/mem_reg[30][5]
  Impl DFF        imp:/WORK/zigbee_phy_tx/u_payload_ram/mem_reg[30][5]

  Ref  DFF        ref:/WORK/zigbee_phy_tx/u_payload_ram/mem_reg[30][6]
  Impl DFF        imp:/WORK/zigbee_phy_tx/u_payload_ram/mem_reg[30][6]

  Ref  DFF        ref:/WORK/zigbee_phy_tx/u_payload_ram/mem_reg[30][7]
  Impl DFF        imp:/WORK/zigbee_phy_tx/u_payload_ram/mem_reg[30][7]

  Ref  DFF        ref:/WORK/zigbee_phy_tx/u_payload_ram/mem_reg[31][0]
  Impl DFF        imp:/WORK/zigbee_phy_tx/u_payload_ram/mem_reg[31][0]

  Ref  DFF        ref:/WORK/zigbee_phy_tx/u_payload_ram/mem_reg[31][1]
  Impl DFF        imp:/WORK/zigbee_phy_tx/u_payload_ram/mem_reg[31][1]

  Ref  DFF        ref:/WORK/zigbee_phy_tx/u_payload_ram/mem_reg[31][2]
  Impl DFF        imp:/WORK/zigbee_phy_tx/u_payload_ram/mem_reg[31][2]

  Ref  DFF        ref:/WORK/zigbee_phy_tx/u_payload_ram/mem_reg[31][3]
  Impl DFF        imp:/WORK/zigbee_phy_tx/u_payload_ram/mem_reg[31][3]

  Ref  DFF        ref:/WORK/zigbee_phy_tx/u_payload_ram/mem_reg[31][4]
  Impl DFF        imp:/WORK/zigbee_phy_tx/u_payload_ram/mem_reg[31][4]

  Ref  DFF        ref:/WORK/zigbee_phy_tx/u_payload_ram/mem_reg[31][5]
  Impl DFF        imp:/WORK/zigbee_phy_tx/u_payload_ram/mem_reg[31][5]

  Ref  DFF        ref:/WORK/zigbee_phy_tx/u_payload_ram/mem_reg[31][6]
  Impl DFF        imp:/WORK/zigbee_phy_tx/u_payload_ram/mem_reg[31][6]

  Ref  DFF        ref:/WORK/zigbee_phy_tx/u_payload_ram/mem_reg[31][7]
  Impl DFF        imp:/WORK/zigbee_phy_tx/u_payload_ram/mem_reg[31][7]

  Ref  DFF        ref:/WORK/zigbee_phy_tx/u_payload_ram/mem_reg[32][0]
  Impl DFF        imp:/WORK/zigbee_phy_tx/u_payload_ram/mem_reg[32][0]

  Ref  DFF        ref:/WORK/zigbee_phy_tx/u_payload_ram/mem_reg[32][1]
  Impl DFF        imp:/WORK/zigbee_phy_tx/u_payload_ram/mem_reg[32][1]

  Ref  DFF        ref:/WORK/zigbee_phy_tx/u_payload_ram/mem_reg[32][2]
  Impl DFF        imp:/WORK/zigbee_phy_tx/u_payload_ram/mem_reg[32][2]

  Ref  DFF        ref:/WORK/zigbee_phy_tx/u_payload_ram/mem_reg[32][3]
  Impl DFF        imp:/WORK/zigbee_phy_tx/u_payload_ram/mem_reg[32][3]

  Ref  DFF        ref:/WORK/zigbee_phy_tx/u_payload_ram/mem_reg[32][4]
  Impl DFF        imp:/WORK/zigbee_phy_tx/u_payload_ram/mem_reg[32][4]

  Ref  DFF        ref:/WORK/zigbee_phy_tx/u_payload_ram/mem_reg[32][5]
  Impl DFF        imp:/WORK/zigbee_phy_tx/u_payload_ram/mem_reg[32][5]

  Ref  DFF        ref:/WORK/zigbee_phy_tx/u_payload_ram/mem_reg[32][6]
  Impl DFF        imp:/WORK/zigbee_phy_tx/u_payload_ram/mem_reg[32][6]

  Ref  DFF        ref:/WORK/zigbee_phy_tx/u_payload_ram/mem_reg[32][7]
  Impl DFF        imp:/WORK/zigbee_phy_tx/u_payload_ram/mem_reg[32][7]

  Ref  DFF        ref:/WORK/zigbee_phy_tx/u_payload_ram/mem_reg[33][0]
  Impl DFF        imp:/WORK/zigbee_phy_tx/u_payload_ram/mem_reg[33][0]

  Ref  DFF        ref:/WORK/zigbee_phy_tx/u_payload_ram/mem_reg[33][1]
  Impl DFF        imp:/WORK/zigbee_phy_tx/u_payload_ram/mem_reg[33][1]

  Ref  DFF        ref:/WORK/zigbee_phy_tx/u_payload_ram/mem_reg[33][2]
  Impl DFF        imp:/WORK/zigbee_phy_tx/u_payload_ram/mem_reg[33][2]

  Ref  DFF        ref:/WORK/zigbee_phy_tx/u_payload_ram/mem_reg[33][3]
  Impl DFF        imp:/WORK/zigbee_phy_tx/u_payload_ram/mem_reg[33][3]

  Ref  DFF        ref:/WORK/zigbee_phy_tx/u_payload_ram/mem_reg[33][4]
  Impl DFF        imp:/WORK/zigbee_phy_tx/u_payload_ram/mem_reg[33][4]

  Ref  DFF        ref:/WORK/zigbee_phy_tx/u_payload_ram/mem_reg[33][5]
  Impl DFF        imp:/WORK/zigbee_phy_tx/u_payload_ram/mem_reg[33][5]

  Ref  DFF        ref:/WORK/zigbee_phy_tx/u_payload_ram/mem_reg[33][6]
  Impl DFF        imp:/WORK/zigbee_phy_tx/u_payload_ram/mem_reg[33][6]

  Ref  DFF        ref:/WORK/zigbee_phy_tx/u_payload_ram/mem_reg[33][7]
  Impl DFF        imp:/WORK/zigbee_phy_tx/u_payload_ram/mem_reg[33][7]

  Ref  DFF        ref:/WORK/zigbee_phy_tx/u_payload_ram/mem_reg[34][0]
  Impl DFF        imp:/WORK/zigbee_phy_tx/u_payload_ram/mem_reg[34][0]

  Ref  DFF        ref:/WORK/zigbee_phy_tx/u_payload_ram/mem_reg[34][1]
  Impl DFF        imp:/WORK/zigbee_phy_tx/u_payload_ram/mem_reg[34][1]

  Ref  DFF        ref:/WORK/zigbee_phy_tx/u_payload_ram/mem_reg[34][2]
  Impl DFF        imp:/WORK/zigbee_phy_tx/u_payload_ram/mem_reg[34][2]

  Ref  DFF        ref:/WORK/zigbee_phy_tx/u_payload_ram/mem_reg[34][3]
  Impl DFF        imp:/WORK/zigbee_phy_tx/u_payload_ram/mem_reg[34][3]

  Ref  DFF        ref:/WORK/zigbee_phy_tx/u_payload_ram/mem_reg[34][4]
  Impl DFF        imp:/WORK/zigbee_phy_tx/u_payload_ram/mem_reg[34][4]

  Ref  DFF        ref:/WORK/zigbee_phy_tx/u_payload_ram/mem_reg[34][5]
  Impl DFF        imp:/WORK/zigbee_phy_tx/u_payload_ram/mem_reg[34][5]

  Ref  DFF        ref:/WORK/zigbee_phy_tx/u_payload_ram/mem_reg[34][6]
  Impl DFF        imp:/WORK/zigbee_phy_tx/u_payload_ram/mem_reg[34][6]

  Ref  DFF        ref:/WORK/zigbee_phy_tx/u_payload_ram/mem_reg[34][7]
  Impl DFF        imp:/WORK/zigbee_phy_tx/u_payload_ram/mem_reg[34][7]

  Ref  DFF        ref:/WORK/zigbee_phy_tx/u_payload_ram/mem_reg[35][0]
  Impl DFF        imp:/WORK/zigbee_phy_tx/u_payload_ram/mem_reg[35][0]

  Ref  DFF        ref:/WORK/zigbee_phy_tx/u_payload_ram/mem_reg[35][1]
  Impl DFF        imp:/WORK/zigbee_phy_tx/u_payload_ram/mem_reg[35][1]

  Ref  DFF        ref:/WORK/zigbee_phy_tx/u_payload_ram/mem_reg[35][2]
  Impl DFF        imp:/WORK/zigbee_phy_tx/u_payload_ram/mem_reg[35][2]

  Ref  DFF        ref:/WORK/zigbee_phy_tx/u_payload_ram/mem_reg[35][3]
  Impl DFF        imp:/WORK/zigbee_phy_tx/u_payload_ram/mem_reg[35][3]

  Ref  DFF        ref:/WORK/zigbee_phy_tx/u_payload_ram/mem_reg[35][4]
  Impl DFF        imp:/WORK/zigbee_phy_tx/u_payload_ram/mem_reg[35][4]

  Ref  DFF        ref:/WORK/zigbee_phy_tx/u_payload_ram/mem_reg[35][5]
  Impl DFF        imp:/WORK/zigbee_phy_tx/u_payload_ram/mem_reg[35][5]

  Ref  DFF        ref:/WORK/zigbee_phy_tx/u_payload_ram/mem_reg[35][6]
  Impl DFF        imp:/WORK/zigbee_phy_tx/u_payload_ram/mem_reg[35][6]

  Ref  DFF        ref:/WORK/zigbee_phy_tx/u_payload_ram/mem_reg[35][7]
  Impl DFF        imp:/WORK/zigbee_phy_tx/u_payload_ram/mem_reg[35][7]

  Ref  DFF        ref:/WORK/zigbee_phy_tx/u_payload_ram/mem_reg[36][0]
  Impl DFF        imp:/WORK/zigbee_phy_tx/u_payload_ram/mem_reg[36][0]

  Ref  DFF        ref:/WORK/zigbee_phy_tx/u_payload_ram/mem_reg[36][1]
  Impl DFF        imp:/WORK/zigbee_phy_tx/u_payload_ram/mem_reg[36][1]

  Ref  DFF        ref:/WORK/zigbee_phy_tx/u_payload_ram/mem_reg[36][2]
  Impl DFF        imp:/WORK/zigbee_phy_tx/u_payload_ram/mem_reg[36][2]

  Ref  DFF        ref:/WORK/zigbee_phy_tx/u_payload_ram/mem_reg[36][3]
  Impl DFF        imp:/WORK/zigbee_phy_tx/u_payload_ram/mem_reg[36][3]

  Ref  DFF        ref:/WORK/zigbee_phy_tx/u_payload_ram/mem_reg[36][4]
  Impl DFF        imp:/WORK/zigbee_phy_tx/u_payload_ram/mem_reg[36][4]

  Ref  DFF        ref:/WORK/zigbee_phy_tx/u_payload_ram/mem_reg[36][5]
  Impl DFF        imp:/WORK/zigbee_phy_tx/u_payload_ram/mem_reg[36][5]

  Ref  DFF        ref:/WORK/zigbee_phy_tx/u_payload_ram/mem_reg[36][6]
  Impl DFF        imp:/WORK/zigbee_phy_tx/u_payload_ram/mem_reg[36][6]

  Ref  DFF        ref:/WORK/zigbee_phy_tx/u_payload_ram/mem_reg[36][7]
  Impl DFF        imp:/WORK/zigbee_phy_tx/u_payload_ram/mem_reg[36][7]

  Ref  DFF        ref:/WORK/zigbee_phy_tx/u_payload_ram/mem_reg[37][0]
  Impl DFF        imp:/WORK/zigbee_phy_tx/u_payload_ram/mem_reg[37][0]

  Ref  DFF        ref:/WORK/zigbee_phy_tx/u_payload_ram/mem_reg[37][1]
  Impl DFF        imp:/WORK/zigbee_phy_tx/u_payload_ram/mem_reg[37][1]

  Ref  DFF        ref:/WORK/zigbee_phy_tx/u_payload_ram/mem_reg[37][2]
  Impl DFF        imp:/WORK/zigbee_phy_tx/u_payload_ram/mem_reg[37][2]

  Ref  DFF        ref:/WORK/zigbee_phy_tx/u_payload_ram/mem_reg[37][3]
  Impl DFF        imp:/WORK/zigbee_phy_tx/u_payload_ram/mem_reg[37][3]

  Ref  DFF        ref:/WORK/zigbee_phy_tx/u_payload_ram/mem_reg[37][4]
  Impl DFF        imp:/WORK/zigbee_phy_tx/u_payload_ram/mem_reg[37][4]

  Ref  DFF        ref:/WORK/zigbee_phy_tx/u_payload_ram/mem_reg[37][5]
  Impl DFF        imp:/WORK/zigbee_phy_tx/u_payload_ram/mem_reg[37][5]

  Ref  DFF        ref:/WORK/zigbee_phy_tx/u_payload_ram/mem_reg[37][6]
  Impl DFF        imp:/WORK/zigbee_phy_tx/u_payload_ram/mem_reg[37][6]

  Ref  DFF        ref:/WORK/zigbee_phy_tx/u_payload_ram/mem_reg[37][7]
  Impl DFF        imp:/WORK/zigbee_phy_tx/u_payload_ram/mem_reg[37][7]

  Ref  DFF        ref:/WORK/zigbee_phy_tx/u_payload_ram/mem_reg[38][0]
  Impl DFF        imp:/WORK/zigbee_phy_tx/u_payload_ram/mem_reg[38][0]

  Ref  DFF        ref:/WORK/zigbee_phy_tx/u_payload_ram/mem_reg[38][1]
  Impl DFF        imp:/WORK/zigbee_phy_tx/u_payload_ram/mem_reg[38][1]

  Ref  DFF        ref:/WORK/zigbee_phy_tx/u_payload_ram/mem_reg[38][2]
  Impl DFF        imp:/WORK/zigbee_phy_tx/u_payload_ram/mem_reg[38][2]

  Ref  DFF        ref:/WORK/zigbee_phy_tx/u_payload_ram/mem_reg[38][3]
  Impl DFF        imp:/WORK/zigbee_phy_tx/u_payload_ram/mem_reg[38][3]

  Ref  DFF        ref:/WORK/zigbee_phy_tx/u_payload_ram/mem_reg[38][4]
  Impl DFF        imp:/WORK/zigbee_phy_tx/u_payload_ram/mem_reg[38][4]

  Ref  DFF        ref:/WORK/zigbee_phy_tx/u_payload_ram/mem_reg[38][5]
  Impl DFF        imp:/WORK/zigbee_phy_tx/u_payload_ram/mem_reg[38][5]

  Ref  DFF        ref:/WORK/zigbee_phy_tx/u_payload_ram/mem_reg[38][6]
  Impl DFF        imp:/WORK/zigbee_phy_tx/u_payload_ram/mem_reg[38][6]

  Ref  DFF        ref:/WORK/zigbee_phy_tx/u_payload_ram/mem_reg[38][7]
  Impl DFF        imp:/WORK/zigbee_phy_tx/u_payload_ram/mem_reg[38][7]

  Ref  DFF        ref:/WORK/zigbee_phy_tx/u_payload_ram/mem_reg[39][0]
  Impl DFF        imp:/WORK/zigbee_phy_tx/u_payload_ram/mem_reg[39][0]

  Ref  DFF        ref:/WORK/zigbee_phy_tx/u_payload_ram/mem_reg[39][1]
  Impl DFF        imp:/WORK/zigbee_phy_tx/u_payload_ram/mem_reg[39][1]

  Ref  DFF        ref:/WORK/zigbee_phy_tx/u_payload_ram/mem_reg[39][2]
  Impl DFF        imp:/WORK/zigbee_phy_tx/u_payload_ram/mem_reg[39][2]

  Ref  DFF        ref:/WORK/zigbee_phy_tx/u_payload_ram/mem_reg[39][3]
  Impl DFF        imp:/WORK/zigbee_phy_tx/u_payload_ram/mem_reg[39][3]

  Ref  DFF        ref:/WORK/zigbee_phy_tx/u_payload_ram/mem_reg[39][4]
  Impl DFF        imp:/WORK/zigbee_phy_tx/u_payload_ram/mem_reg[39][4]

  Ref  DFF        ref:/WORK/zigbee_phy_tx/u_payload_ram/mem_reg[39][5]
  Impl DFF        imp:/WORK/zigbee_phy_tx/u_payload_ram/mem_reg[39][5]

  Ref  DFF        ref:/WORK/zigbee_phy_tx/u_payload_ram/mem_reg[39][6]
  Impl DFF        imp:/WORK/zigbee_phy_tx/u_payload_ram/mem_reg[39][6]

  Ref  DFF        ref:/WORK/zigbee_phy_tx/u_payload_ram/mem_reg[39][7]
  Impl DFF        imp:/WORK/zigbee_phy_tx/u_payload_ram/mem_reg[39][7]

  Ref  DFF        ref:/WORK/zigbee_phy_tx/u_payload_ram/mem_reg[3][0]
  Impl DFF        imp:/WORK/zigbee_phy_tx/u_payload_ram/mem_reg[3][0]

  Ref  DFF        ref:/WORK/zigbee_phy_tx/u_payload_ram/mem_reg[3][1]
  Impl DFF        imp:/WORK/zigbee_phy_tx/u_payload_ram/mem_reg[3][1]

  Ref  DFF        ref:/WORK/zigbee_phy_tx/u_payload_ram/mem_reg[3][2]
  Impl DFF        imp:/WORK/zigbee_phy_tx/u_payload_ram/mem_reg[3][2]

  Ref  DFF        ref:/WORK/zigbee_phy_tx/u_payload_ram/mem_reg[3][3]
  Impl DFF        imp:/WORK/zigbee_phy_tx/u_payload_ram/mem_reg[3][3]

  Ref  DFF        ref:/WORK/zigbee_phy_tx/u_payload_ram/mem_reg[3][4]
  Impl DFF        imp:/WORK/zigbee_phy_tx/u_payload_ram/mem_reg[3][4]

  Ref  DFF        ref:/WORK/zigbee_phy_tx/u_payload_ram/mem_reg[3][5]
  Impl DFF        imp:/WORK/zigbee_phy_tx/u_payload_ram/mem_reg[3][5]

  Ref  DFF        ref:/WORK/zigbee_phy_tx/u_payload_ram/mem_reg[3][6]
  Impl DFF        imp:/WORK/zigbee_phy_tx/u_payload_ram/mem_reg[3][6]

  Ref  DFF        ref:/WORK/zigbee_phy_tx/u_payload_ram/mem_reg[3][7]
  Impl DFF        imp:/WORK/zigbee_phy_tx/u_payload_ram/mem_reg[3][7]

  Ref  DFF        ref:/WORK/zigbee_phy_tx/u_payload_ram/mem_reg[40][0]
  Impl DFF        imp:/WORK/zigbee_phy_tx/u_payload_ram/mem_reg[40][0]

  Ref  DFF        ref:/WORK/zigbee_phy_tx/u_payload_ram/mem_reg[40][1]
  Impl DFF        imp:/WORK/zigbee_phy_tx/u_payload_ram/mem_reg[40][1]

  Ref  DFF        ref:/WORK/zigbee_phy_tx/u_payload_ram/mem_reg[40][2]
  Impl DFF        imp:/WORK/zigbee_phy_tx/u_payload_ram/mem_reg[40][2]

  Ref  DFF        ref:/WORK/zigbee_phy_tx/u_payload_ram/mem_reg[40][3]
  Impl DFF        imp:/WORK/zigbee_phy_tx/u_payload_ram/mem_reg[40][3]

  Ref  DFF        ref:/WORK/zigbee_phy_tx/u_payload_ram/mem_reg[40][4]
  Impl DFF        imp:/WORK/zigbee_phy_tx/u_payload_ram/mem_reg[40][4]

  Ref  DFF        ref:/WORK/zigbee_phy_tx/u_payload_ram/mem_reg[40][5]
  Impl DFF        imp:/WORK/zigbee_phy_tx/u_payload_ram/mem_reg[40][5]

  Ref  DFF        ref:/WORK/zigbee_phy_tx/u_payload_ram/mem_reg[40][6]
  Impl DFF        imp:/WORK/zigbee_phy_tx/u_payload_ram/mem_reg[40][6]

  Ref  DFF        ref:/WORK/zigbee_phy_tx/u_payload_ram/mem_reg[40][7]
  Impl DFF        imp:/WORK/zigbee_phy_tx/u_payload_ram/mem_reg[40][7]

  Ref  DFF        ref:/WORK/zigbee_phy_tx/u_payload_ram/mem_reg[41][0]
  Impl DFF        imp:/WORK/zigbee_phy_tx/u_payload_ram/mem_reg[41][0]

  Ref  DFF        ref:/WORK/zigbee_phy_tx/u_payload_ram/mem_reg[41][1]
  Impl DFF        imp:/WORK/zigbee_phy_tx/u_payload_ram/mem_reg[41][1]

  Ref  DFF        ref:/WORK/zigbee_phy_tx/u_payload_ram/mem_reg[41][2]
  Impl DFF        imp:/WORK/zigbee_phy_tx/u_payload_ram/mem_reg[41][2]

  Ref  DFF        ref:/WORK/zigbee_phy_tx/u_payload_ram/mem_reg[41][3]
  Impl DFF        imp:/WORK/zigbee_phy_tx/u_payload_ram/mem_reg[41][3]

  Ref  DFF        ref:/WORK/zigbee_phy_tx/u_payload_ram/mem_reg[41][4]
  Impl DFF        imp:/WORK/zigbee_phy_tx/u_payload_ram/mem_reg[41][4]

  Ref  DFF        ref:/WORK/zigbee_phy_tx/u_payload_ram/mem_reg[41][5]
  Impl DFF        imp:/WORK/zigbee_phy_tx/u_payload_ram/mem_reg[41][5]

  Ref  DFF        ref:/WORK/zigbee_phy_tx/u_payload_ram/mem_reg[41][6]
  Impl DFF        imp:/WORK/zigbee_phy_tx/u_payload_ram/mem_reg[41][6]

  Ref  DFF        ref:/WORK/zigbee_phy_tx/u_payload_ram/mem_reg[41][7]
  Impl DFF        imp:/WORK/zigbee_phy_tx/u_payload_ram/mem_reg[41][7]

  Ref  DFF        ref:/WORK/zigbee_phy_tx/u_payload_ram/mem_reg[42][0]
  Impl DFF        imp:/WORK/zigbee_phy_tx/u_payload_ram/mem_reg[42][0]

  Ref  DFF        ref:/WORK/zigbee_phy_tx/u_payload_ram/mem_reg[42][1]
  Impl DFF        imp:/WORK/zigbee_phy_tx/u_payload_ram/mem_reg[42][1]

  Ref  DFF        ref:/WORK/zigbee_phy_tx/u_payload_ram/mem_reg[42][2]
  Impl DFF        imp:/WORK/zigbee_phy_tx/u_payload_ram/mem_reg[42][2]

  Ref  DFF        ref:/WORK/zigbee_phy_tx/u_payload_ram/mem_reg[42][3]
  Impl DFF        imp:/WORK/zigbee_phy_tx/u_payload_ram/mem_reg[42][3]

  Ref  DFF        ref:/WORK/zigbee_phy_tx/u_payload_ram/mem_reg[42][4]
  Impl DFF        imp:/WORK/zigbee_phy_tx/u_payload_ram/mem_reg[42][4]

  Ref  DFF        ref:/WORK/zigbee_phy_tx/u_payload_ram/mem_reg[42][5]
  Impl DFF        imp:/WORK/zigbee_phy_tx/u_payload_ram/mem_reg[42][5]

  Ref  DFF        ref:/WORK/zigbee_phy_tx/u_payload_ram/mem_reg[42][6]
  Impl DFF        imp:/WORK/zigbee_phy_tx/u_payload_ram/mem_reg[42][6]

  Ref  DFF        ref:/WORK/zigbee_phy_tx/u_payload_ram/mem_reg[42][7]
  Impl DFF        imp:/WORK/zigbee_phy_tx/u_payload_ram/mem_reg[42][7]

  Ref  DFF        ref:/WORK/zigbee_phy_tx/u_payload_ram/mem_reg[43][0]
  Impl DFF        imp:/WORK/zigbee_phy_tx/u_payload_ram/mem_reg[43][0]

  Ref  DFF        ref:/WORK/zigbee_phy_tx/u_payload_ram/mem_reg[43][1]
  Impl DFF        imp:/WORK/zigbee_phy_tx/u_payload_ram/mem_reg[43][1]

  Ref  DFF        ref:/WORK/zigbee_phy_tx/u_payload_ram/mem_reg[43][2]
  Impl DFF        imp:/WORK/zigbee_phy_tx/u_payload_ram/mem_reg[43][2]

  Ref  DFF        ref:/WORK/zigbee_phy_tx/u_payload_ram/mem_reg[43][3]
  Impl DFF        imp:/WORK/zigbee_phy_tx/u_payload_ram/mem_reg[43][3]

  Ref  DFF        ref:/WORK/zigbee_phy_tx/u_payload_ram/mem_reg[43][4]
  Impl DFF        imp:/WORK/zigbee_phy_tx/u_payload_ram/mem_reg[43][4]

  Ref  DFF        ref:/WORK/zigbee_phy_tx/u_payload_ram/mem_reg[43][5]
  Impl DFF        imp:/WORK/zigbee_phy_tx/u_payload_ram/mem_reg[43][5]

  Ref  DFF        ref:/WORK/zigbee_phy_tx/u_payload_ram/mem_reg[43][6]
  Impl DFF        imp:/WORK/zigbee_phy_tx/u_payload_ram/mem_reg[43][6]

  Ref  DFF        ref:/WORK/zigbee_phy_tx/u_payload_ram/mem_reg[43][7]
  Impl DFF        imp:/WORK/zigbee_phy_tx/u_payload_ram/mem_reg[43][7]

  Ref  DFF        ref:/WORK/zigbee_phy_tx/u_payload_ram/mem_reg[44][0]
  Impl DFF        imp:/WORK/zigbee_phy_tx/u_payload_ram/mem_reg[44][0]

  Ref  DFF        ref:/WORK/zigbee_phy_tx/u_payload_ram/mem_reg[44][1]
  Impl DFF        imp:/WORK/zigbee_phy_tx/u_payload_ram/mem_reg[44][1]

  Ref  DFF        ref:/WORK/zigbee_phy_tx/u_payload_ram/mem_reg[44][2]
  Impl DFF        imp:/WORK/zigbee_phy_tx/u_payload_ram/mem_reg[44][2]

  Ref  DFF        ref:/WORK/zigbee_phy_tx/u_payload_ram/mem_reg[44][3]
  Impl DFF        imp:/WORK/zigbee_phy_tx/u_payload_ram/mem_reg[44][3]

  Ref  DFF        ref:/WORK/zigbee_phy_tx/u_payload_ram/mem_reg[44][4]
  Impl DFF        imp:/WORK/zigbee_phy_tx/u_payload_ram/mem_reg[44][4]

  Ref  DFF        ref:/WORK/zigbee_phy_tx/u_payload_ram/mem_reg[44][5]
  Impl DFF        imp:/WORK/zigbee_phy_tx/u_payload_ram/mem_reg[44][5]

  Ref  DFF        ref:/WORK/zigbee_phy_tx/u_payload_ram/mem_reg[44][6]
  Impl DFF        imp:/WORK/zigbee_phy_tx/u_payload_ram/mem_reg[44][6]

  Ref  DFF        ref:/WORK/zigbee_phy_tx/u_payload_ram/mem_reg[44][7]
  Impl DFF        imp:/WORK/zigbee_phy_tx/u_payload_ram/mem_reg[44][7]

  Ref  DFF        ref:/WORK/zigbee_phy_tx/u_payload_ram/mem_reg[45][0]
  Impl DFF        imp:/WORK/zigbee_phy_tx/u_payload_ram/mem_reg[45][0]

  Ref  DFF        ref:/WORK/zigbee_phy_tx/u_payload_ram/mem_reg[45][1]
  Impl DFF        imp:/WORK/zigbee_phy_tx/u_payload_ram/mem_reg[45][1]

  Ref  DFF        ref:/WORK/zigbee_phy_tx/u_payload_ram/mem_reg[45][2]
  Impl DFF        imp:/WORK/zigbee_phy_tx/u_payload_ram/mem_reg[45][2]

  Ref  DFF        ref:/WORK/zigbee_phy_tx/u_payload_ram/mem_reg[45][3]
  Impl DFF        imp:/WORK/zigbee_phy_tx/u_payload_ram/mem_reg[45][3]

  Ref  DFF        ref:/WORK/zigbee_phy_tx/u_payload_ram/mem_reg[45][4]
  Impl DFF        imp:/WORK/zigbee_phy_tx/u_payload_ram/mem_reg[45][4]

  Ref  DFF        ref:/WORK/zigbee_phy_tx/u_payload_ram/mem_reg[45][5]
  Impl DFF        imp:/WORK/zigbee_phy_tx/u_payload_ram/mem_reg[45][5]

  Ref  DFF        ref:/WORK/zigbee_phy_tx/u_payload_ram/mem_reg[45][6]
  Impl DFF        imp:/WORK/zigbee_phy_tx/u_payload_ram/mem_reg[45][6]

  Ref  DFF        ref:/WORK/zigbee_phy_tx/u_payload_ram/mem_reg[45][7]
  Impl DFF        imp:/WORK/zigbee_phy_tx/u_payload_ram/mem_reg[45][7]

  Ref  DFF        ref:/WORK/zigbee_phy_tx/u_payload_ram/mem_reg[46][0]
  Impl DFF        imp:/WORK/zigbee_phy_tx/u_payload_ram/mem_reg[46][0]

  Ref  DFF        ref:/WORK/zigbee_phy_tx/u_payload_ram/mem_reg[46][1]
  Impl DFF        imp:/WORK/zigbee_phy_tx/u_payload_ram/mem_reg[46][1]

  Ref  DFF        ref:/WORK/zigbee_phy_tx/u_payload_ram/mem_reg[46][2]
  Impl DFF        imp:/WORK/zigbee_phy_tx/u_payload_ram/mem_reg[46][2]

  Ref  DFF        ref:/WORK/zigbee_phy_tx/u_payload_ram/mem_reg[46][3]
  Impl DFF        imp:/WORK/zigbee_phy_tx/u_payload_ram/mem_reg[46][3]

  Ref  DFF        ref:/WORK/zigbee_phy_tx/u_payload_ram/mem_reg[46][4]
  Impl DFF        imp:/WORK/zigbee_phy_tx/u_payload_ram/mem_reg[46][4]

  Ref  DFF        ref:/WORK/zigbee_phy_tx/u_payload_ram/mem_reg[46][5]
  Impl DFF        imp:/WORK/zigbee_phy_tx/u_payload_ram/mem_reg[46][5]

  Ref  DFF        ref:/WORK/zigbee_phy_tx/u_payload_ram/mem_reg[46][6]
  Impl DFF        imp:/WORK/zigbee_phy_tx/u_payload_ram/mem_reg[46][6]

  Ref  DFF        ref:/WORK/zigbee_phy_tx/u_payload_ram/mem_reg[46][7]
  Impl DFF        imp:/WORK/zigbee_phy_tx/u_payload_ram/mem_reg[46][7]

  Ref  DFF        ref:/WORK/zigbee_phy_tx/u_payload_ram/mem_reg[47][0]
  Impl DFF        imp:/WORK/zigbee_phy_tx/u_payload_ram/mem_reg[47][0]

  Ref  DFF        ref:/WORK/zigbee_phy_tx/u_payload_ram/mem_reg[47][1]
  Impl DFF        imp:/WORK/zigbee_phy_tx/u_payload_ram/mem_reg[47][1]

  Ref  DFF        ref:/WORK/zigbee_phy_tx/u_payload_ram/mem_reg[47][2]
  Impl DFF        imp:/WORK/zigbee_phy_tx/u_payload_ram/mem_reg[47][2]

  Ref  DFF        ref:/WORK/zigbee_phy_tx/u_payload_ram/mem_reg[47][3]
  Impl DFF        imp:/WORK/zigbee_phy_tx/u_payload_ram/mem_reg[47][3]

  Ref  DFF        ref:/WORK/zigbee_phy_tx/u_payload_ram/mem_reg[47][4]
  Impl DFF        imp:/WORK/zigbee_phy_tx/u_payload_ram/mem_reg[47][4]

  Ref  DFF        ref:/WORK/zigbee_phy_tx/u_payload_ram/mem_reg[47][5]
  Impl DFF        imp:/WORK/zigbee_phy_tx/u_payload_ram/mem_reg[47][5]

  Ref  DFF        ref:/WORK/zigbee_phy_tx/u_payload_ram/mem_reg[47][6]
  Impl DFF        imp:/WORK/zigbee_phy_tx/u_payload_ram/mem_reg[47][6]

  Ref  DFF        ref:/WORK/zigbee_phy_tx/u_payload_ram/mem_reg[47][7]
  Impl DFF        imp:/WORK/zigbee_phy_tx/u_payload_ram/mem_reg[47][7]

  Ref  DFF        ref:/WORK/zigbee_phy_tx/u_payload_ram/mem_reg[48][0]
  Impl DFF        imp:/WORK/zigbee_phy_tx/u_payload_ram/mem_reg[48][0]

  Ref  DFF        ref:/WORK/zigbee_phy_tx/u_payload_ram/mem_reg[48][1]
  Impl DFF        imp:/WORK/zigbee_phy_tx/u_payload_ram/mem_reg[48][1]

  Ref  DFF        ref:/WORK/zigbee_phy_tx/u_payload_ram/mem_reg[48][2]
  Impl DFF        imp:/WORK/zigbee_phy_tx/u_payload_ram/mem_reg[48][2]

  Ref  DFF        ref:/WORK/zigbee_phy_tx/u_payload_ram/mem_reg[48][3]
  Impl DFF        imp:/WORK/zigbee_phy_tx/u_payload_ram/mem_reg[48][3]

  Ref  DFF        ref:/WORK/zigbee_phy_tx/u_payload_ram/mem_reg[48][4]
  Impl DFF        imp:/WORK/zigbee_phy_tx/u_payload_ram/mem_reg[48][4]

  Ref  DFF        ref:/WORK/zigbee_phy_tx/u_payload_ram/mem_reg[48][5]
  Impl DFF        imp:/WORK/zigbee_phy_tx/u_payload_ram/mem_reg[48][5]

  Ref  DFF        ref:/WORK/zigbee_phy_tx/u_payload_ram/mem_reg[48][6]
  Impl DFF        imp:/WORK/zigbee_phy_tx/u_payload_ram/mem_reg[48][6]

  Ref  DFF        ref:/WORK/zigbee_phy_tx/u_payload_ram/mem_reg[48][7]
  Impl DFF        imp:/WORK/zigbee_phy_tx/u_payload_ram/mem_reg[48][7]

  Ref  DFF        ref:/WORK/zigbee_phy_tx/u_payload_ram/mem_reg[49][0]
  Impl DFF        imp:/WORK/zigbee_phy_tx/u_payload_ram/mem_reg[49][0]

  Ref  DFF        ref:/WORK/zigbee_phy_tx/u_payload_ram/mem_reg[49][1]
  Impl DFF        imp:/WORK/zigbee_phy_tx/u_payload_ram/mem_reg[49][1]

  Ref  DFF        ref:/WORK/zigbee_phy_tx/u_payload_ram/mem_reg[49][2]
  Impl DFF        imp:/WORK/zigbee_phy_tx/u_payload_ram/mem_reg[49][2]

  Ref  DFF        ref:/WORK/zigbee_phy_tx/u_payload_ram/mem_reg[49][3]
  Impl DFF        imp:/WORK/zigbee_phy_tx/u_payload_ram/mem_reg[49][3]

  Ref  DFF        ref:/WORK/zigbee_phy_tx/u_payload_ram/mem_reg[49][4]
  Impl DFF        imp:/WORK/zigbee_phy_tx/u_payload_ram/mem_reg[49][4]

  Ref  DFF        ref:/WORK/zigbee_phy_tx/u_payload_ram/mem_reg[49][5]
  Impl DFF        imp:/WORK/zigbee_phy_tx/u_payload_ram/mem_reg[49][5]

  Ref  DFF        ref:/WORK/zigbee_phy_tx/u_payload_ram/mem_reg[49][6]
  Impl DFF        imp:/WORK/zigbee_phy_tx/u_payload_ram/mem_reg[49][6]

  Ref  DFF        ref:/WORK/zigbee_phy_tx/u_payload_ram/mem_reg[49][7]
  Impl DFF        imp:/WORK/zigbee_phy_tx/u_payload_ram/mem_reg[49][7]

  Ref  DFF        ref:/WORK/zigbee_phy_tx/u_payload_ram/mem_reg[4][0]
  Impl DFF        imp:/WORK/zigbee_phy_tx/u_payload_ram/mem_reg[4][0]

  Ref  DFF        ref:/WORK/zigbee_phy_tx/u_payload_ram/mem_reg[4][1]
  Impl DFF        imp:/WORK/zigbee_phy_tx/u_payload_ram/mem_reg[4][1]

  Ref  DFF        ref:/WORK/zigbee_phy_tx/u_payload_ram/mem_reg[4][2]
  Impl DFF        imp:/WORK/zigbee_phy_tx/u_payload_ram/mem_reg[4][2]

  Ref  DFF        ref:/WORK/zigbee_phy_tx/u_payload_ram/mem_reg[4][3]
  Impl DFF        imp:/WORK/zigbee_phy_tx/u_payload_ram/mem_reg[4][3]

  Ref  DFF        ref:/WORK/zigbee_phy_tx/u_payload_ram/mem_reg[4][4]
  Impl DFF        imp:/WORK/zigbee_phy_tx/u_payload_ram/mem_reg[4][4]

  Ref  DFF        ref:/WORK/zigbee_phy_tx/u_payload_ram/mem_reg[4][5]
  Impl DFF        imp:/WORK/zigbee_phy_tx/u_payload_ram/mem_reg[4][5]

  Ref  DFF        ref:/WORK/zigbee_phy_tx/u_payload_ram/mem_reg[4][6]
  Impl DFF        imp:/WORK/zigbee_phy_tx/u_payload_ram/mem_reg[4][6]

  Ref  DFF        ref:/WORK/zigbee_phy_tx/u_payload_ram/mem_reg[4][7]
  Impl DFF        imp:/WORK/zigbee_phy_tx/u_payload_ram/mem_reg[4][7]

  Ref  DFF        ref:/WORK/zigbee_phy_tx/u_payload_ram/mem_reg[50][0]
  Impl DFF        imp:/WORK/zigbee_phy_tx/u_payload_ram/mem_reg[50][0]

  Ref  DFF        ref:/WORK/zigbee_phy_tx/u_payload_ram/mem_reg[50][1]
  Impl DFF        imp:/WORK/zigbee_phy_tx/u_payload_ram/mem_reg[50][1]

  Ref  DFF        ref:/WORK/zigbee_phy_tx/u_payload_ram/mem_reg[50][2]
  Impl DFF        imp:/WORK/zigbee_phy_tx/u_payload_ram/mem_reg[50][2]

  Ref  DFF        ref:/WORK/zigbee_phy_tx/u_payload_ram/mem_reg[50][3]
  Impl DFF        imp:/WORK/zigbee_phy_tx/u_payload_ram/mem_reg[50][3]

  Ref  DFF        ref:/WORK/zigbee_phy_tx/u_payload_ram/mem_reg[50][4]
  Impl DFF        imp:/WORK/zigbee_phy_tx/u_payload_ram/mem_reg[50][4]

  Ref  DFF        ref:/WORK/zigbee_phy_tx/u_payload_ram/mem_reg[50][5]
  Impl DFF        imp:/WORK/zigbee_phy_tx/u_payload_ram/mem_reg[50][5]

  Ref  DFF        ref:/WORK/zigbee_phy_tx/u_payload_ram/mem_reg[50][6]
  Impl DFF        imp:/WORK/zigbee_phy_tx/u_payload_ram/mem_reg[50][6]

  Ref  DFF        ref:/WORK/zigbee_phy_tx/u_payload_ram/mem_reg[50][7]
  Impl DFF        imp:/WORK/zigbee_phy_tx/u_payload_ram/mem_reg[50][7]

  Ref  DFF        ref:/WORK/zigbee_phy_tx/u_payload_ram/mem_reg[51][0]
  Impl DFF        imp:/WORK/zigbee_phy_tx/u_payload_ram/mem_reg[51][0]

  Ref  DFF        ref:/WORK/zigbee_phy_tx/u_payload_ram/mem_reg[51][1]
  Impl DFF        imp:/WORK/zigbee_phy_tx/u_payload_ram/mem_reg[51][1]

  Ref  DFF        ref:/WORK/zigbee_phy_tx/u_payload_ram/mem_reg[51][2]
  Impl DFF        imp:/WORK/zigbee_phy_tx/u_payload_ram/mem_reg[51][2]

  Ref  DFF        ref:/WORK/zigbee_phy_tx/u_payload_ram/mem_reg[51][3]
  Impl DFF        imp:/WORK/zigbee_phy_tx/u_payload_ram/mem_reg[51][3]

  Ref  DFF        ref:/WORK/zigbee_phy_tx/u_payload_ram/mem_reg[51][4]
  Impl DFF        imp:/WORK/zigbee_phy_tx/u_payload_ram/mem_reg[51][4]

  Ref  DFF        ref:/WORK/zigbee_phy_tx/u_payload_ram/mem_reg[51][5]
  Impl DFF        imp:/WORK/zigbee_phy_tx/u_payload_ram/mem_reg[51][5]

  Ref  DFF        ref:/WORK/zigbee_phy_tx/u_payload_ram/mem_reg[51][6]
  Impl DFF        imp:/WORK/zigbee_phy_tx/u_payload_ram/mem_reg[51][6]

  Ref  DFF        ref:/WORK/zigbee_phy_tx/u_payload_ram/mem_reg[51][7]
  Impl DFF        imp:/WORK/zigbee_phy_tx/u_payload_ram/mem_reg[51][7]

  Ref  DFF        ref:/WORK/zigbee_phy_tx/u_payload_ram/mem_reg[52][0]
  Impl DFF        imp:/WORK/zigbee_phy_tx/u_payload_ram/mem_reg[52][0]

  Ref  DFF        ref:/WORK/zigbee_phy_tx/u_payload_ram/mem_reg[52][1]
  Impl DFF        imp:/WORK/zigbee_phy_tx/u_payload_ram/mem_reg[52][1]

  Ref  DFF        ref:/WORK/zigbee_phy_tx/u_payload_ram/mem_reg[52][2]
  Impl DFF        imp:/WORK/zigbee_phy_tx/u_payload_ram/mem_reg[52][2]

  Ref  DFF        ref:/WORK/zigbee_phy_tx/u_payload_ram/mem_reg[52][3]
  Impl DFF        imp:/WORK/zigbee_phy_tx/u_payload_ram/mem_reg[52][3]

  Ref  DFF        ref:/WORK/zigbee_phy_tx/u_payload_ram/mem_reg[52][4]
  Impl DFF        imp:/WORK/zigbee_phy_tx/u_payload_ram/mem_reg[52][4]

  Ref  DFF        ref:/WORK/zigbee_phy_tx/u_payload_ram/mem_reg[52][5]
  Impl DFF        imp:/WORK/zigbee_phy_tx/u_payload_ram/mem_reg[52][5]

  Ref  DFF        ref:/WORK/zigbee_phy_tx/u_payload_ram/mem_reg[52][6]
  Impl DFF        imp:/WORK/zigbee_phy_tx/u_payload_ram/mem_reg[52][6]

  Ref  DFF        ref:/WORK/zigbee_phy_tx/u_payload_ram/mem_reg[52][7]
  Impl DFF        imp:/WORK/zigbee_phy_tx/u_payload_ram/mem_reg[52][7]

  Ref  DFF        ref:/WORK/zigbee_phy_tx/u_payload_ram/mem_reg[53][0]
  Impl DFF        imp:/WORK/zigbee_phy_tx/u_payload_ram/mem_reg[53][0]

  Ref  DFF        ref:/WORK/zigbee_phy_tx/u_payload_ram/mem_reg[53][1]
  Impl DFF        imp:/WORK/zigbee_phy_tx/u_payload_ram/mem_reg[53][1]

  Ref  DFF        ref:/WORK/zigbee_phy_tx/u_payload_ram/mem_reg[53][2]
  Impl DFF        imp:/WORK/zigbee_phy_tx/u_payload_ram/mem_reg[53][2]

  Ref  DFF        ref:/WORK/zigbee_phy_tx/u_payload_ram/mem_reg[53][3]
  Impl DFF        imp:/WORK/zigbee_phy_tx/u_payload_ram/mem_reg[53][3]

  Ref  DFF        ref:/WORK/zigbee_phy_tx/u_payload_ram/mem_reg[53][4]
  Impl DFF        imp:/WORK/zigbee_phy_tx/u_payload_ram/mem_reg[53][4]

  Ref  DFF        ref:/WORK/zigbee_phy_tx/u_payload_ram/mem_reg[53][5]
  Impl DFF        imp:/WORK/zigbee_phy_tx/u_payload_ram/mem_reg[53][5]

  Ref  DFF        ref:/WORK/zigbee_phy_tx/u_payload_ram/mem_reg[53][6]
  Impl DFF        imp:/WORK/zigbee_phy_tx/u_payload_ram/mem_reg[53][6]

  Ref  DFF        ref:/WORK/zigbee_phy_tx/u_payload_ram/mem_reg[53][7]
  Impl DFF        imp:/WORK/zigbee_phy_tx/u_payload_ram/mem_reg[53][7]

  Ref  DFF        ref:/WORK/zigbee_phy_tx/u_payload_ram/mem_reg[54][0]
  Impl DFF        imp:/WORK/zigbee_phy_tx/u_payload_ram/mem_reg[54][0]

  Ref  DFF        ref:/WORK/zigbee_phy_tx/u_payload_ram/mem_reg[54][1]
  Impl DFF        imp:/WORK/zigbee_phy_tx/u_payload_ram/mem_reg[54][1]

  Ref  DFF        ref:/WORK/zigbee_phy_tx/u_payload_ram/mem_reg[54][2]
  Impl DFF        imp:/WORK/zigbee_phy_tx/u_payload_ram/mem_reg[54][2]

  Ref  DFF        ref:/WORK/zigbee_phy_tx/u_payload_ram/mem_reg[54][3]
  Impl DFF        imp:/WORK/zigbee_phy_tx/u_payload_ram/mem_reg[54][3]

  Ref  DFF        ref:/WORK/zigbee_phy_tx/u_payload_ram/mem_reg[54][4]
  Impl DFF        imp:/WORK/zigbee_phy_tx/u_payload_ram/mem_reg[54][4]

  Ref  DFF        ref:/WORK/zigbee_phy_tx/u_payload_ram/mem_reg[54][5]
  Impl DFF        imp:/WORK/zigbee_phy_tx/u_payload_ram/mem_reg[54][5]

  Ref  DFF        ref:/WORK/zigbee_phy_tx/u_payload_ram/mem_reg[54][6]
  Impl DFF        imp:/WORK/zigbee_phy_tx/u_payload_ram/mem_reg[54][6]

  Ref  DFF        ref:/WORK/zigbee_phy_tx/u_payload_ram/mem_reg[54][7]
  Impl DFF        imp:/WORK/zigbee_phy_tx/u_payload_ram/mem_reg[54][7]

  Ref  DFF        ref:/WORK/zigbee_phy_tx/u_payload_ram/mem_reg[55][0]
  Impl DFF        imp:/WORK/zigbee_phy_tx/u_payload_ram/mem_reg[55][0]

  Ref  DFF        ref:/WORK/zigbee_phy_tx/u_payload_ram/mem_reg[55][1]
  Impl DFF        imp:/WORK/zigbee_phy_tx/u_payload_ram/mem_reg[55][1]

  Ref  DFF        ref:/WORK/zigbee_phy_tx/u_payload_ram/mem_reg[55][2]
  Impl DFF        imp:/WORK/zigbee_phy_tx/u_payload_ram/mem_reg[55][2]

  Ref  DFF        ref:/WORK/zigbee_phy_tx/u_payload_ram/mem_reg[55][3]
  Impl DFF        imp:/WORK/zigbee_phy_tx/u_payload_ram/mem_reg[55][3]

  Ref  DFF        ref:/WORK/zigbee_phy_tx/u_payload_ram/mem_reg[55][4]
  Impl DFF        imp:/WORK/zigbee_phy_tx/u_payload_ram/mem_reg[55][4]

  Ref  DFF        ref:/WORK/zigbee_phy_tx/u_payload_ram/mem_reg[55][5]
  Impl DFF        imp:/WORK/zigbee_phy_tx/u_payload_ram/mem_reg[55][5]

  Ref  DFF        ref:/WORK/zigbee_phy_tx/u_payload_ram/mem_reg[55][6]
  Impl DFF        imp:/WORK/zigbee_phy_tx/u_payload_ram/mem_reg[55][6]

  Ref  DFF        ref:/WORK/zigbee_phy_tx/u_payload_ram/mem_reg[55][7]
  Impl DFF        imp:/WORK/zigbee_phy_tx/u_payload_ram/mem_reg[55][7]

  Ref  DFF        ref:/WORK/zigbee_phy_tx/u_payload_ram/mem_reg[56][0]
  Impl DFF        imp:/WORK/zigbee_phy_tx/u_payload_ram/mem_reg[56][0]

  Ref  DFF        ref:/WORK/zigbee_phy_tx/u_payload_ram/mem_reg[56][1]
  Impl DFF        imp:/WORK/zigbee_phy_tx/u_payload_ram/mem_reg[56][1]

  Ref  DFF        ref:/WORK/zigbee_phy_tx/u_payload_ram/mem_reg[56][2]
  Impl DFF        imp:/WORK/zigbee_phy_tx/u_payload_ram/mem_reg[56][2]

  Ref  DFF        ref:/WORK/zigbee_phy_tx/u_payload_ram/mem_reg[56][3]
  Impl DFF        imp:/WORK/zigbee_phy_tx/u_payload_ram/mem_reg[56][3]

  Ref  DFF        ref:/WORK/zigbee_phy_tx/u_payload_ram/mem_reg[56][4]
  Impl DFF        imp:/WORK/zigbee_phy_tx/u_payload_ram/mem_reg[56][4]

  Ref  DFF        ref:/WORK/zigbee_phy_tx/u_payload_ram/mem_reg[56][5]
  Impl DFF        imp:/WORK/zigbee_phy_tx/u_payload_ram/mem_reg[56][5]

  Ref  DFF        ref:/WORK/zigbee_phy_tx/u_payload_ram/mem_reg[56][6]
  Impl DFF        imp:/WORK/zigbee_phy_tx/u_payload_ram/mem_reg[56][6]

  Ref  DFF        ref:/WORK/zigbee_phy_tx/u_payload_ram/mem_reg[56][7]
  Impl DFF        imp:/WORK/zigbee_phy_tx/u_payload_ram/mem_reg[56][7]

  Ref  DFF        ref:/WORK/zigbee_phy_tx/u_payload_ram/mem_reg[57][0]
  Impl DFF        imp:/WORK/zigbee_phy_tx/u_payload_ram/mem_reg[57][0]

  Ref  DFF        ref:/WORK/zigbee_phy_tx/u_payload_ram/mem_reg[57][1]
  Impl DFF        imp:/WORK/zigbee_phy_tx/u_payload_ram/mem_reg[57][1]

  Ref  DFF        ref:/WORK/zigbee_phy_tx/u_payload_ram/mem_reg[57][2]
  Impl DFF        imp:/WORK/zigbee_phy_tx/u_payload_ram/mem_reg[57][2]

  Ref  DFF        ref:/WORK/zigbee_phy_tx/u_payload_ram/mem_reg[57][3]
  Impl DFF        imp:/WORK/zigbee_phy_tx/u_payload_ram/mem_reg[57][3]

  Ref  DFF        ref:/WORK/zigbee_phy_tx/u_payload_ram/mem_reg[57][4]
  Impl DFF        imp:/WORK/zigbee_phy_tx/u_payload_ram/mem_reg[57][4]

  Ref  DFF        ref:/WORK/zigbee_phy_tx/u_payload_ram/mem_reg[57][5]
  Impl DFF        imp:/WORK/zigbee_phy_tx/u_payload_ram/mem_reg[57][5]

  Ref  DFF        ref:/WORK/zigbee_phy_tx/u_payload_ram/mem_reg[57][6]
  Impl DFF        imp:/WORK/zigbee_phy_tx/u_payload_ram/mem_reg[57][6]

  Ref  DFF        ref:/WORK/zigbee_phy_tx/u_payload_ram/mem_reg[57][7]
  Impl DFF        imp:/WORK/zigbee_phy_tx/u_payload_ram/mem_reg[57][7]

  Ref  DFF        ref:/WORK/zigbee_phy_tx/u_payload_ram/mem_reg[58][0]
  Impl DFF        imp:/WORK/zigbee_phy_tx/u_payload_ram/mem_reg[58][0]

  Ref  DFF        ref:/WORK/zigbee_phy_tx/u_payload_ram/mem_reg[58][1]
  Impl DFF        imp:/WORK/zigbee_phy_tx/u_payload_ram/mem_reg[58][1]

  Ref  DFF        ref:/WORK/zigbee_phy_tx/u_payload_ram/mem_reg[58][2]
  Impl DFF        imp:/WORK/zigbee_phy_tx/u_payload_ram/mem_reg[58][2]

  Ref  DFF        ref:/WORK/zigbee_phy_tx/u_payload_ram/mem_reg[58][3]
  Impl DFF        imp:/WORK/zigbee_phy_tx/u_payload_ram/mem_reg[58][3]

  Ref  DFF        ref:/WORK/zigbee_phy_tx/u_payload_ram/mem_reg[58][4]
  Impl DFF        imp:/WORK/zigbee_phy_tx/u_payload_ram/mem_reg[58][4]

  Ref  DFF        ref:/WORK/zigbee_phy_tx/u_payload_ram/mem_reg[58][5]
  Impl DFF        imp:/WORK/zigbee_phy_tx/u_payload_ram/mem_reg[58][5]

  Ref  DFF        ref:/WORK/zigbee_phy_tx/u_payload_ram/mem_reg[58][6]
  Impl DFF        imp:/WORK/zigbee_phy_tx/u_payload_ram/mem_reg[58][6]

  Ref  DFF        ref:/WORK/zigbee_phy_tx/u_payload_ram/mem_reg[58][7]
  Impl DFF        imp:/WORK/zigbee_phy_tx/u_payload_ram/mem_reg[58][7]

  Ref  DFF        ref:/WORK/zigbee_phy_tx/u_payload_ram/mem_reg[59][0]
  Impl DFF        imp:/WORK/zigbee_phy_tx/u_payload_ram/mem_reg[59][0]

  Ref  DFF        ref:/WORK/zigbee_phy_tx/u_payload_ram/mem_reg[59][1]
  Impl DFF        imp:/WORK/zigbee_phy_tx/u_payload_ram/mem_reg[59][1]

  Ref  DFF        ref:/WORK/zigbee_phy_tx/u_payload_ram/mem_reg[59][2]
  Impl DFF        imp:/WORK/zigbee_phy_tx/u_payload_ram/mem_reg[59][2]

  Ref  DFF        ref:/WORK/zigbee_phy_tx/u_payload_ram/mem_reg[59][3]
  Impl DFF        imp:/WORK/zigbee_phy_tx/u_payload_ram/mem_reg[59][3]

  Ref  DFF        ref:/WORK/zigbee_phy_tx/u_payload_ram/mem_reg[59][4]
  Impl DFF        imp:/WORK/zigbee_phy_tx/u_payload_ram/mem_reg[59][4]

  Ref  DFF        ref:/WORK/zigbee_phy_tx/u_payload_ram/mem_reg[59][5]
  Impl DFF        imp:/WORK/zigbee_phy_tx/u_payload_ram/mem_reg[59][5]

  Ref  DFF        ref:/WORK/zigbee_phy_tx/u_payload_ram/mem_reg[59][6]
  Impl DFF        imp:/WORK/zigbee_phy_tx/u_payload_ram/mem_reg[59][6]

  Ref  DFF        ref:/WORK/zigbee_phy_tx/u_payload_ram/mem_reg[59][7]
  Impl DFF        imp:/WORK/zigbee_phy_tx/u_payload_ram/mem_reg[59][7]

  Ref  DFF        ref:/WORK/zigbee_phy_tx/u_payload_ram/mem_reg[5][0]
  Impl DFF        imp:/WORK/zigbee_phy_tx/u_payload_ram/mem_reg[5][0]

  Ref  DFF        ref:/WORK/zigbee_phy_tx/u_payload_ram/mem_reg[5][1]
  Impl DFF        imp:/WORK/zigbee_phy_tx/u_payload_ram/mem_reg[5][1]

  Ref  DFF        ref:/WORK/zigbee_phy_tx/u_payload_ram/mem_reg[5][2]
  Impl DFF        imp:/WORK/zigbee_phy_tx/u_payload_ram/mem_reg[5][2]

  Ref  DFF        ref:/WORK/zigbee_phy_tx/u_payload_ram/mem_reg[5][3]
  Impl DFF        imp:/WORK/zigbee_phy_tx/u_payload_ram/mem_reg[5][3]

  Ref  DFF        ref:/WORK/zigbee_phy_tx/u_payload_ram/mem_reg[5][4]
  Impl DFF        imp:/WORK/zigbee_phy_tx/u_payload_ram/mem_reg[5][4]

  Ref  DFF        ref:/WORK/zigbee_phy_tx/u_payload_ram/mem_reg[5][5]
  Impl DFF        imp:/WORK/zigbee_phy_tx/u_payload_ram/mem_reg[5][5]

  Ref  DFF        ref:/WORK/zigbee_phy_tx/u_payload_ram/mem_reg[5][6]
  Impl DFF        imp:/WORK/zigbee_phy_tx/u_payload_ram/mem_reg[5][6]

  Ref  DFF        ref:/WORK/zigbee_phy_tx/u_payload_ram/mem_reg[5][7]
  Impl DFF        imp:/WORK/zigbee_phy_tx/u_payload_ram/mem_reg[5][7]

  Ref  DFF        ref:/WORK/zigbee_phy_tx/u_payload_ram/mem_reg[60][0]
  Impl DFF        imp:/WORK/zigbee_phy_tx/u_payload_ram/mem_reg[60][0]

  Ref  DFF        ref:/WORK/zigbee_phy_tx/u_payload_ram/mem_reg[60][1]
  Impl DFF        imp:/WORK/zigbee_phy_tx/u_payload_ram/mem_reg[60][1]

  Ref  DFF        ref:/WORK/zigbee_phy_tx/u_payload_ram/mem_reg[60][2]
  Impl DFF        imp:/WORK/zigbee_phy_tx/u_payload_ram/mem_reg[60][2]

  Ref  DFF        ref:/WORK/zigbee_phy_tx/u_payload_ram/mem_reg[60][3]
  Impl DFF        imp:/WORK/zigbee_phy_tx/u_payload_ram/mem_reg[60][3]

  Ref  DFF        ref:/WORK/zigbee_phy_tx/u_payload_ram/mem_reg[60][4]
  Impl DFF        imp:/WORK/zigbee_phy_tx/u_payload_ram/mem_reg[60][4]

  Ref  DFF        ref:/WORK/zigbee_phy_tx/u_payload_ram/mem_reg[60][5]
  Impl DFF        imp:/WORK/zigbee_phy_tx/u_payload_ram/mem_reg[60][5]

  Ref  DFF        ref:/WORK/zigbee_phy_tx/u_payload_ram/mem_reg[60][6]
  Impl DFF        imp:/WORK/zigbee_phy_tx/u_payload_ram/mem_reg[60][6]

  Ref  DFF        ref:/WORK/zigbee_phy_tx/u_payload_ram/mem_reg[60][7]
  Impl DFF        imp:/WORK/zigbee_phy_tx/u_payload_ram/mem_reg[60][7]

  Ref  DFF        ref:/WORK/zigbee_phy_tx/u_payload_ram/mem_reg[61][0]
  Impl DFF        imp:/WORK/zigbee_phy_tx/u_payload_ram/mem_reg[61][0]

  Ref  DFF        ref:/WORK/zigbee_phy_tx/u_payload_ram/mem_reg[61][1]
  Impl DFF        imp:/WORK/zigbee_phy_tx/u_payload_ram/mem_reg[61][1]

  Ref  DFF        ref:/WORK/zigbee_phy_tx/u_payload_ram/mem_reg[61][2]
  Impl DFF        imp:/WORK/zigbee_phy_tx/u_payload_ram/mem_reg[61][2]

  Ref  DFF        ref:/WORK/zigbee_phy_tx/u_payload_ram/mem_reg[61][3]
  Impl DFF        imp:/WORK/zigbee_phy_tx/u_payload_ram/mem_reg[61][3]

  Ref  DFF        ref:/WORK/zigbee_phy_tx/u_payload_ram/mem_reg[61][4]
  Impl DFF        imp:/WORK/zigbee_phy_tx/u_payload_ram/mem_reg[61][4]

  Ref  DFF        ref:/WORK/zigbee_phy_tx/u_payload_ram/mem_reg[61][5]
  Impl DFF        imp:/WORK/zigbee_phy_tx/u_payload_ram/mem_reg[61][5]

  Ref  DFF        ref:/WORK/zigbee_phy_tx/u_payload_ram/mem_reg[61][6]
  Impl DFF        imp:/WORK/zigbee_phy_tx/u_payload_ram/mem_reg[61][6]

  Ref  DFF        ref:/WORK/zigbee_phy_tx/u_payload_ram/mem_reg[61][7]
  Impl DFF        imp:/WORK/zigbee_phy_tx/u_payload_ram/mem_reg[61][7]

  Ref  DFF        ref:/WORK/zigbee_phy_tx/u_payload_ram/mem_reg[62][0]
  Impl DFF        imp:/WORK/zigbee_phy_tx/u_payload_ram/mem_reg[62][0]

  Ref  DFF        ref:/WORK/zigbee_phy_tx/u_payload_ram/mem_reg[62][1]
  Impl DFF        imp:/WORK/zigbee_phy_tx/u_payload_ram/mem_reg[62][1]

  Ref  DFF        ref:/WORK/zigbee_phy_tx/u_payload_ram/mem_reg[62][2]
  Impl DFF        imp:/WORK/zigbee_phy_tx/u_payload_ram/mem_reg[62][2]

  Ref  DFF        ref:/WORK/zigbee_phy_tx/u_payload_ram/mem_reg[62][3]
  Impl DFF        imp:/WORK/zigbee_phy_tx/u_payload_ram/mem_reg[62][3]

  Ref  DFF        ref:/WORK/zigbee_phy_tx/u_payload_ram/mem_reg[62][4]
  Impl DFF        imp:/WORK/zigbee_phy_tx/u_payload_ram/mem_reg[62][4]

  Ref  DFF        ref:/WORK/zigbee_phy_tx/u_payload_ram/mem_reg[62][5]
  Impl DFF        imp:/WORK/zigbee_phy_tx/u_payload_ram/mem_reg[62][5]

  Ref  DFF        ref:/WORK/zigbee_phy_tx/u_payload_ram/mem_reg[62][6]
  Impl DFF        imp:/WORK/zigbee_phy_tx/u_payload_ram/mem_reg[62][6]

  Ref  DFF        ref:/WORK/zigbee_phy_tx/u_payload_ram/mem_reg[62][7]
  Impl DFF        imp:/WORK/zigbee_phy_tx/u_payload_ram/mem_reg[62][7]

  Ref  DFF        ref:/WORK/zigbee_phy_tx/u_payload_ram/mem_reg[63][0]
  Impl DFF        imp:/WORK/zigbee_phy_tx/u_payload_ram/mem_reg[63][0]

  Ref  DFF        ref:/WORK/zigbee_phy_tx/u_payload_ram/mem_reg[63][1]
  Impl DFF        imp:/WORK/zigbee_phy_tx/u_payload_ram/mem_reg[63][1]

  Ref  DFF        ref:/WORK/zigbee_phy_tx/u_payload_ram/mem_reg[63][2]
  Impl DFF        imp:/WORK/zigbee_phy_tx/u_payload_ram/mem_reg[63][2]

  Ref  DFF        ref:/WORK/zigbee_phy_tx/u_payload_ram/mem_reg[63][3]
  Impl DFF        imp:/WORK/zigbee_phy_tx/u_payload_ram/mem_reg[63][3]

  Ref  DFF        ref:/WORK/zigbee_phy_tx/u_payload_ram/mem_reg[63][4]
  Impl DFF        imp:/WORK/zigbee_phy_tx/u_payload_ram/mem_reg[63][4]

  Ref  DFF        ref:/WORK/zigbee_phy_tx/u_payload_ram/mem_reg[63][5]
  Impl DFF        imp:/WORK/zigbee_phy_tx/u_payload_ram/mem_reg[63][5]

  Ref  DFF        ref:/WORK/zigbee_phy_tx/u_payload_ram/mem_reg[63][6]
  Impl DFF        imp:/WORK/zigbee_phy_tx/u_payload_ram/mem_reg[63][6]

  Ref  DFF        ref:/WORK/zigbee_phy_tx/u_payload_ram/mem_reg[63][7]
  Impl DFF        imp:/WORK/zigbee_phy_tx/u_payload_ram/mem_reg[63][7]

  Ref  DFF        ref:/WORK/zigbee_phy_tx/u_payload_ram/mem_reg[64][0]
  Impl DFF        imp:/WORK/zigbee_phy_tx/u_payload_ram/mem_reg[64][0]

  Ref  DFF        ref:/WORK/zigbee_phy_tx/u_payload_ram/mem_reg[64][1]
  Impl DFF        imp:/WORK/zigbee_phy_tx/u_payload_ram/mem_reg[64][1]

  Ref  DFF        ref:/WORK/zigbee_phy_tx/u_payload_ram/mem_reg[64][2]
  Impl DFF        imp:/WORK/zigbee_phy_tx/u_payload_ram/mem_reg[64][2]

  Ref  DFF        ref:/WORK/zigbee_phy_tx/u_payload_ram/mem_reg[64][3]
  Impl DFF        imp:/WORK/zigbee_phy_tx/u_payload_ram/mem_reg[64][3]

  Ref  DFF        ref:/WORK/zigbee_phy_tx/u_payload_ram/mem_reg[64][4]
  Impl DFF        imp:/WORK/zigbee_phy_tx/u_payload_ram/mem_reg[64][4]

  Ref  DFF        ref:/WORK/zigbee_phy_tx/u_payload_ram/mem_reg[64][5]
  Impl DFF        imp:/WORK/zigbee_phy_tx/u_payload_ram/mem_reg[64][5]

  Ref  DFF        ref:/WORK/zigbee_phy_tx/u_payload_ram/mem_reg[64][6]
  Impl DFF        imp:/WORK/zigbee_phy_tx/u_payload_ram/mem_reg[64][6]

  Ref  DFF        ref:/WORK/zigbee_phy_tx/u_payload_ram/mem_reg[64][7]
  Impl DFF        imp:/WORK/zigbee_phy_tx/u_payload_ram/mem_reg[64][7]

  Ref  DFF        ref:/WORK/zigbee_phy_tx/u_payload_ram/mem_reg[65][0]
  Impl DFF        imp:/WORK/zigbee_phy_tx/u_payload_ram/mem_reg[65][0]

  Ref  DFF        ref:/WORK/zigbee_phy_tx/u_payload_ram/mem_reg[65][1]
  Impl DFF        imp:/WORK/zigbee_phy_tx/u_payload_ram/mem_reg[65][1]

  Ref  DFF        ref:/WORK/zigbee_phy_tx/u_payload_ram/mem_reg[65][2]
  Impl DFF        imp:/WORK/zigbee_phy_tx/u_payload_ram/mem_reg[65][2]

  Ref  DFF        ref:/WORK/zigbee_phy_tx/u_payload_ram/mem_reg[65][3]
  Impl DFF        imp:/WORK/zigbee_phy_tx/u_payload_ram/mem_reg[65][3]

  Ref  DFF        ref:/WORK/zigbee_phy_tx/u_payload_ram/mem_reg[65][4]
  Impl DFF        imp:/WORK/zigbee_phy_tx/u_payload_ram/mem_reg[65][4]

  Ref  DFF        ref:/WORK/zigbee_phy_tx/u_payload_ram/mem_reg[65][5]
  Impl DFF        imp:/WORK/zigbee_phy_tx/u_payload_ram/mem_reg[65][5]

  Ref  DFF        ref:/WORK/zigbee_phy_tx/u_payload_ram/mem_reg[65][6]
  Impl DFF        imp:/WORK/zigbee_phy_tx/u_payload_ram/mem_reg[65][6]

  Ref  DFF        ref:/WORK/zigbee_phy_tx/u_payload_ram/mem_reg[65][7]
  Impl DFF        imp:/WORK/zigbee_phy_tx/u_payload_ram/mem_reg[65][7]

  Ref  DFF        ref:/WORK/zigbee_phy_tx/u_payload_ram/mem_reg[66][0]
  Impl DFF        imp:/WORK/zigbee_phy_tx/u_payload_ram/mem_reg[66][0]

  Ref  DFF        ref:/WORK/zigbee_phy_tx/u_payload_ram/mem_reg[66][1]
  Impl DFF        imp:/WORK/zigbee_phy_tx/u_payload_ram/mem_reg[66][1]

  Ref  DFF        ref:/WORK/zigbee_phy_tx/u_payload_ram/mem_reg[66][2]
  Impl DFF        imp:/WORK/zigbee_phy_tx/u_payload_ram/mem_reg[66][2]

  Ref  DFF        ref:/WORK/zigbee_phy_tx/u_payload_ram/mem_reg[66][3]
  Impl DFF        imp:/WORK/zigbee_phy_tx/u_payload_ram/mem_reg[66][3]

  Ref  DFF        ref:/WORK/zigbee_phy_tx/u_payload_ram/mem_reg[66][4]
  Impl DFF        imp:/WORK/zigbee_phy_tx/u_payload_ram/mem_reg[66][4]

  Ref  DFF        ref:/WORK/zigbee_phy_tx/u_payload_ram/mem_reg[66][5]
  Impl DFF        imp:/WORK/zigbee_phy_tx/u_payload_ram/mem_reg[66][5]

  Ref  DFF        ref:/WORK/zigbee_phy_tx/u_payload_ram/mem_reg[66][6]
  Impl DFF        imp:/WORK/zigbee_phy_tx/u_payload_ram/mem_reg[66][6]

  Ref  DFF        ref:/WORK/zigbee_phy_tx/u_payload_ram/mem_reg[66][7]
  Impl DFF        imp:/WORK/zigbee_phy_tx/u_payload_ram/mem_reg[66][7]

  Ref  DFF        ref:/WORK/zigbee_phy_tx/u_payload_ram/mem_reg[67][0]
  Impl DFF        imp:/WORK/zigbee_phy_tx/u_payload_ram/mem_reg[67][0]

  Ref  DFF        ref:/WORK/zigbee_phy_tx/u_payload_ram/mem_reg[67][1]
  Impl DFF        imp:/WORK/zigbee_phy_tx/u_payload_ram/mem_reg[67][1]

  Ref  DFF        ref:/WORK/zigbee_phy_tx/u_payload_ram/mem_reg[67][2]
  Impl DFF        imp:/WORK/zigbee_phy_tx/u_payload_ram/mem_reg[67][2]

  Ref  DFF        ref:/WORK/zigbee_phy_tx/u_payload_ram/mem_reg[67][3]
  Impl DFF        imp:/WORK/zigbee_phy_tx/u_payload_ram/mem_reg[67][3]

  Ref  DFF        ref:/WORK/zigbee_phy_tx/u_payload_ram/mem_reg[67][4]
  Impl DFF        imp:/WORK/zigbee_phy_tx/u_payload_ram/mem_reg[67][4]

  Ref  DFF        ref:/WORK/zigbee_phy_tx/u_payload_ram/mem_reg[67][5]
  Impl DFF        imp:/WORK/zigbee_phy_tx/u_payload_ram/mem_reg[67][5]

  Ref  DFF        ref:/WORK/zigbee_phy_tx/u_payload_ram/mem_reg[67][6]
  Impl DFF        imp:/WORK/zigbee_phy_tx/u_payload_ram/mem_reg[67][6]

  Ref  DFF        ref:/WORK/zigbee_phy_tx/u_payload_ram/mem_reg[67][7]
  Impl DFF        imp:/WORK/zigbee_phy_tx/u_payload_ram/mem_reg[67][7]

  Ref  DFF        ref:/WORK/zigbee_phy_tx/u_payload_ram/mem_reg[68][0]
  Impl DFF        imp:/WORK/zigbee_phy_tx/u_payload_ram/mem_reg[68][0]

  Ref  DFF        ref:/WORK/zigbee_phy_tx/u_payload_ram/mem_reg[68][1]
  Impl DFF        imp:/WORK/zigbee_phy_tx/u_payload_ram/mem_reg[68][1]

  Ref  DFF        ref:/WORK/zigbee_phy_tx/u_payload_ram/mem_reg[68][2]
  Impl DFF        imp:/WORK/zigbee_phy_tx/u_payload_ram/mem_reg[68][2]

  Ref  DFF        ref:/WORK/zigbee_phy_tx/u_payload_ram/mem_reg[68][3]
  Impl DFF        imp:/WORK/zigbee_phy_tx/u_payload_ram/mem_reg[68][3]

  Ref  DFF        ref:/WORK/zigbee_phy_tx/u_payload_ram/mem_reg[68][4]
  Impl DFF        imp:/WORK/zigbee_phy_tx/u_payload_ram/mem_reg[68][4]

  Ref  DFF        ref:/WORK/zigbee_phy_tx/u_payload_ram/mem_reg[68][5]
  Impl DFF        imp:/WORK/zigbee_phy_tx/u_payload_ram/mem_reg[68][5]

  Ref  DFF        ref:/WORK/zigbee_phy_tx/u_payload_ram/mem_reg[68][6]
  Impl DFF        imp:/WORK/zigbee_phy_tx/u_payload_ram/mem_reg[68][6]

  Ref  DFF        ref:/WORK/zigbee_phy_tx/u_payload_ram/mem_reg[68][7]
  Impl DFF        imp:/WORK/zigbee_phy_tx/u_payload_ram/mem_reg[68][7]

  Ref  DFF        ref:/WORK/zigbee_phy_tx/u_payload_ram/mem_reg[69][0]
  Impl DFF        imp:/WORK/zigbee_phy_tx/u_payload_ram/mem_reg[69][0]

  Ref  DFF        ref:/WORK/zigbee_phy_tx/u_payload_ram/mem_reg[69][1]
  Impl DFF        imp:/WORK/zigbee_phy_tx/u_payload_ram/mem_reg[69][1]

  Ref  DFF        ref:/WORK/zigbee_phy_tx/u_payload_ram/mem_reg[69][2]
  Impl DFF        imp:/WORK/zigbee_phy_tx/u_payload_ram/mem_reg[69][2]

  Ref  DFF        ref:/WORK/zigbee_phy_tx/u_payload_ram/mem_reg[69][3]
  Impl DFF        imp:/WORK/zigbee_phy_tx/u_payload_ram/mem_reg[69][3]

  Ref  DFF        ref:/WORK/zigbee_phy_tx/u_payload_ram/mem_reg[69][4]
  Impl DFF        imp:/WORK/zigbee_phy_tx/u_payload_ram/mem_reg[69][4]

  Ref  DFF        ref:/WORK/zigbee_phy_tx/u_payload_ram/mem_reg[69][5]
  Impl DFF        imp:/WORK/zigbee_phy_tx/u_payload_ram/mem_reg[69][5]

  Ref  DFF        ref:/WORK/zigbee_phy_tx/u_payload_ram/mem_reg[69][6]
  Impl DFF        imp:/WORK/zigbee_phy_tx/u_payload_ram/mem_reg[69][6]

  Ref  DFF        ref:/WORK/zigbee_phy_tx/u_payload_ram/mem_reg[69][7]
  Impl DFF        imp:/WORK/zigbee_phy_tx/u_payload_ram/mem_reg[69][7]

  Ref  DFF        ref:/WORK/zigbee_phy_tx/u_payload_ram/mem_reg[6][0]
  Impl DFF        imp:/WORK/zigbee_phy_tx/u_payload_ram/mem_reg[6][0]

  Ref  DFF        ref:/WORK/zigbee_phy_tx/u_payload_ram/mem_reg[6][1]
  Impl DFF        imp:/WORK/zigbee_phy_tx/u_payload_ram/mem_reg[6][1]

  Ref  DFF        ref:/WORK/zigbee_phy_tx/u_payload_ram/mem_reg[6][2]
  Impl DFF        imp:/WORK/zigbee_phy_tx/u_payload_ram/mem_reg[6][2]

  Ref  DFF        ref:/WORK/zigbee_phy_tx/u_payload_ram/mem_reg[6][3]
  Impl DFF        imp:/WORK/zigbee_phy_tx/u_payload_ram/mem_reg[6][3]

  Ref  DFF        ref:/WORK/zigbee_phy_tx/u_payload_ram/mem_reg[6][4]
  Impl DFF        imp:/WORK/zigbee_phy_tx/u_payload_ram/mem_reg[6][4]

  Ref  DFF        ref:/WORK/zigbee_phy_tx/u_payload_ram/mem_reg[6][5]
  Impl DFF        imp:/WORK/zigbee_phy_tx/u_payload_ram/mem_reg[6][5]

  Ref  DFF        ref:/WORK/zigbee_phy_tx/u_payload_ram/mem_reg[6][6]
  Impl DFF        imp:/WORK/zigbee_phy_tx/u_payload_ram/mem_reg[6][6]

  Ref  DFF        ref:/WORK/zigbee_phy_tx/u_payload_ram/mem_reg[6][7]
  Impl DFF        imp:/WORK/zigbee_phy_tx/u_payload_ram/mem_reg[6][7]

  Ref  DFF        ref:/WORK/zigbee_phy_tx/u_payload_ram/mem_reg[70][0]
  Impl DFF        imp:/WORK/zigbee_phy_tx/u_payload_ram/mem_reg[70][0]

  Ref  DFF        ref:/WORK/zigbee_phy_tx/u_payload_ram/mem_reg[70][1]
  Impl DFF        imp:/WORK/zigbee_phy_tx/u_payload_ram/mem_reg[70][1]

  Ref  DFF        ref:/WORK/zigbee_phy_tx/u_payload_ram/mem_reg[70][2]
  Impl DFF        imp:/WORK/zigbee_phy_tx/u_payload_ram/mem_reg[70][2]

  Ref  DFF        ref:/WORK/zigbee_phy_tx/u_payload_ram/mem_reg[70][3]
  Impl DFF        imp:/WORK/zigbee_phy_tx/u_payload_ram/mem_reg[70][3]

  Ref  DFF        ref:/WORK/zigbee_phy_tx/u_payload_ram/mem_reg[70][4]
  Impl DFF        imp:/WORK/zigbee_phy_tx/u_payload_ram/mem_reg[70][4]

  Ref  DFF        ref:/WORK/zigbee_phy_tx/u_payload_ram/mem_reg[70][5]
  Impl DFF        imp:/WORK/zigbee_phy_tx/u_payload_ram/mem_reg[70][5]

  Ref  DFF        ref:/WORK/zigbee_phy_tx/u_payload_ram/mem_reg[70][6]
  Impl DFF        imp:/WORK/zigbee_phy_tx/u_payload_ram/mem_reg[70][6]

  Ref  DFF        ref:/WORK/zigbee_phy_tx/u_payload_ram/mem_reg[70][7]
  Impl DFF        imp:/WORK/zigbee_phy_tx/u_payload_ram/mem_reg[70][7]

  Ref  DFF        ref:/WORK/zigbee_phy_tx/u_payload_ram/mem_reg[71][0]
  Impl DFF        imp:/WORK/zigbee_phy_tx/u_payload_ram/mem_reg[71][0]

  Ref  DFF        ref:/WORK/zigbee_phy_tx/u_payload_ram/mem_reg[71][1]
  Impl DFF        imp:/WORK/zigbee_phy_tx/u_payload_ram/mem_reg[71][1]

  Ref  DFF        ref:/WORK/zigbee_phy_tx/u_payload_ram/mem_reg[71][2]
  Impl DFF        imp:/WORK/zigbee_phy_tx/u_payload_ram/mem_reg[71][2]

  Ref  DFF        ref:/WORK/zigbee_phy_tx/u_payload_ram/mem_reg[71][3]
  Impl DFF        imp:/WORK/zigbee_phy_tx/u_payload_ram/mem_reg[71][3]

  Ref  DFF        ref:/WORK/zigbee_phy_tx/u_payload_ram/mem_reg[71][4]
  Impl DFF        imp:/WORK/zigbee_phy_tx/u_payload_ram/mem_reg[71][4]

  Ref  DFF        ref:/WORK/zigbee_phy_tx/u_payload_ram/mem_reg[71][5]
  Impl DFF        imp:/WORK/zigbee_phy_tx/u_payload_ram/mem_reg[71][5]

  Ref  DFF        ref:/WORK/zigbee_phy_tx/u_payload_ram/mem_reg[71][6]
  Impl DFF        imp:/WORK/zigbee_phy_tx/u_payload_ram/mem_reg[71][6]

  Ref  DFF        ref:/WORK/zigbee_phy_tx/u_payload_ram/mem_reg[71][7]
  Impl DFF        imp:/WORK/zigbee_phy_tx/u_payload_ram/mem_reg[71][7]

  Ref  DFF        ref:/WORK/zigbee_phy_tx/u_payload_ram/mem_reg[72][0]
  Impl DFF        imp:/WORK/zigbee_phy_tx/u_payload_ram/mem_reg[72][0]

  Ref  DFF        ref:/WORK/zigbee_phy_tx/u_payload_ram/mem_reg[72][1]
  Impl DFF        imp:/WORK/zigbee_phy_tx/u_payload_ram/mem_reg[72][1]

  Ref  DFF        ref:/WORK/zigbee_phy_tx/u_payload_ram/mem_reg[72][2]
  Impl DFF        imp:/WORK/zigbee_phy_tx/u_payload_ram/mem_reg[72][2]

  Ref  DFF        ref:/WORK/zigbee_phy_tx/u_payload_ram/mem_reg[72][3]
  Impl DFF        imp:/WORK/zigbee_phy_tx/u_payload_ram/mem_reg[72][3]

  Ref  DFF        ref:/WORK/zigbee_phy_tx/u_payload_ram/mem_reg[72][4]
  Impl DFF        imp:/WORK/zigbee_phy_tx/u_payload_ram/mem_reg[72][4]

  Ref  DFF        ref:/WORK/zigbee_phy_tx/u_payload_ram/mem_reg[72][5]
  Impl DFF        imp:/WORK/zigbee_phy_tx/u_payload_ram/mem_reg[72][5]

  Ref  DFF        ref:/WORK/zigbee_phy_tx/u_payload_ram/mem_reg[72][6]
  Impl DFF        imp:/WORK/zigbee_phy_tx/u_payload_ram/mem_reg[72][6]

  Ref  DFF        ref:/WORK/zigbee_phy_tx/u_payload_ram/mem_reg[72][7]
  Impl DFF        imp:/WORK/zigbee_phy_tx/u_payload_ram/mem_reg[72][7]

  Ref  DFF        ref:/WORK/zigbee_phy_tx/u_payload_ram/mem_reg[73][0]
  Impl DFF        imp:/WORK/zigbee_phy_tx/u_payload_ram/mem_reg[73][0]

  Ref  DFF        ref:/WORK/zigbee_phy_tx/u_payload_ram/mem_reg[73][1]
  Impl DFF        imp:/WORK/zigbee_phy_tx/u_payload_ram/mem_reg[73][1]

  Ref  DFF        ref:/WORK/zigbee_phy_tx/u_payload_ram/mem_reg[73][2]
  Impl DFF        imp:/WORK/zigbee_phy_tx/u_payload_ram/mem_reg[73][2]

  Ref  DFF        ref:/WORK/zigbee_phy_tx/u_payload_ram/mem_reg[73][3]
  Impl DFF        imp:/WORK/zigbee_phy_tx/u_payload_ram/mem_reg[73][3]

  Ref  DFF        ref:/WORK/zigbee_phy_tx/u_payload_ram/mem_reg[73][4]
  Impl DFF        imp:/WORK/zigbee_phy_tx/u_payload_ram/mem_reg[73][4]

  Ref  DFF        ref:/WORK/zigbee_phy_tx/u_payload_ram/mem_reg[73][5]
  Impl DFF        imp:/WORK/zigbee_phy_tx/u_payload_ram/mem_reg[73][5]

  Ref  DFF        ref:/WORK/zigbee_phy_tx/u_payload_ram/mem_reg[73][6]
  Impl DFF        imp:/WORK/zigbee_phy_tx/u_payload_ram/mem_reg[73][6]

  Ref  DFF        ref:/WORK/zigbee_phy_tx/u_payload_ram/mem_reg[73][7]
  Impl DFF        imp:/WORK/zigbee_phy_tx/u_payload_ram/mem_reg[73][7]

  Ref  DFF        ref:/WORK/zigbee_phy_tx/u_payload_ram/mem_reg[74][0]
  Impl DFF        imp:/WORK/zigbee_phy_tx/u_payload_ram/mem_reg[74][0]

  Ref  DFF        ref:/WORK/zigbee_phy_tx/u_payload_ram/mem_reg[74][1]
  Impl DFF        imp:/WORK/zigbee_phy_tx/u_payload_ram/mem_reg[74][1]

  Ref  DFF        ref:/WORK/zigbee_phy_tx/u_payload_ram/mem_reg[74][2]
  Impl DFF        imp:/WORK/zigbee_phy_tx/u_payload_ram/mem_reg[74][2]

  Ref  DFF        ref:/WORK/zigbee_phy_tx/u_payload_ram/mem_reg[74][3]
  Impl DFF        imp:/WORK/zigbee_phy_tx/u_payload_ram/mem_reg[74][3]

  Ref  DFF        ref:/WORK/zigbee_phy_tx/u_payload_ram/mem_reg[74][4]
  Impl DFF        imp:/WORK/zigbee_phy_tx/u_payload_ram/mem_reg[74][4]

  Ref  DFF        ref:/WORK/zigbee_phy_tx/u_payload_ram/mem_reg[74][5]
  Impl DFF        imp:/WORK/zigbee_phy_tx/u_payload_ram/mem_reg[74][5]

  Ref  DFF        ref:/WORK/zigbee_phy_tx/u_payload_ram/mem_reg[74][6]
  Impl DFF        imp:/WORK/zigbee_phy_tx/u_payload_ram/mem_reg[74][6]

  Ref  DFF        ref:/WORK/zigbee_phy_tx/u_payload_ram/mem_reg[74][7]
  Impl DFF        imp:/WORK/zigbee_phy_tx/u_payload_ram/mem_reg[74][7]

  Ref  DFF        ref:/WORK/zigbee_phy_tx/u_payload_ram/mem_reg[75][0]
  Impl DFF        imp:/WORK/zigbee_phy_tx/u_payload_ram/mem_reg[75][0]

  Ref  DFF        ref:/WORK/zigbee_phy_tx/u_payload_ram/mem_reg[75][1]
  Impl DFF        imp:/WORK/zigbee_phy_tx/u_payload_ram/mem_reg[75][1]

  Ref  DFF        ref:/WORK/zigbee_phy_tx/u_payload_ram/mem_reg[75][2]
  Impl DFF        imp:/WORK/zigbee_phy_tx/u_payload_ram/mem_reg[75][2]

  Ref  DFF        ref:/WORK/zigbee_phy_tx/u_payload_ram/mem_reg[75][3]
  Impl DFF        imp:/WORK/zigbee_phy_tx/u_payload_ram/mem_reg[75][3]

  Ref  DFF        ref:/WORK/zigbee_phy_tx/u_payload_ram/mem_reg[75][4]
  Impl DFF        imp:/WORK/zigbee_phy_tx/u_payload_ram/mem_reg[75][4]

  Ref  DFF        ref:/WORK/zigbee_phy_tx/u_payload_ram/mem_reg[75][5]
  Impl DFF        imp:/WORK/zigbee_phy_tx/u_payload_ram/mem_reg[75][5]

  Ref  DFF        ref:/WORK/zigbee_phy_tx/u_payload_ram/mem_reg[75][6]
  Impl DFF        imp:/WORK/zigbee_phy_tx/u_payload_ram/mem_reg[75][6]

  Ref  DFF        ref:/WORK/zigbee_phy_tx/u_payload_ram/mem_reg[75][7]
  Impl DFF        imp:/WORK/zigbee_phy_tx/u_payload_ram/mem_reg[75][7]

  Ref  DFF        ref:/WORK/zigbee_phy_tx/u_payload_ram/mem_reg[76][0]
  Impl DFF        imp:/WORK/zigbee_phy_tx/u_payload_ram/mem_reg[76][0]

  Ref  DFF        ref:/WORK/zigbee_phy_tx/u_payload_ram/mem_reg[76][1]
  Impl DFF        imp:/WORK/zigbee_phy_tx/u_payload_ram/mem_reg[76][1]

  Ref  DFF        ref:/WORK/zigbee_phy_tx/u_payload_ram/mem_reg[76][2]
  Impl DFF        imp:/WORK/zigbee_phy_tx/u_payload_ram/mem_reg[76][2]

  Ref  DFF        ref:/WORK/zigbee_phy_tx/u_payload_ram/mem_reg[76][3]
  Impl DFF        imp:/WORK/zigbee_phy_tx/u_payload_ram/mem_reg[76][3]

  Ref  DFF        ref:/WORK/zigbee_phy_tx/u_payload_ram/mem_reg[76][4]
  Impl DFF        imp:/WORK/zigbee_phy_tx/u_payload_ram/mem_reg[76][4]

  Ref  DFF        ref:/WORK/zigbee_phy_tx/u_payload_ram/mem_reg[76][5]
  Impl DFF        imp:/WORK/zigbee_phy_tx/u_payload_ram/mem_reg[76][5]

  Ref  DFF        ref:/WORK/zigbee_phy_tx/u_payload_ram/mem_reg[76][6]
  Impl DFF        imp:/WORK/zigbee_phy_tx/u_payload_ram/mem_reg[76][6]

  Ref  DFF        ref:/WORK/zigbee_phy_tx/u_payload_ram/mem_reg[76][7]
  Impl DFF        imp:/WORK/zigbee_phy_tx/u_payload_ram/mem_reg[76][7]

  Ref  DFF        ref:/WORK/zigbee_phy_tx/u_payload_ram/mem_reg[77][0]
  Impl DFF        imp:/WORK/zigbee_phy_tx/u_payload_ram/mem_reg[77][0]

  Ref  DFF        ref:/WORK/zigbee_phy_tx/u_payload_ram/mem_reg[77][1]
  Impl DFF        imp:/WORK/zigbee_phy_tx/u_payload_ram/mem_reg[77][1]

  Ref  DFF        ref:/WORK/zigbee_phy_tx/u_payload_ram/mem_reg[77][2]
  Impl DFF        imp:/WORK/zigbee_phy_tx/u_payload_ram/mem_reg[77][2]

  Ref  DFF        ref:/WORK/zigbee_phy_tx/u_payload_ram/mem_reg[77][3]
  Impl DFF        imp:/WORK/zigbee_phy_tx/u_payload_ram/mem_reg[77][3]

  Ref  DFF        ref:/WORK/zigbee_phy_tx/u_payload_ram/mem_reg[77][4]
  Impl DFF        imp:/WORK/zigbee_phy_tx/u_payload_ram/mem_reg[77][4]

  Ref  DFF        ref:/WORK/zigbee_phy_tx/u_payload_ram/mem_reg[77][5]
  Impl DFF        imp:/WORK/zigbee_phy_tx/u_payload_ram/mem_reg[77][5]

  Ref  DFF        ref:/WORK/zigbee_phy_tx/u_payload_ram/mem_reg[77][6]
  Impl DFF        imp:/WORK/zigbee_phy_tx/u_payload_ram/mem_reg[77][6]

  Ref  DFF        ref:/WORK/zigbee_phy_tx/u_payload_ram/mem_reg[77][7]
  Impl DFF        imp:/WORK/zigbee_phy_tx/u_payload_ram/mem_reg[77][7]

  Ref  DFF        ref:/WORK/zigbee_phy_tx/u_payload_ram/mem_reg[78][0]
  Impl DFF        imp:/WORK/zigbee_phy_tx/u_payload_ram/mem_reg[78][0]

  Ref  DFF        ref:/WORK/zigbee_phy_tx/u_payload_ram/mem_reg[78][1]
  Impl DFF        imp:/WORK/zigbee_phy_tx/u_payload_ram/mem_reg[78][1]

  Ref  DFF        ref:/WORK/zigbee_phy_tx/u_payload_ram/mem_reg[78][2]
  Impl DFF        imp:/WORK/zigbee_phy_tx/u_payload_ram/mem_reg[78][2]

  Ref  DFF        ref:/WORK/zigbee_phy_tx/u_payload_ram/mem_reg[78][3]
  Impl DFF        imp:/WORK/zigbee_phy_tx/u_payload_ram/mem_reg[78][3]

  Ref  DFF        ref:/WORK/zigbee_phy_tx/u_payload_ram/mem_reg[78][4]
  Impl DFF        imp:/WORK/zigbee_phy_tx/u_payload_ram/mem_reg[78][4]

  Ref  DFF        ref:/WORK/zigbee_phy_tx/u_payload_ram/mem_reg[78][5]
  Impl DFF        imp:/WORK/zigbee_phy_tx/u_payload_ram/mem_reg[78][5]

  Ref  DFF        ref:/WORK/zigbee_phy_tx/u_payload_ram/mem_reg[78][6]
  Impl DFF        imp:/WORK/zigbee_phy_tx/u_payload_ram/mem_reg[78][6]

  Ref  DFF        ref:/WORK/zigbee_phy_tx/u_payload_ram/mem_reg[78][7]
  Impl DFF        imp:/WORK/zigbee_phy_tx/u_payload_ram/mem_reg[78][7]

  Ref  DFF        ref:/WORK/zigbee_phy_tx/u_payload_ram/mem_reg[79][0]
  Impl DFF        imp:/WORK/zigbee_phy_tx/u_payload_ram/mem_reg[79][0]

  Ref  DFF        ref:/WORK/zigbee_phy_tx/u_payload_ram/mem_reg[79][1]
  Impl DFF        imp:/WORK/zigbee_phy_tx/u_payload_ram/mem_reg[79][1]

  Ref  DFF        ref:/WORK/zigbee_phy_tx/u_payload_ram/mem_reg[79][2]
  Impl DFF        imp:/WORK/zigbee_phy_tx/u_payload_ram/mem_reg[79][2]

  Ref  DFF        ref:/WORK/zigbee_phy_tx/u_payload_ram/mem_reg[79][3]
  Impl DFF        imp:/WORK/zigbee_phy_tx/u_payload_ram/mem_reg[79][3]

  Ref  DFF        ref:/WORK/zigbee_phy_tx/u_payload_ram/mem_reg[79][4]
  Impl DFF        imp:/WORK/zigbee_phy_tx/u_payload_ram/mem_reg[79][4]

  Ref  DFF        ref:/WORK/zigbee_phy_tx/u_payload_ram/mem_reg[79][5]
  Impl DFF        imp:/WORK/zigbee_phy_tx/u_payload_ram/mem_reg[79][5]

  Ref  DFF        ref:/WORK/zigbee_phy_tx/u_payload_ram/mem_reg[79][6]
  Impl DFF        imp:/WORK/zigbee_phy_tx/u_payload_ram/mem_reg[79][6]

  Ref  DFF        ref:/WORK/zigbee_phy_tx/u_payload_ram/mem_reg[79][7]
  Impl DFF        imp:/WORK/zigbee_phy_tx/u_payload_ram/mem_reg[79][7]

  Ref  DFF        ref:/WORK/zigbee_phy_tx/u_payload_ram/mem_reg[7][0]
  Impl DFF        imp:/WORK/zigbee_phy_tx/u_payload_ram/mem_reg[7][0]

  Ref  DFF        ref:/WORK/zigbee_phy_tx/u_payload_ram/mem_reg[7][1]
  Impl DFF        imp:/WORK/zigbee_phy_tx/u_payload_ram/mem_reg[7][1]

  Ref  DFF        ref:/WORK/zigbee_phy_tx/u_payload_ram/mem_reg[7][2]
  Impl DFF        imp:/WORK/zigbee_phy_tx/u_payload_ram/mem_reg[7][2]

  Ref  DFF        ref:/WORK/zigbee_phy_tx/u_payload_ram/mem_reg[7][3]
  Impl DFF        imp:/WORK/zigbee_phy_tx/u_payload_ram/mem_reg[7][3]

  Ref  DFF        ref:/WORK/zigbee_phy_tx/u_payload_ram/mem_reg[7][4]
  Impl DFF        imp:/WORK/zigbee_phy_tx/u_payload_ram/mem_reg[7][4]

  Ref  DFF        ref:/WORK/zigbee_phy_tx/u_payload_ram/mem_reg[7][5]
  Impl DFF        imp:/WORK/zigbee_phy_tx/u_payload_ram/mem_reg[7][5]

  Ref  DFF        ref:/WORK/zigbee_phy_tx/u_payload_ram/mem_reg[7][6]
  Impl DFF        imp:/WORK/zigbee_phy_tx/u_payload_ram/mem_reg[7][6]

  Ref  DFF        ref:/WORK/zigbee_phy_tx/u_payload_ram/mem_reg[7][7]
  Impl DFF        imp:/WORK/zigbee_phy_tx/u_payload_ram/mem_reg[7][7]

  Ref  DFF        ref:/WORK/zigbee_phy_tx/u_payload_ram/mem_reg[80][0]
  Impl DFF        imp:/WORK/zigbee_phy_tx/u_payload_ram/mem_reg[80][0]

  Ref  DFF        ref:/WORK/zigbee_phy_tx/u_payload_ram/mem_reg[80][1]
  Impl DFF        imp:/WORK/zigbee_phy_tx/u_payload_ram/mem_reg[80][1]

  Ref  DFF        ref:/WORK/zigbee_phy_tx/u_payload_ram/mem_reg[80][2]
  Impl DFF        imp:/WORK/zigbee_phy_tx/u_payload_ram/mem_reg[80][2]

  Ref  DFF        ref:/WORK/zigbee_phy_tx/u_payload_ram/mem_reg[80][3]
  Impl DFF        imp:/WORK/zigbee_phy_tx/u_payload_ram/mem_reg[80][3]

  Ref  DFF        ref:/WORK/zigbee_phy_tx/u_payload_ram/mem_reg[80][4]
  Impl DFF        imp:/WORK/zigbee_phy_tx/u_payload_ram/mem_reg[80][4]

  Ref  DFF        ref:/WORK/zigbee_phy_tx/u_payload_ram/mem_reg[80][5]
  Impl DFF        imp:/WORK/zigbee_phy_tx/u_payload_ram/mem_reg[80][5]

  Ref  DFF        ref:/WORK/zigbee_phy_tx/u_payload_ram/mem_reg[80][6]
  Impl DFF        imp:/WORK/zigbee_phy_tx/u_payload_ram/mem_reg[80][6]

  Ref  DFF        ref:/WORK/zigbee_phy_tx/u_payload_ram/mem_reg[80][7]
  Impl DFF        imp:/WORK/zigbee_phy_tx/u_payload_ram/mem_reg[80][7]

  Ref  DFF        ref:/WORK/zigbee_phy_tx/u_payload_ram/mem_reg[81][0]
  Impl DFF        imp:/WORK/zigbee_phy_tx/u_payload_ram/mem_reg[81][0]

  Ref  DFF        ref:/WORK/zigbee_phy_tx/u_payload_ram/mem_reg[81][1]
  Impl DFF        imp:/WORK/zigbee_phy_tx/u_payload_ram/mem_reg[81][1]

  Ref  DFF        ref:/WORK/zigbee_phy_tx/u_payload_ram/mem_reg[81][2]
  Impl DFF        imp:/WORK/zigbee_phy_tx/u_payload_ram/mem_reg[81][2]

  Ref  DFF        ref:/WORK/zigbee_phy_tx/u_payload_ram/mem_reg[81][3]
  Impl DFF        imp:/WORK/zigbee_phy_tx/u_payload_ram/mem_reg[81][3]

  Ref  DFF        ref:/WORK/zigbee_phy_tx/u_payload_ram/mem_reg[81][4]
  Impl DFF        imp:/WORK/zigbee_phy_tx/u_payload_ram/mem_reg[81][4]

  Ref  DFF        ref:/WORK/zigbee_phy_tx/u_payload_ram/mem_reg[81][5]
  Impl DFF        imp:/WORK/zigbee_phy_tx/u_payload_ram/mem_reg[81][5]

  Ref  DFF        ref:/WORK/zigbee_phy_tx/u_payload_ram/mem_reg[81][6]
  Impl DFF        imp:/WORK/zigbee_phy_tx/u_payload_ram/mem_reg[81][6]

  Ref  DFF        ref:/WORK/zigbee_phy_tx/u_payload_ram/mem_reg[81][7]
  Impl DFF        imp:/WORK/zigbee_phy_tx/u_payload_ram/mem_reg[81][7]

  Ref  DFF        ref:/WORK/zigbee_phy_tx/u_payload_ram/mem_reg[82][0]
  Impl DFF        imp:/WORK/zigbee_phy_tx/u_payload_ram/mem_reg[82][0]

  Ref  DFF        ref:/WORK/zigbee_phy_tx/u_payload_ram/mem_reg[82][1]
  Impl DFF        imp:/WORK/zigbee_phy_tx/u_payload_ram/mem_reg[82][1]

  Ref  DFF        ref:/WORK/zigbee_phy_tx/u_payload_ram/mem_reg[82][2]
  Impl DFF        imp:/WORK/zigbee_phy_tx/u_payload_ram/mem_reg[82][2]

  Ref  DFF        ref:/WORK/zigbee_phy_tx/u_payload_ram/mem_reg[82][3]
  Impl DFF        imp:/WORK/zigbee_phy_tx/u_payload_ram/mem_reg[82][3]

  Ref  DFF        ref:/WORK/zigbee_phy_tx/u_payload_ram/mem_reg[82][4]
  Impl DFF        imp:/WORK/zigbee_phy_tx/u_payload_ram/mem_reg[82][4]

  Ref  DFF        ref:/WORK/zigbee_phy_tx/u_payload_ram/mem_reg[82][5]
  Impl DFF        imp:/WORK/zigbee_phy_tx/u_payload_ram/mem_reg[82][5]

  Ref  DFF        ref:/WORK/zigbee_phy_tx/u_payload_ram/mem_reg[82][6]
  Impl DFF        imp:/WORK/zigbee_phy_tx/u_payload_ram/mem_reg[82][6]

  Ref  DFF        ref:/WORK/zigbee_phy_tx/u_payload_ram/mem_reg[82][7]
  Impl DFF        imp:/WORK/zigbee_phy_tx/u_payload_ram/mem_reg[82][7]

  Ref  DFF        ref:/WORK/zigbee_phy_tx/u_payload_ram/mem_reg[83][0]
  Impl DFF        imp:/WORK/zigbee_phy_tx/u_payload_ram/mem_reg[83][0]

  Ref  DFF        ref:/WORK/zigbee_phy_tx/u_payload_ram/mem_reg[83][1]
  Impl DFF        imp:/WORK/zigbee_phy_tx/u_payload_ram/mem_reg[83][1]

  Ref  DFF        ref:/WORK/zigbee_phy_tx/u_payload_ram/mem_reg[83][2]
  Impl DFF        imp:/WORK/zigbee_phy_tx/u_payload_ram/mem_reg[83][2]

  Ref  DFF        ref:/WORK/zigbee_phy_tx/u_payload_ram/mem_reg[83][3]
  Impl DFF        imp:/WORK/zigbee_phy_tx/u_payload_ram/mem_reg[83][3]

  Ref  DFF        ref:/WORK/zigbee_phy_tx/u_payload_ram/mem_reg[83][4]
  Impl DFF        imp:/WORK/zigbee_phy_tx/u_payload_ram/mem_reg[83][4]

  Ref  DFF        ref:/WORK/zigbee_phy_tx/u_payload_ram/mem_reg[83][5]
  Impl DFF        imp:/WORK/zigbee_phy_tx/u_payload_ram/mem_reg[83][5]

  Ref  DFF        ref:/WORK/zigbee_phy_tx/u_payload_ram/mem_reg[83][6]
  Impl DFF        imp:/WORK/zigbee_phy_tx/u_payload_ram/mem_reg[83][6]

  Ref  DFF        ref:/WORK/zigbee_phy_tx/u_payload_ram/mem_reg[83][7]
  Impl DFF        imp:/WORK/zigbee_phy_tx/u_payload_ram/mem_reg[83][7]

  Ref  DFF        ref:/WORK/zigbee_phy_tx/u_payload_ram/mem_reg[84][0]
  Impl DFF        imp:/WORK/zigbee_phy_tx/u_payload_ram/mem_reg[84][0]

  Ref  DFF        ref:/WORK/zigbee_phy_tx/u_payload_ram/mem_reg[84][1]
  Impl DFF        imp:/WORK/zigbee_phy_tx/u_payload_ram/mem_reg[84][1]

  Ref  DFF        ref:/WORK/zigbee_phy_tx/u_payload_ram/mem_reg[84][2]
  Impl DFF        imp:/WORK/zigbee_phy_tx/u_payload_ram/mem_reg[84][2]

  Ref  DFF        ref:/WORK/zigbee_phy_tx/u_payload_ram/mem_reg[84][3]
  Impl DFF        imp:/WORK/zigbee_phy_tx/u_payload_ram/mem_reg[84][3]

  Ref  DFF        ref:/WORK/zigbee_phy_tx/u_payload_ram/mem_reg[84][4]
  Impl DFF        imp:/WORK/zigbee_phy_tx/u_payload_ram/mem_reg[84][4]

  Ref  DFF        ref:/WORK/zigbee_phy_tx/u_payload_ram/mem_reg[84][5]
  Impl DFF        imp:/WORK/zigbee_phy_tx/u_payload_ram/mem_reg[84][5]

  Ref  DFF        ref:/WORK/zigbee_phy_tx/u_payload_ram/mem_reg[84][6]
  Impl DFF        imp:/WORK/zigbee_phy_tx/u_payload_ram/mem_reg[84][6]

  Ref  DFF        ref:/WORK/zigbee_phy_tx/u_payload_ram/mem_reg[84][7]
  Impl DFF        imp:/WORK/zigbee_phy_tx/u_payload_ram/mem_reg[84][7]

  Ref  DFF        ref:/WORK/zigbee_phy_tx/u_payload_ram/mem_reg[85][0]
  Impl DFF        imp:/WORK/zigbee_phy_tx/u_payload_ram/mem_reg[85][0]

  Ref  DFF        ref:/WORK/zigbee_phy_tx/u_payload_ram/mem_reg[85][1]
  Impl DFF        imp:/WORK/zigbee_phy_tx/u_payload_ram/mem_reg[85][1]

  Ref  DFF        ref:/WORK/zigbee_phy_tx/u_payload_ram/mem_reg[85][2]
  Impl DFF        imp:/WORK/zigbee_phy_tx/u_payload_ram/mem_reg[85][2]

  Ref  DFF        ref:/WORK/zigbee_phy_tx/u_payload_ram/mem_reg[85][3]
  Impl DFF        imp:/WORK/zigbee_phy_tx/u_payload_ram/mem_reg[85][3]

  Ref  DFF        ref:/WORK/zigbee_phy_tx/u_payload_ram/mem_reg[85][4]
  Impl DFF        imp:/WORK/zigbee_phy_tx/u_payload_ram/mem_reg[85][4]

  Ref  DFF        ref:/WORK/zigbee_phy_tx/u_payload_ram/mem_reg[85][5]
  Impl DFF        imp:/WORK/zigbee_phy_tx/u_payload_ram/mem_reg[85][5]

  Ref  DFF        ref:/WORK/zigbee_phy_tx/u_payload_ram/mem_reg[85][6]
  Impl DFF        imp:/WORK/zigbee_phy_tx/u_payload_ram/mem_reg[85][6]

  Ref  DFF        ref:/WORK/zigbee_phy_tx/u_payload_ram/mem_reg[85][7]
  Impl DFF        imp:/WORK/zigbee_phy_tx/u_payload_ram/mem_reg[85][7]

  Ref  DFF        ref:/WORK/zigbee_phy_tx/u_payload_ram/mem_reg[86][0]
  Impl DFF        imp:/WORK/zigbee_phy_tx/u_payload_ram/mem_reg[86][0]

  Ref  DFF        ref:/WORK/zigbee_phy_tx/u_payload_ram/mem_reg[86][1]
  Impl DFF        imp:/WORK/zigbee_phy_tx/u_payload_ram/mem_reg[86][1]

  Ref  DFF        ref:/WORK/zigbee_phy_tx/u_payload_ram/mem_reg[86][2]
  Impl DFF        imp:/WORK/zigbee_phy_tx/u_payload_ram/mem_reg[86][2]

  Ref  DFF        ref:/WORK/zigbee_phy_tx/u_payload_ram/mem_reg[86][3]
  Impl DFF        imp:/WORK/zigbee_phy_tx/u_payload_ram/mem_reg[86][3]

  Ref  DFF        ref:/WORK/zigbee_phy_tx/u_payload_ram/mem_reg[86][4]
  Impl DFF        imp:/WORK/zigbee_phy_tx/u_payload_ram/mem_reg[86][4]

  Ref  DFF        ref:/WORK/zigbee_phy_tx/u_payload_ram/mem_reg[86][5]
  Impl DFF        imp:/WORK/zigbee_phy_tx/u_payload_ram/mem_reg[86][5]

  Ref  DFF        ref:/WORK/zigbee_phy_tx/u_payload_ram/mem_reg[86][6]
  Impl DFF        imp:/WORK/zigbee_phy_tx/u_payload_ram/mem_reg[86][6]

  Ref  DFF        ref:/WORK/zigbee_phy_tx/u_payload_ram/mem_reg[86][7]
  Impl DFF        imp:/WORK/zigbee_phy_tx/u_payload_ram/mem_reg[86][7]

  Ref  DFF        ref:/WORK/zigbee_phy_tx/u_payload_ram/mem_reg[87][0]
  Impl DFF        imp:/WORK/zigbee_phy_tx/u_payload_ram/mem_reg[87][0]

  Ref  DFF        ref:/WORK/zigbee_phy_tx/u_payload_ram/mem_reg[87][1]
  Impl DFF        imp:/WORK/zigbee_phy_tx/u_payload_ram/mem_reg[87][1]

  Ref  DFF        ref:/WORK/zigbee_phy_tx/u_payload_ram/mem_reg[87][2]
  Impl DFF        imp:/WORK/zigbee_phy_tx/u_payload_ram/mem_reg[87][2]

  Ref  DFF        ref:/WORK/zigbee_phy_tx/u_payload_ram/mem_reg[87][3]
  Impl DFF        imp:/WORK/zigbee_phy_tx/u_payload_ram/mem_reg[87][3]

  Ref  DFF        ref:/WORK/zigbee_phy_tx/u_payload_ram/mem_reg[87][4]
  Impl DFF        imp:/WORK/zigbee_phy_tx/u_payload_ram/mem_reg[87][4]

  Ref  DFF        ref:/WORK/zigbee_phy_tx/u_payload_ram/mem_reg[87][5]
  Impl DFF        imp:/WORK/zigbee_phy_tx/u_payload_ram/mem_reg[87][5]

  Ref  DFF        ref:/WORK/zigbee_phy_tx/u_payload_ram/mem_reg[87][6]
  Impl DFF        imp:/WORK/zigbee_phy_tx/u_payload_ram/mem_reg[87][6]

  Ref  DFF        ref:/WORK/zigbee_phy_tx/u_payload_ram/mem_reg[87][7]
  Impl DFF        imp:/WORK/zigbee_phy_tx/u_payload_ram/mem_reg[87][7]

  Ref  DFF        ref:/WORK/zigbee_phy_tx/u_payload_ram/mem_reg[88][0]
  Impl DFF        imp:/WORK/zigbee_phy_tx/u_payload_ram/mem_reg[88][0]

  Ref  DFF        ref:/WORK/zigbee_phy_tx/u_payload_ram/mem_reg[88][1]
  Impl DFF        imp:/WORK/zigbee_phy_tx/u_payload_ram/mem_reg[88][1]

  Ref  DFF        ref:/WORK/zigbee_phy_tx/u_payload_ram/mem_reg[88][2]
  Impl DFF        imp:/WORK/zigbee_phy_tx/u_payload_ram/mem_reg[88][2]

  Ref  DFF        ref:/WORK/zigbee_phy_tx/u_payload_ram/mem_reg[88][3]
  Impl DFF        imp:/WORK/zigbee_phy_tx/u_payload_ram/mem_reg[88][3]

  Ref  DFF        ref:/WORK/zigbee_phy_tx/u_payload_ram/mem_reg[88][4]
  Impl DFF        imp:/WORK/zigbee_phy_tx/u_payload_ram/mem_reg[88][4]

  Ref  DFF        ref:/WORK/zigbee_phy_tx/u_payload_ram/mem_reg[88][5]
  Impl DFF        imp:/WORK/zigbee_phy_tx/u_payload_ram/mem_reg[88][5]

  Ref  DFF        ref:/WORK/zigbee_phy_tx/u_payload_ram/mem_reg[88][6]
  Impl DFF        imp:/WORK/zigbee_phy_tx/u_payload_ram/mem_reg[88][6]

  Ref  DFF        ref:/WORK/zigbee_phy_tx/u_payload_ram/mem_reg[88][7]
  Impl DFF        imp:/WORK/zigbee_phy_tx/u_payload_ram/mem_reg[88][7]

  Ref  DFF        ref:/WORK/zigbee_phy_tx/u_payload_ram/mem_reg[89][0]
  Impl DFF        imp:/WORK/zigbee_phy_tx/u_payload_ram/mem_reg[89][0]

  Ref  DFF        ref:/WORK/zigbee_phy_tx/u_payload_ram/mem_reg[89][1]
  Impl DFF        imp:/WORK/zigbee_phy_tx/u_payload_ram/mem_reg[89][1]

  Ref  DFF        ref:/WORK/zigbee_phy_tx/u_payload_ram/mem_reg[89][2]
  Impl DFF        imp:/WORK/zigbee_phy_tx/u_payload_ram/mem_reg[89][2]

  Ref  DFF        ref:/WORK/zigbee_phy_tx/u_payload_ram/mem_reg[89][3]
  Impl DFF        imp:/WORK/zigbee_phy_tx/u_payload_ram/mem_reg[89][3]

  Ref  DFF        ref:/WORK/zigbee_phy_tx/u_payload_ram/mem_reg[89][4]
  Impl DFF        imp:/WORK/zigbee_phy_tx/u_payload_ram/mem_reg[89][4]

  Ref  DFF        ref:/WORK/zigbee_phy_tx/u_payload_ram/mem_reg[89][5]
  Impl DFF        imp:/WORK/zigbee_phy_tx/u_payload_ram/mem_reg[89][5]

  Ref  DFF        ref:/WORK/zigbee_phy_tx/u_payload_ram/mem_reg[89][6]
  Impl DFF        imp:/WORK/zigbee_phy_tx/u_payload_ram/mem_reg[89][6]

  Ref  DFF        ref:/WORK/zigbee_phy_tx/u_payload_ram/mem_reg[89][7]
  Impl DFF        imp:/WORK/zigbee_phy_tx/u_payload_ram/mem_reg[89][7]

  Ref  DFF        ref:/WORK/zigbee_phy_tx/u_payload_ram/mem_reg[8][0]
  Impl DFF        imp:/WORK/zigbee_phy_tx/u_payload_ram/mem_reg[8][0]

  Ref  DFF        ref:/WORK/zigbee_phy_tx/u_payload_ram/mem_reg[8][1]
  Impl DFF        imp:/WORK/zigbee_phy_tx/u_payload_ram/mem_reg[8][1]

  Ref  DFF        ref:/WORK/zigbee_phy_tx/u_payload_ram/mem_reg[8][2]
  Impl DFF        imp:/WORK/zigbee_phy_tx/u_payload_ram/mem_reg[8][2]

  Ref  DFF        ref:/WORK/zigbee_phy_tx/u_payload_ram/mem_reg[8][3]
  Impl DFF        imp:/WORK/zigbee_phy_tx/u_payload_ram/mem_reg[8][3]

  Ref  DFF        ref:/WORK/zigbee_phy_tx/u_payload_ram/mem_reg[8][4]
  Impl DFF        imp:/WORK/zigbee_phy_tx/u_payload_ram/mem_reg[8][4]

  Ref  DFF        ref:/WORK/zigbee_phy_tx/u_payload_ram/mem_reg[8][5]
  Impl DFF        imp:/WORK/zigbee_phy_tx/u_payload_ram/mem_reg[8][5]

  Ref  DFF        ref:/WORK/zigbee_phy_tx/u_payload_ram/mem_reg[8][6]
  Impl DFF        imp:/WORK/zigbee_phy_tx/u_payload_ram/mem_reg[8][6]

  Ref  DFF        ref:/WORK/zigbee_phy_tx/u_payload_ram/mem_reg[8][7]
  Impl DFF        imp:/WORK/zigbee_phy_tx/u_payload_ram/mem_reg[8][7]

  Ref  DFF        ref:/WORK/zigbee_phy_tx/u_payload_ram/mem_reg[90][0]
  Impl DFF        imp:/WORK/zigbee_phy_tx/u_payload_ram/mem_reg[90][0]

  Ref  DFF        ref:/WORK/zigbee_phy_tx/u_payload_ram/mem_reg[90][1]
  Impl DFF        imp:/WORK/zigbee_phy_tx/u_payload_ram/mem_reg[90][1]

  Ref  DFF        ref:/WORK/zigbee_phy_tx/u_payload_ram/mem_reg[90][2]
  Impl DFF        imp:/WORK/zigbee_phy_tx/u_payload_ram/mem_reg[90][2]

  Ref  DFF        ref:/WORK/zigbee_phy_tx/u_payload_ram/mem_reg[90][3]
  Impl DFF        imp:/WORK/zigbee_phy_tx/u_payload_ram/mem_reg[90][3]

  Ref  DFF        ref:/WORK/zigbee_phy_tx/u_payload_ram/mem_reg[90][4]
  Impl DFF        imp:/WORK/zigbee_phy_tx/u_payload_ram/mem_reg[90][4]

  Ref  DFF        ref:/WORK/zigbee_phy_tx/u_payload_ram/mem_reg[90][5]
  Impl DFF        imp:/WORK/zigbee_phy_tx/u_payload_ram/mem_reg[90][5]

  Ref  DFF        ref:/WORK/zigbee_phy_tx/u_payload_ram/mem_reg[90][6]
  Impl DFF        imp:/WORK/zigbee_phy_tx/u_payload_ram/mem_reg[90][6]

  Ref  DFF        ref:/WORK/zigbee_phy_tx/u_payload_ram/mem_reg[90][7]
  Impl DFF        imp:/WORK/zigbee_phy_tx/u_payload_ram/mem_reg[90][7]

  Ref  DFF        ref:/WORK/zigbee_phy_tx/u_payload_ram/mem_reg[91][0]
  Impl DFF        imp:/WORK/zigbee_phy_tx/u_payload_ram/mem_reg[91][0]

  Ref  DFF        ref:/WORK/zigbee_phy_tx/u_payload_ram/mem_reg[91][1]
  Impl DFF        imp:/WORK/zigbee_phy_tx/u_payload_ram/mem_reg[91][1]

  Ref  DFF        ref:/WORK/zigbee_phy_tx/u_payload_ram/mem_reg[91][2]
  Impl DFF        imp:/WORK/zigbee_phy_tx/u_payload_ram/mem_reg[91][2]

  Ref  DFF        ref:/WORK/zigbee_phy_tx/u_payload_ram/mem_reg[91][3]
  Impl DFF        imp:/WORK/zigbee_phy_tx/u_payload_ram/mem_reg[91][3]

  Ref  DFF        ref:/WORK/zigbee_phy_tx/u_payload_ram/mem_reg[91][4]
  Impl DFF        imp:/WORK/zigbee_phy_tx/u_payload_ram/mem_reg[91][4]

  Ref  DFF        ref:/WORK/zigbee_phy_tx/u_payload_ram/mem_reg[91][5]
  Impl DFF        imp:/WORK/zigbee_phy_tx/u_payload_ram/mem_reg[91][5]

  Ref  DFF        ref:/WORK/zigbee_phy_tx/u_payload_ram/mem_reg[91][6]
  Impl DFF        imp:/WORK/zigbee_phy_tx/u_payload_ram/mem_reg[91][6]

  Ref  DFF        ref:/WORK/zigbee_phy_tx/u_payload_ram/mem_reg[91][7]
  Impl DFF        imp:/WORK/zigbee_phy_tx/u_payload_ram/mem_reg[91][7]

  Ref  DFF        ref:/WORK/zigbee_phy_tx/u_payload_ram/mem_reg[92][0]
  Impl DFF        imp:/WORK/zigbee_phy_tx/u_payload_ram/mem_reg[92][0]

  Ref  DFF        ref:/WORK/zigbee_phy_tx/u_payload_ram/mem_reg[92][1]
  Impl DFF        imp:/WORK/zigbee_phy_tx/u_payload_ram/mem_reg[92][1]

  Ref  DFF        ref:/WORK/zigbee_phy_tx/u_payload_ram/mem_reg[92][2]
  Impl DFF        imp:/WORK/zigbee_phy_tx/u_payload_ram/mem_reg[92][2]

  Ref  DFF        ref:/WORK/zigbee_phy_tx/u_payload_ram/mem_reg[92][3]
  Impl DFF        imp:/WORK/zigbee_phy_tx/u_payload_ram/mem_reg[92][3]

  Ref  DFF        ref:/WORK/zigbee_phy_tx/u_payload_ram/mem_reg[92][4]
  Impl DFF        imp:/WORK/zigbee_phy_tx/u_payload_ram/mem_reg[92][4]

  Ref  DFF        ref:/WORK/zigbee_phy_tx/u_payload_ram/mem_reg[92][5]
  Impl DFF        imp:/WORK/zigbee_phy_tx/u_payload_ram/mem_reg[92][5]

  Ref  DFF        ref:/WORK/zigbee_phy_tx/u_payload_ram/mem_reg[92][6]
  Impl DFF        imp:/WORK/zigbee_phy_tx/u_payload_ram/mem_reg[92][6]

  Ref  DFF        ref:/WORK/zigbee_phy_tx/u_payload_ram/mem_reg[92][7]
  Impl DFF        imp:/WORK/zigbee_phy_tx/u_payload_ram/mem_reg[92][7]

  Ref  DFF        ref:/WORK/zigbee_phy_tx/u_payload_ram/mem_reg[93][0]
  Impl DFF        imp:/WORK/zigbee_phy_tx/u_payload_ram/mem_reg[93][0]

  Ref  DFF        ref:/WORK/zigbee_phy_tx/u_payload_ram/mem_reg[93][1]
  Impl DFF        imp:/WORK/zigbee_phy_tx/u_payload_ram/mem_reg[93][1]

  Ref  DFF        ref:/WORK/zigbee_phy_tx/u_payload_ram/mem_reg[93][2]
  Impl DFF        imp:/WORK/zigbee_phy_tx/u_payload_ram/mem_reg[93][2]

  Ref  DFF        ref:/WORK/zigbee_phy_tx/u_payload_ram/mem_reg[93][3]
  Impl DFF        imp:/WORK/zigbee_phy_tx/u_payload_ram/mem_reg[93][3]

  Ref  DFF        ref:/WORK/zigbee_phy_tx/u_payload_ram/mem_reg[93][4]
  Impl DFF        imp:/WORK/zigbee_phy_tx/u_payload_ram/mem_reg[93][4]

  Ref  DFF        ref:/WORK/zigbee_phy_tx/u_payload_ram/mem_reg[93][5]
  Impl DFF        imp:/WORK/zigbee_phy_tx/u_payload_ram/mem_reg[93][5]

  Ref  DFF        ref:/WORK/zigbee_phy_tx/u_payload_ram/mem_reg[93][6]
  Impl DFF        imp:/WORK/zigbee_phy_tx/u_payload_ram/mem_reg[93][6]

  Ref  DFF        ref:/WORK/zigbee_phy_tx/u_payload_ram/mem_reg[93][7]
  Impl DFF        imp:/WORK/zigbee_phy_tx/u_payload_ram/mem_reg[93][7]

  Ref  DFF        ref:/WORK/zigbee_phy_tx/u_payload_ram/mem_reg[94][0]
  Impl DFF        imp:/WORK/zigbee_phy_tx/u_payload_ram/mem_reg[94][0]

  Ref  DFF        ref:/WORK/zigbee_phy_tx/u_payload_ram/mem_reg[94][1]
  Impl DFF        imp:/WORK/zigbee_phy_tx/u_payload_ram/mem_reg[94][1]

  Ref  DFF        ref:/WORK/zigbee_phy_tx/u_payload_ram/mem_reg[94][2]
  Impl DFF        imp:/WORK/zigbee_phy_tx/u_payload_ram/mem_reg[94][2]

  Ref  DFF        ref:/WORK/zigbee_phy_tx/u_payload_ram/mem_reg[94][3]
  Impl DFF        imp:/WORK/zigbee_phy_tx/u_payload_ram/mem_reg[94][3]

  Ref  DFF        ref:/WORK/zigbee_phy_tx/u_payload_ram/mem_reg[94][4]
  Impl DFF        imp:/WORK/zigbee_phy_tx/u_payload_ram/mem_reg[94][4]

  Ref  DFF        ref:/WORK/zigbee_phy_tx/u_payload_ram/mem_reg[94][5]
  Impl DFF        imp:/WORK/zigbee_phy_tx/u_payload_ram/mem_reg[94][5]

  Ref  DFF        ref:/WORK/zigbee_phy_tx/u_payload_ram/mem_reg[94][6]
  Impl DFF        imp:/WORK/zigbee_phy_tx/u_payload_ram/mem_reg[94][6]

  Ref  DFF        ref:/WORK/zigbee_phy_tx/u_payload_ram/mem_reg[94][7]
  Impl DFF        imp:/WORK/zigbee_phy_tx/u_payload_ram/mem_reg[94][7]

  Ref  DFF        ref:/WORK/zigbee_phy_tx/u_payload_ram/mem_reg[95][0]
  Impl DFF        imp:/WORK/zigbee_phy_tx/u_payload_ram/mem_reg[95][0]

  Ref  DFF        ref:/WORK/zigbee_phy_tx/u_payload_ram/mem_reg[95][1]
  Impl DFF        imp:/WORK/zigbee_phy_tx/u_payload_ram/mem_reg[95][1]

  Ref  DFF        ref:/WORK/zigbee_phy_tx/u_payload_ram/mem_reg[95][2]
  Impl DFF        imp:/WORK/zigbee_phy_tx/u_payload_ram/mem_reg[95][2]

  Ref  DFF        ref:/WORK/zigbee_phy_tx/u_payload_ram/mem_reg[95][3]
  Impl DFF        imp:/WORK/zigbee_phy_tx/u_payload_ram/mem_reg[95][3]

  Ref  DFF        ref:/WORK/zigbee_phy_tx/u_payload_ram/mem_reg[95][4]
  Impl DFF        imp:/WORK/zigbee_phy_tx/u_payload_ram/mem_reg[95][4]

  Ref  DFF        ref:/WORK/zigbee_phy_tx/u_payload_ram/mem_reg[95][5]
  Impl DFF        imp:/WORK/zigbee_phy_tx/u_payload_ram/mem_reg[95][5]

  Ref  DFF        ref:/WORK/zigbee_phy_tx/u_payload_ram/mem_reg[95][6]
  Impl DFF        imp:/WORK/zigbee_phy_tx/u_payload_ram/mem_reg[95][6]

  Ref  DFF        ref:/WORK/zigbee_phy_tx/u_payload_ram/mem_reg[95][7]
  Impl DFF        imp:/WORK/zigbee_phy_tx/u_payload_ram/mem_reg[95][7]

  Ref  DFF        ref:/WORK/zigbee_phy_tx/u_payload_ram/mem_reg[96][0]
  Impl DFF        imp:/WORK/zigbee_phy_tx/u_payload_ram/mem_reg[96][0]

  Ref  DFF        ref:/WORK/zigbee_phy_tx/u_payload_ram/mem_reg[96][1]
  Impl DFF        imp:/WORK/zigbee_phy_tx/u_payload_ram/mem_reg[96][1]

  Ref  DFF        ref:/WORK/zigbee_phy_tx/u_payload_ram/mem_reg[96][2]
  Impl DFF        imp:/WORK/zigbee_phy_tx/u_payload_ram/mem_reg[96][2]

  Ref  DFF        ref:/WORK/zigbee_phy_tx/u_payload_ram/mem_reg[96][3]
  Impl DFF        imp:/WORK/zigbee_phy_tx/u_payload_ram/mem_reg[96][3]

  Ref  DFF        ref:/WORK/zigbee_phy_tx/u_payload_ram/mem_reg[96][4]
  Impl DFF        imp:/WORK/zigbee_phy_tx/u_payload_ram/mem_reg[96][4]

  Ref  DFF        ref:/WORK/zigbee_phy_tx/u_payload_ram/mem_reg[96][5]
  Impl DFF        imp:/WORK/zigbee_phy_tx/u_payload_ram/mem_reg[96][5]

  Ref  DFF        ref:/WORK/zigbee_phy_tx/u_payload_ram/mem_reg[96][6]
  Impl DFF        imp:/WORK/zigbee_phy_tx/u_payload_ram/mem_reg[96][6]

  Ref  DFF        ref:/WORK/zigbee_phy_tx/u_payload_ram/mem_reg[96][7]
  Impl DFF        imp:/WORK/zigbee_phy_tx/u_payload_ram/mem_reg[96][7]

  Ref  DFF        ref:/WORK/zigbee_phy_tx/u_payload_ram/mem_reg[97][0]
  Impl DFF        imp:/WORK/zigbee_phy_tx/u_payload_ram/mem_reg[97][0]

  Ref  DFF        ref:/WORK/zigbee_phy_tx/u_payload_ram/mem_reg[97][1]
  Impl DFF        imp:/WORK/zigbee_phy_tx/u_payload_ram/mem_reg[97][1]

  Ref  DFF        ref:/WORK/zigbee_phy_tx/u_payload_ram/mem_reg[97][2]
  Impl DFF        imp:/WORK/zigbee_phy_tx/u_payload_ram/mem_reg[97][2]

  Ref  DFF        ref:/WORK/zigbee_phy_tx/u_payload_ram/mem_reg[97][3]
  Impl DFF        imp:/WORK/zigbee_phy_tx/u_payload_ram/mem_reg[97][3]

  Ref  DFF        ref:/WORK/zigbee_phy_tx/u_payload_ram/mem_reg[97][4]
  Impl DFF        imp:/WORK/zigbee_phy_tx/u_payload_ram/mem_reg[97][4]

  Ref  DFF        ref:/WORK/zigbee_phy_tx/u_payload_ram/mem_reg[97][5]
  Impl DFF        imp:/WORK/zigbee_phy_tx/u_payload_ram/mem_reg[97][5]

  Ref  DFF        ref:/WORK/zigbee_phy_tx/u_payload_ram/mem_reg[97][6]
  Impl DFF        imp:/WORK/zigbee_phy_tx/u_payload_ram/mem_reg[97][6]

  Ref  DFF        ref:/WORK/zigbee_phy_tx/u_payload_ram/mem_reg[97][7]
  Impl DFF        imp:/WORK/zigbee_phy_tx/u_payload_ram/mem_reg[97][7]

  Ref  DFF        ref:/WORK/zigbee_phy_tx/u_payload_ram/mem_reg[98][0]
  Impl DFF        imp:/WORK/zigbee_phy_tx/u_payload_ram/mem_reg[98][0]

  Ref  DFF        ref:/WORK/zigbee_phy_tx/u_payload_ram/mem_reg[98][1]
  Impl DFF        imp:/WORK/zigbee_phy_tx/u_payload_ram/mem_reg[98][1]

  Ref  DFF        ref:/WORK/zigbee_phy_tx/u_payload_ram/mem_reg[98][2]
  Impl DFF        imp:/WORK/zigbee_phy_tx/u_payload_ram/mem_reg[98][2]

  Ref  DFF        ref:/WORK/zigbee_phy_tx/u_payload_ram/mem_reg[98][3]
  Impl DFF        imp:/WORK/zigbee_phy_tx/u_payload_ram/mem_reg[98][3]

  Ref  DFF        ref:/WORK/zigbee_phy_tx/u_payload_ram/mem_reg[98][4]
  Impl DFF        imp:/WORK/zigbee_phy_tx/u_payload_ram/mem_reg[98][4]

  Ref  DFF        ref:/WORK/zigbee_phy_tx/u_payload_ram/mem_reg[98][5]
  Impl DFF        imp:/WORK/zigbee_phy_tx/u_payload_ram/mem_reg[98][5]

  Ref  DFF        ref:/WORK/zigbee_phy_tx/u_payload_ram/mem_reg[98][6]
  Impl DFF        imp:/WORK/zigbee_phy_tx/u_payload_ram/mem_reg[98][6]

  Ref  DFF        ref:/WORK/zigbee_phy_tx/u_payload_ram/mem_reg[98][7]
  Impl DFF        imp:/WORK/zigbee_phy_tx/u_payload_ram/mem_reg[98][7]

  Ref  DFF        ref:/WORK/zigbee_phy_tx/u_payload_ram/mem_reg[99][0]
  Impl DFF        imp:/WORK/zigbee_phy_tx/u_payload_ram/mem_reg[99][0]

  Ref  DFF        ref:/WORK/zigbee_phy_tx/u_payload_ram/mem_reg[99][1]
  Impl DFF        imp:/WORK/zigbee_phy_tx/u_payload_ram/mem_reg[99][1]

  Ref  DFF        ref:/WORK/zigbee_phy_tx/u_payload_ram/mem_reg[99][2]
  Impl DFF        imp:/WORK/zigbee_phy_tx/u_payload_ram/mem_reg[99][2]

  Ref  DFF        ref:/WORK/zigbee_phy_tx/u_payload_ram/mem_reg[99][3]
  Impl DFF        imp:/WORK/zigbee_phy_tx/u_payload_ram/mem_reg[99][3]

  Ref  DFF        ref:/WORK/zigbee_phy_tx/u_payload_ram/mem_reg[99][4]
  Impl DFF        imp:/WORK/zigbee_phy_tx/u_payload_ram/mem_reg[99][4]

  Ref  DFF        ref:/WORK/zigbee_phy_tx/u_payload_ram/mem_reg[99][5]
  Impl DFF        imp:/WORK/zigbee_phy_tx/u_payload_ram/mem_reg[99][5]

  Ref  DFF        ref:/WORK/zigbee_phy_tx/u_payload_ram/mem_reg[99][6]
  Impl DFF        imp:/WORK/zigbee_phy_tx/u_payload_ram/mem_reg[99][6]

  Ref  DFF        ref:/WORK/zigbee_phy_tx/u_payload_ram/mem_reg[99][7]
  Impl DFF        imp:/WORK/zigbee_phy_tx/u_payload_ram/mem_reg[99][7]

  Ref  DFF        ref:/WORK/zigbee_phy_tx/u_payload_ram/mem_reg[9][0]
  Impl DFF        imp:/WORK/zigbee_phy_tx/u_payload_ram/mem_reg[9][0]

  Ref  DFF        ref:/WORK/zigbee_phy_tx/u_payload_ram/mem_reg[9][1]
  Impl DFF        imp:/WORK/zigbee_phy_tx/u_payload_ram/mem_reg[9][1]

  Ref  DFF        ref:/WORK/zigbee_phy_tx/u_payload_ram/mem_reg[9][2]
  Impl DFF        imp:/WORK/zigbee_phy_tx/u_payload_ram/mem_reg[9][2]

  Ref  DFF        ref:/WORK/zigbee_phy_tx/u_payload_ram/mem_reg[9][3]
  Impl DFF        imp:/WORK/zigbee_phy_tx/u_payload_ram/mem_reg[9][3]

  Ref  DFF        ref:/WORK/zigbee_phy_tx/u_payload_ram/mem_reg[9][4]
  Impl DFF        imp:/WORK/zigbee_phy_tx/u_payload_ram/mem_reg[9][4]

  Ref  DFF        ref:/WORK/zigbee_phy_tx/u_payload_ram/mem_reg[9][5]
  Impl DFF        imp:/WORK/zigbee_phy_tx/u_payload_ram/mem_reg[9][5]

  Ref  DFF        ref:/WORK/zigbee_phy_tx/u_payload_ram/mem_reg[9][6]
  Impl DFF        imp:/WORK/zigbee_phy_tx/u_payload_ram/mem_reg[9][6]

  Ref  DFF        ref:/WORK/zigbee_phy_tx/u_payload_ram/mem_reg[9][7]
  Impl DFF        imp:/WORK/zigbee_phy_tx/u_payload_ram/mem_reg[9][7]

  Ref  DFF        ref:/WORK/zigbee_phy_tx/u_sm_I/bit_cnt_reg[0]
  Impl DFF        imp:/WORK/zigbee_phy_tx/u_sm_I/bit_cnt_reg[0]

  Ref  DFF        ref:/WORK/zigbee_phy_tx/u_sm_I/bit_cnt_reg[1]
  Impl DFF        imp:/WORK/zigbee_phy_tx/u_sm_I/bit_cnt_reg[1]

  Ref  DFF        ref:/WORK/zigbee_phy_tx/u_sm_I/data_out_reg[0]
  Impl DFF        imp:/WORK/zigbee_phy_tx/u_sm_I/data_out_reg[0]

  Ref  DFF        ref:/WORK/zigbee_phy_tx/u_sm_I/data_out_reg[1]
  Impl DFF        imp:/WORK/zigbee_phy_tx/u_sm_I/data_out_reg[1]

  Ref  DFF        ref:/WORK/zigbee_phy_tx/u_sm_I/data_out_reg[2]
  Impl DFF        imp:/WORK/zigbee_phy_tx/u_sm_I/data_out_reg[2]

  Ref  DFF        ref:/WORK/zigbee_phy_tx/u_sm_I/data_out_reg[3]
  Impl DFF        imp:/WORK/zigbee_phy_tx/u_sm_I/data_out_reg[3]

  Ref  DFF        ref:/WORK/zigbee_phy_tx/u_sm_I/en_w_reg
  Impl DFF        imp:/WORK/zigbee_phy_tx/u_sm_I/en_w_reg

  Ref  DFF        ref:/WORK/zigbee_phy_tx/u_sm_I/shift_reg_reg[0]
  Impl DFF        imp:/WORK/zigbee_phy_tx/u_sm_I/shift_reg_reg[0]

  Ref  DFF        ref:/WORK/zigbee_phy_tx/u_sm_I/shift_reg_reg[1]
  Impl DFF        imp:/WORK/zigbee_phy_tx/u_sm_I/shift_reg_reg[1]

  Ref  DFF        ref:/WORK/zigbee_phy_tx/u_sm_I/wr_addr_reg[0]
  Impl DFF        imp:/WORK/zigbee_phy_tx/u_sm_I/wr_addr_reg[0]

  Ref  DFF        ref:/WORK/zigbee_phy_tx/u_sm_I/wr_addr_reg[1]
  Impl DFF        imp:/WORK/zigbee_phy_tx/u_sm_I/wr_addr_reg[1]

  Ref  DFF        ref:/WORK/zigbee_phy_tx/u_sm_I/wr_addr_reg[2]
  Impl DFF        imp:/WORK/zigbee_phy_tx/u_sm_I/wr_addr_reg[2]

  Ref  DFF        ref:/WORK/zigbee_phy_tx/u_sm_I/wr_addr_reg[3]
  Impl DFF        imp:/WORK/zigbee_phy_tx/u_sm_I/wr_addr_reg[3]

  Ref  DFF        ref:/WORK/zigbee_phy_tx/u_sm_I/wr_addr_reg[4]
  Impl DFF        imp:/WORK/zigbee_phy_tx/u_sm_I/wr_addr_reg[4]

  Ref  DFF        ref:/WORK/zigbee_phy_tx/u_sm_I/wr_addr_reg[5]
  Impl DFF        imp:/WORK/zigbee_phy_tx/u_sm_I/wr_addr_reg[5]

  Ref  DFF        ref:/WORK/zigbee_phy_tx/u_sm_I/wr_addr_reg[6]
  Impl DFF        imp:/WORK/zigbee_phy_tx/u_sm_I/wr_addr_reg[6]

  Ref  DFF        ref:/WORK/zigbee_phy_tx/u_sm_I/wr_addr_reg[7]
  Impl DFF        imp:/WORK/zigbee_phy_tx/u_sm_I/wr_addr_reg[7]

  Ref  DFF        ref:/WORK/zigbee_phy_tx/u_sm_Q/bit_cnt_reg[0]
  Impl DFF        imp:/WORK/zigbee_phy_tx/u_sm_Q/bit_cnt_reg[0]

  Ref  DFF        ref:/WORK/zigbee_phy_tx/u_sm_Q/bit_cnt_reg[1]
  Impl DFF        imp:/WORK/zigbee_phy_tx/u_sm_Q/bit_cnt_reg[1]

  Ref  DFF        ref:/WORK/zigbee_phy_tx/u_sm_Q/data_out_reg[0]
  Impl DFF        imp:/WORK/zigbee_phy_tx/u_sm_Q/data_out_reg[0]

  Ref  DFF        ref:/WORK/zigbee_phy_tx/u_sm_Q/data_out_reg[1]
  Impl DFF        imp:/WORK/zigbee_phy_tx/u_sm_Q/data_out_reg[1]

  Ref  DFF        ref:/WORK/zigbee_phy_tx/u_sm_Q/data_out_reg[2]
  Impl DFF        imp:/WORK/zigbee_phy_tx/u_sm_Q/data_out_reg[2]

  Ref  DFF        ref:/WORK/zigbee_phy_tx/u_sm_Q/data_out_reg[3]
  Impl DFF        imp:/WORK/zigbee_phy_tx/u_sm_Q/data_out_reg[3]

  Ref  DFF        ref:/WORK/zigbee_phy_tx/u_sm_Q/en_w_reg
  Impl DFF        imp:/WORK/zigbee_phy_tx/u_sm_Q/en_w_reg

  Ref  DFF        ref:/WORK/zigbee_phy_tx/u_sm_Q/shift_reg_reg[0]
  Impl DFF        imp:/WORK/zigbee_phy_tx/u_sm_Q/shift_reg_reg[0]

  Ref  DFF        ref:/WORK/zigbee_phy_tx/u_sm_Q/shift_reg_reg[1]
  Impl DFF        imp:/WORK/zigbee_phy_tx/u_sm_Q/shift_reg_reg[1]

  Ref  DFF        ref:/WORK/zigbee_phy_tx/u_sm_Q/wr_addr_reg[0]
  Impl DFF        imp:/WORK/zigbee_phy_tx/u_sm_Q/wr_addr_reg[0]

  Ref  DFF        ref:/WORK/zigbee_phy_tx/u_sm_Q/wr_addr_reg[1]
  Impl DFF        imp:/WORK/zigbee_phy_tx/u_sm_Q/wr_addr_reg[1]

  Ref  DFF        ref:/WORK/zigbee_phy_tx/u_sm_Q/wr_addr_reg[2]
  Impl DFF        imp:/WORK/zigbee_phy_tx/u_sm_Q/wr_addr_reg[2]

  Ref  DFF        ref:/WORK/zigbee_phy_tx/u_sm_Q/wr_addr_reg[3]
  Impl DFF        imp:/WORK/zigbee_phy_tx/u_sm_Q/wr_addr_reg[3]

  Ref  DFF        ref:/WORK/zigbee_phy_tx/u_sm_Q/wr_addr_reg[4]
  Impl DFF        imp:/WORK/zigbee_phy_tx/u_sm_Q/wr_addr_reg[4]

  Ref  DFF        ref:/WORK/zigbee_phy_tx/u_sm_Q/wr_addr_reg[5]
  Impl DFF        imp:/WORK/zigbee_phy_tx/u_sm_Q/wr_addr_reg[5]

  Ref  DFF        ref:/WORK/zigbee_phy_tx/u_sm_Q/wr_addr_reg[6]
  Impl DFF        imp:/WORK/zigbee_phy_tx/u_sm_Q/wr_addr_reg[6]

  Ref  DFF        ref:/WORK/zigbee_phy_tx/u_sm_Q/wr_addr_reg[7]
  Impl DFF        imp:/WORK/zigbee_phy_tx/u_sm_Q/wr_addr_reg[7]

  Ref  DFF        ref:/WORK/zigbee_phy_tx/u_sm_ram_I/data_out_reg[0]
  Impl DFF        imp:/WORK/zigbee_phy_tx/u_sm_ram_I/data_out_reg[0]

  Ref  DFF        ref:/WORK/zigbee_phy_tx/u_sm_ram_I/data_out_reg[1]
  Impl DFF        imp:/WORK/zigbee_phy_tx/u_sm_ram_I/data_out_reg[1]

  Ref  DFF        ref:/WORK/zigbee_phy_tx/u_sm_ram_I/data_out_reg[2]
  Impl DFF        imp:/WORK/zigbee_phy_tx/u_sm_ram_I/data_out_reg[2]

  Ref  DFF        ref:/WORK/zigbee_phy_tx/u_sm_ram_I/data_out_reg[3]
  Impl DFF        imp:/WORK/zigbee_phy_tx/u_sm_ram_I/data_out_reg[3]

  Ref  DFF        ref:/WORK/zigbee_phy_tx/u_sm_ram_I/mem_reg[0][0]
  Impl DFF        imp:/WORK/zigbee_phy_tx/u_sm_ram_I/mem_reg[0][0]

  Ref  DFF        ref:/WORK/zigbee_phy_tx/u_sm_ram_I/mem_reg[0][1]
  Impl DFF        imp:/WORK/zigbee_phy_tx/u_sm_ram_I/mem_reg[0][1]

  Ref  DFF        ref:/WORK/zigbee_phy_tx/u_sm_ram_I/mem_reg[0][2]
  Impl DFF        imp:/WORK/zigbee_phy_tx/u_sm_ram_I/mem_reg[0][2]

  Ref  DFF        ref:/WORK/zigbee_phy_tx/u_sm_ram_I/mem_reg[0][3]
  Impl DFF        imp:/WORK/zigbee_phy_tx/u_sm_ram_I/mem_reg[0][3]

  Ref  DFF        ref:/WORK/zigbee_phy_tx/u_sm_ram_I/mem_reg[100][0]
  Impl DFF        imp:/WORK/zigbee_phy_tx/u_sm_ram_I/mem_reg[100][0]

  Ref  DFF        ref:/WORK/zigbee_phy_tx/u_sm_ram_I/mem_reg[100][1]
  Impl DFF        imp:/WORK/zigbee_phy_tx/u_sm_ram_I/mem_reg[100][1]

  Ref  DFF        ref:/WORK/zigbee_phy_tx/u_sm_ram_I/mem_reg[100][2]
  Impl DFF        imp:/WORK/zigbee_phy_tx/u_sm_ram_I/mem_reg[100][2]

  Ref  DFF        ref:/WORK/zigbee_phy_tx/u_sm_ram_I/mem_reg[100][3]
  Impl DFF        imp:/WORK/zigbee_phy_tx/u_sm_ram_I/mem_reg[100][3]

  Ref  DFF        ref:/WORK/zigbee_phy_tx/u_sm_ram_I/mem_reg[101][0]
  Impl DFF        imp:/WORK/zigbee_phy_tx/u_sm_ram_I/mem_reg[101][0]

  Ref  DFF        ref:/WORK/zigbee_phy_tx/u_sm_ram_I/mem_reg[101][1]
  Impl DFF        imp:/WORK/zigbee_phy_tx/u_sm_ram_I/mem_reg[101][1]

  Ref  DFF        ref:/WORK/zigbee_phy_tx/u_sm_ram_I/mem_reg[101][2]
  Impl DFF        imp:/WORK/zigbee_phy_tx/u_sm_ram_I/mem_reg[101][2]

  Ref  DFF        ref:/WORK/zigbee_phy_tx/u_sm_ram_I/mem_reg[101][3]
  Impl DFF        imp:/WORK/zigbee_phy_tx/u_sm_ram_I/mem_reg[101][3]

  Ref  DFF        ref:/WORK/zigbee_phy_tx/u_sm_ram_I/mem_reg[102][0]
  Impl DFF        imp:/WORK/zigbee_phy_tx/u_sm_ram_I/mem_reg[102][0]

  Ref  DFF        ref:/WORK/zigbee_phy_tx/u_sm_ram_I/mem_reg[102][1]
  Impl DFF        imp:/WORK/zigbee_phy_tx/u_sm_ram_I/mem_reg[102][1]

  Ref  DFF        ref:/WORK/zigbee_phy_tx/u_sm_ram_I/mem_reg[102][2]
  Impl DFF        imp:/WORK/zigbee_phy_tx/u_sm_ram_I/mem_reg[102][2]

  Ref  DFF        ref:/WORK/zigbee_phy_tx/u_sm_ram_I/mem_reg[102][3]
  Impl DFF        imp:/WORK/zigbee_phy_tx/u_sm_ram_I/mem_reg[102][3]

  Ref  DFF        ref:/WORK/zigbee_phy_tx/u_sm_ram_I/mem_reg[103][0]
  Impl DFF        imp:/WORK/zigbee_phy_tx/u_sm_ram_I/mem_reg[103][0]

  Ref  DFF        ref:/WORK/zigbee_phy_tx/u_sm_ram_I/mem_reg[103][1]
  Impl DFF        imp:/WORK/zigbee_phy_tx/u_sm_ram_I/mem_reg[103][1]

  Ref  DFF        ref:/WORK/zigbee_phy_tx/u_sm_ram_I/mem_reg[103][2]
  Impl DFF        imp:/WORK/zigbee_phy_tx/u_sm_ram_I/mem_reg[103][2]

  Ref  DFF        ref:/WORK/zigbee_phy_tx/u_sm_ram_I/mem_reg[103][3]
  Impl DFF        imp:/WORK/zigbee_phy_tx/u_sm_ram_I/mem_reg[103][3]

  Ref  DFF        ref:/WORK/zigbee_phy_tx/u_sm_ram_I/mem_reg[104][0]
  Impl DFF        imp:/WORK/zigbee_phy_tx/u_sm_ram_I/mem_reg[104][0]

  Ref  DFF        ref:/WORK/zigbee_phy_tx/u_sm_ram_I/mem_reg[104][1]
  Impl DFF        imp:/WORK/zigbee_phy_tx/u_sm_ram_I/mem_reg[104][1]

  Ref  DFF        ref:/WORK/zigbee_phy_tx/u_sm_ram_I/mem_reg[104][2]
  Impl DFF        imp:/WORK/zigbee_phy_tx/u_sm_ram_I/mem_reg[104][2]

  Ref  DFF        ref:/WORK/zigbee_phy_tx/u_sm_ram_I/mem_reg[104][3]
  Impl DFF        imp:/WORK/zigbee_phy_tx/u_sm_ram_I/mem_reg[104][3]

  Ref  DFF        ref:/WORK/zigbee_phy_tx/u_sm_ram_I/mem_reg[105][0]
  Impl DFF        imp:/WORK/zigbee_phy_tx/u_sm_ram_I/mem_reg[105][0]

  Ref  DFF        ref:/WORK/zigbee_phy_tx/u_sm_ram_I/mem_reg[105][1]
  Impl DFF        imp:/WORK/zigbee_phy_tx/u_sm_ram_I/mem_reg[105][1]

  Ref  DFF        ref:/WORK/zigbee_phy_tx/u_sm_ram_I/mem_reg[105][2]
  Impl DFF        imp:/WORK/zigbee_phy_tx/u_sm_ram_I/mem_reg[105][2]

  Ref  DFF        ref:/WORK/zigbee_phy_tx/u_sm_ram_I/mem_reg[105][3]
  Impl DFF        imp:/WORK/zigbee_phy_tx/u_sm_ram_I/mem_reg[105][3]

  Ref  DFF        ref:/WORK/zigbee_phy_tx/u_sm_ram_I/mem_reg[106][0]
  Impl DFF        imp:/WORK/zigbee_phy_tx/u_sm_ram_I/mem_reg[106][0]

  Ref  DFF        ref:/WORK/zigbee_phy_tx/u_sm_ram_I/mem_reg[106][1]
  Impl DFF        imp:/WORK/zigbee_phy_tx/u_sm_ram_I/mem_reg[106][1]

  Ref  DFF        ref:/WORK/zigbee_phy_tx/u_sm_ram_I/mem_reg[106][2]
  Impl DFF        imp:/WORK/zigbee_phy_tx/u_sm_ram_I/mem_reg[106][2]

  Ref  DFF        ref:/WORK/zigbee_phy_tx/u_sm_ram_I/mem_reg[106][3]
  Impl DFF        imp:/WORK/zigbee_phy_tx/u_sm_ram_I/mem_reg[106][3]

  Ref  DFF        ref:/WORK/zigbee_phy_tx/u_sm_ram_I/mem_reg[107][0]
  Impl DFF        imp:/WORK/zigbee_phy_tx/u_sm_ram_I/mem_reg[107][0]

  Ref  DFF        ref:/WORK/zigbee_phy_tx/u_sm_ram_I/mem_reg[107][1]
  Impl DFF        imp:/WORK/zigbee_phy_tx/u_sm_ram_I/mem_reg[107][1]

  Ref  DFF        ref:/WORK/zigbee_phy_tx/u_sm_ram_I/mem_reg[107][2]
  Impl DFF        imp:/WORK/zigbee_phy_tx/u_sm_ram_I/mem_reg[107][2]

  Ref  DFF        ref:/WORK/zigbee_phy_tx/u_sm_ram_I/mem_reg[107][3]
  Impl DFF        imp:/WORK/zigbee_phy_tx/u_sm_ram_I/mem_reg[107][3]

  Ref  DFF        ref:/WORK/zigbee_phy_tx/u_sm_ram_I/mem_reg[108][0]
  Impl DFF        imp:/WORK/zigbee_phy_tx/u_sm_ram_I/mem_reg[108][0]

  Ref  DFF        ref:/WORK/zigbee_phy_tx/u_sm_ram_I/mem_reg[108][1]
  Impl DFF        imp:/WORK/zigbee_phy_tx/u_sm_ram_I/mem_reg[108][1]

  Ref  DFF        ref:/WORK/zigbee_phy_tx/u_sm_ram_I/mem_reg[108][2]
  Impl DFF        imp:/WORK/zigbee_phy_tx/u_sm_ram_I/mem_reg[108][2]

  Ref  DFF        ref:/WORK/zigbee_phy_tx/u_sm_ram_I/mem_reg[108][3]
  Impl DFF        imp:/WORK/zigbee_phy_tx/u_sm_ram_I/mem_reg[108][3]

  Ref  DFF        ref:/WORK/zigbee_phy_tx/u_sm_ram_I/mem_reg[109][0]
  Impl DFF        imp:/WORK/zigbee_phy_tx/u_sm_ram_I/mem_reg[109][0]

  Ref  DFF        ref:/WORK/zigbee_phy_tx/u_sm_ram_I/mem_reg[109][1]
  Impl DFF        imp:/WORK/zigbee_phy_tx/u_sm_ram_I/mem_reg[109][1]

  Ref  DFF        ref:/WORK/zigbee_phy_tx/u_sm_ram_I/mem_reg[109][2]
  Impl DFF        imp:/WORK/zigbee_phy_tx/u_sm_ram_I/mem_reg[109][2]

  Ref  DFF        ref:/WORK/zigbee_phy_tx/u_sm_ram_I/mem_reg[109][3]
  Impl DFF        imp:/WORK/zigbee_phy_tx/u_sm_ram_I/mem_reg[109][3]

  Ref  DFF        ref:/WORK/zigbee_phy_tx/u_sm_ram_I/mem_reg[10][0]
  Impl DFF        imp:/WORK/zigbee_phy_tx/u_sm_ram_I/mem_reg[10][0]

  Ref  DFF        ref:/WORK/zigbee_phy_tx/u_sm_ram_I/mem_reg[10][1]
  Impl DFF        imp:/WORK/zigbee_phy_tx/u_sm_ram_I/mem_reg[10][1]

  Ref  DFF        ref:/WORK/zigbee_phy_tx/u_sm_ram_I/mem_reg[10][2]
  Impl DFF        imp:/WORK/zigbee_phy_tx/u_sm_ram_I/mem_reg[10][2]

  Ref  DFF        ref:/WORK/zigbee_phy_tx/u_sm_ram_I/mem_reg[10][3]
  Impl DFF        imp:/WORK/zigbee_phy_tx/u_sm_ram_I/mem_reg[10][3]

  Ref  DFF        ref:/WORK/zigbee_phy_tx/u_sm_ram_I/mem_reg[110][0]
  Impl DFF        imp:/WORK/zigbee_phy_tx/u_sm_ram_I/mem_reg[110][0]

  Ref  DFF        ref:/WORK/zigbee_phy_tx/u_sm_ram_I/mem_reg[110][1]
  Impl DFF        imp:/WORK/zigbee_phy_tx/u_sm_ram_I/mem_reg[110][1]

  Ref  DFF        ref:/WORK/zigbee_phy_tx/u_sm_ram_I/mem_reg[110][2]
  Impl DFF        imp:/WORK/zigbee_phy_tx/u_sm_ram_I/mem_reg[110][2]

  Ref  DFF        ref:/WORK/zigbee_phy_tx/u_sm_ram_I/mem_reg[110][3]
  Impl DFF        imp:/WORK/zigbee_phy_tx/u_sm_ram_I/mem_reg[110][3]

  Ref  DFF        ref:/WORK/zigbee_phy_tx/u_sm_ram_I/mem_reg[111][0]
  Impl DFF        imp:/WORK/zigbee_phy_tx/u_sm_ram_I/mem_reg[111][0]

  Ref  DFF        ref:/WORK/zigbee_phy_tx/u_sm_ram_I/mem_reg[111][1]
  Impl DFF        imp:/WORK/zigbee_phy_tx/u_sm_ram_I/mem_reg[111][1]

  Ref  DFF        ref:/WORK/zigbee_phy_tx/u_sm_ram_I/mem_reg[111][2]
  Impl DFF        imp:/WORK/zigbee_phy_tx/u_sm_ram_I/mem_reg[111][2]

  Ref  DFF        ref:/WORK/zigbee_phy_tx/u_sm_ram_I/mem_reg[111][3]
  Impl DFF        imp:/WORK/zigbee_phy_tx/u_sm_ram_I/mem_reg[111][3]

  Ref  DFF        ref:/WORK/zigbee_phy_tx/u_sm_ram_I/mem_reg[112][0]
  Impl DFF        imp:/WORK/zigbee_phy_tx/u_sm_ram_I/mem_reg[112][0]

  Ref  DFF        ref:/WORK/zigbee_phy_tx/u_sm_ram_I/mem_reg[112][1]
  Impl DFF        imp:/WORK/zigbee_phy_tx/u_sm_ram_I/mem_reg[112][1]

  Ref  DFF        ref:/WORK/zigbee_phy_tx/u_sm_ram_I/mem_reg[112][2]
  Impl DFF        imp:/WORK/zigbee_phy_tx/u_sm_ram_I/mem_reg[112][2]

  Ref  DFF        ref:/WORK/zigbee_phy_tx/u_sm_ram_I/mem_reg[112][3]
  Impl DFF        imp:/WORK/zigbee_phy_tx/u_sm_ram_I/mem_reg[112][3]

  Ref  DFF        ref:/WORK/zigbee_phy_tx/u_sm_ram_I/mem_reg[113][0]
  Impl DFF        imp:/WORK/zigbee_phy_tx/u_sm_ram_I/mem_reg[113][0]

  Ref  DFF        ref:/WORK/zigbee_phy_tx/u_sm_ram_I/mem_reg[113][1]
  Impl DFF        imp:/WORK/zigbee_phy_tx/u_sm_ram_I/mem_reg[113][1]

  Ref  DFF        ref:/WORK/zigbee_phy_tx/u_sm_ram_I/mem_reg[113][2]
  Impl DFF        imp:/WORK/zigbee_phy_tx/u_sm_ram_I/mem_reg[113][2]

  Ref  DFF        ref:/WORK/zigbee_phy_tx/u_sm_ram_I/mem_reg[113][3]
  Impl DFF        imp:/WORK/zigbee_phy_tx/u_sm_ram_I/mem_reg[113][3]

  Ref  DFF        ref:/WORK/zigbee_phy_tx/u_sm_ram_I/mem_reg[114][0]
  Impl DFF        imp:/WORK/zigbee_phy_tx/u_sm_ram_I/mem_reg[114][0]

  Ref  DFF        ref:/WORK/zigbee_phy_tx/u_sm_ram_I/mem_reg[114][1]
  Impl DFF        imp:/WORK/zigbee_phy_tx/u_sm_ram_I/mem_reg[114][1]

  Ref  DFF        ref:/WORK/zigbee_phy_tx/u_sm_ram_I/mem_reg[114][2]
  Impl DFF        imp:/WORK/zigbee_phy_tx/u_sm_ram_I/mem_reg[114][2]

  Ref  DFF        ref:/WORK/zigbee_phy_tx/u_sm_ram_I/mem_reg[114][3]
  Impl DFF        imp:/WORK/zigbee_phy_tx/u_sm_ram_I/mem_reg[114][3]

  Ref  DFF        ref:/WORK/zigbee_phy_tx/u_sm_ram_I/mem_reg[115][0]
  Impl DFF        imp:/WORK/zigbee_phy_tx/u_sm_ram_I/mem_reg[115][0]

  Ref  DFF        ref:/WORK/zigbee_phy_tx/u_sm_ram_I/mem_reg[115][1]
  Impl DFF        imp:/WORK/zigbee_phy_tx/u_sm_ram_I/mem_reg[115][1]

  Ref  DFF        ref:/WORK/zigbee_phy_tx/u_sm_ram_I/mem_reg[115][2]
  Impl DFF        imp:/WORK/zigbee_phy_tx/u_sm_ram_I/mem_reg[115][2]

  Ref  DFF        ref:/WORK/zigbee_phy_tx/u_sm_ram_I/mem_reg[115][3]
  Impl DFF        imp:/WORK/zigbee_phy_tx/u_sm_ram_I/mem_reg[115][3]

  Ref  DFF        ref:/WORK/zigbee_phy_tx/u_sm_ram_I/mem_reg[116][0]
  Impl DFF        imp:/WORK/zigbee_phy_tx/u_sm_ram_I/mem_reg[116][0]

  Ref  DFF        ref:/WORK/zigbee_phy_tx/u_sm_ram_I/mem_reg[116][1]
  Impl DFF        imp:/WORK/zigbee_phy_tx/u_sm_ram_I/mem_reg[116][1]

  Ref  DFF        ref:/WORK/zigbee_phy_tx/u_sm_ram_I/mem_reg[116][2]
  Impl DFF        imp:/WORK/zigbee_phy_tx/u_sm_ram_I/mem_reg[116][2]

  Ref  DFF        ref:/WORK/zigbee_phy_tx/u_sm_ram_I/mem_reg[116][3]
  Impl DFF        imp:/WORK/zigbee_phy_tx/u_sm_ram_I/mem_reg[116][3]

  Ref  DFF        ref:/WORK/zigbee_phy_tx/u_sm_ram_I/mem_reg[117][0]
  Impl DFF        imp:/WORK/zigbee_phy_tx/u_sm_ram_I/mem_reg[117][0]

  Ref  DFF        ref:/WORK/zigbee_phy_tx/u_sm_ram_I/mem_reg[117][1]
  Impl DFF        imp:/WORK/zigbee_phy_tx/u_sm_ram_I/mem_reg[117][1]

  Ref  DFF        ref:/WORK/zigbee_phy_tx/u_sm_ram_I/mem_reg[117][2]
  Impl DFF        imp:/WORK/zigbee_phy_tx/u_sm_ram_I/mem_reg[117][2]

  Ref  DFF        ref:/WORK/zigbee_phy_tx/u_sm_ram_I/mem_reg[117][3]
  Impl DFF        imp:/WORK/zigbee_phy_tx/u_sm_ram_I/mem_reg[117][3]

  Ref  DFF        ref:/WORK/zigbee_phy_tx/u_sm_ram_I/mem_reg[118][0]
  Impl DFF        imp:/WORK/zigbee_phy_tx/u_sm_ram_I/mem_reg[118][0]

  Ref  DFF        ref:/WORK/zigbee_phy_tx/u_sm_ram_I/mem_reg[118][1]
  Impl DFF        imp:/WORK/zigbee_phy_tx/u_sm_ram_I/mem_reg[118][1]

  Ref  DFF        ref:/WORK/zigbee_phy_tx/u_sm_ram_I/mem_reg[118][2]
  Impl DFF        imp:/WORK/zigbee_phy_tx/u_sm_ram_I/mem_reg[118][2]

  Ref  DFF        ref:/WORK/zigbee_phy_tx/u_sm_ram_I/mem_reg[118][3]
  Impl DFF        imp:/WORK/zigbee_phy_tx/u_sm_ram_I/mem_reg[118][3]

  Ref  DFF        ref:/WORK/zigbee_phy_tx/u_sm_ram_I/mem_reg[119][0]
  Impl DFF        imp:/WORK/zigbee_phy_tx/u_sm_ram_I/mem_reg[119][0]

  Ref  DFF        ref:/WORK/zigbee_phy_tx/u_sm_ram_I/mem_reg[119][1]
  Impl DFF        imp:/WORK/zigbee_phy_tx/u_sm_ram_I/mem_reg[119][1]

  Ref  DFF        ref:/WORK/zigbee_phy_tx/u_sm_ram_I/mem_reg[119][2]
  Impl DFF        imp:/WORK/zigbee_phy_tx/u_sm_ram_I/mem_reg[119][2]

  Ref  DFF        ref:/WORK/zigbee_phy_tx/u_sm_ram_I/mem_reg[119][3]
  Impl DFF        imp:/WORK/zigbee_phy_tx/u_sm_ram_I/mem_reg[119][3]

  Ref  DFF        ref:/WORK/zigbee_phy_tx/u_sm_ram_I/mem_reg[11][0]
  Impl DFF        imp:/WORK/zigbee_phy_tx/u_sm_ram_I/mem_reg[11][0]

  Ref  DFF        ref:/WORK/zigbee_phy_tx/u_sm_ram_I/mem_reg[11][1]
  Impl DFF        imp:/WORK/zigbee_phy_tx/u_sm_ram_I/mem_reg[11][1]

  Ref  DFF        ref:/WORK/zigbee_phy_tx/u_sm_ram_I/mem_reg[11][2]
  Impl DFF        imp:/WORK/zigbee_phy_tx/u_sm_ram_I/mem_reg[11][2]

  Ref  DFF        ref:/WORK/zigbee_phy_tx/u_sm_ram_I/mem_reg[11][3]
  Impl DFF        imp:/WORK/zigbee_phy_tx/u_sm_ram_I/mem_reg[11][3]

  Ref  DFF        ref:/WORK/zigbee_phy_tx/u_sm_ram_I/mem_reg[120][0]
  Impl DFF        imp:/WORK/zigbee_phy_tx/u_sm_ram_I/mem_reg[120][0]

  Ref  DFF        ref:/WORK/zigbee_phy_tx/u_sm_ram_I/mem_reg[120][1]
  Impl DFF        imp:/WORK/zigbee_phy_tx/u_sm_ram_I/mem_reg[120][1]

  Ref  DFF        ref:/WORK/zigbee_phy_tx/u_sm_ram_I/mem_reg[120][2]
  Impl DFF        imp:/WORK/zigbee_phy_tx/u_sm_ram_I/mem_reg[120][2]

  Ref  DFF        ref:/WORK/zigbee_phy_tx/u_sm_ram_I/mem_reg[120][3]
  Impl DFF        imp:/WORK/zigbee_phy_tx/u_sm_ram_I/mem_reg[120][3]

  Ref  DFF        ref:/WORK/zigbee_phy_tx/u_sm_ram_I/mem_reg[121][0]
  Impl DFF        imp:/WORK/zigbee_phy_tx/u_sm_ram_I/mem_reg[121][0]

  Ref  DFF        ref:/WORK/zigbee_phy_tx/u_sm_ram_I/mem_reg[121][1]
  Impl DFF        imp:/WORK/zigbee_phy_tx/u_sm_ram_I/mem_reg[121][1]

  Ref  DFF        ref:/WORK/zigbee_phy_tx/u_sm_ram_I/mem_reg[121][2]
  Impl DFF        imp:/WORK/zigbee_phy_tx/u_sm_ram_I/mem_reg[121][2]

  Ref  DFF        ref:/WORK/zigbee_phy_tx/u_sm_ram_I/mem_reg[121][3]
  Impl DFF        imp:/WORK/zigbee_phy_tx/u_sm_ram_I/mem_reg[121][3]

  Ref  DFF        ref:/WORK/zigbee_phy_tx/u_sm_ram_I/mem_reg[122][0]
  Impl DFF        imp:/WORK/zigbee_phy_tx/u_sm_ram_I/mem_reg[122][0]

  Ref  DFF        ref:/WORK/zigbee_phy_tx/u_sm_ram_I/mem_reg[122][1]
  Impl DFF        imp:/WORK/zigbee_phy_tx/u_sm_ram_I/mem_reg[122][1]

  Ref  DFF        ref:/WORK/zigbee_phy_tx/u_sm_ram_I/mem_reg[122][2]
  Impl DFF        imp:/WORK/zigbee_phy_tx/u_sm_ram_I/mem_reg[122][2]

  Ref  DFF        ref:/WORK/zigbee_phy_tx/u_sm_ram_I/mem_reg[122][3]
  Impl DFF        imp:/WORK/zigbee_phy_tx/u_sm_ram_I/mem_reg[122][3]

  Ref  DFF        ref:/WORK/zigbee_phy_tx/u_sm_ram_I/mem_reg[123][0]
  Impl DFF        imp:/WORK/zigbee_phy_tx/u_sm_ram_I/mem_reg[123][0]

  Ref  DFF        ref:/WORK/zigbee_phy_tx/u_sm_ram_I/mem_reg[123][1]
  Impl DFF        imp:/WORK/zigbee_phy_tx/u_sm_ram_I/mem_reg[123][1]

  Ref  DFF        ref:/WORK/zigbee_phy_tx/u_sm_ram_I/mem_reg[123][2]
  Impl DFF        imp:/WORK/zigbee_phy_tx/u_sm_ram_I/mem_reg[123][2]

  Ref  DFF        ref:/WORK/zigbee_phy_tx/u_sm_ram_I/mem_reg[123][3]
  Impl DFF        imp:/WORK/zigbee_phy_tx/u_sm_ram_I/mem_reg[123][3]

  Ref  DFF        ref:/WORK/zigbee_phy_tx/u_sm_ram_I/mem_reg[124][0]
  Impl DFF        imp:/WORK/zigbee_phy_tx/u_sm_ram_I/mem_reg[124][0]

  Ref  DFF        ref:/WORK/zigbee_phy_tx/u_sm_ram_I/mem_reg[124][1]
  Impl DFF        imp:/WORK/zigbee_phy_tx/u_sm_ram_I/mem_reg[124][1]

  Ref  DFF        ref:/WORK/zigbee_phy_tx/u_sm_ram_I/mem_reg[124][2]
  Impl DFF        imp:/WORK/zigbee_phy_tx/u_sm_ram_I/mem_reg[124][2]

  Ref  DFF        ref:/WORK/zigbee_phy_tx/u_sm_ram_I/mem_reg[124][3]
  Impl DFF        imp:/WORK/zigbee_phy_tx/u_sm_ram_I/mem_reg[124][3]

  Ref  DFF        ref:/WORK/zigbee_phy_tx/u_sm_ram_I/mem_reg[125][0]
  Impl DFF        imp:/WORK/zigbee_phy_tx/u_sm_ram_I/mem_reg[125][0]

  Ref  DFF        ref:/WORK/zigbee_phy_tx/u_sm_ram_I/mem_reg[125][1]
  Impl DFF        imp:/WORK/zigbee_phy_tx/u_sm_ram_I/mem_reg[125][1]

  Ref  DFF        ref:/WORK/zigbee_phy_tx/u_sm_ram_I/mem_reg[125][2]
  Impl DFF        imp:/WORK/zigbee_phy_tx/u_sm_ram_I/mem_reg[125][2]

  Ref  DFF        ref:/WORK/zigbee_phy_tx/u_sm_ram_I/mem_reg[125][3]
  Impl DFF        imp:/WORK/zigbee_phy_tx/u_sm_ram_I/mem_reg[125][3]

  Ref  DFF        ref:/WORK/zigbee_phy_tx/u_sm_ram_I/mem_reg[126][0]
  Impl DFF        imp:/WORK/zigbee_phy_tx/u_sm_ram_I/mem_reg[126][0]

  Ref  DFF        ref:/WORK/zigbee_phy_tx/u_sm_ram_I/mem_reg[126][1]
  Impl DFF        imp:/WORK/zigbee_phy_tx/u_sm_ram_I/mem_reg[126][1]

  Ref  DFF        ref:/WORK/zigbee_phy_tx/u_sm_ram_I/mem_reg[126][2]
  Impl DFF        imp:/WORK/zigbee_phy_tx/u_sm_ram_I/mem_reg[126][2]

  Ref  DFF        ref:/WORK/zigbee_phy_tx/u_sm_ram_I/mem_reg[126][3]
  Impl DFF        imp:/WORK/zigbee_phy_tx/u_sm_ram_I/mem_reg[126][3]

  Ref  DFF        ref:/WORK/zigbee_phy_tx/u_sm_ram_I/mem_reg[127][0]
  Impl DFF        imp:/WORK/zigbee_phy_tx/u_sm_ram_I/mem_reg[127][0]

  Ref  DFF        ref:/WORK/zigbee_phy_tx/u_sm_ram_I/mem_reg[127][1]
  Impl DFF        imp:/WORK/zigbee_phy_tx/u_sm_ram_I/mem_reg[127][1]

  Ref  DFF        ref:/WORK/zigbee_phy_tx/u_sm_ram_I/mem_reg[127][2]
  Impl DFF        imp:/WORK/zigbee_phy_tx/u_sm_ram_I/mem_reg[127][2]

  Ref  DFF        ref:/WORK/zigbee_phy_tx/u_sm_ram_I/mem_reg[127][3]
  Impl DFF        imp:/WORK/zigbee_phy_tx/u_sm_ram_I/mem_reg[127][3]

  Ref  DFF        ref:/WORK/zigbee_phy_tx/u_sm_ram_I/mem_reg[128][0]
  Impl DFF        imp:/WORK/zigbee_phy_tx/u_sm_ram_I/mem_reg[128][0]

  Ref  DFF        ref:/WORK/zigbee_phy_tx/u_sm_ram_I/mem_reg[128][1]
  Impl DFF        imp:/WORK/zigbee_phy_tx/u_sm_ram_I/mem_reg[128][1]

  Ref  DFF        ref:/WORK/zigbee_phy_tx/u_sm_ram_I/mem_reg[128][2]
  Impl DFF        imp:/WORK/zigbee_phy_tx/u_sm_ram_I/mem_reg[128][2]

  Ref  DFF        ref:/WORK/zigbee_phy_tx/u_sm_ram_I/mem_reg[128][3]
  Impl DFF        imp:/WORK/zigbee_phy_tx/u_sm_ram_I/mem_reg[128][3]

  Ref  DFF        ref:/WORK/zigbee_phy_tx/u_sm_ram_I/mem_reg[129][0]
  Impl DFF        imp:/WORK/zigbee_phy_tx/u_sm_ram_I/mem_reg[129][0]

  Ref  DFF        ref:/WORK/zigbee_phy_tx/u_sm_ram_I/mem_reg[129][1]
  Impl DFF        imp:/WORK/zigbee_phy_tx/u_sm_ram_I/mem_reg[129][1]

  Ref  DFF        ref:/WORK/zigbee_phy_tx/u_sm_ram_I/mem_reg[129][2]
  Impl DFF        imp:/WORK/zigbee_phy_tx/u_sm_ram_I/mem_reg[129][2]

  Ref  DFF        ref:/WORK/zigbee_phy_tx/u_sm_ram_I/mem_reg[129][3]
  Impl DFF        imp:/WORK/zigbee_phy_tx/u_sm_ram_I/mem_reg[129][3]

  Ref  DFF        ref:/WORK/zigbee_phy_tx/u_sm_ram_I/mem_reg[12][0]
  Impl DFF        imp:/WORK/zigbee_phy_tx/u_sm_ram_I/mem_reg[12][0]

  Ref  DFF        ref:/WORK/zigbee_phy_tx/u_sm_ram_I/mem_reg[12][1]
  Impl DFF        imp:/WORK/zigbee_phy_tx/u_sm_ram_I/mem_reg[12][1]

  Ref  DFF        ref:/WORK/zigbee_phy_tx/u_sm_ram_I/mem_reg[12][2]
  Impl DFF        imp:/WORK/zigbee_phy_tx/u_sm_ram_I/mem_reg[12][2]

  Ref  DFF        ref:/WORK/zigbee_phy_tx/u_sm_ram_I/mem_reg[12][3]
  Impl DFF        imp:/WORK/zigbee_phy_tx/u_sm_ram_I/mem_reg[12][3]

  Ref  DFF        ref:/WORK/zigbee_phy_tx/u_sm_ram_I/mem_reg[130][0]
  Impl DFF        imp:/WORK/zigbee_phy_tx/u_sm_ram_I/mem_reg[130][0]

  Ref  DFF        ref:/WORK/zigbee_phy_tx/u_sm_ram_I/mem_reg[130][1]
  Impl DFF        imp:/WORK/zigbee_phy_tx/u_sm_ram_I/mem_reg[130][1]

  Ref  DFF        ref:/WORK/zigbee_phy_tx/u_sm_ram_I/mem_reg[130][2]
  Impl DFF        imp:/WORK/zigbee_phy_tx/u_sm_ram_I/mem_reg[130][2]

  Ref  DFF        ref:/WORK/zigbee_phy_tx/u_sm_ram_I/mem_reg[130][3]
  Impl DFF        imp:/WORK/zigbee_phy_tx/u_sm_ram_I/mem_reg[130][3]

  Ref  DFF        ref:/WORK/zigbee_phy_tx/u_sm_ram_I/mem_reg[131][0]
  Impl DFF        imp:/WORK/zigbee_phy_tx/u_sm_ram_I/mem_reg[131][0]

  Ref  DFF        ref:/WORK/zigbee_phy_tx/u_sm_ram_I/mem_reg[131][1]
  Impl DFF        imp:/WORK/zigbee_phy_tx/u_sm_ram_I/mem_reg[131][1]

  Ref  DFF        ref:/WORK/zigbee_phy_tx/u_sm_ram_I/mem_reg[131][2]
  Impl DFF        imp:/WORK/zigbee_phy_tx/u_sm_ram_I/mem_reg[131][2]

  Ref  DFF        ref:/WORK/zigbee_phy_tx/u_sm_ram_I/mem_reg[131][3]
  Impl DFF        imp:/WORK/zigbee_phy_tx/u_sm_ram_I/mem_reg[131][3]

  Ref  DFF        ref:/WORK/zigbee_phy_tx/u_sm_ram_I/mem_reg[132][0]
  Impl DFF        imp:/WORK/zigbee_phy_tx/u_sm_ram_I/mem_reg[132][0]

  Ref  DFF        ref:/WORK/zigbee_phy_tx/u_sm_ram_I/mem_reg[132][1]
  Impl DFF        imp:/WORK/zigbee_phy_tx/u_sm_ram_I/mem_reg[132][1]

  Ref  DFF        ref:/WORK/zigbee_phy_tx/u_sm_ram_I/mem_reg[132][2]
  Impl DFF        imp:/WORK/zigbee_phy_tx/u_sm_ram_I/mem_reg[132][2]

  Ref  DFF        ref:/WORK/zigbee_phy_tx/u_sm_ram_I/mem_reg[132][3]
  Impl DFF        imp:/WORK/zigbee_phy_tx/u_sm_ram_I/mem_reg[132][3]

  Ref  DFF        ref:/WORK/zigbee_phy_tx/u_sm_ram_I/mem_reg[133][0]
  Impl DFF        imp:/WORK/zigbee_phy_tx/u_sm_ram_I/mem_reg[133][0]

  Ref  DFF        ref:/WORK/zigbee_phy_tx/u_sm_ram_I/mem_reg[133][1]
  Impl DFF        imp:/WORK/zigbee_phy_tx/u_sm_ram_I/mem_reg[133][1]

  Ref  DFF        ref:/WORK/zigbee_phy_tx/u_sm_ram_I/mem_reg[133][2]
  Impl DFF        imp:/WORK/zigbee_phy_tx/u_sm_ram_I/mem_reg[133][2]

  Ref  DFF        ref:/WORK/zigbee_phy_tx/u_sm_ram_I/mem_reg[133][3]
  Impl DFF        imp:/WORK/zigbee_phy_tx/u_sm_ram_I/mem_reg[133][3]

  Ref  DFF        ref:/WORK/zigbee_phy_tx/u_sm_ram_I/mem_reg[134][0]
  Impl DFF        imp:/WORK/zigbee_phy_tx/u_sm_ram_I/mem_reg[134][0]

  Ref  DFF        ref:/WORK/zigbee_phy_tx/u_sm_ram_I/mem_reg[134][1]
  Impl DFF        imp:/WORK/zigbee_phy_tx/u_sm_ram_I/mem_reg[134][1]

  Ref  DFF        ref:/WORK/zigbee_phy_tx/u_sm_ram_I/mem_reg[134][2]
  Impl DFF        imp:/WORK/zigbee_phy_tx/u_sm_ram_I/mem_reg[134][2]

  Ref  DFF        ref:/WORK/zigbee_phy_tx/u_sm_ram_I/mem_reg[134][3]
  Impl DFF        imp:/WORK/zigbee_phy_tx/u_sm_ram_I/mem_reg[134][3]

  Ref  DFF        ref:/WORK/zigbee_phy_tx/u_sm_ram_I/mem_reg[135][0]
  Impl DFF        imp:/WORK/zigbee_phy_tx/u_sm_ram_I/mem_reg[135][0]

  Ref  DFF        ref:/WORK/zigbee_phy_tx/u_sm_ram_I/mem_reg[135][1]
  Impl DFF        imp:/WORK/zigbee_phy_tx/u_sm_ram_I/mem_reg[135][1]

  Ref  DFF        ref:/WORK/zigbee_phy_tx/u_sm_ram_I/mem_reg[135][2]
  Impl DFF        imp:/WORK/zigbee_phy_tx/u_sm_ram_I/mem_reg[135][2]

  Ref  DFF        ref:/WORK/zigbee_phy_tx/u_sm_ram_I/mem_reg[135][3]
  Impl DFF        imp:/WORK/zigbee_phy_tx/u_sm_ram_I/mem_reg[135][3]

  Ref  DFF        ref:/WORK/zigbee_phy_tx/u_sm_ram_I/mem_reg[136][0]
  Impl DFF        imp:/WORK/zigbee_phy_tx/u_sm_ram_I/mem_reg[136][0]

  Ref  DFF        ref:/WORK/zigbee_phy_tx/u_sm_ram_I/mem_reg[136][1]
  Impl DFF        imp:/WORK/zigbee_phy_tx/u_sm_ram_I/mem_reg[136][1]

  Ref  DFF        ref:/WORK/zigbee_phy_tx/u_sm_ram_I/mem_reg[136][2]
  Impl DFF        imp:/WORK/zigbee_phy_tx/u_sm_ram_I/mem_reg[136][2]

  Ref  DFF        ref:/WORK/zigbee_phy_tx/u_sm_ram_I/mem_reg[136][3]
  Impl DFF        imp:/WORK/zigbee_phy_tx/u_sm_ram_I/mem_reg[136][3]

  Ref  DFF        ref:/WORK/zigbee_phy_tx/u_sm_ram_I/mem_reg[137][0]
  Impl DFF        imp:/WORK/zigbee_phy_tx/u_sm_ram_I/mem_reg[137][0]

  Ref  DFF        ref:/WORK/zigbee_phy_tx/u_sm_ram_I/mem_reg[137][1]
  Impl DFF        imp:/WORK/zigbee_phy_tx/u_sm_ram_I/mem_reg[137][1]

  Ref  DFF        ref:/WORK/zigbee_phy_tx/u_sm_ram_I/mem_reg[137][2]
  Impl DFF        imp:/WORK/zigbee_phy_tx/u_sm_ram_I/mem_reg[137][2]

  Ref  DFF        ref:/WORK/zigbee_phy_tx/u_sm_ram_I/mem_reg[137][3]
  Impl DFF        imp:/WORK/zigbee_phy_tx/u_sm_ram_I/mem_reg[137][3]

  Ref  DFF        ref:/WORK/zigbee_phy_tx/u_sm_ram_I/mem_reg[138][0]
  Impl DFF        imp:/WORK/zigbee_phy_tx/u_sm_ram_I/mem_reg[138][0]

  Ref  DFF        ref:/WORK/zigbee_phy_tx/u_sm_ram_I/mem_reg[138][1]
  Impl DFF        imp:/WORK/zigbee_phy_tx/u_sm_ram_I/mem_reg[138][1]

  Ref  DFF        ref:/WORK/zigbee_phy_tx/u_sm_ram_I/mem_reg[138][2]
  Impl DFF        imp:/WORK/zigbee_phy_tx/u_sm_ram_I/mem_reg[138][2]

  Ref  DFF        ref:/WORK/zigbee_phy_tx/u_sm_ram_I/mem_reg[138][3]
  Impl DFF        imp:/WORK/zigbee_phy_tx/u_sm_ram_I/mem_reg[138][3]

  Ref  DFF        ref:/WORK/zigbee_phy_tx/u_sm_ram_I/mem_reg[139][0]
  Impl DFF        imp:/WORK/zigbee_phy_tx/u_sm_ram_I/mem_reg[139][0]

  Ref  DFF        ref:/WORK/zigbee_phy_tx/u_sm_ram_I/mem_reg[139][1]
  Impl DFF        imp:/WORK/zigbee_phy_tx/u_sm_ram_I/mem_reg[139][1]

  Ref  DFF        ref:/WORK/zigbee_phy_tx/u_sm_ram_I/mem_reg[139][2]
  Impl DFF        imp:/WORK/zigbee_phy_tx/u_sm_ram_I/mem_reg[139][2]

  Ref  DFF        ref:/WORK/zigbee_phy_tx/u_sm_ram_I/mem_reg[139][3]
  Impl DFF        imp:/WORK/zigbee_phy_tx/u_sm_ram_I/mem_reg[139][3]

  Ref  DFF        ref:/WORK/zigbee_phy_tx/u_sm_ram_I/mem_reg[13][0]
  Impl DFF        imp:/WORK/zigbee_phy_tx/u_sm_ram_I/mem_reg[13][0]

  Ref  DFF        ref:/WORK/zigbee_phy_tx/u_sm_ram_I/mem_reg[13][1]
  Impl DFF        imp:/WORK/zigbee_phy_tx/u_sm_ram_I/mem_reg[13][1]

  Ref  DFF        ref:/WORK/zigbee_phy_tx/u_sm_ram_I/mem_reg[13][2]
  Impl DFF        imp:/WORK/zigbee_phy_tx/u_sm_ram_I/mem_reg[13][2]

  Ref  DFF        ref:/WORK/zigbee_phy_tx/u_sm_ram_I/mem_reg[13][3]
  Impl DFF        imp:/WORK/zigbee_phy_tx/u_sm_ram_I/mem_reg[13][3]

  Ref  DFF        ref:/WORK/zigbee_phy_tx/u_sm_ram_I/mem_reg[140][0]
  Impl DFF        imp:/WORK/zigbee_phy_tx/u_sm_ram_I/mem_reg[140][0]

  Ref  DFF        ref:/WORK/zigbee_phy_tx/u_sm_ram_I/mem_reg[140][1]
  Impl DFF        imp:/WORK/zigbee_phy_tx/u_sm_ram_I/mem_reg[140][1]

  Ref  DFF        ref:/WORK/zigbee_phy_tx/u_sm_ram_I/mem_reg[140][2]
  Impl DFF        imp:/WORK/zigbee_phy_tx/u_sm_ram_I/mem_reg[140][2]

  Ref  DFF        ref:/WORK/zigbee_phy_tx/u_sm_ram_I/mem_reg[140][3]
  Impl DFF        imp:/WORK/zigbee_phy_tx/u_sm_ram_I/mem_reg[140][3]

  Ref  DFF        ref:/WORK/zigbee_phy_tx/u_sm_ram_I/mem_reg[141][0]
  Impl DFF        imp:/WORK/zigbee_phy_tx/u_sm_ram_I/mem_reg[141][0]

  Ref  DFF        ref:/WORK/zigbee_phy_tx/u_sm_ram_I/mem_reg[141][1]
  Impl DFF        imp:/WORK/zigbee_phy_tx/u_sm_ram_I/mem_reg[141][1]

  Ref  DFF        ref:/WORK/zigbee_phy_tx/u_sm_ram_I/mem_reg[141][2]
  Impl DFF        imp:/WORK/zigbee_phy_tx/u_sm_ram_I/mem_reg[141][2]

  Ref  DFF        ref:/WORK/zigbee_phy_tx/u_sm_ram_I/mem_reg[141][3]
  Impl DFF        imp:/WORK/zigbee_phy_tx/u_sm_ram_I/mem_reg[141][3]

  Ref  DFF        ref:/WORK/zigbee_phy_tx/u_sm_ram_I/mem_reg[142][0]
  Impl DFF        imp:/WORK/zigbee_phy_tx/u_sm_ram_I/mem_reg[142][0]

  Ref  DFF        ref:/WORK/zigbee_phy_tx/u_sm_ram_I/mem_reg[142][1]
  Impl DFF        imp:/WORK/zigbee_phy_tx/u_sm_ram_I/mem_reg[142][1]

  Ref  DFF        ref:/WORK/zigbee_phy_tx/u_sm_ram_I/mem_reg[142][2]
  Impl DFF        imp:/WORK/zigbee_phy_tx/u_sm_ram_I/mem_reg[142][2]

  Ref  DFF        ref:/WORK/zigbee_phy_tx/u_sm_ram_I/mem_reg[142][3]
  Impl DFF        imp:/WORK/zigbee_phy_tx/u_sm_ram_I/mem_reg[142][3]

  Ref  DFF        ref:/WORK/zigbee_phy_tx/u_sm_ram_I/mem_reg[143][0]
  Impl DFF        imp:/WORK/zigbee_phy_tx/u_sm_ram_I/mem_reg[143][0]

  Ref  DFF        ref:/WORK/zigbee_phy_tx/u_sm_ram_I/mem_reg[143][1]
  Impl DFF        imp:/WORK/zigbee_phy_tx/u_sm_ram_I/mem_reg[143][1]

  Ref  DFF        ref:/WORK/zigbee_phy_tx/u_sm_ram_I/mem_reg[143][2]
  Impl DFF        imp:/WORK/zigbee_phy_tx/u_sm_ram_I/mem_reg[143][2]

  Ref  DFF        ref:/WORK/zigbee_phy_tx/u_sm_ram_I/mem_reg[143][3]
  Impl DFF        imp:/WORK/zigbee_phy_tx/u_sm_ram_I/mem_reg[143][3]

  Ref  DFF        ref:/WORK/zigbee_phy_tx/u_sm_ram_I/mem_reg[144][0]
  Impl DFF        imp:/WORK/zigbee_phy_tx/u_sm_ram_I/mem_reg[144][0]

  Ref  DFF        ref:/WORK/zigbee_phy_tx/u_sm_ram_I/mem_reg[144][1]
  Impl DFF        imp:/WORK/zigbee_phy_tx/u_sm_ram_I/mem_reg[144][1]

  Ref  DFF        ref:/WORK/zigbee_phy_tx/u_sm_ram_I/mem_reg[144][2]
  Impl DFF        imp:/WORK/zigbee_phy_tx/u_sm_ram_I/mem_reg[144][2]

  Ref  DFF        ref:/WORK/zigbee_phy_tx/u_sm_ram_I/mem_reg[144][3]
  Impl DFF        imp:/WORK/zigbee_phy_tx/u_sm_ram_I/mem_reg[144][3]

  Ref  DFF        ref:/WORK/zigbee_phy_tx/u_sm_ram_I/mem_reg[145][0]
  Impl DFF        imp:/WORK/zigbee_phy_tx/u_sm_ram_I/mem_reg[145][0]

  Ref  DFF        ref:/WORK/zigbee_phy_tx/u_sm_ram_I/mem_reg[145][1]
  Impl DFF        imp:/WORK/zigbee_phy_tx/u_sm_ram_I/mem_reg[145][1]

  Ref  DFF        ref:/WORK/zigbee_phy_tx/u_sm_ram_I/mem_reg[145][2]
  Impl DFF        imp:/WORK/zigbee_phy_tx/u_sm_ram_I/mem_reg[145][2]

  Ref  DFF        ref:/WORK/zigbee_phy_tx/u_sm_ram_I/mem_reg[145][3]
  Impl DFF        imp:/WORK/zigbee_phy_tx/u_sm_ram_I/mem_reg[145][3]

  Ref  DFF        ref:/WORK/zigbee_phy_tx/u_sm_ram_I/mem_reg[146][0]
  Impl DFF        imp:/WORK/zigbee_phy_tx/u_sm_ram_I/mem_reg[146][0]

  Ref  DFF        ref:/WORK/zigbee_phy_tx/u_sm_ram_I/mem_reg[146][1]
  Impl DFF        imp:/WORK/zigbee_phy_tx/u_sm_ram_I/mem_reg[146][1]

  Ref  DFF        ref:/WORK/zigbee_phy_tx/u_sm_ram_I/mem_reg[146][2]
  Impl DFF        imp:/WORK/zigbee_phy_tx/u_sm_ram_I/mem_reg[146][2]

  Ref  DFF        ref:/WORK/zigbee_phy_tx/u_sm_ram_I/mem_reg[146][3]
  Impl DFF        imp:/WORK/zigbee_phy_tx/u_sm_ram_I/mem_reg[146][3]

  Ref  DFF        ref:/WORK/zigbee_phy_tx/u_sm_ram_I/mem_reg[147][0]
  Impl DFF        imp:/WORK/zigbee_phy_tx/u_sm_ram_I/mem_reg[147][0]

  Ref  DFF        ref:/WORK/zigbee_phy_tx/u_sm_ram_I/mem_reg[147][1]
  Impl DFF        imp:/WORK/zigbee_phy_tx/u_sm_ram_I/mem_reg[147][1]

  Ref  DFF        ref:/WORK/zigbee_phy_tx/u_sm_ram_I/mem_reg[147][2]
  Impl DFF        imp:/WORK/zigbee_phy_tx/u_sm_ram_I/mem_reg[147][2]

  Ref  DFF        ref:/WORK/zigbee_phy_tx/u_sm_ram_I/mem_reg[147][3]
  Impl DFF        imp:/WORK/zigbee_phy_tx/u_sm_ram_I/mem_reg[147][3]

  Ref  DFF        ref:/WORK/zigbee_phy_tx/u_sm_ram_I/mem_reg[148][0]
  Impl DFF        imp:/WORK/zigbee_phy_tx/u_sm_ram_I/mem_reg[148][0]

  Ref  DFF        ref:/WORK/zigbee_phy_tx/u_sm_ram_I/mem_reg[148][1]
  Impl DFF        imp:/WORK/zigbee_phy_tx/u_sm_ram_I/mem_reg[148][1]

  Ref  DFF        ref:/WORK/zigbee_phy_tx/u_sm_ram_I/mem_reg[148][2]
  Impl DFF        imp:/WORK/zigbee_phy_tx/u_sm_ram_I/mem_reg[148][2]

  Ref  DFF        ref:/WORK/zigbee_phy_tx/u_sm_ram_I/mem_reg[148][3]
  Impl DFF        imp:/WORK/zigbee_phy_tx/u_sm_ram_I/mem_reg[148][3]

  Ref  DFF        ref:/WORK/zigbee_phy_tx/u_sm_ram_I/mem_reg[149][0]
  Impl DFF        imp:/WORK/zigbee_phy_tx/u_sm_ram_I/mem_reg[149][0]

  Ref  DFF        ref:/WORK/zigbee_phy_tx/u_sm_ram_I/mem_reg[149][1]
  Impl DFF        imp:/WORK/zigbee_phy_tx/u_sm_ram_I/mem_reg[149][1]

  Ref  DFF        ref:/WORK/zigbee_phy_tx/u_sm_ram_I/mem_reg[149][2]
  Impl DFF        imp:/WORK/zigbee_phy_tx/u_sm_ram_I/mem_reg[149][2]

  Ref  DFF        ref:/WORK/zigbee_phy_tx/u_sm_ram_I/mem_reg[149][3]
  Impl DFF        imp:/WORK/zigbee_phy_tx/u_sm_ram_I/mem_reg[149][3]

  Ref  DFF        ref:/WORK/zigbee_phy_tx/u_sm_ram_I/mem_reg[14][0]
  Impl DFF        imp:/WORK/zigbee_phy_tx/u_sm_ram_I/mem_reg[14][0]

  Ref  DFF        ref:/WORK/zigbee_phy_tx/u_sm_ram_I/mem_reg[14][1]
  Impl DFF        imp:/WORK/zigbee_phy_tx/u_sm_ram_I/mem_reg[14][1]

  Ref  DFF        ref:/WORK/zigbee_phy_tx/u_sm_ram_I/mem_reg[14][2]
  Impl DFF        imp:/WORK/zigbee_phy_tx/u_sm_ram_I/mem_reg[14][2]

  Ref  DFF        ref:/WORK/zigbee_phy_tx/u_sm_ram_I/mem_reg[14][3]
  Impl DFF        imp:/WORK/zigbee_phy_tx/u_sm_ram_I/mem_reg[14][3]

  Ref  DFF        ref:/WORK/zigbee_phy_tx/u_sm_ram_I/mem_reg[150][0]
  Impl DFF        imp:/WORK/zigbee_phy_tx/u_sm_ram_I/mem_reg[150][0]

  Ref  DFF        ref:/WORK/zigbee_phy_tx/u_sm_ram_I/mem_reg[150][1]
  Impl DFF        imp:/WORK/zigbee_phy_tx/u_sm_ram_I/mem_reg[150][1]

  Ref  DFF        ref:/WORK/zigbee_phy_tx/u_sm_ram_I/mem_reg[150][2]
  Impl DFF        imp:/WORK/zigbee_phy_tx/u_sm_ram_I/mem_reg[150][2]

  Ref  DFF        ref:/WORK/zigbee_phy_tx/u_sm_ram_I/mem_reg[150][3]
  Impl DFF        imp:/WORK/zigbee_phy_tx/u_sm_ram_I/mem_reg[150][3]

  Ref  DFF        ref:/WORK/zigbee_phy_tx/u_sm_ram_I/mem_reg[151][0]
  Impl DFF        imp:/WORK/zigbee_phy_tx/u_sm_ram_I/mem_reg[151][0]

  Ref  DFF        ref:/WORK/zigbee_phy_tx/u_sm_ram_I/mem_reg[151][1]
  Impl DFF        imp:/WORK/zigbee_phy_tx/u_sm_ram_I/mem_reg[151][1]

  Ref  DFF        ref:/WORK/zigbee_phy_tx/u_sm_ram_I/mem_reg[151][2]
  Impl DFF        imp:/WORK/zigbee_phy_tx/u_sm_ram_I/mem_reg[151][2]

  Ref  DFF        ref:/WORK/zigbee_phy_tx/u_sm_ram_I/mem_reg[151][3]
  Impl DFF        imp:/WORK/zigbee_phy_tx/u_sm_ram_I/mem_reg[151][3]

  Ref  DFF        ref:/WORK/zigbee_phy_tx/u_sm_ram_I/mem_reg[152][0]
  Impl DFF        imp:/WORK/zigbee_phy_tx/u_sm_ram_I/mem_reg[152][0]

  Ref  DFF        ref:/WORK/zigbee_phy_tx/u_sm_ram_I/mem_reg[152][1]
  Impl DFF        imp:/WORK/zigbee_phy_tx/u_sm_ram_I/mem_reg[152][1]

  Ref  DFF        ref:/WORK/zigbee_phy_tx/u_sm_ram_I/mem_reg[152][2]
  Impl DFF        imp:/WORK/zigbee_phy_tx/u_sm_ram_I/mem_reg[152][2]

  Ref  DFF        ref:/WORK/zigbee_phy_tx/u_sm_ram_I/mem_reg[152][3]
  Impl DFF        imp:/WORK/zigbee_phy_tx/u_sm_ram_I/mem_reg[152][3]

  Ref  DFF        ref:/WORK/zigbee_phy_tx/u_sm_ram_I/mem_reg[153][0]
  Impl DFF        imp:/WORK/zigbee_phy_tx/u_sm_ram_I/mem_reg[153][0]

  Ref  DFF        ref:/WORK/zigbee_phy_tx/u_sm_ram_I/mem_reg[153][1]
  Impl DFF        imp:/WORK/zigbee_phy_tx/u_sm_ram_I/mem_reg[153][1]

  Ref  DFF        ref:/WORK/zigbee_phy_tx/u_sm_ram_I/mem_reg[153][2]
  Impl DFF        imp:/WORK/zigbee_phy_tx/u_sm_ram_I/mem_reg[153][2]

  Ref  DFF        ref:/WORK/zigbee_phy_tx/u_sm_ram_I/mem_reg[153][3]
  Impl DFF        imp:/WORK/zigbee_phy_tx/u_sm_ram_I/mem_reg[153][3]

  Ref  DFF        ref:/WORK/zigbee_phy_tx/u_sm_ram_I/mem_reg[154][0]
  Impl DFF        imp:/WORK/zigbee_phy_tx/u_sm_ram_I/mem_reg[154][0]

  Ref  DFF        ref:/WORK/zigbee_phy_tx/u_sm_ram_I/mem_reg[154][1]
  Impl DFF        imp:/WORK/zigbee_phy_tx/u_sm_ram_I/mem_reg[154][1]

  Ref  DFF        ref:/WORK/zigbee_phy_tx/u_sm_ram_I/mem_reg[154][2]
  Impl DFF        imp:/WORK/zigbee_phy_tx/u_sm_ram_I/mem_reg[154][2]

  Ref  DFF        ref:/WORK/zigbee_phy_tx/u_sm_ram_I/mem_reg[154][3]
  Impl DFF        imp:/WORK/zigbee_phy_tx/u_sm_ram_I/mem_reg[154][3]

  Ref  DFF        ref:/WORK/zigbee_phy_tx/u_sm_ram_I/mem_reg[155][0]
  Impl DFF        imp:/WORK/zigbee_phy_tx/u_sm_ram_I/mem_reg[155][0]

  Ref  DFF        ref:/WORK/zigbee_phy_tx/u_sm_ram_I/mem_reg[155][1]
  Impl DFF        imp:/WORK/zigbee_phy_tx/u_sm_ram_I/mem_reg[155][1]

  Ref  DFF        ref:/WORK/zigbee_phy_tx/u_sm_ram_I/mem_reg[155][2]
  Impl DFF        imp:/WORK/zigbee_phy_tx/u_sm_ram_I/mem_reg[155][2]

  Ref  DFF        ref:/WORK/zigbee_phy_tx/u_sm_ram_I/mem_reg[155][3]
  Impl DFF        imp:/WORK/zigbee_phy_tx/u_sm_ram_I/mem_reg[155][3]

  Ref  DFF        ref:/WORK/zigbee_phy_tx/u_sm_ram_I/mem_reg[156][0]
  Impl DFF        imp:/WORK/zigbee_phy_tx/u_sm_ram_I/mem_reg[156][0]

  Ref  DFF        ref:/WORK/zigbee_phy_tx/u_sm_ram_I/mem_reg[156][1]
  Impl DFF        imp:/WORK/zigbee_phy_tx/u_sm_ram_I/mem_reg[156][1]

  Ref  DFF        ref:/WORK/zigbee_phy_tx/u_sm_ram_I/mem_reg[156][2]
  Impl DFF        imp:/WORK/zigbee_phy_tx/u_sm_ram_I/mem_reg[156][2]

  Ref  DFF        ref:/WORK/zigbee_phy_tx/u_sm_ram_I/mem_reg[156][3]
  Impl DFF        imp:/WORK/zigbee_phy_tx/u_sm_ram_I/mem_reg[156][3]

  Ref  DFF        ref:/WORK/zigbee_phy_tx/u_sm_ram_I/mem_reg[157][0]
  Impl DFF        imp:/WORK/zigbee_phy_tx/u_sm_ram_I/mem_reg[157][0]

  Ref  DFF        ref:/WORK/zigbee_phy_tx/u_sm_ram_I/mem_reg[157][1]
  Impl DFF        imp:/WORK/zigbee_phy_tx/u_sm_ram_I/mem_reg[157][1]

  Ref  DFF        ref:/WORK/zigbee_phy_tx/u_sm_ram_I/mem_reg[157][2]
  Impl DFF        imp:/WORK/zigbee_phy_tx/u_sm_ram_I/mem_reg[157][2]

  Ref  DFF        ref:/WORK/zigbee_phy_tx/u_sm_ram_I/mem_reg[157][3]
  Impl DFF        imp:/WORK/zigbee_phy_tx/u_sm_ram_I/mem_reg[157][3]

  Ref  DFF        ref:/WORK/zigbee_phy_tx/u_sm_ram_I/mem_reg[158][0]
  Impl DFF        imp:/WORK/zigbee_phy_tx/u_sm_ram_I/mem_reg[158][0]

  Ref  DFF        ref:/WORK/zigbee_phy_tx/u_sm_ram_I/mem_reg[158][1]
  Impl DFF        imp:/WORK/zigbee_phy_tx/u_sm_ram_I/mem_reg[158][1]

  Ref  DFF        ref:/WORK/zigbee_phy_tx/u_sm_ram_I/mem_reg[158][2]
  Impl DFF        imp:/WORK/zigbee_phy_tx/u_sm_ram_I/mem_reg[158][2]

  Ref  DFF        ref:/WORK/zigbee_phy_tx/u_sm_ram_I/mem_reg[158][3]
  Impl DFF        imp:/WORK/zigbee_phy_tx/u_sm_ram_I/mem_reg[158][3]

  Ref  DFF        ref:/WORK/zigbee_phy_tx/u_sm_ram_I/mem_reg[159][0]
  Impl DFF        imp:/WORK/zigbee_phy_tx/u_sm_ram_I/mem_reg[159][0]

  Ref  DFF        ref:/WORK/zigbee_phy_tx/u_sm_ram_I/mem_reg[159][1]
  Impl DFF        imp:/WORK/zigbee_phy_tx/u_sm_ram_I/mem_reg[159][1]

  Ref  DFF        ref:/WORK/zigbee_phy_tx/u_sm_ram_I/mem_reg[159][2]
  Impl DFF        imp:/WORK/zigbee_phy_tx/u_sm_ram_I/mem_reg[159][2]

  Ref  DFF        ref:/WORK/zigbee_phy_tx/u_sm_ram_I/mem_reg[159][3]
  Impl DFF        imp:/WORK/zigbee_phy_tx/u_sm_ram_I/mem_reg[159][3]

  Ref  DFF        ref:/WORK/zigbee_phy_tx/u_sm_ram_I/mem_reg[15][0]
  Impl DFF        imp:/WORK/zigbee_phy_tx/u_sm_ram_I/mem_reg[15][0]

  Ref  DFF        ref:/WORK/zigbee_phy_tx/u_sm_ram_I/mem_reg[15][1]
  Impl DFF        imp:/WORK/zigbee_phy_tx/u_sm_ram_I/mem_reg[15][1]

  Ref  DFF        ref:/WORK/zigbee_phy_tx/u_sm_ram_I/mem_reg[15][2]
  Impl DFF        imp:/WORK/zigbee_phy_tx/u_sm_ram_I/mem_reg[15][2]

  Ref  DFF        ref:/WORK/zigbee_phy_tx/u_sm_ram_I/mem_reg[15][3]
  Impl DFF        imp:/WORK/zigbee_phy_tx/u_sm_ram_I/mem_reg[15][3]

  Ref  DFF        ref:/WORK/zigbee_phy_tx/u_sm_ram_I/mem_reg[160][0]
  Impl DFF        imp:/WORK/zigbee_phy_tx/u_sm_ram_I/mem_reg[160][0]

  Ref  DFF        ref:/WORK/zigbee_phy_tx/u_sm_ram_I/mem_reg[160][1]
  Impl DFF        imp:/WORK/zigbee_phy_tx/u_sm_ram_I/mem_reg[160][1]

  Ref  DFF        ref:/WORK/zigbee_phy_tx/u_sm_ram_I/mem_reg[160][2]
  Impl DFF        imp:/WORK/zigbee_phy_tx/u_sm_ram_I/mem_reg[160][2]

  Ref  DFF        ref:/WORK/zigbee_phy_tx/u_sm_ram_I/mem_reg[160][3]
  Impl DFF        imp:/WORK/zigbee_phy_tx/u_sm_ram_I/mem_reg[160][3]

  Ref  DFF        ref:/WORK/zigbee_phy_tx/u_sm_ram_I/mem_reg[161][0]
  Impl DFF        imp:/WORK/zigbee_phy_tx/u_sm_ram_I/mem_reg[161][0]

  Ref  DFF        ref:/WORK/zigbee_phy_tx/u_sm_ram_I/mem_reg[161][1]
  Impl DFF        imp:/WORK/zigbee_phy_tx/u_sm_ram_I/mem_reg[161][1]

  Ref  DFF        ref:/WORK/zigbee_phy_tx/u_sm_ram_I/mem_reg[161][2]
  Impl DFF        imp:/WORK/zigbee_phy_tx/u_sm_ram_I/mem_reg[161][2]

  Ref  DFF        ref:/WORK/zigbee_phy_tx/u_sm_ram_I/mem_reg[161][3]
  Impl DFF        imp:/WORK/zigbee_phy_tx/u_sm_ram_I/mem_reg[161][3]

  Ref  DFF        ref:/WORK/zigbee_phy_tx/u_sm_ram_I/mem_reg[162][0]
  Impl DFF        imp:/WORK/zigbee_phy_tx/u_sm_ram_I/mem_reg[162][0]

  Ref  DFF        ref:/WORK/zigbee_phy_tx/u_sm_ram_I/mem_reg[162][1]
  Impl DFF        imp:/WORK/zigbee_phy_tx/u_sm_ram_I/mem_reg[162][1]

  Ref  DFF        ref:/WORK/zigbee_phy_tx/u_sm_ram_I/mem_reg[162][2]
  Impl DFF        imp:/WORK/zigbee_phy_tx/u_sm_ram_I/mem_reg[162][2]

  Ref  DFF        ref:/WORK/zigbee_phy_tx/u_sm_ram_I/mem_reg[162][3]
  Impl DFF        imp:/WORK/zigbee_phy_tx/u_sm_ram_I/mem_reg[162][3]

  Ref  DFF        ref:/WORK/zigbee_phy_tx/u_sm_ram_I/mem_reg[163][0]
  Impl DFF        imp:/WORK/zigbee_phy_tx/u_sm_ram_I/mem_reg[163][0]

  Ref  DFF        ref:/WORK/zigbee_phy_tx/u_sm_ram_I/mem_reg[163][1]
  Impl DFF        imp:/WORK/zigbee_phy_tx/u_sm_ram_I/mem_reg[163][1]

  Ref  DFF        ref:/WORK/zigbee_phy_tx/u_sm_ram_I/mem_reg[163][2]
  Impl DFF        imp:/WORK/zigbee_phy_tx/u_sm_ram_I/mem_reg[163][2]

  Ref  DFF        ref:/WORK/zigbee_phy_tx/u_sm_ram_I/mem_reg[163][3]
  Impl DFF        imp:/WORK/zigbee_phy_tx/u_sm_ram_I/mem_reg[163][3]

  Ref  DFF        ref:/WORK/zigbee_phy_tx/u_sm_ram_I/mem_reg[164][0]
  Impl DFF        imp:/WORK/zigbee_phy_tx/u_sm_ram_I/mem_reg[164][0]

  Ref  DFF        ref:/WORK/zigbee_phy_tx/u_sm_ram_I/mem_reg[164][1]
  Impl DFF        imp:/WORK/zigbee_phy_tx/u_sm_ram_I/mem_reg[164][1]

  Ref  DFF        ref:/WORK/zigbee_phy_tx/u_sm_ram_I/mem_reg[164][2]
  Impl DFF        imp:/WORK/zigbee_phy_tx/u_sm_ram_I/mem_reg[164][2]

  Ref  DFF        ref:/WORK/zigbee_phy_tx/u_sm_ram_I/mem_reg[164][3]
  Impl DFF        imp:/WORK/zigbee_phy_tx/u_sm_ram_I/mem_reg[164][3]

  Ref  DFF        ref:/WORK/zigbee_phy_tx/u_sm_ram_I/mem_reg[165][0]
  Impl DFF        imp:/WORK/zigbee_phy_tx/u_sm_ram_I/mem_reg[165][0]

  Ref  DFF        ref:/WORK/zigbee_phy_tx/u_sm_ram_I/mem_reg[165][1]
  Impl DFF        imp:/WORK/zigbee_phy_tx/u_sm_ram_I/mem_reg[165][1]

  Ref  DFF        ref:/WORK/zigbee_phy_tx/u_sm_ram_I/mem_reg[165][2]
  Impl DFF        imp:/WORK/zigbee_phy_tx/u_sm_ram_I/mem_reg[165][2]

  Ref  DFF        ref:/WORK/zigbee_phy_tx/u_sm_ram_I/mem_reg[165][3]
  Impl DFF        imp:/WORK/zigbee_phy_tx/u_sm_ram_I/mem_reg[165][3]

  Ref  DFF        ref:/WORK/zigbee_phy_tx/u_sm_ram_I/mem_reg[166][0]
  Impl DFF        imp:/WORK/zigbee_phy_tx/u_sm_ram_I/mem_reg[166][0]

  Ref  DFF        ref:/WORK/zigbee_phy_tx/u_sm_ram_I/mem_reg[166][1]
  Impl DFF        imp:/WORK/zigbee_phy_tx/u_sm_ram_I/mem_reg[166][1]

  Ref  DFF        ref:/WORK/zigbee_phy_tx/u_sm_ram_I/mem_reg[166][2]
  Impl DFF        imp:/WORK/zigbee_phy_tx/u_sm_ram_I/mem_reg[166][2]

  Ref  DFF        ref:/WORK/zigbee_phy_tx/u_sm_ram_I/mem_reg[166][3]
  Impl DFF        imp:/WORK/zigbee_phy_tx/u_sm_ram_I/mem_reg[166][3]

  Ref  DFF        ref:/WORK/zigbee_phy_tx/u_sm_ram_I/mem_reg[167][0]
  Impl DFF        imp:/WORK/zigbee_phy_tx/u_sm_ram_I/mem_reg[167][0]

  Ref  DFF        ref:/WORK/zigbee_phy_tx/u_sm_ram_I/mem_reg[167][1]
  Impl DFF        imp:/WORK/zigbee_phy_tx/u_sm_ram_I/mem_reg[167][1]

  Ref  DFF        ref:/WORK/zigbee_phy_tx/u_sm_ram_I/mem_reg[167][2]
  Impl DFF        imp:/WORK/zigbee_phy_tx/u_sm_ram_I/mem_reg[167][2]

  Ref  DFF        ref:/WORK/zigbee_phy_tx/u_sm_ram_I/mem_reg[167][3]
  Impl DFF        imp:/WORK/zigbee_phy_tx/u_sm_ram_I/mem_reg[167][3]

  Ref  DFF        ref:/WORK/zigbee_phy_tx/u_sm_ram_I/mem_reg[168][0]
  Impl DFF        imp:/WORK/zigbee_phy_tx/u_sm_ram_I/mem_reg[168][0]

  Ref  DFF        ref:/WORK/zigbee_phy_tx/u_sm_ram_I/mem_reg[168][1]
  Impl DFF        imp:/WORK/zigbee_phy_tx/u_sm_ram_I/mem_reg[168][1]

  Ref  DFF        ref:/WORK/zigbee_phy_tx/u_sm_ram_I/mem_reg[168][2]
  Impl DFF        imp:/WORK/zigbee_phy_tx/u_sm_ram_I/mem_reg[168][2]

  Ref  DFF        ref:/WORK/zigbee_phy_tx/u_sm_ram_I/mem_reg[168][3]
  Impl DFF        imp:/WORK/zigbee_phy_tx/u_sm_ram_I/mem_reg[168][3]

  Ref  DFF        ref:/WORK/zigbee_phy_tx/u_sm_ram_I/mem_reg[169][0]
  Impl DFF        imp:/WORK/zigbee_phy_tx/u_sm_ram_I/mem_reg[169][0]

  Ref  DFF        ref:/WORK/zigbee_phy_tx/u_sm_ram_I/mem_reg[169][1]
  Impl DFF        imp:/WORK/zigbee_phy_tx/u_sm_ram_I/mem_reg[169][1]

  Ref  DFF        ref:/WORK/zigbee_phy_tx/u_sm_ram_I/mem_reg[169][2]
  Impl DFF        imp:/WORK/zigbee_phy_tx/u_sm_ram_I/mem_reg[169][2]

  Ref  DFF        ref:/WORK/zigbee_phy_tx/u_sm_ram_I/mem_reg[169][3]
  Impl DFF        imp:/WORK/zigbee_phy_tx/u_sm_ram_I/mem_reg[169][3]

  Ref  DFF        ref:/WORK/zigbee_phy_tx/u_sm_ram_I/mem_reg[16][0]
  Impl DFF        imp:/WORK/zigbee_phy_tx/u_sm_ram_I/mem_reg[16][0]

  Ref  DFF        ref:/WORK/zigbee_phy_tx/u_sm_ram_I/mem_reg[16][1]
  Impl DFF        imp:/WORK/zigbee_phy_tx/u_sm_ram_I/mem_reg[16][1]

  Ref  DFF        ref:/WORK/zigbee_phy_tx/u_sm_ram_I/mem_reg[16][2]
  Impl DFF        imp:/WORK/zigbee_phy_tx/u_sm_ram_I/mem_reg[16][2]

  Ref  DFF        ref:/WORK/zigbee_phy_tx/u_sm_ram_I/mem_reg[16][3]
  Impl DFF        imp:/WORK/zigbee_phy_tx/u_sm_ram_I/mem_reg[16][3]

  Ref  DFF        ref:/WORK/zigbee_phy_tx/u_sm_ram_I/mem_reg[170][0]
  Impl DFF        imp:/WORK/zigbee_phy_tx/u_sm_ram_I/mem_reg[170][0]

  Ref  DFF        ref:/WORK/zigbee_phy_tx/u_sm_ram_I/mem_reg[170][1]
  Impl DFF        imp:/WORK/zigbee_phy_tx/u_sm_ram_I/mem_reg[170][1]

  Ref  DFF        ref:/WORK/zigbee_phy_tx/u_sm_ram_I/mem_reg[170][2]
  Impl DFF        imp:/WORK/zigbee_phy_tx/u_sm_ram_I/mem_reg[170][2]

  Ref  DFF        ref:/WORK/zigbee_phy_tx/u_sm_ram_I/mem_reg[170][3]
  Impl DFF        imp:/WORK/zigbee_phy_tx/u_sm_ram_I/mem_reg[170][3]

  Ref  DFF        ref:/WORK/zigbee_phy_tx/u_sm_ram_I/mem_reg[171][0]
  Impl DFF        imp:/WORK/zigbee_phy_tx/u_sm_ram_I/mem_reg[171][0]

  Ref  DFF        ref:/WORK/zigbee_phy_tx/u_sm_ram_I/mem_reg[171][1]
  Impl DFF        imp:/WORK/zigbee_phy_tx/u_sm_ram_I/mem_reg[171][1]

  Ref  DFF        ref:/WORK/zigbee_phy_tx/u_sm_ram_I/mem_reg[171][2]
  Impl DFF        imp:/WORK/zigbee_phy_tx/u_sm_ram_I/mem_reg[171][2]

  Ref  DFF        ref:/WORK/zigbee_phy_tx/u_sm_ram_I/mem_reg[171][3]
  Impl DFF        imp:/WORK/zigbee_phy_tx/u_sm_ram_I/mem_reg[171][3]

  Ref  DFF        ref:/WORK/zigbee_phy_tx/u_sm_ram_I/mem_reg[172][0]
  Impl DFF        imp:/WORK/zigbee_phy_tx/u_sm_ram_I/mem_reg[172][0]

  Ref  DFF        ref:/WORK/zigbee_phy_tx/u_sm_ram_I/mem_reg[172][1]
  Impl DFF        imp:/WORK/zigbee_phy_tx/u_sm_ram_I/mem_reg[172][1]

  Ref  DFF        ref:/WORK/zigbee_phy_tx/u_sm_ram_I/mem_reg[172][2]
  Impl DFF        imp:/WORK/zigbee_phy_tx/u_sm_ram_I/mem_reg[172][2]

  Ref  DFF        ref:/WORK/zigbee_phy_tx/u_sm_ram_I/mem_reg[172][3]
  Impl DFF        imp:/WORK/zigbee_phy_tx/u_sm_ram_I/mem_reg[172][3]

  Ref  DFF        ref:/WORK/zigbee_phy_tx/u_sm_ram_I/mem_reg[173][0]
  Impl DFF        imp:/WORK/zigbee_phy_tx/u_sm_ram_I/mem_reg[173][0]

  Ref  DFF        ref:/WORK/zigbee_phy_tx/u_sm_ram_I/mem_reg[173][1]
  Impl DFF        imp:/WORK/zigbee_phy_tx/u_sm_ram_I/mem_reg[173][1]

  Ref  DFF        ref:/WORK/zigbee_phy_tx/u_sm_ram_I/mem_reg[173][2]
  Impl DFF        imp:/WORK/zigbee_phy_tx/u_sm_ram_I/mem_reg[173][2]

  Ref  DFF        ref:/WORK/zigbee_phy_tx/u_sm_ram_I/mem_reg[173][3]
  Impl DFF        imp:/WORK/zigbee_phy_tx/u_sm_ram_I/mem_reg[173][3]

  Ref  DFF        ref:/WORK/zigbee_phy_tx/u_sm_ram_I/mem_reg[174][0]
  Impl DFF        imp:/WORK/zigbee_phy_tx/u_sm_ram_I/mem_reg[174][0]

  Ref  DFF        ref:/WORK/zigbee_phy_tx/u_sm_ram_I/mem_reg[174][1]
  Impl DFF        imp:/WORK/zigbee_phy_tx/u_sm_ram_I/mem_reg[174][1]

  Ref  DFF        ref:/WORK/zigbee_phy_tx/u_sm_ram_I/mem_reg[174][2]
  Impl DFF        imp:/WORK/zigbee_phy_tx/u_sm_ram_I/mem_reg[174][2]

  Ref  DFF        ref:/WORK/zigbee_phy_tx/u_sm_ram_I/mem_reg[174][3]
  Impl DFF        imp:/WORK/zigbee_phy_tx/u_sm_ram_I/mem_reg[174][3]

  Ref  DFF        ref:/WORK/zigbee_phy_tx/u_sm_ram_I/mem_reg[175][0]
  Impl DFF        imp:/WORK/zigbee_phy_tx/u_sm_ram_I/mem_reg[175][0]

  Ref  DFF        ref:/WORK/zigbee_phy_tx/u_sm_ram_I/mem_reg[175][1]
  Impl DFF        imp:/WORK/zigbee_phy_tx/u_sm_ram_I/mem_reg[175][1]

  Ref  DFF        ref:/WORK/zigbee_phy_tx/u_sm_ram_I/mem_reg[175][2]
  Impl DFF        imp:/WORK/zigbee_phy_tx/u_sm_ram_I/mem_reg[175][2]

  Ref  DFF        ref:/WORK/zigbee_phy_tx/u_sm_ram_I/mem_reg[175][3]
  Impl DFF        imp:/WORK/zigbee_phy_tx/u_sm_ram_I/mem_reg[175][3]

  Ref  DFF        ref:/WORK/zigbee_phy_tx/u_sm_ram_I/mem_reg[176][0]
  Impl DFF        imp:/WORK/zigbee_phy_tx/u_sm_ram_I/mem_reg[176][0]

  Ref  DFF        ref:/WORK/zigbee_phy_tx/u_sm_ram_I/mem_reg[176][1]
  Impl DFF        imp:/WORK/zigbee_phy_tx/u_sm_ram_I/mem_reg[176][1]

  Ref  DFF        ref:/WORK/zigbee_phy_tx/u_sm_ram_I/mem_reg[176][2]
  Impl DFF        imp:/WORK/zigbee_phy_tx/u_sm_ram_I/mem_reg[176][2]

  Ref  DFF        ref:/WORK/zigbee_phy_tx/u_sm_ram_I/mem_reg[176][3]
  Impl DFF        imp:/WORK/zigbee_phy_tx/u_sm_ram_I/mem_reg[176][3]

  Ref  DFF        ref:/WORK/zigbee_phy_tx/u_sm_ram_I/mem_reg[177][0]
  Impl DFF        imp:/WORK/zigbee_phy_tx/u_sm_ram_I/mem_reg[177][0]

  Ref  DFF        ref:/WORK/zigbee_phy_tx/u_sm_ram_I/mem_reg[177][1]
  Impl DFF        imp:/WORK/zigbee_phy_tx/u_sm_ram_I/mem_reg[177][1]

  Ref  DFF        ref:/WORK/zigbee_phy_tx/u_sm_ram_I/mem_reg[177][2]
  Impl DFF        imp:/WORK/zigbee_phy_tx/u_sm_ram_I/mem_reg[177][2]

  Ref  DFF        ref:/WORK/zigbee_phy_tx/u_sm_ram_I/mem_reg[177][3]
  Impl DFF        imp:/WORK/zigbee_phy_tx/u_sm_ram_I/mem_reg[177][3]

  Ref  DFF        ref:/WORK/zigbee_phy_tx/u_sm_ram_I/mem_reg[178][0]
  Impl DFF        imp:/WORK/zigbee_phy_tx/u_sm_ram_I/mem_reg[178][0]

  Ref  DFF        ref:/WORK/zigbee_phy_tx/u_sm_ram_I/mem_reg[178][1]
  Impl DFF        imp:/WORK/zigbee_phy_tx/u_sm_ram_I/mem_reg[178][1]

  Ref  DFF        ref:/WORK/zigbee_phy_tx/u_sm_ram_I/mem_reg[178][2]
  Impl DFF        imp:/WORK/zigbee_phy_tx/u_sm_ram_I/mem_reg[178][2]

  Ref  DFF        ref:/WORK/zigbee_phy_tx/u_sm_ram_I/mem_reg[178][3]
  Impl DFF        imp:/WORK/zigbee_phy_tx/u_sm_ram_I/mem_reg[178][3]

  Ref  DFF        ref:/WORK/zigbee_phy_tx/u_sm_ram_I/mem_reg[179][0]
  Impl DFF        imp:/WORK/zigbee_phy_tx/u_sm_ram_I/mem_reg[179][0]

  Ref  DFF        ref:/WORK/zigbee_phy_tx/u_sm_ram_I/mem_reg[179][1]
  Impl DFF        imp:/WORK/zigbee_phy_tx/u_sm_ram_I/mem_reg[179][1]

  Ref  DFF        ref:/WORK/zigbee_phy_tx/u_sm_ram_I/mem_reg[179][2]
  Impl DFF        imp:/WORK/zigbee_phy_tx/u_sm_ram_I/mem_reg[179][2]

  Ref  DFF        ref:/WORK/zigbee_phy_tx/u_sm_ram_I/mem_reg[179][3]
  Impl DFF        imp:/WORK/zigbee_phy_tx/u_sm_ram_I/mem_reg[179][3]

  Ref  DFF        ref:/WORK/zigbee_phy_tx/u_sm_ram_I/mem_reg[17][0]
  Impl DFF        imp:/WORK/zigbee_phy_tx/u_sm_ram_I/mem_reg[17][0]

  Ref  DFF        ref:/WORK/zigbee_phy_tx/u_sm_ram_I/mem_reg[17][1]
  Impl DFF        imp:/WORK/zigbee_phy_tx/u_sm_ram_I/mem_reg[17][1]

  Ref  DFF        ref:/WORK/zigbee_phy_tx/u_sm_ram_I/mem_reg[17][2]
  Impl DFF        imp:/WORK/zigbee_phy_tx/u_sm_ram_I/mem_reg[17][2]

  Ref  DFF        ref:/WORK/zigbee_phy_tx/u_sm_ram_I/mem_reg[17][3]
  Impl DFF        imp:/WORK/zigbee_phy_tx/u_sm_ram_I/mem_reg[17][3]

  Ref  DFF        ref:/WORK/zigbee_phy_tx/u_sm_ram_I/mem_reg[180][0]
  Impl DFF        imp:/WORK/zigbee_phy_tx/u_sm_ram_I/mem_reg[180][0]

  Ref  DFF        ref:/WORK/zigbee_phy_tx/u_sm_ram_I/mem_reg[180][1]
  Impl DFF        imp:/WORK/zigbee_phy_tx/u_sm_ram_I/mem_reg[180][1]

  Ref  DFF        ref:/WORK/zigbee_phy_tx/u_sm_ram_I/mem_reg[180][2]
  Impl DFF        imp:/WORK/zigbee_phy_tx/u_sm_ram_I/mem_reg[180][2]

  Ref  DFF        ref:/WORK/zigbee_phy_tx/u_sm_ram_I/mem_reg[180][3]
  Impl DFF        imp:/WORK/zigbee_phy_tx/u_sm_ram_I/mem_reg[180][3]

  Ref  DFF        ref:/WORK/zigbee_phy_tx/u_sm_ram_I/mem_reg[181][0]
  Impl DFF        imp:/WORK/zigbee_phy_tx/u_sm_ram_I/mem_reg[181][0]

  Ref  DFF        ref:/WORK/zigbee_phy_tx/u_sm_ram_I/mem_reg[181][1]
  Impl DFF        imp:/WORK/zigbee_phy_tx/u_sm_ram_I/mem_reg[181][1]

  Ref  DFF        ref:/WORK/zigbee_phy_tx/u_sm_ram_I/mem_reg[181][2]
  Impl DFF        imp:/WORK/zigbee_phy_tx/u_sm_ram_I/mem_reg[181][2]

  Ref  DFF        ref:/WORK/zigbee_phy_tx/u_sm_ram_I/mem_reg[181][3]
  Impl DFF        imp:/WORK/zigbee_phy_tx/u_sm_ram_I/mem_reg[181][3]

  Ref  DFF        ref:/WORK/zigbee_phy_tx/u_sm_ram_I/mem_reg[182][0]
  Impl DFF        imp:/WORK/zigbee_phy_tx/u_sm_ram_I/mem_reg[182][0]

  Ref  DFF        ref:/WORK/zigbee_phy_tx/u_sm_ram_I/mem_reg[182][1]
  Impl DFF        imp:/WORK/zigbee_phy_tx/u_sm_ram_I/mem_reg[182][1]

  Ref  DFF        ref:/WORK/zigbee_phy_tx/u_sm_ram_I/mem_reg[182][2]
  Impl DFF        imp:/WORK/zigbee_phy_tx/u_sm_ram_I/mem_reg[182][2]

  Ref  DFF        ref:/WORK/zigbee_phy_tx/u_sm_ram_I/mem_reg[182][3]
  Impl DFF        imp:/WORK/zigbee_phy_tx/u_sm_ram_I/mem_reg[182][3]

  Ref  DFF        ref:/WORK/zigbee_phy_tx/u_sm_ram_I/mem_reg[183][0]
  Impl DFF        imp:/WORK/zigbee_phy_tx/u_sm_ram_I/mem_reg[183][0]

  Ref  DFF        ref:/WORK/zigbee_phy_tx/u_sm_ram_I/mem_reg[183][1]
  Impl DFF        imp:/WORK/zigbee_phy_tx/u_sm_ram_I/mem_reg[183][1]

  Ref  DFF        ref:/WORK/zigbee_phy_tx/u_sm_ram_I/mem_reg[183][2]
  Impl DFF        imp:/WORK/zigbee_phy_tx/u_sm_ram_I/mem_reg[183][2]

  Ref  DFF        ref:/WORK/zigbee_phy_tx/u_sm_ram_I/mem_reg[183][3]
  Impl DFF        imp:/WORK/zigbee_phy_tx/u_sm_ram_I/mem_reg[183][3]

  Ref  DFF        ref:/WORK/zigbee_phy_tx/u_sm_ram_I/mem_reg[184][0]
  Impl DFF        imp:/WORK/zigbee_phy_tx/u_sm_ram_I/mem_reg[184][0]

  Ref  DFF        ref:/WORK/zigbee_phy_tx/u_sm_ram_I/mem_reg[184][1]
  Impl DFF        imp:/WORK/zigbee_phy_tx/u_sm_ram_I/mem_reg[184][1]

  Ref  DFF        ref:/WORK/zigbee_phy_tx/u_sm_ram_I/mem_reg[184][2]
  Impl DFF        imp:/WORK/zigbee_phy_tx/u_sm_ram_I/mem_reg[184][2]

  Ref  DFF        ref:/WORK/zigbee_phy_tx/u_sm_ram_I/mem_reg[184][3]
  Impl DFF        imp:/WORK/zigbee_phy_tx/u_sm_ram_I/mem_reg[184][3]

  Ref  DFF        ref:/WORK/zigbee_phy_tx/u_sm_ram_I/mem_reg[185][0]
  Impl DFF        imp:/WORK/zigbee_phy_tx/u_sm_ram_I/mem_reg[185][0]

  Ref  DFF        ref:/WORK/zigbee_phy_tx/u_sm_ram_I/mem_reg[185][1]
  Impl DFF        imp:/WORK/zigbee_phy_tx/u_sm_ram_I/mem_reg[185][1]

  Ref  DFF        ref:/WORK/zigbee_phy_tx/u_sm_ram_I/mem_reg[185][2]
  Impl DFF        imp:/WORK/zigbee_phy_tx/u_sm_ram_I/mem_reg[185][2]

  Ref  DFF        ref:/WORK/zigbee_phy_tx/u_sm_ram_I/mem_reg[185][3]
  Impl DFF        imp:/WORK/zigbee_phy_tx/u_sm_ram_I/mem_reg[185][3]

  Ref  DFF        ref:/WORK/zigbee_phy_tx/u_sm_ram_I/mem_reg[186][0]
  Impl DFF        imp:/WORK/zigbee_phy_tx/u_sm_ram_I/mem_reg[186][0]

  Ref  DFF        ref:/WORK/zigbee_phy_tx/u_sm_ram_I/mem_reg[186][1]
  Impl DFF        imp:/WORK/zigbee_phy_tx/u_sm_ram_I/mem_reg[186][1]

  Ref  DFF        ref:/WORK/zigbee_phy_tx/u_sm_ram_I/mem_reg[186][2]
  Impl DFF        imp:/WORK/zigbee_phy_tx/u_sm_ram_I/mem_reg[186][2]

  Ref  DFF        ref:/WORK/zigbee_phy_tx/u_sm_ram_I/mem_reg[186][3]
  Impl DFF        imp:/WORK/zigbee_phy_tx/u_sm_ram_I/mem_reg[186][3]

  Ref  DFF        ref:/WORK/zigbee_phy_tx/u_sm_ram_I/mem_reg[187][0]
  Impl DFF        imp:/WORK/zigbee_phy_tx/u_sm_ram_I/mem_reg[187][0]

  Ref  DFF        ref:/WORK/zigbee_phy_tx/u_sm_ram_I/mem_reg[187][1]
  Impl DFF        imp:/WORK/zigbee_phy_tx/u_sm_ram_I/mem_reg[187][1]

  Ref  DFF        ref:/WORK/zigbee_phy_tx/u_sm_ram_I/mem_reg[187][2]
  Impl DFF        imp:/WORK/zigbee_phy_tx/u_sm_ram_I/mem_reg[187][2]

  Ref  DFF        ref:/WORK/zigbee_phy_tx/u_sm_ram_I/mem_reg[187][3]
  Impl DFF        imp:/WORK/zigbee_phy_tx/u_sm_ram_I/mem_reg[187][3]

  Ref  DFF        ref:/WORK/zigbee_phy_tx/u_sm_ram_I/mem_reg[188][0]
  Impl DFF        imp:/WORK/zigbee_phy_tx/u_sm_ram_I/mem_reg[188][0]

  Ref  DFF        ref:/WORK/zigbee_phy_tx/u_sm_ram_I/mem_reg[188][1]
  Impl DFF        imp:/WORK/zigbee_phy_tx/u_sm_ram_I/mem_reg[188][1]

  Ref  DFF        ref:/WORK/zigbee_phy_tx/u_sm_ram_I/mem_reg[188][2]
  Impl DFF        imp:/WORK/zigbee_phy_tx/u_sm_ram_I/mem_reg[188][2]

  Ref  DFF        ref:/WORK/zigbee_phy_tx/u_sm_ram_I/mem_reg[188][3]
  Impl DFF        imp:/WORK/zigbee_phy_tx/u_sm_ram_I/mem_reg[188][3]

  Ref  DFF        ref:/WORK/zigbee_phy_tx/u_sm_ram_I/mem_reg[189][0]
  Impl DFF        imp:/WORK/zigbee_phy_tx/u_sm_ram_I/mem_reg[189][0]

  Ref  DFF        ref:/WORK/zigbee_phy_tx/u_sm_ram_I/mem_reg[189][1]
  Impl DFF        imp:/WORK/zigbee_phy_tx/u_sm_ram_I/mem_reg[189][1]

  Ref  DFF        ref:/WORK/zigbee_phy_tx/u_sm_ram_I/mem_reg[189][2]
  Impl DFF        imp:/WORK/zigbee_phy_tx/u_sm_ram_I/mem_reg[189][2]

  Ref  DFF        ref:/WORK/zigbee_phy_tx/u_sm_ram_I/mem_reg[189][3]
  Impl DFF        imp:/WORK/zigbee_phy_tx/u_sm_ram_I/mem_reg[189][3]

  Ref  DFF        ref:/WORK/zigbee_phy_tx/u_sm_ram_I/mem_reg[18][0]
  Impl DFF        imp:/WORK/zigbee_phy_tx/u_sm_ram_I/mem_reg[18][0]

  Ref  DFF        ref:/WORK/zigbee_phy_tx/u_sm_ram_I/mem_reg[18][1]
  Impl DFF        imp:/WORK/zigbee_phy_tx/u_sm_ram_I/mem_reg[18][1]

  Ref  DFF        ref:/WORK/zigbee_phy_tx/u_sm_ram_I/mem_reg[18][2]
  Impl DFF        imp:/WORK/zigbee_phy_tx/u_sm_ram_I/mem_reg[18][2]

  Ref  DFF        ref:/WORK/zigbee_phy_tx/u_sm_ram_I/mem_reg[18][3]
  Impl DFF        imp:/WORK/zigbee_phy_tx/u_sm_ram_I/mem_reg[18][3]

  Ref  DFF        ref:/WORK/zigbee_phy_tx/u_sm_ram_I/mem_reg[190][0]
  Impl DFF        imp:/WORK/zigbee_phy_tx/u_sm_ram_I/mem_reg[190][0]

  Ref  DFF        ref:/WORK/zigbee_phy_tx/u_sm_ram_I/mem_reg[190][1]
  Impl DFF        imp:/WORK/zigbee_phy_tx/u_sm_ram_I/mem_reg[190][1]

  Ref  DFF        ref:/WORK/zigbee_phy_tx/u_sm_ram_I/mem_reg[190][2]
  Impl DFF        imp:/WORK/zigbee_phy_tx/u_sm_ram_I/mem_reg[190][2]

  Ref  DFF        ref:/WORK/zigbee_phy_tx/u_sm_ram_I/mem_reg[190][3]
  Impl DFF        imp:/WORK/zigbee_phy_tx/u_sm_ram_I/mem_reg[190][3]

  Ref  DFF        ref:/WORK/zigbee_phy_tx/u_sm_ram_I/mem_reg[191][0]
  Impl DFF        imp:/WORK/zigbee_phy_tx/u_sm_ram_I/mem_reg[191][0]

  Ref  DFF        ref:/WORK/zigbee_phy_tx/u_sm_ram_I/mem_reg[191][1]
  Impl DFF        imp:/WORK/zigbee_phy_tx/u_sm_ram_I/mem_reg[191][1]

  Ref  DFF        ref:/WORK/zigbee_phy_tx/u_sm_ram_I/mem_reg[191][2]
  Impl DFF        imp:/WORK/zigbee_phy_tx/u_sm_ram_I/mem_reg[191][2]

  Ref  DFF        ref:/WORK/zigbee_phy_tx/u_sm_ram_I/mem_reg[191][3]
  Impl DFF        imp:/WORK/zigbee_phy_tx/u_sm_ram_I/mem_reg[191][3]

  Ref  DFF        ref:/WORK/zigbee_phy_tx/u_sm_ram_I/mem_reg[192][0]
  Impl DFF        imp:/WORK/zigbee_phy_tx/u_sm_ram_I/mem_reg[192][0]

  Ref  DFF        ref:/WORK/zigbee_phy_tx/u_sm_ram_I/mem_reg[192][1]
  Impl DFF        imp:/WORK/zigbee_phy_tx/u_sm_ram_I/mem_reg[192][1]

  Ref  DFF        ref:/WORK/zigbee_phy_tx/u_sm_ram_I/mem_reg[192][2]
  Impl DFF        imp:/WORK/zigbee_phy_tx/u_sm_ram_I/mem_reg[192][2]

  Ref  DFF        ref:/WORK/zigbee_phy_tx/u_sm_ram_I/mem_reg[192][3]
  Impl DFF        imp:/WORK/zigbee_phy_tx/u_sm_ram_I/mem_reg[192][3]

  Ref  DFF        ref:/WORK/zigbee_phy_tx/u_sm_ram_I/mem_reg[193][0]
  Impl DFF        imp:/WORK/zigbee_phy_tx/u_sm_ram_I/mem_reg[193][0]

  Ref  DFF        ref:/WORK/zigbee_phy_tx/u_sm_ram_I/mem_reg[193][1]
  Impl DFF        imp:/WORK/zigbee_phy_tx/u_sm_ram_I/mem_reg[193][1]

  Ref  DFF        ref:/WORK/zigbee_phy_tx/u_sm_ram_I/mem_reg[193][2]
  Impl DFF        imp:/WORK/zigbee_phy_tx/u_sm_ram_I/mem_reg[193][2]

  Ref  DFF        ref:/WORK/zigbee_phy_tx/u_sm_ram_I/mem_reg[193][3]
  Impl DFF        imp:/WORK/zigbee_phy_tx/u_sm_ram_I/mem_reg[193][3]

  Ref  DFF        ref:/WORK/zigbee_phy_tx/u_sm_ram_I/mem_reg[194][0]
  Impl DFF        imp:/WORK/zigbee_phy_tx/u_sm_ram_I/mem_reg[194][0]

  Ref  DFF        ref:/WORK/zigbee_phy_tx/u_sm_ram_I/mem_reg[194][1]
  Impl DFF        imp:/WORK/zigbee_phy_tx/u_sm_ram_I/mem_reg[194][1]

  Ref  DFF        ref:/WORK/zigbee_phy_tx/u_sm_ram_I/mem_reg[194][2]
  Impl DFF        imp:/WORK/zigbee_phy_tx/u_sm_ram_I/mem_reg[194][2]

  Ref  DFF        ref:/WORK/zigbee_phy_tx/u_sm_ram_I/mem_reg[194][3]
  Impl DFF        imp:/WORK/zigbee_phy_tx/u_sm_ram_I/mem_reg[194][3]

  Ref  DFF        ref:/WORK/zigbee_phy_tx/u_sm_ram_I/mem_reg[195][0]
  Impl DFF        imp:/WORK/zigbee_phy_tx/u_sm_ram_I/mem_reg[195][0]

  Ref  DFF        ref:/WORK/zigbee_phy_tx/u_sm_ram_I/mem_reg[195][1]
  Impl DFF        imp:/WORK/zigbee_phy_tx/u_sm_ram_I/mem_reg[195][1]

  Ref  DFF        ref:/WORK/zigbee_phy_tx/u_sm_ram_I/mem_reg[195][2]
  Impl DFF        imp:/WORK/zigbee_phy_tx/u_sm_ram_I/mem_reg[195][2]

  Ref  DFF        ref:/WORK/zigbee_phy_tx/u_sm_ram_I/mem_reg[195][3]
  Impl DFF        imp:/WORK/zigbee_phy_tx/u_sm_ram_I/mem_reg[195][3]

  Ref  DFF        ref:/WORK/zigbee_phy_tx/u_sm_ram_I/mem_reg[196][0]
  Impl DFF        imp:/WORK/zigbee_phy_tx/u_sm_ram_I/mem_reg[196][0]

  Ref  DFF        ref:/WORK/zigbee_phy_tx/u_sm_ram_I/mem_reg[196][1]
  Impl DFF        imp:/WORK/zigbee_phy_tx/u_sm_ram_I/mem_reg[196][1]

  Ref  DFF        ref:/WORK/zigbee_phy_tx/u_sm_ram_I/mem_reg[196][2]
  Impl DFF        imp:/WORK/zigbee_phy_tx/u_sm_ram_I/mem_reg[196][2]

  Ref  DFF        ref:/WORK/zigbee_phy_tx/u_sm_ram_I/mem_reg[196][3]
  Impl DFF        imp:/WORK/zigbee_phy_tx/u_sm_ram_I/mem_reg[196][3]

  Ref  DFF        ref:/WORK/zigbee_phy_tx/u_sm_ram_I/mem_reg[197][0]
  Impl DFF        imp:/WORK/zigbee_phy_tx/u_sm_ram_I/mem_reg[197][0]

  Ref  DFF        ref:/WORK/zigbee_phy_tx/u_sm_ram_I/mem_reg[197][1]
  Impl DFF        imp:/WORK/zigbee_phy_tx/u_sm_ram_I/mem_reg[197][1]

  Ref  DFF        ref:/WORK/zigbee_phy_tx/u_sm_ram_I/mem_reg[197][2]
  Impl DFF        imp:/WORK/zigbee_phy_tx/u_sm_ram_I/mem_reg[197][2]

  Ref  DFF        ref:/WORK/zigbee_phy_tx/u_sm_ram_I/mem_reg[197][3]
  Impl DFF        imp:/WORK/zigbee_phy_tx/u_sm_ram_I/mem_reg[197][3]

  Ref  DFF        ref:/WORK/zigbee_phy_tx/u_sm_ram_I/mem_reg[198][0]
  Impl DFF        imp:/WORK/zigbee_phy_tx/u_sm_ram_I/mem_reg[198][0]

  Ref  DFF        ref:/WORK/zigbee_phy_tx/u_sm_ram_I/mem_reg[198][1]
  Impl DFF        imp:/WORK/zigbee_phy_tx/u_sm_ram_I/mem_reg[198][1]

  Ref  DFF        ref:/WORK/zigbee_phy_tx/u_sm_ram_I/mem_reg[198][2]
  Impl DFF        imp:/WORK/zigbee_phy_tx/u_sm_ram_I/mem_reg[198][2]

  Ref  DFF        ref:/WORK/zigbee_phy_tx/u_sm_ram_I/mem_reg[198][3]
  Impl DFF        imp:/WORK/zigbee_phy_tx/u_sm_ram_I/mem_reg[198][3]

  Ref  DFF        ref:/WORK/zigbee_phy_tx/u_sm_ram_I/mem_reg[199][0]
  Impl DFF        imp:/WORK/zigbee_phy_tx/u_sm_ram_I/mem_reg[199][0]

  Ref  DFF        ref:/WORK/zigbee_phy_tx/u_sm_ram_I/mem_reg[199][1]
  Impl DFF        imp:/WORK/zigbee_phy_tx/u_sm_ram_I/mem_reg[199][1]

  Ref  DFF        ref:/WORK/zigbee_phy_tx/u_sm_ram_I/mem_reg[199][2]
  Impl DFF        imp:/WORK/zigbee_phy_tx/u_sm_ram_I/mem_reg[199][2]

  Ref  DFF        ref:/WORK/zigbee_phy_tx/u_sm_ram_I/mem_reg[199][3]
  Impl DFF        imp:/WORK/zigbee_phy_tx/u_sm_ram_I/mem_reg[199][3]

  Ref  DFF        ref:/WORK/zigbee_phy_tx/u_sm_ram_I/mem_reg[19][0]
  Impl DFF        imp:/WORK/zigbee_phy_tx/u_sm_ram_I/mem_reg[19][0]

  Ref  DFF        ref:/WORK/zigbee_phy_tx/u_sm_ram_I/mem_reg[19][1]
  Impl DFF        imp:/WORK/zigbee_phy_tx/u_sm_ram_I/mem_reg[19][1]

  Ref  DFF        ref:/WORK/zigbee_phy_tx/u_sm_ram_I/mem_reg[19][2]
  Impl DFF        imp:/WORK/zigbee_phy_tx/u_sm_ram_I/mem_reg[19][2]

  Ref  DFF        ref:/WORK/zigbee_phy_tx/u_sm_ram_I/mem_reg[19][3]
  Impl DFF        imp:/WORK/zigbee_phy_tx/u_sm_ram_I/mem_reg[19][3]

  Ref  DFF        ref:/WORK/zigbee_phy_tx/u_sm_ram_I/mem_reg[1][0]
  Impl DFF        imp:/WORK/zigbee_phy_tx/u_sm_ram_I/mem_reg[1][0]

  Ref  DFF        ref:/WORK/zigbee_phy_tx/u_sm_ram_I/mem_reg[1][1]
  Impl DFF        imp:/WORK/zigbee_phy_tx/u_sm_ram_I/mem_reg[1][1]

  Ref  DFF        ref:/WORK/zigbee_phy_tx/u_sm_ram_I/mem_reg[1][2]
  Impl DFF        imp:/WORK/zigbee_phy_tx/u_sm_ram_I/mem_reg[1][2]

  Ref  DFF        ref:/WORK/zigbee_phy_tx/u_sm_ram_I/mem_reg[1][3]
  Impl DFF        imp:/WORK/zigbee_phy_tx/u_sm_ram_I/mem_reg[1][3]

  Ref  DFF        ref:/WORK/zigbee_phy_tx/u_sm_ram_I/mem_reg[200][0]
  Impl DFF        imp:/WORK/zigbee_phy_tx/u_sm_ram_I/mem_reg[200][0]

  Ref  DFF        ref:/WORK/zigbee_phy_tx/u_sm_ram_I/mem_reg[200][1]
  Impl DFF        imp:/WORK/zigbee_phy_tx/u_sm_ram_I/mem_reg[200][1]

  Ref  DFF        ref:/WORK/zigbee_phy_tx/u_sm_ram_I/mem_reg[200][2]
  Impl DFF        imp:/WORK/zigbee_phy_tx/u_sm_ram_I/mem_reg[200][2]

  Ref  DFF        ref:/WORK/zigbee_phy_tx/u_sm_ram_I/mem_reg[200][3]
  Impl DFF        imp:/WORK/zigbee_phy_tx/u_sm_ram_I/mem_reg[200][3]

  Ref  DFF        ref:/WORK/zigbee_phy_tx/u_sm_ram_I/mem_reg[201][0]
  Impl DFF        imp:/WORK/zigbee_phy_tx/u_sm_ram_I/mem_reg[201][0]

  Ref  DFF        ref:/WORK/zigbee_phy_tx/u_sm_ram_I/mem_reg[201][1]
  Impl DFF        imp:/WORK/zigbee_phy_tx/u_sm_ram_I/mem_reg[201][1]

  Ref  DFF        ref:/WORK/zigbee_phy_tx/u_sm_ram_I/mem_reg[201][2]
  Impl DFF        imp:/WORK/zigbee_phy_tx/u_sm_ram_I/mem_reg[201][2]

  Ref  DFF        ref:/WORK/zigbee_phy_tx/u_sm_ram_I/mem_reg[201][3]
  Impl DFF        imp:/WORK/zigbee_phy_tx/u_sm_ram_I/mem_reg[201][3]

  Ref  DFF        ref:/WORK/zigbee_phy_tx/u_sm_ram_I/mem_reg[202][0]
  Impl DFF        imp:/WORK/zigbee_phy_tx/u_sm_ram_I/mem_reg[202][0]

  Ref  DFF        ref:/WORK/zigbee_phy_tx/u_sm_ram_I/mem_reg[202][1]
  Impl DFF        imp:/WORK/zigbee_phy_tx/u_sm_ram_I/mem_reg[202][1]

  Ref  DFF        ref:/WORK/zigbee_phy_tx/u_sm_ram_I/mem_reg[202][2]
  Impl DFF        imp:/WORK/zigbee_phy_tx/u_sm_ram_I/mem_reg[202][2]

  Ref  DFF        ref:/WORK/zigbee_phy_tx/u_sm_ram_I/mem_reg[202][3]
  Impl DFF        imp:/WORK/zigbee_phy_tx/u_sm_ram_I/mem_reg[202][3]

  Ref  DFF        ref:/WORK/zigbee_phy_tx/u_sm_ram_I/mem_reg[203][0]
  Impl DFF        imp:/WORK/zigbee_phy_tx/u_sm_ram_I/mem_reg[203][0]

  Ref  DFF        ref:/WORK/zigbee_phy_tx/u_sm_ram_I/mem_reg[203][1]
  Impl DFF        imp:/WORK/zigbee_phy_tx/u_sm_ram_I/mem_reg[203][1]

  Ref  DFF        ref:/WORK/zigbee_phy_tx/u_sm_ram_I/mem_reg[203][2]
  Impl DFF        imp:/WORK/zigbee_phy_tx/u_sm_ram_I/mem_reg[203][2]

  Ref  DFF        ref:/WORK/zigbee_phy_tx/u_sm_ram_I/mem_reg[203][3]
  Impl DFF        imp:/WORK/zigbee_phy_tx/u_sm_ram_I/mem_reg[203][3]

  Ref  DFF        ref:/WORK/zigbee_phy_tx/u_sm_ram_I/mem_reg[204][0]
  Impl DFF        imp:/WORK/zigbee_phy_tx/u_sm_ram_I/mem_reg[204][0]

  Ref  DFF        ref:/WORK/zigbee_phy_tx/u_sm_ram_I/mem_reg[204][1]
  Impl DFF        imp:/WORK/zigbee_phy_tx/u_sm_ram_I/mem_reg[204][1]

  Ref  DFF        ref:/WORK/zigbee_phy_tx/u_sm_ram_I/mem_reg[204][2]
  Impl DFF        imp:/WORK/zigbee_phy_tx/u_sm_ram_I/mem_reg[204][2]

  Ref  DFF        ref:/WORK/zigbee_phy_tx/u_sm_ram_I/mem_reg[204][3]
  Impl DFF        imp:/WORK/zigbee_phy_tx/u_sm_ram_I/mem_reg[204][3]

  Ref  DFF        ref:/WORK/zigbee_phy_tx/u_sm_ram_I/mem_reg[205][0]
  Impl DFF        imp:/WORK/zigbee_phy_tx/u_sm_ram_I/mem_reg[205][0]

  Ref  DFF        ref:/WORK/zigbee_phy_tx/u_sm_ram_I/mem_reg[205][1]
  Impl DFF        imp:/WORK/zigbee_phy_tx/u_sm_ram_I/mem_reg[205][1]

  Ref  DFF        ref:/WORK/zigbee_phy_tx/u_sm_ram_I/mem_reg[205][2]
  Impl DFF        imp:/WORK/zigbee_phy_tx/u_sm_ram_I/mem_reg[205][2]

  Ref  DFF        ref:/WORK/zigbee_phy_tx/u_sm_ram_I/mem_reg[205][3]
  Impl DFF        imp:/WORK/zigbee_phy_tx/u_sm_ram_I/mem_reg[205][3]

  Ref  DFF        ref:/WORK/zigbee_phy_tx/u_sm_ram_I/mem_reg[206][0]
  Impl DFF        imp:/WORK/zigbee_phy_tx/u_sm_ram_I/mem_reg[206][0]

  Ref  DFF        ref:/WORK/zigbee_phy_tx/u_sm_ram_I/mem_reg[206][1]
  Impl DFF        imp:/WORK/zigbee_phy_tx/u_sm_ram_I/mem_reg[206][1]

  Ref  DFF        ref:/WORK/zigbee_phy_tx/u_sm_ram_I/mem_reg[206][2]
  Impl DFF        imp:/WORK/zigbee_phy_tx/u_sm_ram_I/mem_reg[206][2]

  Ref  DFF        ref:/WORK/zigbee_phy_tx/u_sm_ram_I/mem_reg[206][3]
  Impl DFF        imp:/WORK/zigbee_phy_tx/u_sm_ram_I/mem_reg[206][3]

  Ref  DFF        ref:/WORK/zigbee_phy_tx/u_sm_ram_I/mem_reg[207][0]
  Impl DFF        imp:/WORK/zigbee_phy_tx/u_sm_ram_I/mem_reg[207][0]

  Ref  DFF        ref:/WORK/zigbee_phy_tx/u_sm_ram_I/mem_reg[207][1]
  Impl DFF        imp:/WORK/zigbee_phy_tx/u_sm_ram_I/mem_reg[207][1]

  Ref  DFF        ref:/WORK/zigbee_phy_tx/u_sm_ram_I/mem_reg[207][2]
  Impl DFF        imp:/WORK/zigbee_phy_tx/u_sm_ram_I/mem_reg[207][2]

  Ref  DFF        ref:/WORK/zigbee_phy_tx/u_sm_ram_I/mem_reg[207][3]
  Impl DFF        imp:/WORK/zigbee_phy_tx/u_sm_ram_I/mem_reg[207][3]

  Ref  DFF        ref:/WORK/zigbee_phy_tx/u_sm_ram_I/mem_reg[208][0]
  Impl DFF        imp:/WORK/zigbee_phy_tx/u_sm_ram_I/mem_reg[208][0]

  Ref  DFF        ref:/WORK/zigbee_phy_tx/u_sm_ram_I/mem_reg[208][1]
  Impl DFF        imp:/WORK/zigbee_phy_tx/u_sm_ram_I/mem_reg[208][1]

  Ref  DFF        ref:/WORK/zigbee_phy_tx/u_sm_ram_I/mem_reg[208][2]
  Impl DFF        imp:/WORK/zigbee_phy_tx/u_sm_ram_I/mem_reg[208][2]

  Ref  DFF        ref:/WORK/zigbee_phy_tx/u_sm_ram_I/mem_reg[208][3]
  Impl DFF        imp:/WORK/zigbee_phy_tx/u_sm_ram_I/mem_reg[208][3]

  Ref  DFF        ref:/WORK/zigbee_phy_tx/u_sm_ram_I/mem_reg[209][0]
  Impl DFF        imp:/WORK/zigbee_phy_tx/u_sm_ram_I/mem_reg[209][0]

  Ref  DFF        ref:/WORK/zigbee_phy_tx/u_sm_ram_I/mem_reg[209][1]
  Impl DFF        imp:/WORK/zigbee_phy_tx/u_sm_ram_I/mem_reg[209][1]

  Ref  DFF        ref:/WORK/zigbee_phy_tx/u_sm_ram_I/mem_reg[209][2]
  Impl DFF        imp:/WORK/zigbee_phy_tx/u_sm_ram_I/mem_reg[209][2]

  Ref  DFF        ref:/WORK/zigbee_phy_tx/u_sm_ram_I/mem_reg[209][3]
  Impl DFF        imp:/WORK/zigbee_phy_tx/u_sm_ram_I/mem_reg[209][3]

  Ref  DFF        ref:/WORK/zigbee_phy_tx/u_sm_ram_I/mem_reg[20][0]
  Impl DFF        imp:/WORK/zigbee_phy_tx/u_sm_ram_I/mem_reg[20][0]

  Ref  DFF        ref:/WORK/zigbee_phy_tx/u_sm_ram_I/mem_reg[20][1]
  Impl DFF        imp:/WORK/zigbee_phy_tx/u_sm_ram_I/mem_reg[20][1]

  Ref  DFF        ref:/WORK/zigbee_phy_tx/u_sm_ram_I/mem_reg[20][2]
  Impl DFF        imp:/WORK/zigbee_phy_tx/u_sm_ram_I/mem_reg[20][2]

  Ref  DFF        ref:/WORK/zigbee_phy_tx/u_sm_ram_I/mem_reg[20][3]
  Impl DFF        imp:/WORK/zigbee_phy_tx/u_sm_ram_I/mem_reg[20][3]

  Ref  DFF        ref:/WORK/zigbee_phy_tx/u_sm_ram_I/mem_reg[210][0]
  Impl DFF        imp:/WORK/zigbee_phy_tx/u_sm_ram_I/mem_reg[210][0]

  Ref  DFF        ref:/WORK/zigbee_phy_tx/u_sm_ram_I/mem_reg[210][1]
  Impl DFF        imp:/WORK/zigbee_phy_tx/u_sm_ram_I/mem_reg[210][1]

  Ref  DFF        ref:/WORK/zigbee_phy_tx/u_sm_ram_I/mem_reg[210][2]
  Impl DFF        imp:/WORK/zigbee_phy_tx/u_sm_ram_I/mem_reg[210][2]

  Ref  DFF        ref:/WORK/zigbee_phy_tx/u_sm_ram_I/mem_reg[210][3]
  Impl DFF        imp:/WORK/zigbee_phy_tx/u_sm_ram_I/mem_reg[210][3]

  Ref  DFF        ref:/WORK/zigbee_phy_tx/u_sm_ram_I/mem_reg[211][0]
  Impl DFF        imp:/WORK/zigbee_phy_tx/u_sm_ram_I/mem_reg[211][0]

  Ref  DFF        ref:/WORK/zigbee_phy_tx/u_sm_ram_I/mem_reg[211][1]
  Impl DFF        imp:/WORK/zigbee_phy_tx/u_sm_ram_I/mem_reg[211][1]

  Ref  DFF        ref:/WORK/zigbee_phy_tx/u_sm_ram_I/mem_reg[211][2]
  Impl DFF        imp:/WORK/zigbee_phy_tx/u_sm_ram_I/mem_reg[211][2]

  Ref  DFF        ref:/WORK/zigbee_phy_tx/u_sm_ram_I/mem_reg[211][3]
  Impl DFF        imp:/WORK/zigbee_phy_tx/u_sm_ram_I/mem_reg[211][3]

  Ref  DFF        ref:/WORK/zigbee_phy_tx/u_sm_ram_I/mem_reg[212][0]
  Impl DFF        imp:/WORK/zigbee_phy_tx/u_sm_ram_I/mem_reg[212][0]

  Ref  DFF        ref:/WORK/zigbee_phy_tx/u_sm_ram_I/mem_reg[212][1]
  Impl DFF        imp:/WORK/zigbee_phy_tx/u_sm_ram_I/mem_reg[212][1]

  Ref  DFF        ref:/WORK/zigbee_phy_tx/u_sm_ram_I/mem_reg[212][2]
  Impl DFF        imp:/WORK/zigbee_phy_tx/u_sm_ram_I/mem_reg[212][2]

  Ref  DFF        ref:/WORK/zigbee_phy_tx/u_sm_ram_I/mem_reg[212][3]
  Impl DFF        imp:/WORK/zigbee_phy_tx/u_sm_ram_I/mem_reg[212][3]

  Ref  DFF        ref:/WORK/zigbee_phy_tx/u_sm_ram_I/mem_reg[213][0]
  Impl DFF        imp:/WORK/zigbee_phy_tx/u_sm_ram_I/mem_reg[213][0]

  Ref  DFF        ref:/WORK/zigbee_phy_tx/u_sm_ram_I/mem_reg[213][1]
  Impl DFF        imp:/WORK/zigbee_phy_tx/u_sm_ram_I/mem_reg[213][1]

  Ref  DFF        ref:/WORK/zigbee_phy_tx/u_sm_ram_I/mem_reg[213][2]
  Impl DFF        imp:/WORK/zigbee_phy_tx/u_sm_ram_I/mem_reg[213][2]

  Ref  DFF        ref:/WORK/zigbee_phy_tx/u_sm_ram_I/mem_reg[213][3]
  Impl DFF        imp:/WORK/zigbee_phy_tx/u_sm_ram_I/mem_reg[213][3]

  Ref  DFF        ref:/WORK/zigbee_phy_tx/u_sm_ram_I/mem_reg[214][0]
  Impl DFF        imp:/WORK/zigbee_phy_tx/u_sm_ram_I/mem_reg[214][0]

  Ref  DFF        ref:/WORK/zigbee_phy_tx/u_sm_ram_I/mem_reg[214][1]
  Impl DFF        imp:/WORK/zigbee_phy_tx/u_sm_ram_I/mem_reg[214][1]

  Ref  DFF        ref:/WORK/zigbee_phy_tx/u_sm_ram_I/mem_reg[214][2]
  Impl DFF        imp:/WORK/zigbee_phy_tx/u_sm_ram_I/mem_reg[214][2]

  Ref  DFF        ref:/WORK/zigbee_phy_tx/u_sm_ram_I/mem_reg[214][3]
  Impl DFF        imp:/WORK/zigbee_phy_tx/u_sm_ram_I/mem_reg[214][3]

  Ref  DFF        ref:/WORK/zigbee_phy_tx/u_sm_ram_I/mem_reg[215][0]
  Impl DFF        imp:/WORK/zigbee_phy_tx/u_sm_ram_I/mem_reg[215][0]

  Ref  DFF        ref:/WORK/zigbee_phy_tx/u_sm_ram_I/mem_reg[215][1]
  Impl DFF        imp:/WORK/zigbee_phy_tx/u_sm_ram_I/mem_reg[215][1]

  Ref  DFF        ref:/WORK/zigbee_phy_tx/u_sm_ram_I/mem_reg[215][2]
  Impl DFF        imp:/WORK/zigbee_phy_tx/u_sm_ram_I/mem_reg[215][2]

  Ref  DFF        ref:/WORK/zigbee_phy_tx/u_sm_ram_I/mem_reg[215][3]
  Impl DFF        imp:/WORK/zigbee_phy_tx/u_sm_ram_I/mem_reg[215][3]

  Ref  DFF        ref:/WORK/zigbee_phy_tx/u_sm_ram_I/mem_reg[216][0]
  Impl DFF        imp:/WORK/zigbee_phy_tx/u_sm_ram_I/mem_reg[216][0]

  Ref  DFF        ref:/WORK/zigbee_phy_tx/u_sm_ram_I/mem_reg[216][1]
  Impl DFF        imp:/WORK/zigbee_phy_tx/u_sm_ram_I/mem_reg[216][1]

  Ref  DFF        ref:/WORK/zigbee_phy_tx/u_sm_ram_I/mem_reg[216][2]
  Impl DFF        imp:/WORK/zigbee_phy_tx/u_sm_ram_I/mem_reg[216][2]

  Ref  DFF        ref:/WORK/zigbee_phy_tx/u_sm_ram_I/mem_reg[216][3]
  Impl DFF        imp:/WORK/zigbee_phy_tx/u_sm_ram_I/mem_reg[216][3]

  Ref  DFF        ref:/WORK/zigbee_phy_tx/u_sm_ram_I/mem_reg[217][0]
  Impl DFF        imp:/WORK/zigbee_phy_tx/u_sm_ram_I/mem_reg[217][0]

  Ref  DFF        ref:/WORK/zigbee_phy_tx/u_sm_ram_I/mem_reg[217][1]
  Impl DFF        imp:/WORK/zigbee_phy_tx/u_sm_ram_I/mem_reg[217][1]

  Ref  DFF        ref:/WORK/zigbee_phy_tx/u_sm_ram_I/mem_reg[217][2]
  Impl DFF        imp:/WORK/zigbee_phy_tx/u_sm_ram_I/mem_reg[217][2]

  Ref  DFF        ref:/WORK/zigbee_phy_tx/u_sm_ram_I/mem_reg[217][3]
  Impl DFF        imp:/WORK/zigbee_phy_tx/u_sm_ram_I/mem_reg[217][3]

  Ref  DFF        ref:/WORK/zigbee_phy_tx/u_sm_ram_I/mem_reg[218][0]
  Impl DFF        imp:/WORK/zigbee_phy_tx/u_sm_ram_I/mem_reg[218][0]

  Ref  DFF        ref:/WORK/zigbee_phy_tx/u_sm_ram_I/mem_reg[218][1]
  Impl DFF        imp:/WORK/zigbee_phy_tx/u_sm_ram_I/mem_reg[218][1]

  Ref  DFF        ref:/WORK/zigbee_phy_tx/u_sm_ram_I/mem_reg[218][2]
  Impl DFF        imp:/WORK/zigbee_phy_tx/u_sm_ram_I/mem_reg[218][2]

  Ref  DFF        ref:/WORK/zigbee_phy_tx/u_sm_ram_I/mem_reg[218][3]
  Impl DFF        imp:/WORK/zigbee_phy_tx/u_sm_ram_I/mem_reg[218][3]

  Ref  DFF        ref:/WORK/zigbee_phy_tx/u_sm_ram_I/mem_reg[219][0]
  Impl DFF        imp:/WORK/zigbee_phy_tx/u_sm_ram_I/mem_reg[219][0]

  Ref  DFF        ref:/WORK/zigbee_phy_tx/u_sm_ram_I/mem_reg[219][1]
  Impl DFF        imp:/WORK/zigbee_phy_tx/u_sm_ram_I/mem_reg[219][1]

  Ref  DFF        ref:/WORK/zigbee_phy_tx/u_sm_ram_I/mem_reg[219][2]
  Impl DFF        imp:/WORK/zigbee_phy_tx/u_sm_ram_I/mem_reg[219][2]

  Ref  DFF        ref:/WORK/zigbee_phy_tx/u_sm_ram_I/mem_reg[219][3]
  Impl DFF        imp:/WORK/zigbee_phy_tx/u_sm_ram_I/mem_reg[219][3]

  Ref  DFF        ref:/WORK/zigbee_phy_tx/u_sm_ram_I/mem_reg[21][0]
  Impl DFF        imp:/WORK/zigbee_phy_tx/u_sm_ram_I/mem_reg[21][0]

  Ref  DFF        ref:/WORK/zigbee_phy_tx/u_sm_ram_I/mem_reg[21][1]
  Impl DFF        imp:/WORK/zigbee_phy_tx/u_sm_ram_I/mem_reg[21][1]

  Ref  DFF        ref:/WORK/zigbee_phy_tx/u_sm_ram_I/mem_reg[21][2]
  Impl DFF        imp:/WORK/zigbee_phy_tx/u_sm_ram_I/mem_reg[21][2]

  Ref  DFF        ref:/WORK/zigbee_phy_tx/u_sm_ram_I/mem_reg[21][3]
  Impl DFF        imp:/WORK/zigbee_phy_tx/u_sm_ram_I/mem_reg[21][3]

  Ref  DFF        ref:/WORK/zigbee_phy_tx/u_sm_ram_I/mem_reg[220][0]
  Impl DFF        imp:/WORK/zigbee_phy_tx/u_sm_ram_I/mem_reg[220][0]

  Ref  DFF        ref:/WORK/zigbee_phy_tx/u_sm_ram_I/mem_reg[220][1]
  Impl DFF        imp:/WORK/zigbee_phy_tx/u_sm_ram_I/mem_reg[220][1]

  Ref  DFF        ref:/WORK/zigbee_phy_tx/u_sm_ram_I/mem_reg[220][2]
  Impl DFF        imp:/WORK/zigbee_phy_tx/u_sm_ram_I/mem_reg[220][2]

  Ref  DFF        ref:/WORK/zigbee_phy_tx/u_sm_ram_I/mem_reg[220][3]
  Impl DFF        imp:/WORK/zigbee_phy_tx/u_sm_ram_I/mem_reg[220][3]

  Ref  DFF        ref:/WORK/zigbee_phy_tx/u_sm_ram_I/mem_reg[221][0]
  Impl DFF        imp:/WORK/zigbee_phy_tx/u_sm_ram_I/mem_reg[221][0]

  Ref  DFF        ref:/WORK/zigbee_phy_tx/u_sm_ram_I/mem_reg[221][1]
  Impl DFF        imp:/WORK/zigbee_phy_tx/u_sm_ram_I/mem_reg[221][1]

  Ref  DFF        ref:/WORK/zigbee_phy_tx/u_sm_ram_I/mem_reg[221][2]
  Impl DFF        imp:/WORK/zigbee_phy_tx/u_sm_ram_I/mem_reg[221][2]

  Ref  DFF        ref:/WORK/zigbee_phy_tx/u_sm_ram_I/mem_reg[221][3]
  Impl DFF        imp:/WORK/zigbee_phy_tx/u_sm_ram_I/mem_reg[221][3]

  Ref  DFF        ref:/WORK/zigbee_phy_tx/u_sm_ram_I/mem_reg[222][0]
  Impl DFF        imp:/WORK/zigbee_phy_tx/u_sm_ram_I/mem_reg[222][0]

  Ref  DFF        ref:/WORK/zigbee_phy_tx/u_sm_ram_I/mem_reg[222][1]
  Impl DFF        imp:/WORK/zigbee_phy_tx/u_sm_ram_I/mem_reg[222][1]

  Ref  DFF        ref:/WORK/zigbee_phy_tx/u_sm_ram_I/mem_reg[222][2]
  Impl DFF        imp:/WORK/zigbee_phy_tx/u_sm_ram_I/mem_reg[222][2]

  Ref  DFF        ref:/WORK/zigbee_phy_tx/u_sm_ram_I/mem_reg[222][3]
  Impl DFF        imp:/WORK/zigbee_phy_tx/u_sm_ram_I/mem_reg[222][3]

  Ref  DFF        ref:/WORK/zigbee_phy_tx/u_sm_ram_I/mem_reg[223][0]
  Impl DFF        imp:/WORK/zigbee_phy_tx/u_sm_ram_I/mem_reg[223][0]

  Ref  DFF        ref:/WORK/zigbee_phy_tx/u_sm_ram_I/mem_reg[223][1]
  Impl DFF        imp:/WORK/zigbee_phy_tx/u_sm_ram_I/mem_reg[223][1]

  Ref  DFF        ref:/WORK/zigbee_phy_tx/u_sm_ram_I/mem_reg[223][2]
  Impl DFF        imp:/WORK/zigbee_phy_tx/u_sm_ram_I/mem_reg[223][2]

  Ref  DFF        ref:/WORK/zigbee_phy_tx/u_sm_ram_I/mem_reg[223][3]
  Impl DFF        imp:/WORK/zigbee_phy_tx/u_sm_ram_I/mem_reg[223][3]

  Ref  DFF        ref:/WORK/zigbee_phy_tx/u_sm_ram_I/mem_reg[224][0]
  Impl DFF        imp:/WORK/zigbee_phy_tx/u_sm_ram_I/mem_reg[224][0]

  Ref  DFF        ref:/WORK/zigbee_phy_tx/u_sm_ram_I/mem_reg[224][1]
  Impl DFF        imp:/WORK/zigbee_phy_tx/u_sm_ram_I/mem_reg[224][1]

  Ref  DFF        ref:/WORK/zigbee_phy_tx/u_sm_ram_I/mem_reg[224][2]
  Impl DFF        imp:/WORK/zigbee_phy_tx/u_sm_ram_I/mem_reg[224][2]

  Ref  DFF        ref:/WORK/zigbee_phy_tx/u_sm_ram_I/mem_reg[224][3]
  Impl DFF        imp:/WORK/zigbee_phy_tx/u_sm_ram_I/mem_reg[224][3]

  Ref  DFF        ref:/WORK/zigbee_phy_tx/u_sm_ram_I/mem_reg[225][0]
  Impl DFF        imp:/WORK/zigbee_phy_tx/u_sm_ram_I/mem_reg[225][0]

  Ref  DFF        ref:/WORK/zigbee_phy_tx/u_sm_ram_I/mem_reg[225][1]
  Impl DFF        imp:/WORK/zigbee_phy_tx/u_sm_ram_I/mem_reg[225][1]

  Ref  DFF        ref:/WORK/zigbee_phy_tx/u_sm_ram_I/mem_reg[225][2]
  Impl DFF        imp:/WORK/zigbee_phy_tx/u_sm_ram_I/mem_reg[225][2]

  Ref  DFF        ref:/WORK/zigbee_phy_tx/u_sm_ram_I/mem_reg[225][3]
  Impl DFF        imp:/WORK/zigbee_phy_tx/u_sm_ram_I/mem_reg[225][3]

  Ref  DFF        ref:/WORK/zigbee_phy_tx/u_sm_ram_I/mem_reg[226][0]
  Impl DFF        imp:/WORK/zigbee_phy_tx/u_sm_ram_I/mem_reg[226][0]

  Ref  DFF        ref:/WORK/zigbee_phy_tx/u_sm_ram_I/mem_reg[226][1]
  Impl DFF        imp:/WORK/zigbee_phy_tx/u_sm_ram_I/mem_reg[226][1]

  Ref  DFF        ref:/WORK/zigbee_phy_tx/u_sm_ram_I/mem_reg[226][2]
  Impl DFF        imp:/WORK/zigbee_phy_tx/u_sm_ram_I/mem_reg[226][2]

  Ref  DFF        ref:/WORK/zigbee_phy_tx/u_sm_ram_I/mem_reg[226][3]
  Impl DFF        imp:/WORK/zigbee_phy_tx/u_sm_ram_I/mem_reg[226][3]

  Ref  DFF        ref:/WORK/zigbee_phy_tx/u_sm_ram_I/mem_reg[227][0]
  Impl DFF        imp:/WORK/zigbee_phy_tx/u_sm_ram_I/mem_reg[227][0]

  Ref  DFF        ref:/WORK/zigbee_phy_tx/u_sm_ram_I/mem_reg[227][1]
  Impl DFF        imp:/WORK/zigbee_phy_tx/u_sm_ram_I/mem_reg[227][1]

  Ref  DFF        ref:/WORK/zigbee_phy_tx/u_sm_ram_I/mem_reg[227][2]
  Impl DFF        imp:/WORK/zigbee_phy_tx/u_sm_ram_I/mem_reg[227][2]

  Ref  DFF        ref:/WORK/zigbee_phy_tx/u_sm_ram_I/mem_reg[227][3]
  Impl DFF        imp:/WORK/zigbee_phy_tx/u_sm_ram_I/mem_reg[227][3]

  Ref  DFF        ref:/WORK/zigbee_phy_tx/u_sm_ram_I/mem_reg[228][0]
  Impl DFF        imp:/WORK/zigbee_phy_tx/u_sm_ram_I/mem_reg[228][0]

  Ref  DFF        ref:/WORK/zigbee_phy_tx/u_sm_ram_I/mem_reg[228][1]
  Impl DFF        imp:/WORK/zigbee_phy_tx/u_sm_ram_I/mem_reg[228][1]

  Ref  DFF        ref:/WORK/zigbee_phy_tx/u_sm_ram_I/mem_reg[228][2]
  Impl DFF        imp:/WORK/zigbee_phy_tx/u_sm_ram_I/mem_reg[228][2]

  Ref  DFF        ref:/WORK/zigbee_phy_tx/u_sm_ram_I/mem_reg[228][3]
  Impl DFF        imp:/WORK/zigbee_phy_tx/u_sm_ram_I/mem_reg[228][3]

  Ref  DFF        ref:/WORK/zigbee_phy_tx/u_sm_ram_I/mem_reg[229][0]
  Impl DFF        imp:/WORK/zigbee_phy_tx/u_sm_ram_I/mem_reg[229][0]

  Ref  DFF        ref:/WORK/zigbee_phy_tx/u_sm_ram_I/mem_reg[229][1]
  Impl DFF        imp:/WORK/zigbee_phy_tx/u_sm_ram_I/mem_reg[229][1]

  Ref  DFF        ref:/WORK/zigbee_phy_tx/u_sm_ram_I/mem_reg[229][2]
  Impl DFF        imp:/WORK/zigbee_phy_tx/u_sm_ram_I/mem_reg[229][2]

  Ref  DFF        ref:/WORK/zigbee_phy_tx/u_sm_ram_I/mem_reg[229][3]
  Impl DFF        imp:/WORK/zigbee_phy_tx/u_sm_ram_I/mem_reg[229][3]

  Ref  DFF        ref:/WORK/zigbee_phy_tx/u_sm_ram_I/mem_reg[22][0]
  Impl DFF        imp:/WORK/zigbee_phy_tx/u_sm_ram_I/mem_reg[22][0]

  Ref  DFF        ref:/WORK/zigbee_phy_tx/u_sm_ram_I/mem_reg[22][1]
  Impl DFF        imp:/WORK/zigbee_phy_tx/u_sm_ram_I/mem_reg[22][1]

  Ref  DFF        ref:/WORK/zigbee_phy_tx/u_sm_ram_I/mem_reg[22][2]
  Impl DFF        imp:/WORK/zigbee_phy_tx/u_sm_ram_I/mem_reg[22][2]

  Ref  DFF        ref:/WORK/zigbee_phy_tx/u_sm_ram_I/mem_reg[22][3]
  Impl DFF        imp:/WORK/zigbee_phy_tx/u_sm_ram_I/mem_reg[22][3]

  Ref  DFF        ref:/WORK/zigbee_phy_tx/u_sm_ram_I/mem_reg[230][0]
  Impl DFF        imp:/WORK/zigbee_phy_tx/u_sm_ram_I/mem_reg[230][0]

  Ref  DFF        ref:/WORK/zigbee_phy_tx/u_sm_ram_I/mem_reg[230][1]
  Impl DFF        imp:/WORK/zigbee_phy_tx/u_sm_ram_I/mem_reg[230][1]

  Ref  DFF        ref:/WORK/zigbee_phy_tx/u_sm_ram_I/mem_reg[230][2]
  Impl DFF        imp:/WORK/zigbee_phy_tx/u_sm_ram_I/mem_reg[230][2]

  Ref  DFF        ref:/WORK/zigbee_phy_tx/u_sm_ram_I/mem_reg[230][3]
  Impl DFF        imp:/WORK/zigbee_phy_tx/u_sm_ram_I/mem_reg[230][3]

  Ref  DFF        ref:/WORK/zigbee_phy_tx/u_sm_ram_I/mem_reg[231][0]
  Impl DFF        imp:/WORK/zigbee_phy_tx/u_sm_ram_I/mem_reg[231][0]

  Ref  DFF        ref:/WORK/zigbee_phy_tx/u_sm_ram_I/mem_reg[231][1]
  Impl DFF        imp:/WORK/zigbee_phy_tx/u_sm_ram_I/mem_reg[231][1]

  Ref  DFF        ref:/WORK/zigbee_phy_tx/u_sm_ram_I/mem_reg[231][2]
  Impl DFF        imp:/WORK/zigbee_phy_tx/u_sm_ram_I/mem_reg[231][2]

  Ref  DFF        ref:/WORK/zigbee_phy_tx/u_sm_ram_I/mem_reg[231][3]
  Impl DFF        imp:/WORK/zigbee_phy_tx/u_sm_ram_I/mem_reg[231][3]

  Ref  DFF        ref:/WORK/zigbee_phy_tx/u_sm_ram_I/mem_reg[232][0]
  Impl DFF        imp:/WORK/zigbee_phy_tx/u_sm_ram_I/mem_reg[232][0]

  Ref  DFF        ref:/WORK/zigbee_phy_tx/u_sm_ram_I/mem_reg[232][1]
  Impl DFF        imp:/WORK/zigbee_phy_tx/u_sm_ram_I/mem_reg[232][1]

  Ref  DFF        ref:/WORK/zigbee_phy_tx/u_sm_ram_I/mem_reg[232][2]
  Impl DFF        imp:/WORK/zigbee_phy_tx/u_sm_ram_I/mem_reg[232][2]

  Ref  DFF        ref:/WORK/zigbee_phy_tx/u_sm_ram_I/mem_reg[232][3]
  Impl DFF        imp:/WORK/zigbee_phy_tx/u_sm_ram_I/mem_reg[232][3]

  Ref  DFF        ref:/WORK/zigbee_phy_tx/u_sm_ram_I/mem_reg[233][0]
  Impl DFF        imp:/WORK/zigbee_phy_tx/u_sm_ram_I/mem_reg[233][0]

  Ref  DFF        ref:/WORK/zigbee_phy_tx/u_sm_ram_I/mem_reg[233][1]
  Impl DFF        imp:/WORK/zigbee_phy_tx/u_sm_ram_I/mem_reg[233][1]

  Ref  DFF        ref:/WORK/zigbee_phy_tx/u_sm_ram_I/mem_reg[233][2]
  Impl DFF        imp:/WORK/zigbee_phy_tx/u_sm_ram_I/mem_reg[233][2]

  Ref  DFF        ref:/WORK/zigbee_phy_tx/u_sm_ram_I/mem_reg[233][3]
  Impl DFF        imp:/WORK/zigbee_phy_tx/u_sm_ram_I/mem_reg[233][3]

  Ref  DFF        ref:/WORK/zigbee_phy_tx/u_sm_ram_I/mem_reg[234][0]
  Impl DFF        imp:/WORK/zigbee_phy_tx/u_sm_ram_I/mem_reg[234][0]

  Ref  DFF        ref:/WORK/zigbee_phy_tx/u_sm_ram_I/mem_reg[234][1]
  Impl DFF        imp:/WORK/zigbee_phy_tx/u_sm_ram_I/mem_reg[234][1]

  Ref  DFF        ref:/WORK/zigbee_phy_tx/u_sm_ram_I/mem_reg[234][2]
  Impl DFF        imp:/WORK/zigbee_phy_tx/u_sm_ram_I/mem_reg[234][2]

  Ref  DFF        ref:/WORK/zigbee_phy_tx/u_sm_ram_I/mem_reg[234][3]
  Impl DFF        imp:/WORK/zigbee_phy_tx/u_sm_ram_I/mem_reg[234][3]

  Ref  DFF        ref:/WORK/zigbee_phy_tx/u_sm_ram_I/mem_reg[235][0]
  Impl DFF        imp:/WORK/zigbee_phy_tx/u_sm_ram_I/mem_reg[235][0]

  Ref  DFF        ref:/WORK/zigbee_phy_tx/u_sm_ram_I/mem_reg[235][1]
  Impl DFF        imp:/WORK/zigbee_phy_tx/u_sm_ram_I/mem_reg[235][1]

  Ref  DFF        ref:/WORK/zigbee_phy_tx/u_sm_ram_I/mem_reg[235][2]
  Impl DFF        imp:/WORK/zigbee_phy_tx/u_sm_ram_I/mem_reg[235][2]

  Ref  DFF        ref:/WORK/zigbee_phy_tx/u_sm_ram_I/mem_reg[235][3]
  Impl DFF        imp:/WORK/zigbee_phy_tx/u_sm_ram_I/mem_reg[235][3]

  Ref  DFF        ref:/WORK/zigbee_phy_tx/u_sm_ram_I/mem_reg[236][0]
  Impl DFF        imp:/WORK/zigbee_phy_tx/u_sm_ram_I/mem_reg[236][0]

  Ref  DFF        ref:/WORK/zigbee_phy_tx/u_sm_ram_I/mem_reg[236][1]
  Impl DFF        imp:/WORK/zigbee_phy_tx/u_sm_ram_I/mem_reg[236][1]

  Ref  DFF        ref:/WORK/zigbee_phy_tx/u_sm_ram_I/mem_reg[236][2]
  Impl DFF        imp:/WORK/zigbee_phy_tx/u_sm_ram_I/mem_reg[236][2]

  Ref  DFF        ref:/WORK/zigbee_phy_tx/u_sm_ram_I/mem_reg[236][3]
  Impl DFF        imp:/WORK/zigbee_phy_tx/u_sm_ram_I/mem_reg[236][3]

  Ref  DFF        ref:/WORK/zigbee_phy_tx/u_sm_ram_I/mem_reg[237][0]
  Impl DFF        imp:/WORK/zigbee_phy_tx/u_sm_ram_I/mem_reg[237][0]

  Ref  DFF        ref:/WORK/zigbee_phy_tx/u_sm_ram_I/mem_reg[237][1]
  Impl DFF        imp:/WORK/zigbee_phy_tx/u_sm_ram_I/mem_reg[237][1]

  Ref  DFF        ref:/WORK/zigbee_phy_tx/u_sm_ram_I/mem_reg[237][2]
  Impl DFF        imp:/WORK/zigbee_phy_tx/u_sm_ram_I/mem_reg[237][2]

  Ref  DFF        ref:/WORK/zigbee_phy_tx/u_sm_ram_I/mem_reg[237][3]
  Impl DFF        imp:/WORK/zigbee_phy_tx/u_sm_ram_I/mem_reg[237][3]

  Ref  DFF        ref:/WORK/zigbee_phy_tx/u_sm_ram_I/mem_reg[238][0]
  Impl DFF        imp:/WORK/zigbee_phy_tx/u_sm_ram_I/mem_reg[238][0]

  Ref  DFF        ref:/WORK/zigbee_phy_tx/u_sm_ram_I/mem_reg[238][1]
  Impl DFF        imp:/WORK/zigbee_phy_tx/u_sm_ram_I/mem_reg[238][1]

  Ref  DFF        ref:/WORK/zigbee_phy_tx/u_sm_ram_I/mem_reg[238][2]
  Impl DFF        imp:/WORK/zigbee_phy_tx/u_sm_ram_I/mem_reg[238][2]

  Ref  DFF        ref:/WORK/zigbee_phy_tx/u_sm_ram_I/mem_reg[238][3]
  Impl DFF        imp:/WORK/zigbee_phy_tx/u_sm_ram_I/mem_reg[238][3]

  Ref  DFF        ref:/WORK/zigbee_phy_tx/u_sm_ram_I/mem_reg[239][0]
  Impl DFF        imp:/WORK/zigbee_phy_tx/u_sm_ram_I/mem_reg[239][0]

  Ref  DFF        ref:/WORK/zigbee_phy_tx/u_sm_ram_I/mem_reg[239][1]
  Impl DFF        imp:/WORK/zigbee_phy_tx/u_sm_ram_I/mem_reg[239][1]

  Ref  DFF        ref:/WORK/zigbee_phy_tx/u_sm_ram_I/mem_reg[239][2]
  Impl DFF        imp:/WORK/zigbee_phy_tx/u_sm_ram_I/mem_reg[239][2]

  Ref  DFF        ref:/WORK/zigbee_phy_tx/u_sm_ram_I/mem_reg[239][3]
  Impl DFF        imp:/WORK/zigbee_phy_tx/u_sm_ram_I/mem_reg[239][3]

  Ref  DFF        ref:/WORK/zigbee_phy_tx/u_sm_ram_I/mem_reg[23][0]
  Impl DFF        imp:/WORK/zigbee_phy_tx/u_sm_ram_I/mem_reg[23][0]

  Ref  DFF        ref:/WORK/zigbee_phy_tx/u_sm_ram_I/mem_reg[23][1]
  Impl DFF        imp:/WORK/zigbee_phy_tx/u_sm_ram_I/mem_reg[23][1]

  Ref  DFF        ref:/WORK/zigbee_phy_tx/u_sm_ram_I/mem_reg[23][2]
  Impl DFF        imp:/WORK/zigbee_phy_tx/u_sm_ram_I/mem_reg[23][2]

  Ref  DFF        ref:/WORK/zigbee_phy_tx/u_sm_ram_I/mem_reg[23][3]
  Impl DFF        imp:/WORK/zigbee_phy_tx/u_sm_ram_I/mem_reg[23][3]

  Ref  DFF        ref:/WORK/zigbee_phy_tx/u_sm_ram_I/mem_reg[240][0]
  Impl DFF        imp:/WORK/zigbee_phy_tx/u_sm_ram_I/mem_reg[240][0]

  Ref  DFF        ref:/WORK/zigbee_phy_tx/u_sm_ram_I/mem_reg[240][1]
  Impl DFF        imp:/WORK/zigbee_phy_tx/u_sm_ram_I/mem_reg[240][1]

  Ref  DFF        ref:/WORK/zigbee_phy_tx/u_sm_ram_I/mem_reg[240][2]
  Impl DFF        imp:/WORK/zigbee_phy_tx/u_sm_ram_I/mem_reg[240][2]

  Ref  DFF        ref:/WORK/zigbee_phy_tx/u_sm_ram_I/mem_reg[240][3]
  Impl DFF        imp:/WORK/zigbee_phy_tx/u_sm_ram_I/mem_reg[240][3]

  Ref  DFF        ref:/WORK/zigbee_phy_tx/u_sm_ram_I/mem_reg[241][0]
  Impl DFF        imp:/WORK/zigbee_phy_tx/u_sm_ram_I/mem_reg[241][0]

  Ref  DFF        ref:/WORK/zigbee_phy_tx/u_sm_ram_I/mem_reg[241][1]
  Impl DFF        imp:/WORK/zigbee_phy_tx/u_sm_ram_I/mem_reg[241][1]

  Ref  DFF        ref:/WORK/zigbee_phy_tx/u_sm_ram_I/mem_reg[241][2]
  Impl DFF        imp:/WORK/zigbee_phy_tx/u_sm_ram_I/mem_reg[241][2]

  Ref  DFF        ref:/WORK/zigbee_phy_tx/u_sm_ram_I/mem_reg[241][3]
  Impl DFF        imp:/WORK/zigbee_phy_tx/u_sm_ram_I/mem_reg[241][3]

  Ref  DFF        ref:/WORK/zigbee_phy_tx/u_sm_ram_I/mem_reg[242][0]
  Impl DFF        imp:/WORK/zigbee_phy_tx/u_sm_ram_I/mem_reg[242][0]

  Ref  DFF        ref:/WORK/zigbee_phy_tx/u_sm_ram_I/mem_reg[242][1]
  Impl DFF        imp:/WORK/zigbee_phy_tx/u_sm_ram_I/mem_reg[242][1]

  Ref  DFF        ref:/WORK/zigbee_phy_tx/u_sm_ram_I/mem_reg[242][2]
  Impl DFF        imp:/WORK/zigbee_phy_tx/u_sm_ram_I/mem_reg[242][2]

  Ref  DFF        ref:/WORK/zigbee_phy_tx/u_sm_ram_I/mem_reg[242][3]
  Impl DFF        imp:/WORK/zigbee_phy_tx/u_sm_ram_I/mem_reg[242][3]

  Ref  DFF        ref:/WORK/zigbee_phy_tx/u_sm_ram_I/mem_reg[243][0]
  Impl DFF        imp:/WORK/zigbee_phy_tx/u_sm_ram_I/mem_reg[243][0]

  Ref  DFF        ref:/WORK/zigbee_phy_tx/u_sm_ram_I/mem_reg[243][1]
  Impl DFF        imp:/WORK/zigbee_phy_tx/u_sm_ram_I/mem_reg[243][1]

  Ref  DFF        ref:/WORK/zigbee_phy_tx/u_sm_ram_I/mem_reg[243][2]
  Impl DFF        imp:/WORK/zigbee_phy_tx/u_sm_ram_I/mem_reg[243][2]

  Ref  DFF        ref:/WORK/zigbee_phy_tx/u_sm_ram_I/mem_reg[243][3]
  Impl DFF        imp:/WORK/zigbee_phy_tx/u_sm_ram_I/mem_reg[243][3]

  Ref  DFF        ref:/WORK/zigbee_phy_tx/u_sm_ram_I/mem_reg[244][0]
  Impl DFF        imp:/WORK/zigbee_phy_tx/u_sm_ram_I/mem_reg[244][0]

  Ref  DFF        ref:/WORK/zigbee_phy_tx/u_sm_ram_I/mem_reg[244][1]
  Impl DFF        imp:/WORK/zigbee_phy_tx/u_sm_ram_I/mem_reg[244][1]

  Ref  DFF        ref:/WORK/zigbee_phy_tx/u_sm_ram_I/mem_reg[244][2]
  Impl DFF        imp:/WORK/zigbee_phy_tx/u_sm_ram_I/mem_reg[244][2]

  Ref  DFF        ref:/WORK/zigbee_phy_tx/u_sm_ram_I/mem_reg[244][3]
  Impl DFF        imp:/WORK/zigbee_phy_tx/u_sm_ram_I/mem_reg[244][3]

  Ref  DFF        ref:/WORK/zigbee_phy_tx/u_sm_ram_I/mem_reg[245][0]
  Impl DFF        imp:/WORK/zigbee_phy_tx/u_sm_ram_I/mem_reg[245][0]

  Ref  DFF        ref:/WORK/zigbee_phy_tx/u_sm_ram_I/mem_reg[245][1]
  Impl DFF        imp:/WORK/zigbee_phy_tx/u_sm_ram_I/mem_reg[245][1]

  Ref  DFF        ref:/WORK/zigbee_phy_tx/u_sm_ram_I/mem_reg[245][2]
  Impl DFF        imp:/WORK/zigbee_phy_tx/u_sm_ram_I/mem_reg[245][2]

  Ref  DFF        ref:/WORK/zigbee_phy_tx/u_sm_ram_I/mem_reg[245][3]
  Impl DFF        imp:/WORK/zigbee_phy_tx/u_sm_ram_I/mem_reg[245][3]

  Ref  DFF        ref:/WORK/zigbee_phy_tx/u_sm_ram_I/mem_reg[246][0]
  Impl DFF        imp:/WORK/zigbee_phy_tx/u_sm_ram_I/mem_reg[246][0]

  Ref  DFF        ref:/WORK/zigbee_phy_tx/u_sm_ram_I/mem_reg[246][1]
  Impl DFF        imp:/WORK/zigbee_phy_tx/u_sm_ram_I/mem_reg[246][1]

  Ref  DFF        ref:/WORK/zigbee_phy_tx/u_sm_ram_I/mem_reg[246][2]
  Impl DFF        imp:/WORK/zigbee_phy_tx/u_sm_ram_I/mem_reg[246][2]

  Ref  DFF        ref:/WORK/zigbee_phy_tx/u_sm_ram_I/mem_reg[246][3]
  Impl DFF        imp:/WORK/zigbee_phy_tx/u_sm_ram_I/mem_reg[246][3]

  Ref  DFF        ref:/WORK/zigbee_phy_tx/u_sm_ram_I/mem_reg[247][0]
  Impl DFF        imp:/WORK/zigbee_phy_tx/u_sm_ram_I/mem_reg[247][0]

  Ref  DFF        ref:/WORK/zigbee_phy_tx/u_sm_ram_I/mem_reg[247][1]
  Impl DFF        imp:/WORK/zigbee_phy_tx/u_sm_ram_I/mem_reg[247][1]

  Ref  DFF        ref:/WORK/zigbee_phy_tx/u_sm_ram_I/mem_reg[247][2]
  Impl DFF        imp:/WORK/zigbee_phy_tx/u_sm_ram_I/mem_reg[247][2]

  Ref  DFF        ref:/WORK/zigbee_phy_tx/u_sm_ram_I/mem_reg[247][3]
  Impl DFF        imp:/WORK/zigbee_phy_tx/u_sm_ram_I/mem_reg[247][3]

  Ref  DFF        ref:/WORK/zigbee_phy_tx/u_sm_ram_I/mem_reg[248][0]
  Impl DFF        imp:/WORK/zigbee_phy_tx/u_sm_ram_I/mem_reg[248][0]

  Ref  DFF        ref:/WORK/zigbee_phy_tx/u_sm_ram_I/mem_reg[248][1]
  Impl DFF        imp:/WORK/zigbee_phy_tx/u_sm_ram_I/mem_reg[248][1]

  Ref  DFF        ref:/WORK/zigbee_phy_tx/u_sm_ram_I/mem_reg[248][2]
  Impl DFF        imp:/WORK/zigbee_phy_tx/u_sm_ram_I/mem_reg[248][2]

  Ref  DFF        ref:/WORK/zigbee_phy_tx/u_sm_ram_I/mem_reg[248][3]
  Impl DFF        imp:/WORK/zigbee_phy_tx/u_sm_ram_I/mem_reg[248][3]

  Ref  DFF        ref:/WORK/zigbee_phy_tx/u_sm_ram_I/mem_reg[249][0]
  Impl DFF        imp:/WORK/zigbee_phy_tx/u_sm_ram_I/mem_reg[249][0]

  Ref  DFF        ref:/WORK/zigbee_phy_tx/u_sm_ram_I/mem_reg[249][1]
  Impl DFF        imp:/WORK/zigbee_phy_tx/u_sm_ram_I/mem_reg[249][1]

  Ref  DFF        ref:/WORK/zigbee_phy_tx/u_sm_ram_I/mem_reg[249][2]
  Impl DFF        imp:/WORK/zigbee_phy_tx/u_sm_ram_I/mem_reg[249][2]

  Ref  DFF        ref:/WORK/zigbee_phy_tx/u_sm_ram_I/mem_reg[249][3]
  Impl DFF        imp:/WORK/zigbee_phy_tx/u_sm_ram_I/mem_reg[249][3]

  Ref  DFF        ref:/WORK/zigbee_phy_tx/u_sm_ram_I/mem_reg[24][0]
  Impl DFF        imp:/WORK/zigbee_phy_tx/u_sm_ram_I/mem_reg[24][0]

  Ref  DFF        ref:/WORK/zigbee_phy_tx/u_sm_ram_I/mem_reg[24][1]
  Impl DFF        imp:/WORK/zigbee_phy_tx/u_sm_ram_I/mem_reg[24][1]

  Ref  DFF        ref:/WORK/zigbee_phy_tx/u_sm_ram_I/mem_reg[24][2]
  Impl DFF        imp:/WORK/zigbee_phy_tx/u_sm_ram_I/mem_reg[24][2]

  Ref  DFF        ref:/WORK/zigbee_phy_tx/u_sm_ram_I/mem_reg[24][3]
  Impl DFF        imp:/WORK/zigbee_phy_tx/u_sm_ram_I/mem_reg[24][3]

  Ref  DFF        ref:/WORK/zigbee_phy_tx/u_sm_ram_I/mem_reg[250][0]
  Impl DFF        imp:/WORK/zigbee_phy_tx/u_sm_ram_I/mem_reg[250][0]

  Ref  DFF        ref:/WORK/zigbee_phy_tx/u_sm_ram_I/mem_reg[250][1]
  Impl DFF        imp:/WORK/zigbee_phy_tx/u_sm_ram_I/mem_reg[250][1]

  Ref  DFF        ref:/WORK/zigbee_phy_tx/u_sm_ram_I/mem_reg[250][2]
  Impl DFF        imp:/WORK/zigbee_phy_tx/u_sm_ram_I/mem_reg[250][2]

  Ref  DFF        ref:/WORK/zigbee_phy_tx/u_sm_ram_I/mem_reg[250][3]
  Impl DFF        imp:/WORK/zigbee_phy_tx/u_sm_ram_I/mem_reg[250][3]

  Ref  DFF        ref:/WORK/zigbee_phy_tx/u_sm_ram_I/mem_reg[251][0]
  Impl DFF        imp:/WORK/zigbee_phy_tx/u_sm_ram_I/mem_reg[251][0]

  Ref  DFF        ref:/WORK/zigbee_phy_tx/u_sm_ram_I/mem_reg[251][1]
  Impl DFF        imp:/WORK/zigbee_phy_tx/u_sm_ram_I/mem_reg[251][1]

  Ref  DFF        ref:/WORK/zigbee_phy_tx/u_sm_ram_I/mem_reg[251][2]
  Impl DFF        imp:/WORK/zigbee_phy_tx/u_sm_ram_I/mem_reg[251][2]

  Ref  DFF        ref:/WORK/zigbee_phy_tx/u_sm_ram_I/mem_reg[251][3]
  Impl DFF        imp:/WORK/zigbee_phy_tx/u_sm_ram_I/mem_reg[251][3]

  Ref  DFF        ref:/WORK/zigbee_phy_tx/u_sm_ram_I/mem_reg[252][0]
  Impl DFF        imp:/WORK/zigbee_phy_tx/u_sm_ram_I/mem_reg[252][0]

  Ref  DFF        ref:/WORK/zigbee_phy_tx/u_sm_ram_I/mem_reg[252][1]
  Impl DFF        imp:/WORK/zigbee_phy_tx/u_sm_ram_I/mem_reg[252][1]

  Ref  DFF        ref:/WORK/zigbee_phy_tx/u_sm_ram_I/mem_reg[252][2]
  Impl DFF        imp:/WORK/zigbee_phy_tx/u_sm_ram_I/mem_reg[252][2]

  Ref  DFF        ref:/WORK/zigbee_phy_tx/u_sm_ram_I/mem_reg[252][3]
  Impl DFF        imp:/WORK/zigbee_phy_tx/u_sm_ram_I/mem_reg[252][3]

  Ref  DFF        ref:/WORK/zigbee_phy_tx/u_sm_ram_I/mem_reg[253][0]
  Impl DFF        imp:/WORK/zigbee_phy_tx/u_sm_ram_I/mem_reg[253][0]

  Ref  DFF        ref:/WORK/zigbee_phy_tx/u_sm_ram_I/mem_reg[253][1]
  Impl DFF        imp:/WORK/zigbee_phy_tx/u_sm_ram_I/mem_reg[253][1]

  Ref  DFF        ref:/WORK/zigbee_phy_tx/u_sm_ram_I/mem_reg[253][2]
  Impl DFF        imp:/WORK/zigbee_phy_tx/u_sm_ram_I/mem_reg[253][2]

  Ref  DFF        ref:/WORK/zigbee_phy_tx/u_sm_ram_I/mem_reg[253][3]
  Impl DFF        imp:/WORK/zigbee_phy_tx/u_sm_ram_I/mem_reg[253][3]

  Ref  DFF        ref:/WORK/zigbee_phy_tx/u_sm_ram_I/mem_reg[254][0]
  Impl DFF        imp:/WORK/zigbee_phy_tx/u_sm_ram_I/mem_reg[254][0]

  Ref  DFF        ref:/WORK/zigbee_phy_tx/u_sm_ram_I/mem_reg[254][1]
  Impl DFF        imp:/WORK/zigbee_phy_tx/u_sm_ram_I/mem_reg[254][1]

  Ref  DFF        ref:/WORK/zigbee_phy_tx/u_sm_ram_I/mem_reg[254][2]
  Impl DFF        imp:/WORK/zigbee_phy_tx/u_sm_ram_I/mem_reg[254][2]

  Ref  DFF        ref:/WORK/zigbee_phy_tx/u_sm_ram_I/mem_reg[254][3]
  Impl DFF        imp:/WORK/zigbee_phy_tx/u_sm_ram_I/mem_reg[254][3]

  Ref  DFF        ref:/WORK/zigbee_phy_tx/u_sm_ram_I/mem_reg[255][0]
  Impl DFF        imp:/WORK/zigbee_phy_tx/u_sm_ram_I/mem_reg[255][0]

  Ref  DFF        ref:/WORK/zigbee_phy_tx/u_sm_ram_I/mem_reg[255][1]
  Impl DFF        imp:/WORK/zigbee_phy_tx/u_sm_ram_I/mem_reg[255][1]

  Ref  DFF        ref:/WORK/zigbee_phy_tx/u_sm_ram_I/mem_reg[255][2]
  Impl DFF        imp:/WORK/zigbee_phy_tx/u_sm_ram_I/mem_reg[255][2]

  Ref  DFF        ref:/WORK/zigbee_phy_tx/u_sm_ram_I/mem_reg[255][3]
  Impl DFF        imp:/WORK/zigbee_phy_tx/u_sm_ram_I/mem_reg[255][3]

  Ref  DFF        ref:/WORK/zigbee_phy_tx/u_sm_ram_I/mem_reg[25][0]
  Impl DFF        imp:/WORK/zigbee_phy_tx/u_sm_ram_I/mem_reg[25][0]

  Ref  DFF        ref:/WORK/zigbee_phy_tx/u_sm_ram_I/mem_reg[25][1]
  Impl DFF        imp:/WORK/zigbee_phy_tx/u_sm_ram_I/mem_reg[25][1]

  Ref  DFF        ref:/WORK/zigbee_phy_tx/u_sm_ram_I/mem_reg[25][2]
  Impl DFF        imp:/WORK/zigbee_phy_tx/u_sm_ram_I/mem_reg[25][2]

  Ref  DFF        ref:/WORK/zigbee_phy_tx/u_sm_ram_I/mem_reg[25][3]
  Impl DFF        imp:/WORK/zigbee_phy_tx/u_sm_ram_I/mem_reg[25][3]

  Ref  DFF        ref:/WORK/zigbee_phy_tx/u_sm_ram_I/mem_reg[26][0]
  Impl DFF        imp:/WORK/zigbee_phy_tx/u_sm_ram_I/mem_reg[26][0]

  Ref  DFF        ref:/WORK/zigbee_phy_tx/u_sm_ram_I/mem_reg[26][1]
  Impl DFF        imp:/WORK/zigbee_phy_tx/u_sm_ram_I/mem_reg[26][1]

  Ref  DFF        ref:/WORK/zigbee_phy_tx/u_sm_ram_I/mem_reg[26][2]
  Impl DFF        imp:/WORK/zigbee_phy_tx/u_sm_ram_I/mem_reg[26][2]

  Ref  DFF        ref:/WORK/zigbee_phy_tx/u_sm_ram_I/mem_reg[26][3]
  Impl DFF        imp:/WORK/zigbee_phy_tx/u_sm_ram_I/mem_reg[26][3]

  Ref  DFF        ref:/WORK/zigbee_phy_tx/u_sm_ram_I/mem_reg[27][0]
  Impl DFF        imp:/WORK/zigbee_phy_tx/u_sm_ram_I/mem_reg[27][0]

  Ref  DFF        ref:/WORK/zigbee_phy_tx/u_sm_ram_I/mem_reg[27][1]
  Impl DFF        imp:/WORK/zigbee_phy_tx/u_sm_ram_I/mem_reg[27][1]

  Ref  DFF        ref:/WORK/zigbee_phy_tx/u_sm_ram_I/mem_reg[27][2]
  Impl DFF        imp:/WORK/zigbee_phy_tx/u_sm_ram_I/mem_reg[27][2]

  Ref  DFF        ref:/WORK/zigbee_phy_tx/u_sm_ram_I/mem_reg[27][3]
  Impl DFF        imp:/WORK/zigbee_phy_tx/u_sm_ram_I/mem_reg[27][3]

  Ref  DFF        ref:/WORK/zigbee_phy_tx/u_sm_ram_I/mem_reg[28][0]
  Impl DFF        imp:/WORK/zigbee_phy_tx/u_sm_ram_I/mem_reg[28][0]

  Ref  DFF        ref:/WORK/zigbee_phy_tx/u_sm_ram_I/mem_reg[28][1]
  Impl DFF        imp:/WORK/zigbee_phy_tx/u_sm_ram_I/mem_reg[28][1]

  Ref  DFF        ref:/WORK/zigbee_phy_tx/u_sm_ram_I/mem_reg[28][2]
  Impl DFF        imp:/WORK/zigbee_phy_tx/u_sm_ram_I/mem_reg[28][2]

  Ref  DFF        ref:/WORK/zigbee_phy_tx/u_sm_ram_I/mem_reg[28][3]
  Impl DFF        imp:/WORK/zigbee_phy_tx/u_sm_ram_I/mem_reg[28][3]

  Ref  DFF        ref:/WORK/zigbee_phy_tx/u_sm_ram_I/mem_reg[29][0]
  Impl DFF        imp:/WORK/zigbee_phy_tx/u_sm_ram_I/mem_reg[29][0]

  Ref  DFF        ref:/WORK/zigbee_phy_tx/u_sm_ram_I/mem_reg[29][1]
  Impl DFF        imp:/WORK/zigbee_phy_tx/u_sm_ram_I/mem_reg[29][1]

  Ref  DFF        ref:/WORK/zigbee_phy_tx/u_sm_ram_I/mem_reg[29][2]
  Impl DFF        imp:/WORK/zigbee_phy_tx/u_sm_ram_I/mem_reg[29][2]

  Ref  DFF        ref:/WORK/zigbee_phy_tx/u_sm_ram_I/mem_reg[29][3]
  Impl DFF        imp:/WORK/zigbee_phy_tx/u_sm_ram_I/mem_reg[29][3]

  Ref  DFF        ref:/WORK/zigbee_phy_tx/u_sm_ram_I/mem_reg[2][0]
  Impl DFF        imp:/WORK/zigbee_phy_tx/u_sm_ram_I/mem_reg[2][0]

  Ref  DFF        ref:/WORK/zigbee_phy_tx/u_sm_ram_I/mem_reg[2][1]
  Impl DFF        imp:/WORK/zigbee_phy_tx/u_sm_ram_I/mem_reg[2][1]

  Ref  DFF        ref:/WORK/zigbee_phy_tx/u_sm_ram_I/mem_reg[2][2]
  Impl DFF        imp:/WORK/zigbee_phy_tx/u_sm_ram_I/mem_reg[2][2]

  Ref  DFF        ref:/WORK/zigbee_phy_tx/u_sm_ram_I/mem_reg[2][3]
  Impl DFF        imp:/WORK/zigbee_phy_tx/u_sm_ram_I/mem_reg[2][3]

  Ref  DFF        ref:/WORK/zigbee_phy_tx/u_sm_ram_I/mem_reg[30][0]
  Impl DFF        imp:/WORK/zigbee_phy_tx/u_sm_ram_I/mem_reg[30][0]

  Ref  DFF        ref:/WORK/zigbee_phy_tx/u_sm_ram_I/mem_reg[30][1]
  Impl DFF        imp:/WORK/zigbee_phy_tx/u_sm_ram_I/mem_reg[30][1]

  Ref  DFF        ref:/WORK/zigbee_phy_tx/u_sm_ram_I/mem_reg[30][2]
  Impl DFF        imp:/WORK/zigbee_phy_tx/u_sm_ram_I/mem_reg[30][2]

  Ref  DFF        ref:/WORK/zigbee_phy_tx/u_sm_ram_I/mem_reg[30][3]
  Impl DFF        imp:/WORK/zigbee_phy_tx/u_sm_ram_I/mem_reg[30][3]

  Ref  DFF        ref:/WORK/zigbee_phy_tx/u_sm_ram_I/mem_reg[31][0]
  Impl DFF        imp:/WORK/zigbee_phy_tx/u_sm_ram_I/mem_reg[31][0]

  Ref  DFF        ref:/WORK/zigbee_phy_tx/u_sm_ram_I/mem_reg[31][1]
  Impl DFF        imp:/WORK/zigbee_phy_tx/u_sm_ram_I/mem_reg[31][1]

  Ref  DFF        ref:/WORK/zigbee_phy_tx/u_sm_ram_I/mem_reg[31][2]
  Impl DFF        imp:/WORK/zigbee_phy_tx/u_sm_ram_I/mem_reg[31][2]

  Ref  DFF        ref:/WORK/zigbee_phy_tx/u_sm_ram_I/mem_reg[31][3]
  Impl DFF        imp:/WORK/zigbee_phy_tx/u_sm_ram_I/mem_reg[31][3]

  Ref  DFF        ref:/WORK/zigbee_phy_tx/u_sm_ram_I/mem_reg[32][0]
  Impl DFF        imp:/WORK/zigbee_phy_tx/u_sm_ram_I/mem_reg[32][0]

  Ref  DFF        ref:/WORK/zigbee_phy_tx/u_sm_ram_I/mem_reg[32][1]
  Impl DFF        imp:/WORK/zigbee_phy_tx/u_sm_ram_I/mem_reg[32][1]

  Ref  DFF        ref:/WORK/zigbee_phy_tx/u_sm_ram_I/mem_reg[32][2]
  Impl DFF        imp:/WORK/zigbee_phy_tx/u_sm_ram_I/mem_reg[32][2]

  Ref  DFF        ref:/WORK/zigbee_phy_tx/u_sm_ram_I/mem_reg[32][3]
  Impl DFF        imp:/WORK/zigbee_phy_tx/u_sm_ram_I/mem_reg[32][3]

  Ref  DFF        ref:/WORK/zigbee_phy_tx/u_sm_ram_I/mem_reg[33][0]
  Impl DFF        imp:/WORK/zigbee_phy_tx/u_sm_ram_I/mem_reg[33][0]

  Ref  DFF        ref:/WORK/zigbee_phy_tx/u_sm_ram_I/mem_reg[33][1]
  Impl DFF        imp:/WORK/zigbee_phy_tx/u_sm_ram_I/mem_reg[33][1]

  Ref  DFF        ref:/WORK/zigbee_phy_tx/u_sm_ram_I/mem_reg[33][2]
  Impl DFF        imp:/WORK/zigbee_phy_tx/u_sm_ram_I/mem_reg[33][2]

  Ref  DFF        ref:/WORK/zigbee_phy_tx/u_sm_ram_I/mem_reg[33][3]
  Impl DFF        imp:/WORK/zigbee_phy_tx/u_sm_ram_I/mem_reg[33][3]

  Ref  DFF        ref:/WORK/zigbee_phy_tx/u_sm_ram_I/mem_reg[34][0]
  Impl DFF        imp:/WORK/zigbee_phy_tx/u_sm_ram_I/mem_reg[34][0]

  Ref  DFF        ref:/WORK/zigbee_phy_tx/u_sm_ram_I/mem_reg[34][1]
  Impl DFF        imp:/WORK/zigbee_phy_tx/u_sm_ram_I/mem_reg[34][1]

  Ref  DFF        ref:/WORK/zigbee_phy_tx/u_sm_ram_I/mem_reg[34][2]
  Impl DFF        imp:/WORK/zigbee_phy_tx/u_sm_ram_I/mem_reg[34][2]

  Ref  DFF        ref:/WORK/zigbee_phy_tx/u_sm_ram_I/mem_reg[34][3]
  Impl DFF        imp:/WORK/zigbee_phy_tx/u_sm_ram_I/mem_reg[34][3]

  Ref  DFF        ref:/WORK/zigbee_phy_tx/u_sm_ram_I/mem_reg[35][0]
  Impl DFF        imp:/WORK/zigbee_phy_tx/u_sm_ram_I/mem_reg[35][0]

  Ref  DFF        ref:/WORK/zigbee_phy_tx/u_sm_ram_I/mem_reg[35][1]
  Impl DFF        imp:/WORK/zigbee_phy_tx/u_sm_ram_I/mem_reg[35][1]

  Ref  DFF        ref:/WORK/zigbee_phy_tx/u_sm_ram_I/mem_reg[35][2]
  Impl DFF        imp:/WORK/zigbee_phy_tx/u_sm_ram_I/mem_reg[35][2]

  Ref  DFF        ref:/WORK/zigbee_phy_tx/u_sm_ram_I/mem_reg[35][3]
  Impl DFF        imp:/WORK/zigbee_phy_tx/u_sm_ram_I/mem_reg[35][3]

  Ref  DFF        ref:/WORK/zigbee_phy_tx/u_sm_ram_I/mem_reg[36][0]
  Impl DFF        imp:/WORK/zigbee_phy_tx/u_sm_ram_I/mem_reg[36][0]

  Ref  DFF        ref:/WORK/zigbee_phy_tx/u_sm_ram_I/mem_reg[36][1]
  Impl DFF        imp:/WORK/zigbee_phy_tx/u_sm_ram_I/mem_reg[36][1]

  Ref  DFF        ref:/WORK/zigbee_phy_tx/u_sm_ram_I/mem_reg[36][2]
  Impl DFF        imp:/WORK/zigbee_phy_tx/u_sm_ram_I/mem_reg[36][2]

  Ref  DFF        ref:/WORK/zigbee_phy_tx/u_sm_ram_I/mem_reg[36][3]
  Impl DFF        imp:/WORK/zigbee_phy_tx/u_sm_ram_I/mem_reg[36][3]

  Ref  DFF        ref:/WORK/zigbee_phy_tx/u_sm_ram_I/mem_reg[37][0]
  Impl DFF        imp:/WORK/zigbee_phy_tx/u_sm_ram_I/mem_reg[37][0]

  Ref  DFF        ref:/WORK/zigbee_phy_tx/u_sm_ram_I/mem_reg[37][1]
  Impl DFF        imp:/WORK/zigbee_phy_tx/u_sm_ram_I/mem_reg[37][1]

  Ref  DFF        ref:/WORK/zigbee_phy_tx/u_sm_ram_I/mem_reg[37][2]
  Impl DFF        imp:/WORK/zigbee_phy_tx/u_sm_ram_I/mem_reg[37][2]

  Ref  DFF        ref:/WORK/zigbee_phy_tx/u_sm_ram_I/mem_reg[37][3]
  Impl DFF        imp:/WORK/zigbee_phy_tx/u_sm_ram_I/mem_reg[37][3]

  Ref  DFF        ref:/WORK/zigbee_phy_tx/u_sm_ram_I/mem_reg[38][0]
  Impl DFF        imp:/WORK/zigbee_phy_tx/u_sm_ram_I/mem_reg[38][0]

  Ref  DFF        ref:/WORK/zigbee_phy_tx/u_sm_ram_I/mem_reg[38][1]
  Impl DFF        imp:/WORK/zigbee_phy_tx/u_sm_ram_I/mem_reg[38][1]

  Ref  DFF        ref:/WORK/zigbee_phy_tx/u_sm_ram_I/mem_reg[38][2]
  Impl DFF        imp:/WORK/zigbee_phy_tx/u_sm_ram_I/mem_reg[38][2]

  Ref  DFF        ref:/WORK/zigbee_phy_tx/u_sm_ram_I/mem_reg[38][3]
  Impl DFF        imp:/WORK/zigbee_phy_tx/u_sm_ram_I/mem_reg[38][3]

  Ref  DFF        ref:/WORK/zigbee_phy_tx/u_sm_ram_I/mem_reg[39][0]
  Impl DFF        imp:/WORK/zigbee_phy_tx/u_sm_ram_I/mem_reg[39][0]

  Ref  DFF        ref:/WORK/zigbee_phy_tx/u_sm_ram_I/mem_reg[39][1]
  Impl DFF        imp:/WORK/zigbee_phy_tx/u_sm_ram_I/mem_reg[39][1]

  Ref  DFF        ref:/WORK/zigbee_phy_tx/u_sm_ram_I/mem_reg[39][2]
  Impl DFF        imp:/WORK/zigbee_phy_tx/u_sm_ram_I/mem_reg[39][2]

  Ref  DFF        ref:/WORK/zigbee_phy_tx/u_sm_ram_I/mem_reg[39][3]
  Impl DFF        imp:/WORK/zigbee_phy_tx/u_sm_ram_I/mem_reg[39][3]

  Ref  DFF        ref:/WORK/zigbee_phy_tx/u_sm_ram_I/mem_reg[3][0]
  Impl DFF        imp:/WORK/zigbee_phy_tx/u_sm_ram_I/mem_reg[3][0]

  Ref  DFF        ref:/WORK/zigbee_phy_tx/u_sm_ram_I/mem_reg[3][1]
  Impl DFF        imp:/WORK/zigbee_phy_tx/u_sm_ram_I/mem_reg[3][1]

  Ref  DFF        ref:/WORK/zigbee_phy_tx/u_sm_ram_I/mem_reg[3][2]
  Impl DFF        imp:/WORK/zigbee_phy_tx/u_sm_ram_I/mem_reg[3][2]

  Ref  DFF        ref:/WORK/zigbee_phy_tx/u_sm_ram_I/mem_reg[3][3]
  Impl DFF        imp:/WORK/zigbee_phy_tx/u_sm_ram_I/mem_reg[3][3]

  Ref  DFF        ref:/WORK/zigbee_phy_tx/u_sm_ram_I/mem_reg[40][0]
  Impl DFF        imp:/WORK/zigbee_phy_tx/u_sm_ram_I/mem_reg[40][0]

  Ref  DFF        ref:/WORK/zigbee_phy_tx/u_sm_ram_I/mem_reg[40][1]
  Impl DFF        imp:/WORK/zigbee_phy_tx/u_sm_ram_I/mem_reg[40][1]

  Ref  DFF        ref:/WORK/zigbee_phy_tx/u_sm_ram_I/mem_reg[40][2]
  Impl DFF        imp:/WORK/zigbee_phy_tx/u_sm_ram_I/mem_reg[40][2]

  Ref  DFF        ref:/WORK/zigbee_phy_tx/u_sm_ram_I/mem_reg[40][3]
  Impl DFF        imp:/WORK/zigbee_phy_tx/u_sm_ram_I/mem_reg[40][3]

  Ref  DFF        ref:/WORK/zigbee_phy_tx/u_sm_ram_I/mem_reg[41][0]
  Impl DFF        imp:/WORK/zigbee_phy_tx/u_sm_ram_I/mem_reg[41][0]

  Ref  DFF        ref:/WORK/zigbee_phy_tx/u_sm_ram_I/mem_reg[41][1]
  Impl DFF        imp:/WORK/zigbee_phy_tx/u_sm_ram_I/mem_reg[41][1]

  Ref  DFF        ref:/WORK/zigbee_phy_tx/u_sm_ram_I/mem_reg[41][2]
  Impl DFF        imp:/WORK/zigbee_phy_tx/u_sm_ram_I/mem_reg[41][2]

  Ref  DFF        ref:/WORK/zigbee_phy_tx/u_sm_ram_I/mem_reg[41][3]
  Impl DFF        imp:/WORK/zigbee_phy_tx/u_sm_ram_I/mem_reg[41][3]

  Ref  DFF        ref:/WORK/zigbee_phy_tx/u_sm_ram_I/mem_reg[42][0]
  Impl DFF        imp:/WORK/zigbee_phy_tx/u_sm_ram_I/mem_reg[42][0]

  Ref  DFF        ref:/WORK/zigbee_phy_tx/u_sm_ram_I/mem_reg[42][1]
  Impl DFF        imp:/WORK/zigbee_phy_tx/u_sm_ram_I/mem_reg[42][1]

  Ref  DFF        ref:/WORK/zigbee_phy_tx/u_sm_ram_I/mem_reg[42][2]
  Impl DFF        imp:/WORK/zigbee_phy_tx/u_sm_ram_I/mem_reg[42][2]

  Ref  DFF        ref:/WORK/zigbee_phy_tx/u_sm_ram_I/mem_reg[42][3]
  Impl DFF        imp:/WORK/zigbee_phy_tx/u_sm_ram_I/mem_reg[42][3]

  Ref  DFF        ref:/WORK/zigbee_phy_tx/u_sm_ram_I/mem_reg[43][0]
  Impl DFF        imp:/WORK/zigbee_phy_tx/u_sm_ram_I/mem_reg[43][0]

  Ref  DFF        ref:/WORK/zigbee_phy_tx/u_sm_ram_I/mem_reg[43][1]
  Impl DFF        imp:/WORK/zigbee_phy_tx/u_sm_ram_I/mem_reg[43][1]

  Ref  DFF        ref:/WORK/zigbee_phy_tx/u_sm_ram_I/mem_reg[43][2]
  Impl DFF        imp:/WORK/zigbee_phy_tx/u_sm_ram_I/mem_reg[43][2]

  Ref  DFF        ref:/WORK/zigbee_phy_tx/u_sm_ram_I/mem_reg[43][3]
  Impl DFF        imp:/WORK/zigbee_phy_tx/u_sm_ram_I/mem_reg[43][3]

  Ref  DFF        ref:/WORK/zigbee_phy_tx/u_sm_ram_I/mem_reg[44][0]
  Impl DFF        imp:/WORK/zigbee_phy_tx/u_sm_ram_I/mem_reg[44][0]

  Ref  DFF        ref:/WORK/zigbee_phy_tx/u_sm_ram_I/mem_reg[44][1]
  Impl DFF        imp:/WORK/zigbee_phy_tx/u_sm_ram_I/mem_reg[44][1]

  Ref  DFF        ref:/WORK/zigbee_phy_tx/u_sm_ram_I/mem_reg[44][2]
  Impl DFF        imp:/WORK/zigbee_phy_tx/u_sm_ram_I/mem_reg[44][2]

  Ref  DFF        ref:/WORK/zigbee_phy_tx/u_sm_ram_I/mem_reg[44][3]
  Impl DFF        imp:/WORK/zigbee_phy_tx/u_sm_ram_I/mem_reg[44][3]

  Ref  DFF        ref:/WORK/zigbee_phy_tx/u_sm_ram_I/mem_reg[45][0]
  Impl DFF        imp:/WORK/zigbee_phy_tx/u_sm_ram_I/mem_reg[45][0]

  Ref  DFF        ref:/WORK/zigbee_phy_tx/u_sm_ram_I/mem_reg[45][1]
  Impl DFF        imp:/WORK/zigbee_phy_tx/u_sm_ram_I/mem_reg[45][1]

  Ref  DFF        ref:/WORK/zigbee_phy_tx/u_sm_ram_I/mem_reg[45][2]
  Impl DFF        imp:/WORK/zigbee_phy_tx/u_sm_ram_I/mem_reg[45][2]

  Ref  DFF        ref:/WORK/zigbee_phy_tx/u_sm_ram_I/mem_reg[45][3]
  Impl DFF        imp:/WORK/zigbee_phy_tx/u_sm_ram_I/mem_reg[45][3]

  Ref  DFF        ref:/WORK/zigbee_phy_tx/u_sm_ram_I/mem_reg[46][0]
  Impl DFF        imp:/WORK/zigbee_phy_tx/u_sm_ram_I/mem_reg[46][0]

  Ref  DFF        ref:/WORK/zigbee_phy_tx/u_sm_ram_I/mem_reg[46][1]
  Impl DFF        imp:/WORK/zigbee_phy_tx/u_sm_ram_I/mem_reg[46][1]

  Ref  DFF        ref:/WORK/zigbee_phy_tx/u_sm_ram_I/mem_reg[46][2]
  Impl DFF        imp:/WORK/zigbee_phy_tx/u_sm_ram_I/mem_reg[46][2]

  Ref  DFF        ref:/WORK/zigbee_phy_tx/u_sm_ram_I/mem_reg[46][3]
  Impl DFF        imp:/WORK/zigbee_phy_tx/u_sm_ram_I/mem_reg[46][3]

  Ref  DFF        ref:/WORK/zigbee_phy_tx/u_sm_ram_I/mem_reg[47][0]
  Impl DFF        imp:/WORK/zigbee_phy_tx/u_sm_ram_I/mem_reg[47][0]

  Ref  DFF        ref:/WORK/zigbee_phy_tx/u_sm_ram_I/mem_reg[47][1]
  Impl DFF        imp:/WORK/zigbee_phy_tx/u_sm_ram_I/mem_reg[47][1]

  Ref  DFF        ref:/WORK/zigbee_phy_tx/u_sm_ram_I/mem_reg[47][2]
  Impl DFF        imp:/WORK/zigbee_phy_tx/u_sm_ram_I/mem_reg[47][2]

  Ref  DFF        ref:/WORK/zigbee_phy_tx/u_sm_ram_I/mem_reg[47][3]
  Impl DFF        imp:/WORK/zigbee_phy_tx/u_sm_ram_I/mem_reg[47][3]

  Ref  DFF        ref:/WORK/zigbee_phy_tx/u_sm_ram_I/mem_reg[48][0]
  Impl DFF        imp:/WORK/zigbee_phy_tx/u_sm_ram_I/mem_reg[48][0]

  Ref  DFF        ref:/WORK/zigbee_phy_tx/u_sm_ram_I/mem_reg[48][1]
  Impl DFF        imp:/WORK/zigbee_phy_tx/u_sm_ram_I/mem_reg[48][1]

  Ref  DFF        ref:/WORK/zigbee_phy_tx/u_sm_ram_I/mem_reg[48][2]
  Impl DFF        imp:/WORK/zigbee_phy_tx/u_sm_ram_I/mem_reg[48][2]

  Ref  DFF        ref:/WORK/zigbee_phy_tx/u_sm_ram_I/mem_reg[48][3]
  Impl DFF        imp:/WORK/zigbee_phy_tx/u_sm_ram_I/mem_reg[48][3]

  Ref  DFF        ref:/WORK/zigbee_phy_tx/u_sm_ram_I/mem_reg[49][0]
  Impl DFF        imp:/WORK/zigbee_phy_tx/u_sm_ram_I/mem_reg[49][0]

  Ref  DFF        ref:/WORK/zigbee_phy_tx/u_sm_ram_I/mem_reg[49][1]
  Impl DFF        imp:/WORK/zigbee_phy_tx/u_sm_ram_I/mem_reg[49][1]

  Ref  DFF        ref:/WORK/zigbee_phy_tx/u_sm_ram_I/mem_reg[49][2]
  Impl DFF        imp:/WORK/zigbee_phy_tx/u_sm_ram_I/mem_reg[49][2]

  Ref  DFF        ref:/WORK/zigbee_phy_tx/u_sm_ram_I/mem_reg[49][3]
  Impl DFF        imp:/WORK/zigbee_phy_tx/u_sm_ram_I/mem_reg[49][3]

  Ref  DFF        ref:/WORK/zigbee_phy_tx/u_sm_ram_I/mem_reg[4][0]
  Impl DFF        imp:/WORK/zigbee_phy_tx/u_sm_ram_I/mem_reg[4][0]

  Ref  DFF        ref:/WORK/zigbee_phy_tx/u_sm_ram_I/mem_reg[4][1]
  Impl DFF        imp:/WORK/zigbee_phy_tx/u_sm_ram_I/mem_reg[4][1]

  Ref  DFF        ref:/WORK/zigbee_phy_tx/u_sm_ram_I/mem_reg[4][2]
  Impl DFF        imp:/WORK/zigbee_phy_tx/u_sm_ram_I/mem_reg[4][2]

  Ref  DFF        ref:/WORK/zigbee_phy_tx/u_sm_ram_I/mem_reg[4][3]
  Impl DFF        imp:/WORK/zigbee_phy_tx/u_sm_ram_I/mem_reg[4][3]

  Ref  DFF        ref:/WORK/zigbee_phy_tx/u_sm_ram_I/mem_reg[50][0]
  Impl DFF        imp:/WORK/zigbee_phy_tx/u_sm_ram_I/mem_reg[50][0]

  Ref  DFF        ref:/WORK/zigbee_phy_tx/u_sm_ram_I/mem_reg[50][1]
  Impl DFF        imp:/WORK/zigbee_phy_tx/u_sm_ram_I/mem_reg[50][1]

  Ref  DFF        ref:/WORK/zigbee_phy_tx/u_sm_ram_I/mem_reg[50][2]
  Impl DFF        imp:/WORK/zigbee_phy_tx/u_sm_ram_I/mem_reg[50][2]

  Ref  DFF        ref:/WORK/zigbee_phy_tx/u_sm_ram_I/mem_reg[50][3]
  Impl DFF        imp:/WORK/zigbee_phy_tx/u_sm_ram_I/mem_reg[50][3]

  Ref  DFF        ref:/WORK/zigbee_phy_tx/u_sm_ram_I/mem_reg[51][0]
  Impl DFF        imp:/WORK/zigbee_phy_tx/u_sm_ram_I/mem_reg[51][0]

  Ref  DFF        ref:/WORK/zigbee_phy_tx/u_sm_ram_I/mem_reg[51][1]
  Impl DFF        imp:/WORK/zigbee_phy_tx/u_sm_ram_I/mem_reg[51][1]

  Ref  DFF        ref:/WORK/zigbee_phy_tx/u_sm_ram_I/mem_reg[51][2]
  Impl DFF        imp:/WORK/zigbee_phy_tx/u_sm_ram_I/mem_reg[51][2]

  Ref  DFF        ref:/WORK/zigbee_phy_tx/u_sm_ram_I/mem_reg[51][3]
  Impl DFF        imp:/WORK/zigbee_phy_tx/u_sm_ram_I/mem_reg[51][3]

  Ref  DFF        ref:/WORK/zigbee_phy_tx/u_sm_ram_I/mem_reg[52][0]
  Impl DFF        imp:/WORK/zigbee_phy_tx/u_sm_ram_I/mem_reg[52][0]

  Ref  DFF        ref:/WORK/zigbee_phy_tx/u_sm_ram_I/mem_reg[52][1]
  Impl DFF        imp:/WORK/zigbee_phy_tx/u_sm_ram_I/mem_reg[52][1]

  Ref  DFF        ref:/WORK/zigbee_phy_tx/u_sm_ram_I/mem_reg[52][2]
  Impl DFF        imp:/WORK/zigbee_phy_tx/u_sm_ram_I/mem_reg[52][2]

  Ref  DFF        ref:/WORK/zigbee_phy_tx/u_sm_ram_I/mem_reg[52][3]
  Impl DFF        imp:/WORK/zigbee_phy_tx/u_sm_ram_I/mem_reg[52][3]

  Ref  DFF        ref:/WORK/zigbee_phy_tx/u_sm_ram_I/mem_reg[53][0]
  Impl DFF        imp:/WORK/zigbee_phy_tx/u_sm_ram_I/mem_reg[53][0]

  Ref  DFF        ref:/WORK/zigbee_phy_tx/u_sm_ram_I/mem_reg[53][1]
  Impl DFF        imp:/WORK/zigbee_phy_tx/u_sm_ram_I/mem_reg[53][1]

  Ref  DFF        ref:/WORK/zigbee_phy_tx/u_sm_ram_I/mem_reg[53][2]
  Impl DFF        imp:/WORK/zigbee_phy_tx/u_sm_ram_I/mem_reg[53][2]

  Ref  DFF        ref:/WORK/zigbee_phy_tx/u_sm_ram_I/mem_reg[53][3]
  Impl DFF        imp:/WORK/zigbee_phy_tx/u_sm_ram_I/mem_reg[53][3]

  Ref  DFF        ref:/WORK/zigbee_phy_tx/u_sm_ram_I/mem_reg[54][0]
  Impl DFF        imp:/WORK/zigbee_phy_tx/u_sm_ram_I/mem_reg[54][0]

  Ref  DFF        ref:/WORK/zigbee_phy_tx/u_sm_ram_I/mem_reg[54][1]
  Impl DFF        imp:/WORK/zigbee_phy_tx/u_sm_ram_I/mem_reg[54][1]

  Ref  DFF        ref:/WORK/zigbee_phy_tx/u_sm_ram_I/mem_reg[54][2]
  Impl DFF        imp:/WORK/zigbee_phy_tx/u_sm_ram_I/mem_reg[54][2]

  Ref  DFF        ref:/WORK/zigbee_phy_tx/u_sm_ram_I/mem_reg[54][3]
  Impl DFF        imp:/WORK/zigbee_phy_tx/u_sm_ram_I/mem_reg[54][3]

  Ref  DFF        ref:/WORK/zigbee_phy_tx/u_sm_ram_I/mem_reg[55][0]
  Impl DFF        imp:/WORK/zigbee_phy_tx/u_sm_ram_I/mem_reg[55][0]

  Ref  DFF        ref:/WORK/zigbee_phy_tx/u_sm_ram_I/mem_reg[55][1]
  Impl DFF        imp:/WORK/zigbee_phy_tx/u_sm_ram_I/mem_reg[55][1]

  Ref  DFF        ref:/WORK/zigbee_phy_tx/u_sm_ram_I/mem_reg[55][2]
  Impl DFF        imp:/WORK/zigbee_phy_tx/u_sm_ram_I/mem_reg[55][2]

  Ref  DFF        ref:/WORK/zigbee_phy_tx/u_sm_ram_I/mem_reg[55][3]
  Impl DFF        imp:/WORK/zigbee_phy_tx/u_sm_ram_I/mem_reg[55][3]

  Ref  DFF        ref:/WORK/zigbee_phy_tx/u_sm_ram_I/mem_reg[56][0]
  Impl DFF        imp:/WORK/zigbee_phy_tx/u_sm_ram_I/mem_reg[56][0]

  Ref  DFF        ref:/WORK/zigbee_phy_tx/u_sm_ram_I/mem_reg[56][1]
  Impl DFF        imp:/WORK/zigbee_phy_tx/u_sm_ram_I/mem_reg[56][1]

  Ref  DFF        ref:/WORK/zigbee_phy_tx/u_sm_ram_I/mem_reg[56][2]
  Impl DFF        imp:/WORK/zigbee_phy_tx/u_sm_ram_I/mem_reg[56][2]

  Ref  DFF        ref:/WORK/zigbee_phy_tx/u_sm_ram_I/mem_reg[56][3]
  Impl DFF        imp:/WORK/zigbee_phy_tx/u_sm_ram_I/mem_reg[56][3]

  Ref  DFF        ref:/WORK/zigbee_phy_tx/u_sm_ram_I/mem_reg[57][0]
  Impl DFF        imp:/WORK/zigbee_phy_tx/u_sm_ram_I/mem_reg[57][0]

  Ref  DFF        ref:/WORK/zigbee_phy_tx/u_sm_ram_I/mem_reg[57][1]
  Impl DFF        imp:/WORK/zigbee_phy_tx/u_sm_ram_I/mem_reg[57][1]

  Ref  DFF        ref:/WORK/zigbee_phy_tx/u_sm_ram_I/mem_reg[57][2]
  Impl DFF        imp:/WORK/zigbee_phy_tx/u_sm_ram_I/mem_reg[57][2]

  Ref  DFF        ref:/WORK/zigbee_phy_tx/u_sm_ram_I/mem_reg[57][3]
  Impl DFF        imp:/WORK/zigbee_phy_tx/u_sm_ram_I/mem_reg[57][3]

  Ref  DFF        ref:/WORK/zigbee_phy_tx/u_sm_ram_I/mem_reg[58][0]
  Impl DFF        imp:/WORK/zigbee_phy_tx/u_sm_ram_I/mem_reg[58][0]

  Ref  DFF        ref:/WORK/zigbee_phy_tx/u_sm_ram_I/mem_reg[58][1]
  Impl DFF        imp:/WORK/zigbee_phy_tx/u_sm_ram_I/mem_reg[58][1]

  Ref  DFF        ref:/WORK/zigbee_phy_tx/u_sm_ram_I/mem_reg[58][2]
  Impl DFF        imp:/WORK/zigbee_phy_tx/u_sm_ram_I/mem_reg[58][2]

  Ref  DFF        ref:/WORK/zigbee_phy_tx/u_sm_ram_I/mem_reg[58][3]
  Impl DFF        imp:/WORK/zigbee_phy_tx/u_sm_ram_I/mem_reg[58][3]

  Ref  DFF        ref:/WORK/zigbee_phy_tx/u_sm_ram_I/mem_reg[59][0]
  Impl DFF        imp:/WORK/zigbee_phy_tx/u_sm_ram_I/mem_reg[59][0]

  Ref  DFF        ref:/WORK/zigbee_phy_tx/u_sm_ram_I/mem_reg[59][1]
  Impl DFF        imp:/WORK/zigbee_phy_tx/u_sm_ram_I/mem_reg[59][1]

  Ref  DFF        ref:/WORK/zigbee_phy_tx/u_sm_ram_I/mem_reg[59][2]
  Impl DFF        imp:/WORK/zigbee_phy_tx/u_sm_ram_I/mem_reg[59][2]

  Ref  DFF        ref:/WORK/zigbee_phy_tx/u_sm_ram_I/mem_reg[59][3]
  Impl DFF        imp:/WORK/zigbee_phy_tx/u_sm_ram_I/mem_reg[59][3]

  Ref  DFF        ref:/WORK/zigbee_phy_tx/u_sm_ram_I/mem_reg[5][0]
  Impl DFF        imp:/WORK/zigbee_phy_tx/u_sm_ram_I/mem_reg[5][0]

  Ref  DFF        ref:/WORK/zigbee_phy_tx/u_sm_ram_I/mem_reg[5][1]
  Impl DFF        imp:/WORK/zigbee_phy_tx/u_sm_ram_I/mem_reg[5][1]

  Ref  DFF        ref:/WORK/zigbee_phy_tx/u_sm_ram_I/mem_reg[5][2]
  Impl DFF        imp:/WORK/zigbee_phy_tx/u_sm_ram_I/mem_reg[5][2]

  Ref  DFF        ref:/WORK/zigbee_phy_tx/u_sm_ram_I/mem_reg[5][3]
  Impl DFF        imp:/WORK/zigbee_phy_tx/u_sm_ram_I/mem_reg[5][3]

  Ref  DFF        ref:/WORK/zigbee_phy_tx/u_sm_ram_I/mem_reg[60][0]
  Impl DFF        imp:/WORK/zigbee_phy_tx/u_sm_ram_I/mem_reg[60][0]

  Ref  DFF        ref:/WORK/zigbee_phy_tx/u_sm_ram_I/mem_reg[60][1]
  Impl DFF        imp:/WORK/zigbee_phy_tx/u_sm_ram_I/mem_reg[60][1]

  Ref  DFF        ref:/WORK/zigbee_phy_tx/u_sm_ram_I/mem_reg[60][2]
  Impl DFF        imp:/WORK/zigbee_phy_tx/u_sm_ram_I/mem_reg[60][2]

  Ref  DFF        ref:/WORK/zigbee_phy_tx/u_sm_ram_I/mem_reg[60][3]
  Impl DFF        imp:/WORK/zigbee_phy_tx/u_sm_ram_I/mem_reg[60][3]

  Ref  DFF        ref:/WORK/zigbee_phy_tx/u_sm_ram_I/mem_reg[61][0]
  Impl DFF        imp:/WORK/zigbee_phy_tx/u_sm_ram_I/mem_reg[61][0]

  Ref  DFF        ref:/WORK/zigbee_phy_tx/u_sm_ram_I/mem_reg[61][1]
  Impl DFF        imp:/WORK/zigbee_phy_tx/u_sm_ram_I/mem_reg[61][1]

  Ref  DFF        ref:/WORK/zigbee_phy_tx/u_sm_ram_I/mem_reg[61][2]
  Impl DFF        imp:/WORK/zigbee_phy_tx/u_sm_ram_I/mem_reg[61][2]

  Ref  DFF        ref:/WORK/zigbee_phy_tx/u_sm_ram_I/mem_reg[61][3]
  Impl DFF        imp:/WORK/zigbee_phy_tx/u_sm_ram_I/mem_reg[61][3]

  Ref  DFF        ref:/WORK/zigbee_phy_tx/u_sm_ram_I/mem_reg[62][0]
  Impl DFF        imp:/WORK/zigbee_phy_tx/u_sm_ram_I/mem_reg[62][0]

  Ref  DFF        ref:/WORK/zigbee_phy_tx/u_sm_ram_I/mem_reg[62][1]
  Impl DFF        imp:/WORK/zigbee_phy_tx/u_sm_ram_I/mem_reg[62][1]

  Ref  DFF        ref:/WORK/zigbee_phy_tx/u_sm_ram_I/mem_reg[62][2]
  Impl DFF        imp:/WORK/zigbee_phy_tx/u_sm_ram_I/mem_reg[62][2]

  Ref  DFF        ref:/WORK/zigbee_phy_tx/u_sm_ram_I/mem_reg[62][3]
  Impl DFF        imp:/WORK/zigbee_phy_tx/u_sm_ram_I/mem_reg[62][3]

  Ref  DFF        ref:/WORK/zigbee_phy_tx/u_sm_ram_I/mem_reg[63][0]
  Impl DFF        imp:/WORK/zigbee_phy_tx/u_sm_ram_I/mem_reg[63][0]

  Ref  DFF        ref:/WORK/zigbee_phy_tx/u_sm_ram_I/mem_reg[63][1]
  Impl DFF        imp:/WORK/zigbee_phy_tx/u_sm_ram_I/mem_reg[63][1]

  Ref  DFF        ref:/WORK/zigbee_phy_tx/u_sm_ram_I/mem_reg[63][2]
  Impl DFF        imp:/WORK/zigbee_phy_tx/u_sm_ram_I/mem_reg[63][2]

  Ref  DFF        ref:/WORK/zigbee_phy_tx/u_sm_ram_I/mem_reg[63][3]
  Impl DFF        imp:/WORK/zigbee_phy_tx/u_sm_ram_I/mem_reg[63][3]

  Ref  DFF        ref:/WORK/zigbee_phy_tx/u_sm_ram_I/mem_reg[64][0]
  Impl DFF        imp:/WORK/zigbee_phy_tx/u_sm_ram_I/mem_reg[64][0]

  Ref  DFF        ref:/WORK/zigbee_phy_tx/u_sm_ram_I/mem_reg[64][1]
  Impl DFF        imp:/WORK/zigbee_phy_tx/u_sm_ram_I/mem_reg[64][1]

  Ref  DFF        ref:/WORK/zigbee_phy_tx/u_sm_ram_I/mem_reg[64][2]
  Impl DFF        imp:/WORK/zigbee_phy_tx/u_sm_ram_I/mem_reg[64][2]

  Ref  DFF        ref:/WORK/zigbee_phy_tx/u_sm_ram_I/mem_reg[64][3]
  Impl DFF        imp:/WORK/zigbee_phy_tx/u_sm_ram_I/mem_reg[64][3]

  Ref  DFF        ref:/WORK/zigbee_phy_tx/u_sm_ram_I/mem_reg[65][0]
  Impl DFF        imp:/WORK/zigbee_phy_tx/u_sm_ram_I/mem_reg[65][0]

  Ref  DFF        ref:/WORK/zigbee_phy_tx/u_sm_ram_I/mem_reg[65][1]
  Impl DFF        imp:/WORK/zigbee_phy_tx/u_sm_ram_I/mem_reg[65][1]

  Ref  DFF        ref:/WORK/zigbee_phy_tx/u_sm_ram_I/mem_reg[65][2]
  Impl DFF        imp:/WORK/zigbee_phy_tx/u_sm_ram_I/mem_reg[65][2]

  Ref  DFF        ref:/WORK/zigbee_phy_tx/u_sm_ram_I/mem_reg[65][3]
  Impl DFF        imp:/WORK/zigbee_phy_tx/u_sm_ram_I/mem_reg[65][3]

  Ref  DFF        ref:/WORK/zigbee_phy_tx/u_sm_ram_I/mem_reg[66][0]
  Impl DFF        imp:/WORK/zigbee_phy_tx/u_sm_ram_I/mem_reg[66][0]

  Ref  DFF        ref:/WORK/zigbee_phy_tx/u_sm_ram_I/mem_reg[66][1]
  Impl DFF        imp:/WORK/zigbee_phy_tx/u_sm_ram_I/mem_reg[66][1]

  Ref  DFF        ref:/WORK/zigbee_phy_tx/u_sm_ram_I/mem_reg[66][2]
  Impl DFF        imp:/WORK/zigbee_phy_tx/u_sm_ram_I/mem_reg[66][2]

  Ref  DFF        ref:/WORK/zigbee_phy_tx/u_sm_ram_I/mem_reg[66][3]
  Impl DFF        imp:/WORK/zigbee_phy_tx/u_sm_ram_I/mem_reg[66][3]

  Ref  DFF        ref:/WORK/zigbee_phy_tx/u_sm_ram_I/mem_reg[67][0]
  Impl DFF        imp:/WORK/zigbee_phy_tx/u_sm_ram_I/mem_reg[67][0]

  Ref  DFF        ref:/WORK/zigbee_phy_tx/u_sm_ram_I/mem_reg[67][1]
  Impl DFF        imp:/WORK/zigbee_phy_tx/u_sm_ram_I/mem_reg[67][1]

  Ref  DFF        ref:/WORK/zigbee_phy_tx/u_sm_ram_I/mem_reg[67][2]
  Impl DFF        imp:/WORK/zigbee_phy_tx/u_sm_ram_I/mem_reg[67][2]

  Ref  DFF        ref:/WORK/zigbee_phy_tx/u_sm_ram_I/mem_reg[67][3]
  Impl DFF        imp:/WORK/zigbee_phy_tx/u_sm_ram_I/mem_reg[67][3]

  Ref  DFF        ref:/WORK/zigbee_phy_tx/u_sm_ram_I/mem_reg[68][0]
  Impl DFF        imp:/WORK/zigbee_phy_tx/u_sm_ram_I/mem_reg[68][0]

  Ref  DFF        ref:/WORK/zigbee_phy_tx/u_sm_ram_I/mem_reg[68][1]
  Impl DFF        imp:/WORK/zigbee_phy_tx/u_sm_ram_I/mem_reg[68][1]

  Ref  DFF        ref:/WORK/zigbee_phy_tx/u_sm_ram_I/mem_reg[68][2]
  Impl DFF        imp:/WORK/zigbee_phy_tx/u_sm_ram_I/mem_reg[68][2]

  Ref  DFF        ref:/WORK/zigbee_phy_tx/u_sm_ram_I/mem_reg[68][3]
  Impl DFF        imp:/WORK/zigbee_phy_tx/u_sm_ram_I/mem_reg[68][3]

  Ref  DFF        ref:/WORK/zigbee_phy_tx/u_sm_ram_I/mem_reg[69][0]
  Impl DFF        imp:/WORK/zigbee_phy_tx/u_sm_ram_I/mem_reg[69][0]

  Ref  DFF        ref:/WORK/zigbee_phy_tx/u_sm_ram_I/mem_reg[69][1]
  Impl DFF        imp:/WORK/zigbee_phy_tx/u_sm_ram_I/mem_reg[69][1]

  Ref  DFF        ref:/WORK/zigbee_phy_tx/u_sm_ram_I/mem_reg[69][2]
  Impl DFF        imp:/WORK/zigbee_phy_tx/u_sm_ram_I/mem_reg[69][2]

  Ref  DFF        ref:/WORK/zigbee_phy_tx/u_sm_ram_I/mem_reg[69][3]
  Impl DFF        imp:/WORK/zigbee_phy_tx/u_sm_ram_I/mem_reg[69][3]

  Ref  DFF        ref:/WORK/zigbee_phy_tx/u_sm_ram_I/mem_reg[6][0]
  Impl DFF        imp:/WORK/zigbee_phy_tx/u_sm_ram_I/mem_reg[6][0]

  Ref  DFF        ref:/WORK/zigbee_phy_tx/u_sm_ram_I/mem_reg[6][1]
  Impl DFF        imp:/WORK/zigbee_phy_tx/u_sm_ram_I/mem_reg[6][1]

  Ref  DFF        ref:/WORK/zigbee_phy_tx/u_sm_ram_I/mem_reg[6][2]
  Impl DFF        imp:/WORK/zigbee_phy_tx/u_sm_ram_I/mem_reg[6][2]

  Ref  DFF        ref:/WORK/zigbee_phy_tx/u_sm_ram_I/mem_reg[6][3]
  Impl DFF        imp:/WORK/zigbee_phy_tx/u_sm_ram_I/mem_reg[6][3]

  Ref  DFF        ref:/WORK/zigbee_phy_tx/u_sm_ram_I/mem_reg[70][0]
  Impl DFF        imp:/WORK/zigbee_phy_tx/u_sm_ram_I/mem_reg[70][0]

  Ref  DFF        ref:/WORK/zigbee_phy_tx/u_sm_ram_I/mem_reg[70][1]
  Impl DFF        imp:/WORK/zigbee_phy_tx/u_sm_ram_I/mem_reg[70][1]

  Ref  DFF        ref:/WORK/zigbee_phy_tx/u_sm_ram_I/mem_reg[70][2]
  Impl DFF        imp:/WORK/zigbee_phy_tx/u_sm_ram_I/mem_reg[70][2]

  Ref  DFF        ref:/WORK/zigbee_phy_tx/u_sm_ram_I/mem_reg[70][3]
  Impl DFF        imp:/WORK/zigbee_phy_tx/u_sm_ram_I/mem_reg[70][3]

  Ref  DFF        ref:/WORK/zigbee_phy_tx/u_sm_ram_I/mem_reg[71][0]
  Impl DFF        imp:/WORK/zigbee_phy_tx/u_sm_ram_I/mem_reg[71][0]

  Ref  DFF        ref:/WORK/zigbee_phy_tx/u_sm_ram_I/mem_reg[71][1]
  Impl DFF        imp:/WORK/zigbee_phy_tx/u_sm_ram_I/mem_reg[71][1]

  Ref  DFF        ref:/WORK/zigbee_phy_tx/u_sm_ram_I/mem_reg[71][2]
  Impl DFF        imp:/WORK/zigbee_phy_tx/u_sm_ram_I/mem_reg[71][2]

  Ref  DFF        ref:/WORK/zigbee_phy_tx/u_sm_ram_I/mem_reg[71][3]
  Impl DFF        imp:/WORK/zigbee_phy_tx/u_sm_ram_I/mem_reg[71][3]

  Ref  DFF        ref:/WORK/zigbee_phy_tx/u_sm_ram_I/mem_reg[72][0]
  Impl DFF        imp:/WORK/zigbee_phy_tx/u_sm_ram_I/mem_reg[72][0]

  Ref  DFF        ref:/WORK/zigbee_phy_tx/u_sm_ram_I/mem_reg[72][1]
  Impl DFF        imp:/WORK/zigbee_phy_tx/u_sm_ram_I/mem_reg[72][1]

  Ref  DFF        ref:/WORK/zigbee_phy_tx/u_sm_ram_I/mem_reg[72][2]
  Impl DFF        imp:/WORK/zigbee_phy_tx/u_sm_ram_I/mem_reg[72][2]

  Ref  DFF        ref:/WORK/zigbee_phy_tx/u_sm_ram_I/mem_reg[72][3]
  Impl DFF        imp:/WORK/zigbee_phy_tx/u_sm_ram_I/mem_reg[72][3]

  Ref  DFF        ref:/WORK/zigbee_phy_tx/u_sm_ram_I/mem_reg[73][0]
  Impl DFF        imp:/WORK/zigbee_phy_tx/u_sm_ram_I/mem_reg[73][0]

  Ref  DFF        ref:/WORK/zigbee_phy_tx/u_sm_ram_I/mem_reg[73][1]
  Impl DFF        imp:/WORK/zigbee_phy_tx/u_sm_ram_I/mem_reg[73][1]

  Ref  DFF        ref:/WORK/zigbee_phy_tx/u_sm_ram_I/mem_reg[73][2]
  Impl DFF        imp:/WORK/zigbee_phy_tx/u_sm_ram_I/mem_reg[73][2]

  Ref  DFF        ref:/WORK/zigbee_phy_tx/u_sm_ram_I/mem_reg[73][3]
  Impl DFF        imp:/WORK/zigbee_phy_tx/u_sm_ram_I/mem_reg[73][3]

  Ref  DFF        ref:/WORK/zigbee_phy_tx/u_sm_ram_I/mem_reg[74][0]
  Impl DFF        imp:/WORK/zigbee_phy_tx/u_sm_ram_I/mem_reg[74][0]

  Ref  DFF        ref:/WORK/zigbee_phy_tx/u_sm_ram_I/mem_reg[74][1]
  Impl DFF        imp:/WORK/zigbee_phy_tx/u_sm_ram_I/mem_reg[74][1]

  Ref  DFF        ref:/WORK/zigbee_phy_tx/u_sm_ram_I/mem_reg[74][2]
  Impl DFF        imp:/WORK/zigbee_phy_tx/u_sm_ram_I/mem_reg[74][2]

  Ref  DFF        ref:/WORK/zigbee_phy_tx/u_sm_ram_I/mem_reg[74][3]
  Impl DFF        imp:/WORK/zigbee_phy_tx/u_sm_ram_I/mem_reg[74][3]

  Ref  DFF        ref:/WORK/zigbee_phy_tx/u_sm_ram_I/mem_reg[75][0]
  Impl DFF        imp:/WORK/zigbee_phy_tx/u_sm_ram_I/mem_reg[75][0]

  Ref  DFF        ref:/WORK/zigbee_phy_tx/u_sm_ram_I/mem_reg[75][1]
  Impl DFF        imp:/WORK/zigbee_phy_tx/u_sm_ram_I/mem_reg[75][1]

  Ref  DFF        ref:/WORK/zigbee_phy_tx/u_sm_ram_I/mem_reg[75][2]
  Impl DFF        imp:/WORK/zigbee_phy_tx/u_sm_ram_I/mem_reg[75][2]

  Ref  DFF        ref:/WORK/zigbee_phy_tx/u_sm_ram_I/mem_reg[75][3]
  Impl DFF        imp:/WORK/zigbee_phy_tx/u_sm_ram_I/mem_reg[75][3]

  Ref  DFF        ref:/WORK/zigbee_phy_tx/u_sm_ram_I/mem_reg[76][0]
  Impl DFF        imp:/WORK/zigbee_phy_tx/u_sm_ram_I/mem_reg[76][0]

  Ref  DFF        ref:/WORK/zigbee_phy_tx/u_sm_ram_I/mem_reg[76][1]
  Impl DFF        imp:/WORK/zigbee_phy_tx/u_sm_ram_I/mem_reg[76][1]

  Ref  DFF        ref:/WORK/zigbee_phy_tx/u_sm_ram_I/mem_reg[76][2]
  Impl DFF        imp:/WORK/zigbee_phy_tx/u_sm_ram_I/mem_reg[76][2]

  Ref  DFF        ref:/WORK/zigbee_phy_tx/u_sm_ram_I/mem_reg[76][3]
  Impl DFF        imp:/WORK/zigbee_phy_tx/u_sm_ram_I/mem_reg[76][3]

  Ref  DFF        ref:/WORK/zigbee_phy_tx/u_sm_ram_I/mem_reg[77][0]
  Impl DFF        imp:/WORK/zigbee_phy_tx/u_sm_ram_I/mem_reg[77][0]

  Ref  DFF        ref:/WORK/zigbee_phy_tx/u_sm_ram_I/mem_reg[77][1]
  Impl DFF        imp:/WORK/zigbee_phy_tx/u_sm_ram_I/mem_reg[77][1]

  Ref  DFF        ref:/WORK/zigbee_phy_tx/u_sm_ram_I/mem_reg[77][2]
  Impl DFF        imp:/WORK/zigbee_phy_tx/u_sm_ram_I/mem_reg[77][2]

  Ref  DFF        ref:/WORK/zigbee_phy_tx/u_sm_ram_I/mem_reg[77][3]
  Impl DFF        imp:/WORK/zigbee_phy_tx/u_sm_ram_I/mem_reg[77][3]

  Ref  DFF        ref:/WORK/zigbee_phy_tx/u_sm_ram_I/mem_reg[78][0]
  Impl DFF        imp:/WORK/zigbee_phy_tx/u_sm_ram_I/mem_reg[78][0]

  Ref  DFF        ref:/WORK/zigbee_phy_tx/u_sm_ram_I/mem_reg[78][1]
  Impl DFF        imp:/WORK/zigbee_phy_tx/u_sm_ram_I/mem_reg[78][1]

  Ref  DFF        ref:/WORK/zigbee_phy_tx/u_sm_ram_I/mem_reg[78][2]
  Impl DFF        imp:/WORK/zigbee_phy_tx/u_sm_ram_I/mem_reg[78][2]

  Ref  DFF        ref:/WORK/zigbee_phy_tx/u_sm_ram_I/mem_reg[78][3]
  Impl DFF        imp:/WORK/zigbee_phy_tx/u_sm_ram_I/mem_reg[78][3]

  Ref  DFF        ref:/WORK/zigbee_phy_tx/u_sm_ram_I/mem_reg[79][0]
  Impl DFF        imp:/WORK/zigbee_phy_tx/u_sm_ram_I/mem_reg[79][0]

  Ref  DFF        ref:/WORK/zigbee_phy_tx/u_sm_ram_I/mem_reg[79][1]
  Impl DFF        imp:/WORK/zigbee_phy_tx/u_sm_ram_I/mem_reg[79][1]

  Ref  DFF        ref:/WORK/zigbee_phy_tx/u_sm_ram_I/mem_reg[79][2]
  Impl DFF        imp:/WORK/zigbee_phy_tx/u_sm_ram_I/mem_reg[79][2]

  Ref  DFF        ref:/WORK/zigbee_phy_tx/u_sm_ram_I/mem_reg[79][3]
  Impl DFF        imp:/WORK/zigbee_phy_tx/u_sm_ram_I/mem_reg[79][3]

  Ref  DFF        ref:/WORK/zigbee_phy_tx/u_sm_ram_I/mem_reg[7][0]
  Impl DFF        imp:/WORK/zigbee_phy_tx/u_sm_ram_I/mem_reg[7][0]

  Ref  DFF        ref:/WORK/zigbee_phy_tx/u_sm_ram_I/mem_reg[7][1]
  Impl DFF        imp:/WORK/zigbee_phy_tx/u_sm_ram_I/mem_reg[7][1]

  Ref  DFF        ref:/WORK/zigbee_phy_tx/u_sm_ram_I/mem_reg[7][2]
  Impl DFF        imp:/WORK/zigbee_phy_tx/u_sm_ram_I/mem_reg[7][2]

  Ref  DFF        ref:/WORK/zigbee_phy_tx/u_sm_ram_I/mem_reg[7][3]
  Impl DFF        imp:/WORK/zigbee_phy_tx/u_sm_ram_I/mem_reg[7][3]

  Ref  DFF        ref:/WORK/zigbee_phy_tx/u_sm_ram_I/mem_reg[80][0]
  Impl DFF        imp:/WORK/zigbee_phy_tx/u_sm_ram_I/mem_reg[80][0]

  Ref  DFF        ref:/WORK/zigbee_phy_tx/u_sm_ram_I/mem_reg[80][1]
  Impl DFF        imp:/WORK/zigbee_phy_tx/u_sm_ram_I/mem_reg[80][1]

  Ref  DFF        ref:/WORK/zigbee_phy_tx/u_sm_ram_I/mem_reg[80][2]
  Impl DFF        imp:/WORK/zigbee_phy_tx/u_sm_ram_I/mem_reg[80][2]

  Ref  DFF        ref:/WORK/zigbee_phy_tx/u_sm_ram_I/mem_reg[80][3]
  Impl DFF        imp:/WORK/zigbee_phy_tx/u_sm_ram_I/mem_reg[80][3]

  Ref  DFF        ref:/WORK/zigbee_phy_tx/u_sm_ram_I/mem_reg[81][0]
  Impl DFF        imp:/WORK/zigbee_phy_tx/u_sm_ram_I/mem_reg[81][0]

  Ref  DFF        ref:/WORK/zigbee_phy_tx/u_sm_ram_I/mem_reg[81][1]
  Impl DFF        imp:/WORK/zigbee_phy_tx/u_sm_ram_I/mem_reg[81][1]

  Ref  DFF        ref:/WORK/zigbee_phy_tx/u_sm_ram_I/mem_reg[81][2]
  Impl DFF        imp:/WORK/zigbee_phy_tx/u_sm_ram_I/mem_reg[81][2]

  Ref  DFF        ref:/WORK/zigbee_phy_tx/u_sm_ram_I/mem_reg[81][3]
  Impl DFF        imp:/WORK/zigbee_phy_tx/u_sm_ram_I/mem_reg[81][3]

  Ref  DFF        ref:/WORK/zigbee_phy_tx/u_sm_ram_I/mem_reg[82][0]
  Impl DFF        imp:/WORK/zigbee_phy_tx/u_sm_ram_I/mem_reg[82][0]

  Ref  DFF        ref:/WORK/zigbee_phy_tx/u_sm_ram_I/mem_reg[82][1]
  Impl DFF        imp:/WORK/zigbee_phy_tx/u_sm_ram_I/mem_reg[82][1]

  Ref  DFF        ref:/WORK/zigbee_phy_tx/u_sm_ram_I/mem_reg[82][2]
  Impl DFF        imp:/WORK/zigbee_phy_tx/u_sm_ram_I/mem_reg[82][2]

  Ref  DFF        ref:/WORK/zigbee_phy_tx/u_sm_ram_I/mem_reg[82][3]
  Impl DFF        imp:/WORK/zigbee_phy_tx/u_sm_ram_I/mem_reg[82][3]

  Ref  DFF        ref:/WORK/zigbee_phy_tx/u_sm_ram_I/mem_reg[83][0]
  Impl DFF        imp:/WORK/zigbee_phy_tx/u_sm_ram_I/mem_reg[83][0]

  Ref  DFF        ref:/WORK/zigbee_phy_tx/u_sm_ram_I/mem_reg[83][1]
  Impl DFF        imp:/WORK/zigbee_phy_tx/u_sm_ram_I/mem_reg[83][1]

  Ref  DFF        ref:/WORK/zigbee_phy_tx/u_sm_ram_I/mem_reg[83][2]
  Impl DFF        imp:/WORK/zigbee_phy_tx/u_sm_ram_I/mem_reg[83][2]

  Ref  DFF        ref:/WORK/zigbee_phy_tx/u_sm_ram_I/mem_reg[83][3]
  Impl DFF        imp:/WORK/zigbee_phy_tx/u_sm_ram_I/mem_reg[83][3]

  Ref  DFF        ref:/WORK/zigbee_phy_tx/u_sm_ram_I/mem_reg[84][0]
  Impl DFF        imp:/WORK/zigbee_phy_tx/u_sm_ram_I/mem_reg[84][0]

  Ref  DFF        ref:/WORK/zigbee_phy_tx/u_sm_ram_I/mem_reg[84][1]
  Impl DFF        imp:/WORK/zigbee_phy_tx/u_sm_ram_I/mem_reg[84][1]

  Ref  DFF        ref:/WORK/zigbee_phy_tx/u_sm_ram_I/mem_reg[84][2]
  Impl DFF        imp:/WORK/zigbee_phy_tx/u_sm_ram_I/mem_reg[84][2]

  Ref  DFF        ref:/WORK/zigbee_phy_tx/u_sm_ram_I/mem_reg[84][3]
  Impl DFF        imp:/WORK/zigbee_phy_tx/u_sm_ram_I/mem_reg[84][3]

  Ref  DFF        ref:/WORK/zigbee_phy_tx/u_sm_ram_I/mem_reg[85][0]
  Impl DFF        imp:/WORK/zigbee_phy_tx/u_sm_ram_I/mem_reg[85][0]

  Ref  DFF        ref:/WORK/zigbee_phy_tx/u_sm_ram_I/mem_reg[85][1]
  Impl DFF        imp:/WORK/zigbee_phy_tx/u_sm_ram_I/mem_reg[85][1]

  Ref  DFF        ref:/WORK/zigbee_phy_tx/u_sm_ram_I/mem_reg[85][2]
  Impl DFF        imp:/WORK/zigbee_phy_tx/u_sm_ram_I/mem_reg[85][2]

  Ref  DFF        ref:/WORK/zigbee_phy_tx/u_sm_ram_I/mem_reg[85][3]
  Impl DFF        imp:/WORK/zigbee_phy_tx/u_sm_ram_I/mem_reg[85][3]

  Ref  DFF        ref:/WORK/zigbee_phy_tx/u_sm_ram_I/mem_reg[86][0]
  Impl DFF        imp:/WORK/zigbee_phy_tx/u_sm_ram_I/mem_reg[86][0]

  Ref  DFF        ref:/WORK/zigbee_phy_tx/u_sm_ram_I/mem_reg[86][1]
  Impl DFF        imp:/WORK/zigbee_phy_tx/u_sm_ram_I/mem_reg[86][1]

  Ref  DFF        ref:/WORK/zigbee_phy_tx/u_sm_ram_I/mem_reg[86][2]
  Impl DFF        imp:/WORK/zigbee_phy_tx/u_sm_ram_I/mem_reg[86][2]

  Ref  DFF        ref:/WORK/zigbee_phy_tx/u_sm_ram_I/mem_reg[86][3]
  Impl DFF        imp:/WORK/zigbee_phy_tx/u_sm_ram_I/mem_reg[86][3]

  Ref  DFF        ref:/WORK/zigbee_phy_tx/u_sm_ram_I/mem_reg[87][0]
  Impl DFF        imp:/WORK/zigbee_phy_tx/u_sm_ram_I/mem_reg[87][0]

  Ref  DFF        ref:/WORK/zigbee_phy_tx/u_sm_ram_I/mem_reg[87][1]
  Impl DFF        imp:/WORK/zigbee_phy_tx/u_sm_ram_I/mem_reg[87][1]

  Ref  DFF        ref:/WORK/zigbee_phy_tx/u_sm_ram_I/mem_reg[87][2]
  Impl DFF        imp:/WORK/zigbee_phy_tx/u_sm_ram_I/mem_reg[87][2]

  Ref  DFF        ref:/WORK/zigbee_phy_tx/u_sm_ram_I/mem_reg[87][3]
  Impl DFF        imp:/WORK/zigbee_phy_tx/u_sm_ram_I/mem_reg[87][3]

  Ref  DFF        ref:/WORK/zigbee_phy_tx/u_sm_ram_I/mem_reg[88][0]
  Impl DFF        imp:/WORK/zigbee_phy_tx/u_sm_ram_I/mem_reg[88][0]

  Ref  DFF        ref:/WORK/zigbee_phy_tx/u_sm_ram_I/mem_reg[88][1]
  Impl DFF        imp:/WORK/zigbee_phy_tx/u_sm_ram_I/mem_reg[88][1]

  Ref  DFF        ref:/WORK/zigbee_phy_tx/u_sm_ram_I/mem_reg[88][2]
  Impl DFF        imp:/WORK/zigbee_phy_tx/u_sm_ram_I/mem_reg[88][2]

  Ref  DFF        ref:/WORK/zigbee_phy_tx/u_sm_ram_I/mem_reg[88][3]
  Impl DFF        imp:/WORK/zigbee_phy_tx/u_sm_ram_I/mem_reg[88][3]

  Ref  DFF        ref:/WORK/zigbee_phy_tx/u_sm_ram_I/mem_reg[89][0]
  Impl DFF        imp:/WORK/zigbee_phy_tx/u_sm_ram_I/mem_reg[89][0]

  Ref  DFF        ref:/WORK/zigbee_phy_tx/u_sm_ram_I/mem_reg[89][1]
  Impl DFF        imp:/WORK/zigbee_phy_tx/u_sm_ram_I/mem_reg[89][1]

  Ref  DFF        ref:/WORK/zigbee_phy_tx/u_sm_ram_I/mem_reg[89][2]
  Impl DFF        imp:/WORK/zigbee_phy_tx/u_sm_ram_I/mem_reg[89][2]

  Ref  DFF        ref:/WORK/zigbee_phy_tx/u_sm_ram_I/mem_reg[89][3]
  Impl DFF        imp:/WORK/zigbee_phy_tx/u_sm_ram_I/mem_reg[89][3]

  Ref  DFF        ref:/WORK/zigbee_phy_tx/u_sm_ram_I/mem_reg[8][0]
  Impl DFF        imp:/WORK/zigbee_phy_tx/u_sm_ram_I/mem_reg[8][0]

  Ref  DFF        ref:/WORK/zigbee_phy_tx/u_sm_ram_I/mem_reg[8][1]
  Impl DFF        imp:/WORK/zigbee_phy_tx/u_sm_ram_I/mem_reg[8][1]

  Ref  DFF        ref:/WORK/zigbee_phy_tx/u_sm_ram_I/mem_reg[8][2]
  Impl DFF        imp:/WORK/zigbee_phy_tx/u_sm_ram_I/mem_reg[8][2]

  Ref  DFF        ref:/WORK/zigbee_phy_tx/u_sm_ram_I/mem_reg[8][3]
  Impl DFF        imp:/WORK/zigbee_phy_tx/u_sm_ram_I/mem_reg[8][3]

  Ref  DFF        ref:/WORK/zigbee_phy_tx/u_sm_ram_I/mem_reg[90][0]
  Impl DFF        imp:/WORK/zigbee_phy_tx/u_sm_ram_I/mem_reg[90][0]

  Ref  DFF        ref:/WORK/zigbee_phy_tx/u_sm_ram_I/mem_reg[90][1]
  Impl DFF        imp:/WORK/zigbee_phy_tx/u_sm_ram_I/mem_reg[90][1]

  Ref  DFF        ref:/WORK/zigbee_phy_tx/u_sm_ram_I/mem_reg[90][2]
  Impl DFF        imp:/WORK/zigbee_phy_tx/u_sm_ram_I/mem_reg[90][2]

  Ref  DFF        ref:/WORK/zigbee_phy_tx/u_sm_ram_I/mem_reg[90][3]
  Impl DFF        imp:/WORK/zigbee_phy_tx/u_sm_ram_I/mem_reg[90][3]

  Ref  DFF        ref:/WORK/zigbee_phy_tx/u_sm_ram_I/mem_reg[91][0]
  Impl DFF        imp:/WORK/zigbee_phy_tx/u_sm_ram_I/mem_reg[91][0]

  Ref  DFF        ref:/WORK/zigbee_phy_tx/u_sm_ram_I/mem_reg[91][1]
  Impl DFF        imp:/WORK/zigbee_phy_tx/u_sm_ram_I/mem_reg[91][1]

  Ref  DFF        ref:/WORK/zigbee_phy_tx/u_sm_ram_I/mem_reg[91][2]
  Impl DFF        imp:/WORK/zigbee_phy_tx/u_sm_ram_I/mem_reg[91][2]

  Ref  DFF        ref:/WORK/zigbee_phy_tx/u_sm_ram_I/mem_reg[91][3]
  Impl DFF        imp:/WORK/zigbee_phy_tx/u_sm_ram_I/mem_reg[91][3]

  Ref  DFF        ref:/WORK/zigbee_phy_tx/u_sm_ram_I/mem_reg[92][0]
  Impl DFF        imp:/WORK/zigbee_phy_tx/u_sm_ram_I/mem_reg[92][0]

  Ref  DFF        ref:/WORK/zigbee_phy_tx/u_sm_ram_I/mem_reg[92][1]
  Impl DFF        imp:/WORK/zigbee_phy_tx/u_sm_ram_I/mem_reg[92][1]

  Ref  DFF        ref:/WORK/zigbee_phy_tx/u_sm_ram_I/mem_reg[92][2]
  Impl DFF        imp:/WORK/zigbee_phy_tx/u_sm_ram_I/mem_reg[92][2]

  Ref  DFF        ref:/WORK/zigbee_phy_tx/u_sm_ram_I/mem_reg[92][3]
  Impl DFF        imp:/WORK/zigbee_phy_tx/u_sm_ram_I/mem_reg[92][3]

  Ref  DFF        ref:/WORK/zigbee_phy_tx/u_sm_ram_I/mem_reg[93][0]
  Impl DFF        imp:/WORK/zigbee_phy_tx/u_sm_ram_I/mem_reg[93][0]

  Ref  DFF        ref:/WORK/zigbee_phy_tx/u_sm_ram_I/mem_reg[93][1]
  Impl DFF        imp:/WORK/zigbee_phy_tx/u_sm_ram_I/mem_reg[93][1]

  Ref  DFF        ref:/WORK/zigbee_phy_tx/u_sm_ram_I/mem_reg[93][2]
  Impl DFF        imp:/WORK/zigbee_phy_tx/u_sm_ram_I/mem_reg[93][2]

  Ref  DFF        ref:/WORK/zigbee_phy_tx/u_sm_ram_I/mem_reg[93][3]
  Impl DFF        imp:/WORK/zigbee_phy_tx/u_sm_ram_I/mem_reg[93][3]

  Ref  DFF        ref:/WORK/zigbee_phy_tx/u_sm_ram_I/mem_reg[94][0]
  Impl DFF        imp:/WORK/zigbee_phy_tx/u_sm_ram_I/mem_reg[94][0]

  Ref  DFF        ref:/WORK/zigbee_phy_tx/u_sm_ram_I/mem_reg[94][1]
  Impl DFF        imp:/WORK/zigbee_phy_tx/u_sm_ram_I/mem_reg[94][1]

  Ref  DFF        ref:/WORK/zigbee_phy_tx/u_sm_ram_I/mem_reg[94][2]
  Impl DFF        imp:/WORK/zigbee_phy_tx/u_sm_ram_I/mem_reg[94][2]

  Ref  DFF        ref:/WORK/zigbee_phy_tx/u_sm_ram_I/mem_reg[94][3]
  Impl DFF        imp:/WORK/zigbee_phy_tx/u_sm_ram_I/mem_reg[94][3]

  Ref  DFF        ref:/WORK/zigbee_phy_tx/u_sm_ram_I/mem_reg[95][0]
  Impl DFF        imp:/WORK/zigbee_phy_tx/u_sm_ram_I/mem_reg[95][0]

  Ref  DFF        ref:/WORK/zigbee_phy_tx/u_sm_ram_I/mem_reg[95][1]
  Impl DFF        imp:/WORK/zigbee_phy_tx/u_sm_ram_I/mem_reg[95][1]

  Ref  DFF        ref:/WORK/zigbee_phy_tx/u_sm_ram_I/mem_reg[95][2]
  Impl DFF        imp:/WORK/zigbee_phy_tx/u_sm_ram_I/mem_reg[95][2]

  Ref  DFF        ref:/WORK/zigbee_phy_tx/u_sm_ram_I/mem_reg[95][3]
  Impl DFF        imp:/WORK/zigbee_phy_tx/u_sm_ram_I/mem_reg[95][3]

  Ref  DFF        ref:/WORK/zigbee_phy_tx/u_sm_ram_I/mem_reg[96][0]
  Impl DFF        imp:/WORK/zigbee_phy_tx/u_sm_ram_I/mem_reg[96][0]

  Ref  DFF        ref:/WORK/zigbee_phy_tx/u_sm_ram_I/mem_reg[96][1]
  Impl DFF        imp:/WORK/zigbee_phy_tx/u_sm_ram_I/mem_reg[96][1]

  Ref  DFF        ref:/WORK/zigbee_phy_tx/u_sm_ram_I/mem_reg[96][2]
  Impl DFF        imp:/WORK/zigbee_phy_tx/u_sm_ram_I/mem_reg[96][2]

  Ref  DFF        ref:/WORK/zigbee_phy_tx/u_sm_ram_I/mem_reg[96][3]
  Impl DFF        imp:/WORK/zigbee_phy_tx/u_sm_ram_I/mem_reg[96][3]

  Ref  DFF        ref:/WORK/zigbee_phy_tx/u_sm_ram_I/mem_reg[97][0]
  Impl DFF        imp:/WORK/zigbee_phy_tx/u_sm_ram_I/mem_reg[97][0]

  Ref  DFF        ref:/WORK/zigbee_phy_tx/u_sm_ram_I/mem_reg[97][1]
  Impl DFF        imp:/WORK/zigbee_phy_tx/u_sm_ram_I/mem_reg[97][1]

  Ref  DFF        ref:/WORK/zigbee_phy_tx/u_sm_ram_I/mem_reg[97][2]
  Impl DFF        imp:/WORK/zigbee_phy_tx/u_sm_ram_I/mem_reg[97][2]

  Ref  DFF        ref:/WORK/zigbee_phy_tx/u_sm_ram_I/mem_reg[97][3]
  Impl DFF        imp:/WORK/zigbee_phy_tx/u_sm_ram_I/mem_reg[97][3]

  Ref  DFF        ref:/WORK/zigbee_phy_tx/u_sm_ram_I/mem_reg[98][0]
  Impl DFF        imp:/WORK/zigbee_phy_tx/u_sm_ram_I/mem_reg[98][0]

  Ref  DFF        ref:/WORK/zigbee_phy_tx/u_sm_ram_I/mem_reg[98][1]
  Impl DFF        imp:/WORK/zigbee_phy_tx/u_sm_ram_I/mem_reg[98][1]

  Ref  DFF        ref:/WORK/zigbee_phy_tx/u_sm_ram_I/mem_reg[98][2]
  Impl DFF        imp:/WORK/zigbee_phy_tx/u_sm_ram_I/mem_reg[98][2]

  Ref  DFF        ref:/WORK/zigbee_phy_tx/u_sm_ram_I/mem_reg[98][3]
  Impl DFF        imp:/WORK/zigbee_phy_tx/u_sm_ram_I/mem_reg[98][3]

  Ref  DFF        ref:/WORK/zigbee_phy_tx/u_sm_ram_I/mem_reg[99][0]
  Impl DFF        imp:/WORK/zigbee_phy_tx/u_sm_ram_I/mem_reg[99][0]

  Ref  DFF        ref:/WORK/zigbee_phy_tx/u_sm_ram_I/mem_reg[99][1]
  Impl DFF        imp:/WORK/zigbee_phy_tx/u_sm_ram_I/mem_reg[99][1]

  Ref  DFF        ref:/WORK/zigbee_phy_tx/u_sm_ram_I/mem_reg[99][2]
  Impl DFF        imp:/WORK/zigbee_phy_tx/u_sm_ram_I/mem_reg[99][2]

  Ref  DFF        ref:/WORK/zigbee_phy_tx/u_sm_ram_I/mem_reg[99][3]
  Impl DFF        imp:/WORK/zigbee_phy_tx/u_sm_ram_I/mem_reg[99][3]

  Ref  DFF        ref:/WORK/zigbee_phy_tx/u_sm_ram_I/mem_reg[9][0]
  Impl DFF        imp:/WORK/zigbee_phy_tx/u_sm_ram_I/mem_reg[9][0]

  Ref  DFF        ref:/WORK/zigbee_phy_tx/u_sm_ram_I/mem_reg[9][1]
  Impl DFF        imp:/WORK/zigbee_phy_tx/u_sm_ram_I/mem_reg[9][1]

  Ref  DFF        ref:/WORK/zigbee_phy_tx/u_sm_ram_I/mem_reg[9][2]
  Impl DFF        imp:/WORK/zigbee_phy_tx/u_sm_ram_I/mem_reg[9][2]

  Ref  DFF        ref:/WORK/zigbee_phy_tx/u_sm_ram_I/mem_reg[9][3]
  Impl DFF        imp:/WORK/zigbee_phy_tx/u_sm_ram_I/mem_reg[9][3]

  Ref  DFF        ref:/WORK/zigbee_phy_tx/u_sm_ram_Q/data_out_reg[0]
  Impl DFF        imp:/WORK/zigbee_phy_tx/u_sm_ram_Q/data_out_reg[0]

  Ref  DFF        ref:/WORK/zigbee_phy_tx/u_sm_ram_Q/data_out_reg[1]
  Impl DFF        imp:/WORK/zigbee_phy_tx/u_sm_ram_Q/data_out_reg[1]

  Ref  DFF        ref:/WORK/zigbee_phy_tx/u_sm_ram_Q/data_out_reg[2]
  Impl DFF        imp:/WORK/zigbee_phy_tx/u_sm_ram_Q/data_out_reg[2]

  Ref  DFF        ref:/WORK/zigbee_phy_tx/u_sm_ram_Q/data_out_reg[3]
  Impl DFF        imp:/WORK/zigbee_phy_tx/u_sm_ram_Q/data_out_reg[3]

  Ref  DFF        ref:/WORK/zigbee_phy_tx/u_sm_ram_Q/mem_reg[0][0]
  Impl DFF        imp:/WORK/zigbee_phy_tx/u_sm_ram_Q/mem_reg[0][0]

  Ref  DFF        ref:/WORK/zigbee_phy_tx/u_sm_ram_Q/mem_reg[0][1]
  Impl DFF        imp:/WORK/zigbee_phy_tx/u_sm_ram_Q/mem_reg[0][1]

  Ref  DFF        ref:/WORK/zigbee_phy_tx/u_sm_ram_Q/mem_reg[0][2]
  Impl DFF        imp:/WORK/zigbee_phy_tx/u_sm_ram_Q/mem_reg[0][2]

  Ref  DFF        ref:/WORK/zigbee_phy_tx/u_sm_ram_Q/mem_reg[0][3]
  Impl DFF        imp:/WORK/zigbee_phy_tx/u_sm_ram_Q/mem_reg[0][3]

  Ref  DFF        ref:/WORK/zigbee_phy_tx/u_sm_ram_Q/mem_reg[100][0]
  Impl DFF        imp:/WORK/zigbee_phy_tx/u_sm_ram_Q/mem_reg[100][0]

  Ref  DFF        ref:/WORK/zigbee_phy_tx/u_sm_ram_Q/mem_reg[100][1]
  Impl DFF        imp:/WORK/zigbee_phy_tx/u_sm_ram_Q/mem_reg[100][1]

  Ref  DFF        ref:/WORK/zigbee_phy_tx/u_sm_ram_Q/mem_reg[100][2]
  Impl DFF        imp:/WORK/zigbee_phy_tx/u_sm_ram_Q/mem_reg[100][2]

  Ref  DFF        ref:/WORK/zigbee_phy_tx/u_sm_ram_Q/mem_reg[100][3]
  Impl DFF        imp:/WORK/zigbee_phy_tx/u_sm_ram_Q/mem_reg[100][3]

  Ref  DFF        ref:/WORK/zigbee_phy_tx/u_sm_ram_Q/mem_reg[101][0]
  Impl DFF        imp:/WORK/zigbee_phy_tx/u_sm_ram_Q/mem_reg[101][0]

  Ref  DFF        ref:/WORK/zigbee_phy_tx/u_sm_ram_Q/mem_reg[101][1]
  Impl DFF        imp:/WORK/zigbee_phy_tx/u_sm_ram_Q/mem_reg[101][1]

  Ref  DFF        ref:/WORK/zigbee_phy_tx/u_sm_ram_Q/mem_reg[101][2]
  Impl DFF        imp:/WORK/zigbee_phy_tx/u_sm_ram_Q/mem_reg[101][2]

  Ref  DFF        ref:/WORK/zigbee_phy_tx/u_sm_ram_Q/mem_reg[101][3]
  Impl DFF        imp:/WORK/zigbee_phy_tx/u_sm_ram_Q/mem_reg[101][3]

  Ref  DFF        ref:/WORK/zigbee_phy_tx/u_sm_ram_Q/mem_reg[102][0]
  Impl DFF        imp:/WORK/zigbee_phy_tx/u_sm_ram_Q/mem_reg[102][0]

  Ref  DFF        ref:/WORK/zigbee_phy_tx/u_sm_ram_Q/mem_reg[102][1]
  Impl DFF        imp:/WORK/zigbee_phy_tx/u_sm_ram_Q/mem_reg[102][1]

  Ref  DFF        ref:/WORK/zigbee_phy_tx/u_sm_ram_Q/mem_reg[102][2]
  Impl DFF        imp:/WORK/zigbee_phy_tx/u_sm_ram_Q/mem_reg[102][2]

  Ref  DFF        ref:/WORK/zigbee_phy_tx/u_sm_ram_Q/mem_reg[102][3]
  Impl DFF        imp:/WORK/zigbee_phy_tx/u_sm_ram_Q/mem_reg[102][3]

  Ref  DFF        ref:/WORK/zigbee_phy_tx/u_sm_ram_Q/mem_reg[103][0]
  Impl DFF        imp:/WORK/zigbee_phy_tx/u_sm_ram_Q/mem_reg[103][0]

  Ref  DFF        ref:/WORK/zigbee_phy_tx/u_sm_ram_Q/mem_reg[103][1]
  Impl DFF        imp:/WORK/zigbee_phy_tx/u_sm_ram_Q/mem_reg[103][1]

  Ref  DFF        ref:/WORK/zigbee_phy_tx/u_sm_ram_Q/mem_reg[103][2]
  Impl DFF        imp:/WORK/zigbee_phy_tx/u_sm_ram_Q/mem_reg[103][2]

  Ref  DFF        ref:/WORK/zigbee_phy_tx/u_sm_ram_Q/mem_reg[103][3]
  Impl DFF        imp:/WORK/zigbee_phy_tx/u_sm_ram_Q/mem_reg[103][3]

  Ref  DFF        ref:/WORK/zigbee_phy_tx/u_sm_ram_Q/mem_reg[104][0]
  Impl DFF        imp:/WORK/zigbee_phy_tx/u_sm_ram_Q/mem_reg[104][0]

  Ref  DFF        ref:/WORK/zigbee_phy_tx/u_sm_ram_Q/mem_reg[104][1]
  Impl DFF        imp:/WORK/zigbee_phy_tx/u_sm_ram_Q/mem_reg[104][1]

  Ref  DFF        ref:/WORK/zigbee_phy_tx/u_sm_ram_Q/mem_reg[104][2]
  Impl DFF        imp:/WORK/zigbee_phy_tx/u_sm_ram_Q/mem_reg[104][2]

  Ref  DFF        ref:/WORK/zigbee_phy_tx/u_sm_ram_Q/mem_reg[104][3]
  Impl DFF        imp:/WORK/zigbee_phy_tx/u_sm_ram_Q/mem_reg[104][3]

  Ref  DFF        ref:/WORK/zigbee_phy_tx/u_sm_ram_Q/mem_reg[105][0]
  Impl DFF        imp:/WORK/zigbee_phy_tx/u_sm_ram_Q/mem_reg[105][0]

  Ref  DFF        ref:/WORK/zigbee_phy_tx/u_sm_ram_Q/mem_reg[105][1]
  Impl DFF        imp:/WORK/zigbee_phy_tx/u_sm_ram_Q/mem_reg[105][1]

  Ref  DFF        ref:/WORK/zigbee_phy_tx/u_sm_ram_Q/mem_reg[105][2]
  Impl DFF        imp:/WORK/zigbee_phy_tx/u_sm_ram_Q/mem_reg[105][2]

  Ref  DFF        ref:/WORK/zigbee_phy_tx/u_sm_ram_Q/mem_reg[105][3]
  Impl DFF        imp:/WORK/zigbee_phy_tx/u_sm_ram_Q/mem_reg[105][3]

  Ref  DFF        ref:/WORK/zigbee_phy_tx/u_sm_ram_Q/mem_reg[106][0]
  Impl DFF        imp:/WORK/zigbee_phy_tx/u_sm_ram_Q/mem_reg[106][0]

  Ref  DFF        ref:/WORK/zigbee_phy_tx/u_sm_ram_Q/mem_reg[106][1]
  Impl DFF        imp:/WORK/zigbee_phy_tx/u_sm_ram_Q/mem_reg[106][1]

  Ref  DFF        ref:/WORK/zigbee_phy_tx/u_sm_ram_Q/mem_reg[106][2]
  Impl DFF        imp:/WORK/zigbee_phy_tx/u_sm_ram_Q/mem_reg[106][2]

  Ref  DFF        ref:/WORK/zigbee_phy_tx/u_sm_ram_Q/mem_reg[106][3]
  Impl DFF        imp:/WORK/zigbee_phy_tx/u_sm_ram_Q/mem_reg[106][3]

  Ref  DFF        ref:/WORK/zigbee_phy_tx/u_sm_ram_Q/mem_reg[107][0]
  Impl DFF        imp:/WORK/zigbee_phy_tx/u_sm_ram_Q/mem_reg[107][0]

  Ref  DFF        ref:/WORK/zigbee_phy_tx/u_sm_ram_Q/mem_reg[107][1]
  Impl DFF        imp:/WORK/zigbee_phy_tx/u_sm_ram_Q/mem_reg[107][1]

  Ref  DFF        ref:/WORK/zigbee_phy_tx/u_sm_ram_Q/mem_reg[107][2]
  Impl DFF        imp:/WORK/zigbee_phy_tx/u_sm_ram_Q/mem_reg[107][2]

  Ref  DFF        ref:/WORK/zigbee_phy_tx/u_sm_ram_Q/mem_reg[107][3]
  Impl DFF        imp:/WORK/zigbee_phy_tx/u_sm_ram_Q/mem_reg[107][3]

  Ref  DFF        ref:/WORK/zigbee_phy_tx/u_sm_ram_Q/mem_reg[108][0]
  Impl DFF        imp:/WORK/zigbee_phy_tx/u_sm_ram_Q/mem_reg[108][0]

  Ref  DFF        ref:/WORK/zigbee_phy_tx/u_sm_ram_Q/mem_reg[108][1]
  Impl DFF        imp:/WORK/zigbee_phy_tx/u_sm_ram_Q/mem_reg[108][1]

  Ref  DFF        ref:/WORK/zigbee_phy_tx/u_sm_ram_Q/mem_reg[108][2]
  Impl DFF        imp:/WORK/zigbee_phy_tx/u_sm_ram_Q/mem_reg[108][2]

  Ref  DFF        ref:/WORK/zigbee_phy_tx/u_sm_ram_Q/mem_reg[108][3]
  Impl DFF        imp:/WORK/zigbee_phy_tx/u_sm_ram_Q/mem_reg[108][3]

  Ref  DFF        ref:/WORK/zigbee_phy_tx/u_sm_ram_Q/mem_reg[109][0]
  Impl DFF        imp:/WORK/zigbee_phy_tx/u_sm_ram_Q/mem_reg[109][0]

  Ref  DFF        ref:/WORK/zigbee_phy_tx/u_sm_ram_Q/mem_reg[109][1]
  Impl DFF        imp:/WORK/zigbee_phy_tx/u_sm_ram_Q/mem_reg[109][1]

  Ref  DFF        ref:/WORK/zigbee_phy_tx/u_sm_ram_Q/mem_reg[109][2]
  Impl DFF        imp:/WORK/zigbee_phy_tx/u_sm_ram_Q/mem_reg[109][2]

  Ref  DFF        ref:/WORK/zigbee_phy_tx/u_sm_ram_Q/mem_reg[109][3]
  Impl DFF        imp:/WORK/zigbee_phy_tx/u_sm_ram_Q/mem_reg[109][3]

  Ref  DFF        ref:/WORK/zigbee_phy_tx/u_sm_ram_Q/mem_reg[10][0]
  Impl DFF        imp:/WORK/zigbee_phy_tx/u_sm_ram_Q/mem_reg[10][0]

  Ref  DFF        ref:/WORK/zigbee_phy_tx/u_sm_ram_Q/mem_reg[10][1]
  Impl DFF        imp:/WORK/zigbee_phy_tx/u_sm_ram_Q/mem_reg[10][1]

  Ref  DFF        ref:/WORK/zigbee_phy_tx/u_sm_ram_Q/mem_reg[10][2]
  Impl DFF        imp:/WORK/zigbee_phy_tx/u_sm_ram_Q/mem_reg[10][2]

  Ref  DFF        ref:/WORK/zigbee_phy_tx/u_sm_ram_Q/mem_reg[10][3]
  Impl DFF        imp:/WORK/zigbee_phy_tx/u_sm_ram_Q/mem_reg[10][3]

  Ref  DFF        ref:/WORK/zigbee_phy_tx/u_sm_ram_Q/mem_reg[110][0]
  Impl DFF        imp:/WORK/zigbee_phy_tx/u_sm_ram_Q/mem_reg[110][0]

  Ref  DFF        ref:/WORK/zigbee_phy_tx/u_sm_ram_Q/mem_reg[110][1]
  Impl DFF        imp:/WORK/zigbee_phy_tx/u_sm_ram_Q/mem_reg[110][1]

  Ref  DFF        ref:/WORK/zigbee_phy_tx/u_sm_ram_Q/mem_reg[110][2]
  Impl DFF        imp:/WORK/zigbee_phy_tx/u_sm_ram_Q/mem_reg[110][2]

  Ref  DFF        ref:/WORK/zigbee_phy_tx/u_sm_ram_Q/mem_reg[110][3]
  Impl DFF        imp:/WORK/zigbee_phy_tx/u_sm_ram_Q/mem_reg[110][3]

  Ref  DFF        ref:/WORK/zigbee_phy_tx/u_sm_ram_Q/mem_reg[111][0]
  Impl DFF        imp:/WORK/zigbee_phy_tx/u_sm_ram_Q/mem_reg[111][0]

  Ref  DFF        ref:/WORK/zigbee_phy_tx/u_sm_ram_Q/mem_reg[111][1]
  Impl DFF        imp:/WORK/zigbee_phy_tx/u_sm_ram_Q/mem_reg[111][1]

  Ref  DFF        ref:/WORK/zigbee_phy_tx/u_sm_ram_Q/mem_reg[111][2]
  Impl DFF        imp:/WORK/zigbee_phy_tx/u_sm_ram_Q/mem_reg[111][2]

  Ref  DFF        ref:/WORK/zigbee_phy_tx/u_sm_ram_Q/mem_reg[111][3]
  Impl DFF        imp:/WORK/zigbee_phy_tx/u_sm_ram_Q/mem_reg[111][3]

  Ref  DFF        ref:/WORK/zigbee_phy_tx/u_sm_ram_Q/mem_reg[112][0]
  Impl DFF        imp:/WORK/zigbee_phy_tx/u_sm_ram_Q/mem_reg[112][0]

  Ref  DFF        ref:/WORK/zigbee_phy_tx/u_sm_ram_Q/mem_reg[112][1]
  Impl DFF        imp:/WORK/zigbee_phy_tx/u_sm_ram_Q/mem_reg[112][1]

  Ref  DFF        ref:/WORK/zigbee_phy_tx/u_sm_ram_Q/mem_reg[112][2]
  Impl DFF        imp:/WORK/zigbee_phy_tx/u_sm_ram_Q/mem_reg[112][2]

  Ref  DFF        ref:/WORK/zigbee_phy_tx/u_sm_ram_Q/mem_reg[112][3]
  Impl DFF        imp:/WORK/zigbee_phy_tx/u_sm_ram_Q/mem_reg[112][3]

  Ref  DFF        ref:/WORK/zigbee_phy_tx/u_sm_ram_Q/mem_reg[113][0]
  Impl DFF        imp:/WORK/zigbee_phy_tx/u_sm_ram_Q/mem_reg[113][0]

  Ref  DFF        ref:/WORK/zigbee_phy_tx/u_sm_ram_Q/mem_reg[113][1]
  Impl DFF        imp:/WORK/zigbee_phy_tx/u_sm_ram_Q/mem_reg[113][1]

  Ref  DFF        ref:/WORK/zigbee_phy_tx/u_sm_ram_Q/mem_reg[113][2]
  Impl DFF        imp:/WORK/zigbee_phy_tx/u_sm_ram_Q/mem_reg[113][2]

  Ref  DFF        ref:/WORK/zigbee_phy_tx/u_sm_ram_Q/mem_reg[113][3]
  Impl DFF        imp:/WORK/zigbee_phy_tx/u_sm_ram_Q/mem_reg[113][3]

  Ref  DFF        ref:/WORK/zigbee_phy_tx/u_sm_ram_Q/mem_reg[114][0]
  Impl DFF        imp:/WORK/zigbee_phy_tx/u_sm_ram_Q/mem_reg[114][0]

  Ref  DFF        ref:/WORK/zigbee_phy_tx/u_sm_ram_Q/mem_reg[114][1]
  Impl DFF        imp:/WORK/zigbee_phy_tx/u_sm_ram_Q/mem_reg[114][1]

  Ref  DFF        ref:/WORK/zigbee_phy_tx/u_sm_ram_Q/mem_reg[114][2]
  Impl DFF        imp:/WORK/zigbee_phy_tx/u_sm_ram_Q/mem_reg[114][2]

  Ref  DFF        ref:/WORK/zigbee_phy_tx/u_sm_ram_Q/mem_reg[114][3]
  Impl DFF        imp:/WORK/zigbee_phy_tx/u_sm_ram_Q/mem_reg[114][3]

  Ref  DFF        ref:/WORK/zigbee_phy_tx/u_sm_ram_Q/mem_reg[115][0]
  Impl DFF        imp:/WORK/zigbee_phy_tx/u_sm_ram_Q/mem_reg[115][0]

  Ref  DFF        ref:/WORK/zigbee_phy_tx/u_sm_ram_Q/mem_reg[115][1]
  Impl DFF        imp:/WORK/zigbee_phy_tx/u_sm_ram_Q/mem_reg[115][1]

  Ref  DFF        ref:/WORK/zigbee_phy_tx/u_sm_ram_Q/mem_reg[115][2]
  Impl DFF        imp:/WORK/zigbee_phy_tx/u_sm_ram_Q/mem_reg[115][2]

  Ref  DFF        ref:/WORK/zigbee_phy_tx/u_sm_ram_Q/mem_reg[115][3]
  Impl DFF        imp:/WORK/zigbee_phy_tx/u_sm_ram_Q/mem_reg[115][3]

  Ref  DFF        ref:/WORK/zigbee_phy_tx/u_sm_ram_Q/mem_reg[116][0]
  Impl DFF        imp:/WORK/zigbee_phy_tx/u_sm_ram_Q/mem_reg[116][0]

  Ref  DFF        ref:/WORK/zigbee_phy_tx/u_sm_ram_Q/mem_reg[116][1]
  Impl DFF        imp:/WORK/zigbee_phy_tx/u_sm_ram_Q/mem_reg[116][1]

  Ref  DFF        ref:/WORK/zigbee_phy_tx/u_sm_ram_Q/mem_reg[116][2]
  Impl DFF        imp:/WORK/zigbee_phy_tx/u_sm_ram_Q/mem_reg[116][2]

  Ref  DFF        ref:/WORK/zigbee_phy_tx/u_sm_ram_Q/mem_reg[116][3]
  Impl DFF        imp:/WORK/zigbee_phy_tx/u_sm_ram_Q/mem_reg[116][3]

  Ref  DFF        ref:/WORK/zigbee_phy_tx/u_sm_ram_Q/mem_reg[117][0]
  Impl DFF        imp:/WORK/zigbee_phy_tx/u_sm_ram_Q/mem_reg[117][0]

  Ref  DFF        ref:/WORK/zigbee_phy_tx/u_sm_ram_Q/mem_reg[117][1]
  Impl DFF        imp:/WORK/zigbee_phy_tx/u_sm_ram_Q/mem_reg[117][1]

  Ref  DFF        ref:/WORK/zigbee_phy_tx/u_sm_ram_Q/mem_reg[117][2]
  Impl DFF        imp:/WORK/zigbee_phy_tx/u_sm_ram_Q/mem_reg[117][2]

  Ref  DFF        ref:/WORK/zigbee_phy_tx/u_sm_ram_Q/mem_reg[117][3]
  Impl DFF        imp:/WORK/zigbee_phy_tx/u_sm_ram_Q/mem_reg[117][3]

  Ref  DFF        ref:/WORK/zigbee_phy_tx/u_sm_ram_Q/mem_reg[118][0]
  Impl DFF        imp:/WORK/zigbee_phy_tx/u_sm_ram_Q/mem_reg[118][0]

  Ref  DFF        ref:/WORK/zigbee_phy_tx/u_sm_ram_Q/mem_reg[118][1]
  Impl DFF        imp:/WORK/zigbee_phy_tx/u_sm_ram_Q/mem_reg[118][1]

  Ref  DFF        ref:/WORK/zigbee_phy_tx/u_sm_ram_Q/mem_reg[118][2]
  Impl DFF        imp:/WORK/zigbee_phy_tx/u_sm_ram_Q/mem_reg[118][2]

  Ref  DFF        ref:/WORK/zigbee_phy_tx/u_sm_ram_Q/mem_reg[118][3]
  Impl DFF        imp:/WORK/zigbee_phy_tx/u_sm_ram_Q/mem_reg[118][3]

  Ref  DFF        ref:/WORK/zigbee_phy_tx/u_sm_ram_Q/mem_reg[119][0]
  Impl DFF        imp:/WORK/zigbee_phy_tx/u_sm_ram_Q/mem_reg[119][0]

  Ref  DFF        ref:/WORK/zigbee_phy_tx/u_sm_ram_Q/mem_reg[119][1]
  Impl DFF        imp:/WORK/zigbee_phy_tx/u_sm_ram_Q/mem_reg[119][1]

  Ref  DFF        ref:/WORK/zigbee_phy_tx/u_sm_ram_Q/mem_reg[119][2]
  Impl DFF        imp:/WORK/zigbee_phy_tx/u_sm_ram_Q/mem_reg[119][2]

  Ref  DFF        ref:/WORK/zigbee_phy_tx/u_sm_ram_Q/mem_reg[119][3]
  Impl DFF        imp:/WORK/zigbee_phy_tx/u_sm_ram_Q/mem_reg[119][3]

  Ref  DFF        ref:/WORK/zigbee_phy_tx/u_sm_ram_Q/mem_reg[11][0]
  Impl DFF        imp:/WORK/zigbee_phy_tx/u_sm_ram_Q/mem_reg[11][0]

  Ref  DFF        ref:/WORK/zigbee_phy_tx/u_sm_ram_Q/mem_reg[11][1]
  Impl DFF        imp:/WORK/zigbee_phy_tx/u_sm_ram_Q/mem_reg[11][1]

  Ref  DFF        ref:/WORK/zigbee_phy_tx/u_sm_ram_Q/mem_reg[11][2]
  Impl DFF        imp:/WORK/zigbee_phy_tx/u_sm_ram_Q/mem_reg[11][2]

  Ref  DFF        ref:/WORK/zigbee_phy_tx/u_sm_ram_Q/mem_reg[11][3]
  Impl DFF        imp:/WORK/zigbee_phy_tx/u_sm_ram_Q/mem_reg[11][3]

  Ref  DFF        ref:/WORK/zigbee_phy_tx/u_sm_ram_Q/mem_reg[120][0]
  Impl DFF        imp:/WORK/zigbee_phy_tx/u_sm_ram_Q/mem_reg[120][0]

  Ref  DFF        ref:/WORK/zigbee_phy_tx/u_sm_ram_Q/mem_reg[120][1]
  Impl DFF        imp:/WORK/zigbee_phy_tx/u_sm_ram_Q/mem_reg[120][1]

  Ref  DFF        ref:/WORK/zigbee_phy_tx/u_sm_ram_Q/mem_reg[120][2]
  Impl DFF        imp:/WORK/zigbee_phy_tx/u_sm_ram_Q/mem_reg[120][2]

  Ref  DFF        ref:/WORK/zigbee_phy_tx/u_sm_ram_Q/mem_reg[120][3]
  Impl DFF        imp:/WORK/zigbee_phy_tx/u_sm_ram_Q/mem_reg[120][3]

  Ref  DFF        ref:/WORK/zigbee_phy_tx/u_sm_ram_Q/mem_reg[121][0]
  Impl DFF        imp:/WORK/zigbee_phy_tx/u_sm_ram_Q/mem_reg[121][0]

  Ref  DFF        ref:/WORK/zigbee_phy_tx/u_sm_ram_Q/mem_reg[121][1]
  Impl DFF        imp:/WORK/zigbee_phy_tx/u_sm_ram_Q/mem_reg[121][1]

  Ref  DFF        ref:/WORK/zigbee_phy_tx/u_sm_ram_Q/mem_reg[121][2]
  Impl DFF        imp:/WORK/zigbee_phy_tx/u_sm_ram_Q/mem_reg[121][2]

  Ref  DFF        ref:/WORK/zigbee_phy_tx/u_sm_ram_Q/mem_reg[121][3]
  Impl DFF        imp:/WORK/zigbee_phy_tx/u_sm_ram_Q/mem_reg[121][3]

  Ref  DFF        ref:/WORK/zigbee_phy_tx/u_sm_ram_Q/mem_reg[122][0]
  Impl DFF        imp:/WORK/zigbee_phy_tx/u_sm_ram_Q/mem_reg[122][0]

  Ref  DFF        ref:/WORK/zigbee_phy_tx/u_sm_ram_Q/mem_reg[122][1]
  Impl DFF        imp:/WORK/zigbee_phy_tx/u_sm_ram_Q/mem_reg[122][1]

  Ref  DFF        ref:/WORK/zigbee_phy_tx/u_sm_ram_Q/mem_reg[122][2]
  Impl DFF        imp:/WORK/zigbee_phy_tx/u_sm_ram_Q/mem_reg[122][2]

  Ref  DFF        ref:/WORK/zigbee_phy_tx/u_sm_ram_Q/mem_reg[122][3]
  Impl DFF        imp:/WORK/zigbee_phy_tx/u_sm_ram_Q/mem_reg[122][3]

  Ref  DFF        ref:/WORK/zigbee_phy_tx/u_sm_ram_Q/mem_reg[123][0]
  Impl DFF        imp:/WORK/zigbee_phy_tx/u_sm_ram_Q/mem_reg[123][0]

  Ref  DFF        ref:/WORK/zigbee_phy_tx/u_sm_ram_Q/mem_reg[123][1]
  Impl DFF        imp:/WORK/zigbee_phy_tx/u_sm_ram_Q/mem_reg[123][1]

  Ref  DFF        ref:/WORK/zigbee_phy_tx/u_sm_ram_Q/mem_reg[123][2]
  Impl DFF        imp:/WORK/zigbee_phy_tx/u_sm_ram_Q/mem_reg[123][2]

  Ref  DFF        ref:/WORK/zigbee_phy_tx/u_sm_ram_Q/mem_reg[123][3]
  Impl DFF        imp:/WORK/zigbee_phy_tx/u_sm_ram_Q/mem_reg[123][3]

  Ref  DFF        ref:/WORK/zigbee_phy_tx/u_sm_ram_Q/mem_reg[124][0]
  Impl DFF        imp:/WORK/zigbee_phy_tx/u_sm_ram_Q/mem_reg[124][0]

  Ref  DFF        ref:/WORK/zigbee_phy_tx/u_sm_ram_Q/mem_reg[124][1]
  Impl DFF        imp:/WORK/zigbee_phy_tx/u_sm_ram_Q/mem_reg[124][1]

  Ref  DFF        ref:/WORK/zigbee_phy_tx/u_sm_ram_Q/mem_reg[124][2]
  Impl DFF        imp:/WORK/zigbee_phy_tx/u_sm_ram_Q/mem_reg[124][2]

  Ref  DFF        ref:/WORK/zigbee_phy_tx/u_sm_ram_Q/mem_reg[124][3]
  Impl DFF        imp:/WORK/zigbee_phy_tx/u_sm_ram_Q/mem_reg[124][3]

  Ref  DFF        ref:/WORK/zigbee_phy_tx/u_sm_ram_Q/mem_reg[125][0]
  Impl DFF        imp:/WORK/zigbee_phy_tx/u_sm_ram_Q/mem_reg[125][0]

  Ref  DFF        ref:/WORK/zigbee_phy_tx/u_sm_ram_Q/mem_reg[125][1]
  Impl DFF        imp:/WORK/zigbee_phy_tx/u_sm_ram_Q/mem_reg[125][1]

  Ref  DFF        ref:/WORK/zigbee_phy_tx/u_sm_ram_Q/mem_reg[125][2]
  Impl DFF        imp:/WORK/zigbee_phy_tx/u_sm_ram_Q/mem_reg[125][2]

  Ref  DFF        ref:/WORK/zigbee_phy_tx/u_sm_ram_Q/mem_reg[125][3]
  Impl DFF        imp:/WORK/zigbee_phy_tx/u_sm_ram_Q/mem_reg[125][3]

  Ref  DFF        ref:/WORK/zigbee_phy_tx/u_sm_ram_Q/mem_reg[126][0]
  Impl DFF        imp:/WORK/zigbee_phy_tx/u_sm_ram_Q/mem_reg[126][0]

  Ref  DFF        ref:/WORK/zigbee_phy_tx/u_sm_ram_Q/mem_reg[126][1]
  Impl DFF        imp:/WORK/zigbee_phy_tx/u_sm_ram_Q/mem_reg[126][1]

  Ref  DFF        ref:/WORK/zigbee_phy_tx/u_sm_ram_Q/mem_reg[126][2]
  Impl DFF        imp:/WORK/zigbee_phy_tx/u_sm_ram_Q/mem_reg[126][2]

  Ref  DFF        ref:/WORK/zigbee_phy_tx/u_sm_ram_Q/mem_reg[126][3]
  Impl DFF        imp:/WORK/zigbee_phy_tx/u_sm_ram_Q/mem_reg[126][3]

  Ref  DFF        ref:/WORK/zigbee_phy_tx/u_sm_ram_Q/mem_reg[127][0]
  Impl DFF        imp:/WORK/zigbee_phy_tx/u_sm_ram_Q/mem_reg[127][0]

  Ref  DFF        ref:/WORK/zigbee_phy_tx/u_sm_ram_Q/mem_reg[127][1]
  Impl DFF        imp:/WORK/zigbee_phy_tx/u_sm_ram_Q/mem_reg[127][1]

  Ref  DFF        ref:/WORK/zigbee_phy_tx/u_sm_ram_Q/mem_reg[127][2]
  Impl DFF        imp:/WORK/zigbee_phy_tx/u_sm_ram_Q/mem_reg[127][2]

  Ref  DFF        ref:/WORK/zigbee_phy_tx/u_sm_ram_Q/mem_reg[127][3]
  Impl DFF        imp:/WORK/zigbee_phy_tx/u_sm_ram_Q/mem_reg[127][3]

  Ref  DFF        ref:/WORK/zigbee_phy_tx/u_sm_ram_Q/mem_reg[128][0]
  Impl DFF        imp:/WORK/zigbee_phy_tx/u_sm_ram_Q/mem_reg[128][0]

  Ref  DFF        ref:/WORK/zigbee_phy_tx/u_sm_ram_Q/mem_reg[128][1]
  Impl DFF        imp:/WORK/zigbee_phy_tx/u_sm_ram_Q/mem_reg[128][1]

  Ref  DFF        ref:/WORK/zigbee_phy_tx/u_sm_ram_Q/mem_reg[128][2]
  Impl DFF        imp:/WORK/zigbee_phy_tx/u_sm_ram_Q/mem_reg[128][2]

  Ref  DFF        ref:/WORK/zigbee_phy_tx/u_sm_ram_Q/mem_reg[128][3]
  Impl DFF        imp:/WORK/zigbee_phy_tx/u_sm_ram_Q/mem_reg[128][3]

  Ref  DFF        ref:/WORK/zigbee_phy_tx/u_sm_ram_Q/mem_reg[129][0]
  Impl DFF        imp:/WORK/zigbee_phy_tx/u_sm_ram_Q/mem_reg[129][0]

  Ref  DFF        ref:/WORK/zigbee_phy_tx/u_sm_ram_Q/mem_reg[129][1]
  Impl DFF        imp:/WORK/zigbee_phy_tx/u_sm_ram_Q/mem_reg[129][1]

  Ref  DFF        ref:/WORK/zigbee_phy_tx/u_sm_ram_Q/mem_reg[129][2]
  Impl DFF        imp:/WORK/zigbee_phy_tx/u_sm_ram_Q/mem_reg[129][2]

  Ref  DFF        ref:/WORK/zigbee_phy_tx/u_sm_ram_Q/mem_reg[129][3]
  Impl DFF        imp:/WORK/zigbee_phy_tx/u_sm_ram_Q/mem_reg[129][3]

  Ref  DFF        ref:/WORK/zigbee_phy_tx/u_sm_ram_Q/mem_reg[12][0]
  Impl DFF        imp:/WORK/zigbee_phy_tx/u_sm_ram_Q/mem_reg[12][0]

  Ref  DFF        ref:/WORK/zigbee_phy_tx/u_sm_ram_Q/mem_reg[12][1]
  Impl DFF        imp:/WORK/zigbee_phy_tx/u_sm_ram_Q/mem_reg[12][1]

  Ref  DFF        ref:/WORK/zigbee_phy_tx/u_sm_ram_Q/mem_reg[12][2]
  Impl DFF        imp:/WORK/zigbee_phy_tx/u_sm_ram_Q/mem_reg[12][2]

  Ref  DFF        ref:/WORK/zigbee_phy_tx/u_sm_ram_Q/mem_reg[12][3]
  Impl DFF        imp:/WORK/zigbee_phy_tx/u_sm_ram_Q/mem_reg[12][3]

  Ref  DFF        ref:/WORK/zigbee_phy_tx/u_sm_ram_Q/mem_reg[130][0]
  Impl DFF        imp:/WORK/zigbee_phy_tx/u_sm_ram_Q/mem_reg[130][0]

  Ref  DFF        ref:/WORK/zigbee_phy_tx/u_sm_ram_Q/mem_reg[130][1]
  Impl DFF        imp:/WORK/zigbee_phy_tx/u_sm_ram_Q/mem_reg[130][1]

  Ref  DFF        ref:/WORK/zigbee_phy_tx/u_sm_ram_Q/mem_reg[130][2]
  Impl DFF        imp:/WORK/zigbee_phy_tx/u_sm_ram_Q/mem_reg[130][2]

  Ref  DFF        ref:/WORK/zigbee_phy_tx/u_sm_ram_Q/mem_reg[130][3]
  Impl DFF        imp:/WORK/zigbee_phy_tx/u_sm_ram_Q/mem_reg[130][3]

  Ref  DFF        ref:/WORK/zigbee_phy_tx/u_sm_ram_Q/mem_reg[131][0]
  Impl DFF        imp:/WORK/zigbee_phy_tx/u_sm_ram_Q/mem_reg[131][0]

  Ref  DFF        ref:/WORK/zigbee_phy_tx/u_sm_ram_Q/mem_reg[131][1]
  Impl DFF        imp:/WORK/zigbee_phy_tx/u_sm_ram_Q/mem_reg[131][1]

  Ref  DFF        ref:/WORK/zigbee_phy_tx/u_sm_ram_Q/mem_reg[131][2]
  Impl DFF        imp:/WORK/zigbee_phy_tx/u_sm_ram_Q/mem_reg[131][2]

  Ref  DFF        ref:/WORK/zigbee_phy_tx/u_sm_ram_Q/mem_reg[131][3]
  Impl DFF        imp:/WORK/zigbee_phy_tx/u_sm_ram_Q/mem_reg[131][3]

  Ref  DFF        ref:/WORK/zigbee_phy_tx/u_sm_ram_Q/mem_reg[132][0]
  Impl DFF        imp:/WORK/zigbee_phy_tx/u_sm_ram_Q/mem_reg[132][0]

  Ref  DFF        ref:/WORK/zigbee_phy_tx/u_sm_ram_Q/mem_reg[132][1]
  Impl DFF        imp:/WORK/zigbee_phy_tx/u_sm_ram_Q/mem_reg[132][1]

  Ref  DFF        ref:/WORK/zigbee_phy_tx/u_sm_ram_Q/mem_reg[132][2]
  Impl DFF        imp:/WORK/zigbee_phy_tx/u_sm_ram_Q/mem_reg[132][2]

  Ref  DFF        ref:/WORK/zigbee_phy_tx/u_sm_ram_Q/mem_reg[132][3]
  Impl DFF        imp:/WORK/zigbee_phy_tx/u_sm_ram_Q/mem_reg[132][3]

  Ref  DFF        ref:/WORK/zigbee_phy_tx/u_sm_ram_Q/mem_reg[133][0]
  Impl DFF        imp:/WORK/zigbee_phy_tx/u_sm_ram_Q/mem_reg[133][0]

  Ref  DFF        ref:/WORK/zigbee_phy_tx/u_sm_ram_Q/mem_reg[133][1]
  Impl DFF        imp:/WORK/zigbee_phy_tx/u_sm_ram_Q/mem_reg[133][1]

  Ref  DFF        ref:/WORK/zigbee_phy_tx/u_sm_ram_Q/mem_reg[133][2]
  Impl DFF        imp:/WORK/zigbee_phy_tx/u_sm_ram_Q/mem_reg[133][2]

  Ref  DFF        ref:/WORK/zigbee_phy_tx/u_sm_ram_Q/mem_reg[133][3]
  Impl DFF        imp:/WORK/zigbee_phy_tx/u_sm_ram_Q/mem_reg[133][3]

  Ref  DFF        ref:/WORK/zigbee_phy_tx/u_sm_ram_Q/mem_reg[134][0]
  Impl DFF        imp:/WORK/zigbee_phy_tx/u_sm_ram_Q/mem_reg[134][0]

  Ref  DFF        ref:/WORK/zigbee_phy_tx/u_sm_ram_Q/mem_reg[134][1]
  Impl DFF        imp:/WORK/zigbee_phy_tx/u_sm_ram_Q/mem_reg[134][1]

  Ref  DFF        ref:/WORK/zigbee_phy_tx/u_sm_ram_Q/mem_reg[134][2]
  Impl DFF        imp:/WORK/zigbee_phy_tx/u_sm_ram_Q/mem_reg[134][2]

  Ref  DFF        ref:/WORK/zigbee_phy_tx/u_sm_ram_Q/mem_reg[134][3]
  Impl DFF        imp:/WORK/zigbee_phy_tx/u_sm_ram_Q/mem_reg[134][3]

  Ref  DFF        ref:/WORK/zigbee_phy_tx/u_sm_ram_Q/mem_reg[135][0]
  Impl DFF        imp:/WORK/zigbee_phy_tx/u_sm_ram_Q/mem_reg[135][0]

  Ref  DFF        ref:/WORK/zigbee_phy_tx/u_sm_ram_Q/mem_reg[135][1]
  Impl DFF        imp:/WORK/zigbee_phy_tx/u_sm_ram_Q/mem_reg[135][1]

  Ref  DFF        ref:/WORK/zigbee_phy_tx/u_sm_ram_Q/mem_reg[135][2]
  Impl DFF        imp:/WORK/zigbee_phy_tx/u_sm_ram_Q/mem_reg[135][2]

  Ref  DFF        ref:/WORK/zigbee_phy_tx/u_sm_ram_Q/mem_reg[135][3]
  Impl DFF        imp:/WORK/zigbee_phy_tx/u_sm_ram_Q/mem_reg[135][3]

  Ref  DFF        ref:/WORK/zigbee_phy_tx/u_sm_ram_Q/mem_reg[136][0]
  Impl DFF        imp:/WORK/zigbee_phy_tx/u_sm_ram_Q/mem_reg[136][0]

  Ref  DFF        ref:/WORK/zigbee_phy_tx/u_sm_ram_Q/mem_reg[136][1]
  Impl DFF        imp:/WORK/zigbee_phy_tx/u_sm_ram_Q/mem_reg[136][1]

  Ref  DFF        ref:/WORK/zigbee_phy_tx/u_sm_ram_Q/mem_reg[136][2]
  Impl DFF        imp:/WORK/zigbee_phy_tx/u_sm_ram_Q/mem_reg[136][2]

  Ref  DFF        ref:/WORK/zigbee_phy_tx/u_sm_ram_Q/mem_reg[136][3]
  Impl DFF        imp:/WORK/zigbee_phy_tx/u_sm_ram_Q/mem_reg[136][3]

  Ref  DFF        ref:/WORK/zigbee_phy_tx/u_sm_ram_Q/mem_reg[137][0]
  Impl DFF        imp:/WORK/zigbee_phy_tx/u_sm_ram_Q/mem_reg[137][0]

  Ref  DFF        ref:/WORK/zigbee_phy_tx/u_sm_ram_Q/mem_reg[137][1]
  Impl DFF        imp:/WORK/zigbee_phy_tx/u_sm_ram_Q/mem_reg[137][1]

  Ref  DFF        ref:/WORK/zigbee_phy_tx/u_sm_ram_Q/mem_reg[137][2]
  Impl DFF        imp:/WORK/zigbee_phy_tx/u_sm_ram_Q/mem_reg[137][2]

  Ref  DFF        ref:/WORK/zigbee_phy_tx/u_sm_ram_Q/mem_reg[137][3]
  Impl DFF        imp:/WORK/zigbee_phy_tx/u_sm_ram_Q/mem_reg[137][3]

  Ref  DFF        ref:/WORK/zigbee_phy_tx/u_sm_ram_Q/mem_reg[138][0]
  Impl DFF        imp:/WORK/zigbee_phy_tx/u_sm_ram_Q/mem_reg[138][0]

  Ref  DFF        ref:/WORK/zigbee_phy_tx/u_sm_ram_Q/mem_reg[138][1]
  Impl DFF        imp:/WORK/zigbee_phy_tx/u_sm_ram_Q/mem_reg[138][1]

  Ref  DFF        ref:/WORK/zigbee_phy_tx/u_sm_ram_Q/mem_reg[138][2]
  Impl DFF        imp:/WORK/zigbee_phy_tx/u_sm_ram_Q/mem_reg[138][2]

  Ref  DFF        ref:/WORK/zigbee_phy_tx/u_sm_ram_Q/mem_reg[138][3]
  Impl DFF        imp:/WORK/zigbee_phy_tx/u_sm_ram_Q/mem_reg[138][3]

  Ref  DFF        ref:/WORK/zigbee_phy_tx/u_sm_ram_Q/mem_reg[139][0]
  Impl DFF        imp:/WORK/zigbee_phy_tx/u_sm_ram_Q/mem_reg[139][0]

  Ref  DFF        ref:/WORK/zigbee_phy_tx/u_sm_ram_Q/mem_reg[139][1]
  Impl DFF        imp:/WORK/zigbee_phy_tx/u_sm_ram_Q/mem_reg[139][1]

  Ref  DFF        ref:/WORK/zigbee_phy_tx/u_sm_ram_Q/mem_reg[139][2]
  Impl DFF        imp:/WORK/zigbee_phy_tx/u_sm_ram_Q/mem_reg[139][2]

  Ref  DFF        ref:/WORK/zigbee_phy_tx/u_sm_ram_Q/mem_reg[139][3]
  Impl DFF        imp:/WORK/zigbee_phy_tx/u_sm_ram_Q/mem_reg[139][3]

  Ref  DFF        ref:/WORK/zigbee_phy_tx/u_sm_ram_Q/mem_reg[13][0]
  Impl DFF        imp:/WORK/zigbee_phy_tx/u_sm_ram_Q/mem_reg[13][0]

  Ref  DFF        ref:/WORK/zigbee_phy_tx/u_sm_ram_Q/mem_reg[13][1]
  Impl DFF        imp:/WORK/zigbee_phy_tx/u_sm_ram_Q/mem_reg[13][1]

  Ref  DFF        ref:/WORK/zigbee_phy_tx/u_sm_ram_Q/mem_reg[13][2]
  Impl DFF        imp:/WORK/zigbee_phy_tx/u_sm_ram_Q/mem_reg[13][2]

  Ref  DFF        ref:/WORK/zigbee_phy_tx/u_sm_ram_Q/mem_reg[13][3]
  Impl DFF        imp:/WORK/zigbee_phy_tx/u_sm_ram_Q/mem_reg[13][3]

  Ref  DFF        ref:/WORK/zigbee_phy_tx/u_sm_ram_Q/mem_reg[140][0]
  Impl DFF        imp:/WORK/zigbee_phy_tx/u_sm_ram_Q/mem_reg[140][0]

  Ref  DFF        ref:/WORK/zigbee_phy_tx/u_sm_ram_Q/mem_reg[140][1]
  Impl DFF        imp:/WORK/zigbee_phy_tx/u_sm_ram_Q/mem_reg[140][1]

  Ref  DFF        ref:/WORK/zigbee_phy_tx/u_sm_ram_Q/mem_reg[140][2]
  Impl DFF        imp:/WORK/zigbee_phy_tx/u_sm_ram_Q/mem_reg[140][2]

  Ref  DFF        ref:/WORK/zigbee_phy_tx/u_sm_ram_Q/mem_reg[140][3]
  Impl DFF        imp:/WORK/zigbee_phy_tx/u_sm_ram_Q/mem_reg[140][3]

  Ref  DFF        ref:/WORK/zigbee_phy_tx/u_sm_ram_Q/mem_reg[141][0]
  Impl DFF        imp:/WORK/zigbee_phy_tx/u_sm_ram_Q/mem_reg[141][0]

  Ref  DFF        ref:/WORK/zigbee_phy_tx/u_sm_ram_Q/mem_reg[141][1]
  Impl DFF        imp:/WORK/zigbee_phy_tx/u_sm_ram_Q/mem_reg[141][1]

  Ref  DFF        ref:/WORK/zigbee_phy_tx/u_sm_ram_Q/mem_reg[141][2]
  Impl DFF        imp:/WORK/zigbee_phy_tx/u_sm_ram_Q/mem_reg[141][2]

  Ref  DFF        ref:/WORK/zigbee_phy_tx/u_sm_ram_Q/mem_reg[141][3]
  Impl DFF        imp:/WORK/zigbee_phy_tx/u_sm_ram_Q/mem_reg[141][3]

  Ref  DFF        ref:/WORK/zigbee_phy_tx/u_sm_ram_Q/mem_reg[142][0]
  Impl DFF        imp:/WORK/zigbee_phy_tx/u_sm_ram_Q/mem_reg[142][0]

  Ref  DFF        ref:/WORK/zigbee_phy_tx/u_sm_ram_Q/mem_reg[142][1]
  Impl DFF        imp:/WORK/zigbee_phy_tx/u_sm_ram_Q/mem_reg[142][1]

  Ref  DFF        ref:/WORK/zigbee_phy_tx/u_sm_ram_Q/mem_reg[142][2]
  Impl DFF        imp:/WORK/zigbee_phy_tx/u_sm_ram_Q/mem_reg[142][2]

  Ref  DFF        ref:/WORK/zigbee_phy_tx/u_sm_ram_Q/mem_reg[142][3]
  Impl DFF        imp:/WORK/zigbee_phy_tx/u_sm_ram_Q/mem_reg[142][3]

  Ref  DFF        ref:/WORK/zigbee_phy_tx/u_sm_ram_Q/mem_reg[143][0]
  Impl DFF        imp:/WORK/zigbee_phy_tx/u_sm_ram_Q/mem_reg[143][0]

  Ref  DFF        ref:/WORK/zigbee_phy_tx/u_sm_ram_Q/mem_reg[143][1]
  Impl DFF        imp:/WORK/zigbee_phy_tx/u_sm_ram_Q/mem_reg[143][1]

  Ref  DFF        ref:/WORK/zigbee_phy_tx/u_sm_ram_Q/mem_reg[143][2]
  Impl DFF        imp:/WORK/zigbee_phy_tx/u_sm_ram_Q/mem_reg[143][2]

  Ref  DFF        ref:/WORK/zigbee_phy_tx/u_sm_ram_Q/mem_reg[143][3]
  Impl DFF        imp:/WORK/zigbee_phy_tx/u_sm_ram_Q/mem_reg[143][3]

  Ref  DFF        ref:/WORK/zigbee_phy_tx/u_sm_ram_Q/mem_reg[144][0]
  Impl DFF        imp:/WORK/zigbee_phy_tx/u_sm_ram_Q/mem_reg[144][0]

  Ref  DFF        ref:/WORK/zigbee_phy_tx/u_sm_ram_Q/mem_reg[144][1]
  Impl DFF        imp:/WORK/zigbee_phy_tx/u_sm_ram_Q/mem_reg[144][1]

  Ref  DFF        ref:/WORK/zigbee_phy_tx/u_sm_ram_Q/mem_reg[144][2]
  Impl DFF        imp:/WORK/zigbee_phy_tx/u_sm_ram_Q/mem_reg[144][2]

  Ref  DFF        ref:/WORK/zigbee_phy_tx/u_sm_ram_Q/mem_reg[144][3]
  Impl DFF        imp:/WORK/zigbee_phy_tx/u_sm_ram_Q/mem_reg[144][3]

  Ref  DFF        ref:/WORK/zigbee_phy_tx/u_sm_ram_Q/mem_reg[145][0]
  Impl DFF        imp:/WORK/zigbee_phy_tx/u_sm_ram_Q/mem_reg[145][0]

  Ref  DFF        ref:/WORK/zigbee_phy_tx/u_sm_ram_Q/mem_reg[145][1]
  Impl DFF        imp:/WORK/zigbee_phy_tx/u_sm_ram_Q/mem_reg[145][1]

  Ref  DFF        ref:/WORK/zigbee_phy_tx/u_sm_ram_Q/mem_reg[145][2]
  Impl DFF        imp:/WORK/zigbee_phy_tx/u_sm_ram_Q/mem_reg[145][2]

  Ref  DFF        ref:/WORK/zigbee_phy_tx/u_sm_ram_Q/mem_reg[145][3]
  Impl DFF        imp:/WORK/zigbee_phy_tx/u_sm_ram_Q/mem_reg[145][3]

  Ref  DFF        ref:/WORK/zigbee_phy_tx/u_sm_ram_Q/mem_reg[146][0]
  Impl DFF        imp:/WORK/zigbee_phy_tx/u_sm_ram_Q/mem_reg[146][0]

  Ref  DFF        ref:/WORK/zigbee_phy_tx/u_sm_ram_Q/mem_reg[146][1]
  Impl DFF        imp:/WORK/zigbee_phy_tx/u_sm_ram_Q/mem_reg[146][1]

  Ref  DFF        ref:/WORK/zigbee_phy_tx/u_sm_ram_Q/mem_reg[146][2]
  Impl DFF        imp:/WORK/zigbee_phy_tx/u_sm_ram_Q/mem_reg[146][2]

  Ref  DFF        ref:/WORK/zigbee_phy_tx/u_sm_ram_Q/mem_reg[146][3]
  Impl DFF        imp:/WORK/zigbee_phy_tx/u_sm_ram_Q/mem_reg[146][3]

  Ref  DFF        ref:/WORK/zigbee_phy_tx/u_sm_ram_Q/mem_reg[147][0]
  Impl DFF        imp:/WORK/zigbee_phy_tx/u_sm_ram_Q/mem_reg[147][0]

  Ref  DFF        ref:/WORK/zigbee_phy_tx/u_sm_ram_Q/mem_reg[147][1]
  Impl DFF        imp:/WORK/zigbee_phy_tx/u_sm_ram_Q/mem_reg[147][1]

  Ref  DFF        ref:/WORK/zigbee_phy_tx/u_sm_ram_Q/mem_reg[147][2]
  Impl DFF        imp:/WORK/zigbee_phy_tx/u_sm_ram_Q/mem_reg[147][2]

  Ref  DFF        ref:/WORK/zigbee_phy_tx/u_sm_ram_Q/mem_reg[147][3]
  Impl DFF        imp:/WORK/zigbee_phy_tx/u_sm_ram_Q/mem_reg[147][3]

  Ref  DFF        ref:/WORK/zigbee_phy_tx/u_sm_ram_Q/mem_reg[148][0]
  Impl DFF        imp:/WORK/zigbee_phy_tx/u_sm_ram_Q/mem_reg[148][0]

  Ref  DFF        ref:/WORK/zigbee_phy_tx/u_sm_ram_Q/mem_reg[148][1]
  Impl DFF        imp:/WORK/zigbee_phy_tx/u_sm_ram_Q/mem_reg[148][1]

  Ref  DFF        ref:/WORK/zigbee_phy_tx/u_sm_ram_Q/mem_reg[148][2]
  Impl DFF        imp:/WORK/zigbee_phy_tx/u_sm_ram_Q/mem_reg[148][2]

  Ref  DFF        ref:/WORK/zigbee_phy_tx/u_sm_ram_Q/mem_reg[148][3]
  Impl DFF        imp:/WORK/zigbee_phy_tx/u_sm_ram_Q/mem_reg[148][3]

  Ref  DFF        ref:/WORK/zigbee_phy_tx/u_sm_ram_Q/mem_reg[149][0]
  Impl DFF        imp:/WORK/zigbee_phy_tx/u_sm_ram_Q/mem_reg[149][0]

  Ref  DFF        ref:/WORK/zigbee_phy_tx/u_sm_ram_Q/mem_reg[149][1]
  Impl DFF        imp:/WORK/zigbee_phy_tx/u_sm_ram_Q/mem_reg[149][1]

  Ref  DFF        ref:/WORK/zigbee_phy_tx/u_sm_ram_Q/mem_reg[149][2]
  Impl DFF        imp:/WORK/zigbee_phy_tx/u_sm_ram_Q/mem_reg[149][2]

  Ref  DFF        ref:/WORK/zigbee_phy_tx/u_sm_ram_Q/mem_reg[149][3]
  Impl DFF        imp:/WORK/zigbee_phy_tx/u_sm_ram_Q/mem_reg[149][3]

  Ref  DFF        ref:/WORK/zigbee_phy_tx/u_sm_ram_Q/mem_reg[14][0]
  Impl DFF        imp:/WORK/zigbee_phy_tx/u_sm_ram_Q/mem_reg[14][0]

  Ref  DFF        ref:/WORK/zigbee_phy_tx/u_sm_ram_Q/mem_reg[14][1]
  Impl DFF        imp:/WORK/zigbee_phy_tx/u_sm_ram_Q/mem_reg[14][1]

  Ref  DFF        ref:/WORK/zigbee_phy_tx/u_sm_ram_Q/mem_reg[14][2]
  Impl DFF        imp:/WORK/zigbee_phy_tx/u_sm_ram_Q/mem_reg[14][2]

  Ref  DFF        ref:/WORK/zigbee_phy_tx/u_sm_ram_Q/mem_reg[14][3]
  Impl DFF        imp:/WORK/zigbee_phy_tx/u_sm_ram_Q/mem_reg[14][3]

  Ref  DFF        ref:/WORK/zigbee_phy_tx/u_sm_ram_Q/mem_reg[150][0]
  Impl DFF        imp:/WORK/zigbee_phy_tx/u_sm_ram_Q/mem_reg[150][0]

  Ref  DFF        ref:/WORK/zigbee_phy_tx/u_sm_ram_Q/mem_reg[150][1]
  Impl DFF        imp:/WORK/zigbee_phy_tx/u_sm_ram_Q/mem_reg[150][1]

  Ref  DFF        ref:/WORK/zigbee_phy_tx/u_sm_ram_Q/mem_reg[150][2]
  Impl DFF        imp:/WORK/zigbee_phy_tx/u_sm_ram_Q/mem_reg[150][2]

  Ref  DFF        ref:/WORK/zigbee_phy_tx/u_sm_ram_Q/mem_reg[150][3]
  Impl DFF        imp:/WORK/zigbee_phy_tx/u_sm_ram_Q/mem_reg[150][3]

  Ref  DFF        ref:/WORK/zigbee_phy_tx/u_sm_ram_Q/mem_reg[151][0]
  Impl DFF        imp:/WORK/zigbee_phy_tx/u_sm_ram_Q/mem_reg[151][0]

  Ref  DFF        ref:/WORK/zigbee_phy_tx/u_sm_ram_Q/mem_reg[151][1]
  Impl DFF        imp:/WORK/zigbee_phy_tx/u_sm_ram_Q/mem_reg[151][1]

  Ref  DFF        ref:/WORK/zigbee_phy_tx/u_sm_ram_Q/mem_reg[151][2]
  Impl DFF        imp:/WORK/zigbee_phy_tx/u_sm_ram_Q/mem_reg[151][2]

  Ref  DFF        ref:/WORK/zigbee_phy_tx/u_sm_ram_Q/mem_reg[151][3]
  Impl DFF        imp:/WORK/zigbee_phy_tx/u_sm_ram_Q/mem_reg[151][3]

  Ref  DFF        ref:/WORK/zigbee_phy_tx/u_sm_ram_Q/mem_reg[152][0]
  Impl DFF        imp:/WORK/zigbee_phy_tx/u_sm_ram_Q/mem_reg[152][0]

  Ref  DFF        ref:/WORK/zigbee_phy_tx/u_sm_ram_Q/mem_reg[152][1]
  Impl DFF        imp:/WORK/zigbee_phy_tx/u_sm_ram_Q/mem_reg[152][1]

  Ref  DFF        ref:/WORK/zigbee_phy_tx/u_sm_ram_Q/mem_reg[152][2]
  Impl DFF        imp:/WORK/zigbee_phy_tx/u_sm_ram_Q/mem_reg[152][2]

  Ref  DFF        ref:/WORK/zigbee_phy_tx/u_sm_ram_Q/mem_reg[152][3]
  Impl DFF        imp:/WORK/zigbee_phy_tx/u_sm_ram_Q/mem_reg[152][3]

  Ref  DFF        ref:/WORK/zigbee_phy_tx/u_sm_ram_Q/mem_reg[153][0]
  Impl DFF        imp:/WORK/zigbee_phy_tx/u_sm_ram_Q/mem_reg[153][0]

  Ref  DFF        ref:/WORK/zigbee_phy_tx/u_sm_ram_Q/mem_reg[153][1]
  Impl DFF        imp:/WORK/zigbee_phy_tx/u_sm_ram_Q/mem_reg[153][1]

  Ref  DFF        ref:/WORK/zigbee_phy_tx/u_sm_ram_Q/mem_reg[153][2]
  Impl DFF        imp:/WORK/zigbee_phy_tx/u_sm_ram_Q/mem_reg[153][2]

  Ref  DFF        ref:/WORK/zigbee_phy_tx/u_sm_ram_Q/mem_reg[153][3]
  Impl DFF        imp:/WORK/zigbee_phy_tx/u_sm_ram_Q/mem_reg[153][3]

  Ref  DFF        ref:/WORK/zigbee_phy_tx/u_sm_ram_Q/mem_reg[154][0]
  Impl DFF        imp:/WORK/zigbee_phy_tx/u_sm_ram_Q/mem_reg[154][0]

  Ref  DFF        ref:/WORK/zigbee_phy_tx/u_sm_ram_Q/mem_reg[154][1]
  Impl DFF        imp:/WORK/zigbee_phy_tx/u_sm_ram_Q/mem_reg[154][1]

  Ref  DFF        ref:/WORK/zigbee_phy_tx/u_sm_ram_Q/mem_reg[154][2]
  Impl DFF        imp:/WORK/zigbee_phy_tx/u_sm_ram_Q/mem_reg[154][2]

  Ref  DFF        ref:/WORK/zigbee_phy_tx/u_sm_ram_Q/mem_reg[154][3]
  Impl DFF        imp:/WORK/zigbee_phy_tx/u_sm_ram_Q/mem_reg[154][3]

  Ref  DFF        ref:/WORK/zigbee_phy_tx/u_sm_ram_Q/mem_reg[155][0]
  Impl DFF        imp:/WORK/zigbee_phy_tx/u_sm_ram_Q/mem_reg[155][0]

  Ref  DFF        ref:/WORK/zigbee_phy_tx/u_sm_ram_Q/mem_reg[155][1]
  Impl DFF        imp:/WORK/zigbee_phy_tx/u_sm_ram_Q/mem_reg[155][1]

  Ref  DFF        ref:/WORK/zigbee_phy_tx/u_sm_ram_Q/mem_reg[155][2]
  Impl DFF        imp:/WORK/zigbee_phy_tx/u_sm_ram_Q/mem_reg[155][2]

  Ref  DFF        ref:/WORK/zigbee_phy_tx/u_sm_ram_Q/mem_reg[155][3]
  Impl DFF        imp:/WORK/zigbee_phy_tx/u_sm_ram_Q/mem_reg[155][3]

  Ref  DFF        ref:/WORK/zigbee_phy_tx/u_sm_ram_Q/mem_reg[156][0]
  Impl DFF        imp:/WORK/zigbee_phy_tx/u_sm_ram_Q/mem_reg[156][0]

  Ref  DFF        ref:/WORK/zigbee_phy_tx/u_sm_ram_Q/mem_reg[156][1]
  Impl DFF        imp:/WORK/zigbee_phy_tx/u_sm_ram_Q/mem_reg[156][1]

  Ref  DFF        ref:/WORK/zigbee_phy_tx/u_sm_ram_Q/mem_reg[156][2]
  Impl DFF        imp:/WORK/zigbee_phy_tx/u_sm_ram_Q/mem_reg[156][2]

  Ref  DFF        ref:/WORK/zigbee_phy_tx/u_sm_ram_Q/mem_reg[156][3]
  Impl DFF        imp:/WORK/zigbee_phy_tx/u_sm_ram_Q/mem_reg[156][3]

  Ref  DFF        ref:/WORK/zigbee_phy_tx/u_sm_ram_Q/mem_reg[157][0]
  Impl DFF        imp:/WORK/zigbee_phy_tx/u_sm_ram_Q/mem_reg[157][0]

  Ref  DFF        ref:/WORK/zigbee_phy_tx/u_sm_ram_Q/mem_reg[157][1]
  Impl DFF        imp:/WORK/zigbee_phy_tx/u_sm_ram_Q/mem_reg[157][1]

  Ref  DFF        ref:/WORK/zigbee_phy_tx/u_sm_ram_Q/mem_reg[157][2]
  Impl DFF        imp:/WORK/zigbee_phy_tx/u_sm_ram_Q/mem_reg[157][2]

  Ref  DFF        ref:/WORK/zigbee_phy_tx/u_sm_ram_Q/mem_reg[157][3]
  Impl DFF        imp:/WORK/zigbee_phy_tx/u_sm_ram_Q/mem_reg[157][3]

  Ref  DFF        ref:/WORK/zigbee_phy_tx/u_sm_ram_Q/mem_reg[158][0]
  Impl DFF        imp:/WORK/zigbee_phy_tx/u_sm_ram_Q/mem_reg[158][0]

  Ref  DFF        ref:/WORK/zigbee_phy_tx/u_sm_ram_Q/mem_reg[158][1]
  Impl DFF        imp:/WORK/zigbee_phy_tx/u_sm_ram_Q/mem_reg[158][1]

  Ref  DFF        ref:/WORK/zigbee_phy_tx/u_sm_ram_Q/mem_reg[158][2]
  Impl DFF        imp:/WORK/zigbee_phy_tx/u_sm_ram_Q/mem_reg[158][2]

  Ref  DFF        ref:/WORK/zigbee_phy_tx/u_sm_ram_Q/mem_reg[158][3]
  Impl DFF        imp:/WORK/zigbee_phy_tx/u_sm_ram_Q/mem_reg[158][3]

  Ref  DFF        ref:/WORK/zigbee_phy_tx/u_sm_ram_Q/mem_reg[159][0]
  Impl DFF        imp:/WORK/zigbee_phy_tx/u_sm_ram_Q/mem_reg[159][0]

  Ref  DFF        ref:/WORK/zigbee_phy_tx/u_sm_ram_Q/mem_reg[159][1]
  Impl DFF        imp:/WORK/zigbee_phy_tx/u_sm_ram_Q/mem_reg[159][1]

  Ref  DFF        ref:/WORK/zigbee_phy_tx/u_sm_ram_Q/mem_reg[159][2]
  Impl DFF        imp:/WORK/zigbee_phy_tx/u_sm_ram_Q/mem_reg[159][2]

  Ref  DFF        ref:/WORK/zigbee_phy_tx/u_sm_ram_Q/mem_reg[159][3]
  Impl DFF        imp:/WORK/zigbee_phy_tx/u_sm_ram_Q/mem_reg[159][3]

  Ref  DFF        ref:/WORK/zigbee_phy_tx/u_sm_ram_Q/mem_reg[15][0]
  Impl DFF        imp:/WORK/zigbee_phy_tx/u_sm_ram_Q/mem_reg[15][0]

  Ref  DFF        ref:/WORK/zigbee_phy_tx/u_sm_ram_Q/mem_reg[15][1]
  Impl DFF        imp:/WORK/zigbee_phy_tx/u_sm_ram_Q/mem_reg[15][1]

  Ref  DFF        ref:/WORK/zigbee_phy_tx/u_sm_ram_Q/mem_reg[15][2]
  Impl DFF        imp:/WORK/zigbee_phy_tx/u_sm_ram_Q/mem_reg[15][2]

  Ref  DFF        ref:/WORK/zigbee_phy_tx/u_sm_ram_Q/mem_reg[15][3]
  Impl DFF        imp:/WORK/zigbee_phy_tx/u_sm_ram_Q/mem_reg[15][3]

  Ref  DFF        ref:/WORK/zigbee_phy_tx/u_sm_ram_Q/mem_reg[160][0]
  Impl DFF        imp:/WORK/zigbee_phy_tx/u_sm_ram_Q/mem_reg[160][0]

  Ref  DFF        ref:/WORK/zigbee_phy_tx/u_sm_ram_Q/mem_reg[160][1]
  Impl DFF        imp:/WORK/zigbee_phy_tx/u_sm_ram_Q/mem_reg[160][1]

  Ref  DFF        ref:/WORK/zigbee_phy_tx/u_sm_ram_Q/mem_reg[160][2]
  Impl DFF        imp:/WORK/zigbee_phy_tx/u_sm_ram_Q/mem_reg[160][2]

  Ref  DFF        ref:/WORK/zigbee_phy_tx/u_sm_ram_Q/mem_reg[160][3]
  Impl DFF        imp:/WORK/zigbee_phy_tx/u_sm_ram_Q/mem_reg[160][3]

  Ref  DFF        ref:/WORK/zigbee_phy_tx/u_sm_ram_Q/mem_reg[161][0]
  Impl DFF        imp:/WORK/zigbee_phy_tx/u_sm_ram_Q/mem_reg[161][0]

  Ref  DFF        ref:/WORK/zigbee_phy_tx/u_sm_ram_Q/mem_reg[161][1]
  Impl DFF        imp:/WORK/zigbee_phy_tx/u_sm_ram_Q/mem_reg[161][1]

  Ref  DFF        ref:/WORK/zigbee_phy_tx/u_sm_ram_Q/mem_reg[161][2]
  Impl DFF        imp:/WORK/zigbee_phy_tx/u_sm_ram_Q/mem_reg[161][2]

  Ref  DFF        ref:/WORK/zigbee_phy_tx/u_sm_ram_Q/mem_reg[161][3]
  Impl DFF        imp:/WORK/zigbee_phy_tx/u_sm_ram_Q/mem_reg[161][3]

  Ref  DFF        ref:/WORK/zigbee_phy_tx/u_sm_ram_Q/mem_reg[162][0]
  Impl DFF        imp:/WORK/zigbee_phy_tx/u_sm_ram_Q/mem_reg[162][0]

  Ref  DFF        ref:/WORK/zigbee_phy_tx/u_sm_ram_Q/mem_reg[162][1]
  Impl DFF        imp:/WORK/zigbee_phy_tx/u_sm_ram_Q/mem_reg[162][1]

  Ref  DFF        ref:/WORK/zigbee_phy_tx/u_sm_ram_Q/mem_reg[162][2]
  Impl DFF        imp:/WORK/zigbee_phy_tx/u_sm_ram_Q/mem_reg[162][2]

  Ref  DFF        ref:/WORK/zigbee_phy_tx/u_sm_ram_Q/mem_reg[162][3]
  Impl DFF        imp:/WORK/zigbee_phy_tx/u_sm_ram_Q/mem_reg[162][3]

  Ref  DFF        ref:/WORK/zigbee_phy_tx/u_sm_ram_Q/mem_reg[163][0]
  Impl DFF        imp:/WORK/zigbee_phy_tx/u_sm_ram_Q/mem_reg[163][0]

  Ref  DFF        ref:/WORK/zigbee_phy_tx/u_sm_ram_Q/mem_reg[163][1]
  Impl DFF        imp:/WORK/zigbee_phy_tx/u_sm_ram_Q/mem_reg[163][1]

  Ref  DFF        ref:/WORK/zigbee_phy_tx/u_sm_ram_Q/mem_reg[163][2]
  Impl DFF        imp:/WORK/zigbee_phy_tx/u_sm_ram_Q/mem_reg[163][2]

  Ref  DFF        ref:/WORK/zigbee_phy_tx/u_sm_ram_Q/mem_reg[163][3]
  Impl DFF        imp:/WORK/zigbee_phy_tx/u_sm_ram_Q/mem_reg[163][3]

  Ref  DFF        ref:/WORK/zigbee_phy_tx/u_sm_ram_Q/mem_reg[164][0]
  Impl DFF        imp:/WORK/zigbee_phy_tx/u_sm_ram_Q/mem_reg[164][0]

  Ref  DFF        ref:/WORK/zigbee_phy_tx/u_sm_ram_Q/mem_reg[164][1]
  Impl DFF        imp:/WORK/zigbee_phy_tx/u_sm_ram_Q/mem_reg[164][1]

  Ref  DFF        ref:/WORK/zigbee_phy_tx/u_sm_ram_Q/mem_reg[164][2]
  Impl DFF        imp:/WORK/zigbee_phy_tx/u_sm_ram_Q/mem_reg[164][2]

  Ref  DFF        ref:/WORK/zigbee_phy_tx/u_sm_ram_Q/mem_reg[164][3]
  Impl DFF        imp:/WORK/zigbee_phy_tx/u_sm_ram_Q/mem_reg[164][3]

  Ref  DFF        ref:/WORK/zigbee_phy_tx/u_sm_ram_Q/mem_reg[165][0]
  Impl DFF        imp:/WORK/zigbee_phy_tx/u_sm_ram_Q/mem_reg[165][0]

  Ref  DFF        ref:/WORK/zigbee_phy_tx/u_sm_ram_Q/mem_reg[165][1]
  Impl DFF        imp:/WORK/zigbee_phy_tx/u_sm_ram_Q/mem_reg[165][1]

  Ref  DFF        ref:/WORK/zigbee_phy_tx/u_sm_ram_Q/mem_reg[165][2]
  Impl DFF        imp:/WORK/zigbee_phy_tx/u_sm_ram_Q/mem_reg[165][2]

  Ref  DFF        ref:/WORK/zigbee_phy_tx/u_sm_ram_Q/mem_reg[165][3]
  Impl DFF        imp:/WORK/zigbee_phy_tx/u_sm_ram_Q/mem_reg[165][3]

  Ref  DFF        ref:/WORK/zigbee_phy_tx/u_sm_ram_Q/mem_reg[166][0]
  Impl DFF        imp:/WORK/zigbee_phy_tx/u_sm_ram_Q/mem_reg[166][0]

  Ref  DFF        ref:/WORK/zigbee_phy_tx/u_sm_ram_Q/mem_reg[166][1]
  Impl DFF        imp:/WORK/zigbee_phy_tx/u_sm_ram_Q/mem_reg[166][1]

  Ref  DFF        ref:/WORK/zigbee_phy_tx/u_sm_ram_Q/mem_reg[166][2]
  Impl DFF        imp:/WORK/zigbee_phy_tx/u_sm_ram_Q/mem_reg[166][2]

  Ref  DFF        ref:/WORK/zigbee_phy_tx/u_sm_ram_Q/mem_reg[166][3]
  Impl DFF        imp:/WORK/zigbee_phy_tx/u_sm_ram_Q/mem_reg[166][3]

  Ref  DFF        ref:/WORK/zigbee_phy_tx/u_sm_ram_Q/mem_reg[167][0]
  Impl DFF        imp:/WORK/zigbee_phy_tx/u_sm_ram_Q/mem_reg[167][0]

  Ref  DFF        ref:/WORK/zigbee_phy_tx/u_sm_ram_Q/mem_reg[167][1]
  Impl DFF        imp:/WORK/zigbee_phy_tx/u_sm_ram_Q/mem_reg[167][1]

  Ref  DFF        ref:/WORK/zigbee_phy_tx/u_sm_ram_Q/mem_reg[167][2]
  Impl DFF        imp:/WORK/zigbee_phy_tx/u_sm_ram_Q/mem_reg[167][2]

  Ref  DFF        ref:/WORK/zigbee_phy_tx/u_sm_ram_Q/mem_reg[167][3]
  Impl DFF        imp:/WORK/zigbee_phy_tx/u_sm_ram_Q/mem_reg[167][3]

  Ref  DFF        ref:/WORK/zigbee_phy_tx/u_sm_ram_Q/mem_reg[168][0]
  Impl DFF        imp:/WORK/zigbee_phy_tx/u_sm_ram_Q/mem_reg[168][0]

  Ref  DFF        ref:/WORK/zigbee_phy_tx/u_sm_ram_Q/mem_reg[168][1]
  Impl DFF        imp:/WORK/zigbee_phy_tx/u_sm_ram_Q/mem_reg[168][1]

  Ref  DFF        ref:/WORK/zigbee_phy_tx/u_sm_ram_Q/mem_reg[168][2]
  Impl DFF        imp:/WORK/zigbee_phy_tx/u_sm_ram_Q/mem_reg[168][2]

  Ref  DFF        ref:/WORK/zigbee_phy_tx/u_sm_ram_Q/mem_reg[168][3]
  Impl DFF        imp:/WORK/zigbee_phy_tx/u_sm_ram_Q/mem_reg[168][3]

  Ref  DFF        ref:/WORK/zigbee_phy_tx/u_sm_ram_Q/mem_reg[169][0]
  Impl DFF        imp:/WORK/zigbee_phy_tx/u_sm_ram_Q/mem_reg[169][0]

  Ref  DFF        ref:/WORK/zigbee_phy_tx/u_sm_ram_Q/mem_reg[169][1]
  Impl DFF        imp:/WORK/zigbee_phy_tx/u_sm_ram_Q/mem_reg[169][1]

  Ref  DFF        ref:/WORK/zigbee_phy_tx/u_sm_ram_Q/mem_reg[169][2]
  Impl DFF        imp:/WORK/zigbee_phy_tx/u_sm_ram_Q/mem_reg[169][2]

  Ref  DFF        ref:/WORK/zigbee_phy_tx/u_sm_ram_Q/mem_reg[169][3]
  Impl DFF        imp:/WORK/zigbee_phy_tx/u_sm_ram_Q/mem_reg[169][3]

  Ref  DFF        ref:/WORK/zigbee_phy_tx/u_sm_ram_Q/mem_reg[16][0]
  Impl DFF        imp:/WORK/zigbee_phy_tx/u_sm_ram_Q/mem_reg[16][0]

  Ref  DFF        ref:/WORK/zigbee_phy_tx/u_sm_ram_Q/mem_reg[16][1]
  Impl DFF        imp:/WORK/zigbee_phy_tx/u_sm_ram_Q/mem_reg[16][1]

  Ref  DFF        ref:/WORK/zigbee_phy_tx/u_sm_ram_Q/mem_reg[16][2]
  Impl DFF        imp:/WORK/zigbee_phy_tx/u_sm_ram_Q/mem_reg[16][2]

  Ref  DFF        ref:/WORK/zigbee_phy_tx/u_sm_ram_Q/mem_reg[16][3]
  Impl DFF        imp:/WORK/zigbee_phy_tx/u_sm_ram_Q/mem_reg[16][3]

  Ref  DFF        ref:/WORK/zigbee_phy_tx/u_sm_ram_Q/mem_reg[170][0]
  Impl DFF        imp:/WORK/zigbee_phy_tx/u_sm_ram_Q/mem_reg[170][0]

  Ref  DFF        ref:/WORK/zigbee_phy_tx/u_sm_ram_Q/mem_reg[170][1]
  Impl DFF        imp:/WORK/zigbee_phy_tx/u_sm_ram_Q/mem_reg[170][1]

  Ref  DFF        ref:/WORK/zigbee_phy_tx/u_sm_ram_Q/mem_reg[170][2]
  Impl DFF        imp:/WORK/zigbee_phy_tx/u_sm_ram_Q/mem_reg[170][2]

  Ref  DFF        ref:/WORK/zigbee_phy_tx/u_sm_ram_Q/mem_reg[170][3]
  Impl DFF        imp:/WORK/zigbee_phy_tx/u_sm_ram_Q/mem_reg[170][3]

  Ref  DFF        ref:/WORK/zigbee_phy_tx/u_sm_ram_Q/mem_reg[171][0]
  Impl DFF        imp:/WORK/zigbee_phy_tx/u_sm_ram_Q/mem_reg[171][0]

  Ref  DFF        ref:/WORK/zigbee_phy_tx/u_sm_ram_Q/mem_reg[171][1]
  Impl DFF        imp:/WORK/zigbee_phy_tx/u_sm_ram_Q/mem_reg[171][1]

  Ref  DFF        ref:/WORK/zigbee_phy_tx/u_sm_ram_Q/mem_reg[171][2]
  Impl DFF        imp:/WORK/zigbee_phy_tx/u_sm_ram_Q/mem_reg[171][2]

  Ref  DFF        ref:/WORK/zigbee_phy_tx/u_sm_ram_Q/mem_reg[171][3]
  Impl DFF        imp:/WORK/zigbee_phy_tx/u_sm_ram_Q/mem_reg[171][3]

  Ref  DFF        ref:/WORK/zigbee_phy_tx/u_sm_ram_Q/mem_reg[172][0]
  Impl DFF        imp:/WORK/zigbee_phy_tx/u_sm_ram_Q/mem_reg[172][0]

  Ref  DFF        ref:/WORK/zigbee_phy_tx/u_sm_ram_Q/mem_reg[172][1]
  Impl DFF        imp:/WORK/zigbee_phy_tx/u_sm_ram_Q/mem_reg[172][1]

  Ref  DFF        ref:/WORK/zigbee_phy_tx/u_sm_ram_Q/mem_reg[172][2]
  Impl DFF        imp:/WORK/zigbee_phy_tx/u_sm_ram_Q/mem_reg[172][2]

  Ref  DFF        ref:/WORK/zigbee_phy_tx/u_sm_ram_Q/mem_reg[172][3]
  Impl DFF        imp:/WORK/zigbee_phy_tx/u_sm_ram_Q/mem_reg[172][3]

  Ref  DFF        ref:/WORK/zigbee_phy_tx/u_sm_ram_Q/mem_reg[173][0]
  Impl DFF        imp:/WORK/zigbee_phy_tx/u_sm_ram_Q/mem_reg[173][0]

  Ref  DFF        ref:/WORK/zigbee_phy_tx/u_sm_ram_Q/mem_reg[173][1]
  Impl DFF        imp:/WORK/zigbee_phy_tx/u_sm_ram_Q/mem_reg[173][1]

  Ref  DFF        ref:/WORK/zigbee_phy_tx/u_sm_ram_Q/mem_reg[173][2]
  Impl DFF        imp:/WORK/zigbee_phy_tx/u_sm_ram_Q/mem_reg[173][2]

  Ref  DFF        ref:/WORK/zigbee_phy_tx/u_sm_ram_Q/mem_reg[173][3]
  Impl DFF        imp:/WORK/zigbee_phy_tx/u_sm_ram_Q/mem_reg[173][3]

  Ref  DFF        ref:/WORK/zigbee_phy_tx/u_sm_ram_Q/mem_reg[174][0]
  Impl DFF        imp:/WORK/zigbee_phy_tx/u_sm_ram_Q/mem_reg[174][0]

  Ref  DFF        ref:/WORK/zigbee_phy_tx/u_sm_ram_Q/mem_reg[174][1]
  Impl DFF        imp:/WORK/zigbee_phy_tx/u_sm_ram_Q/mem_reg[174][1]

  Ref  DFF        ref:/WORK/zigbee_phy_tx/u_sm_ram_Q/mem_reg[174][2]
  Impl DFF        imp:/WORK/zigbee_phy_tx/u_sm_ram_Q/mem_reg[174][2]

  Ref  DFF        ref:/WORK/zigbee_phy_tx/u_sm_ram_Q/mem_reg[174][3]
  Impl DFF        imp:/WORK/zigbee_phy_tx/u_sm_ram_Q/mem_reg[174][3]

  Ref  DFF        ref:/WORK/zigbee_phy_tx/u_sm_ram_Q/mem_reg[175][0]
  Impl DFF        imp:/WORK/zigbee_phy_tx/u_sm_ram_Q/mem_reg[175][0]

  Ref  DFF        ref:/WORK/zigbee_phy_tx/u_sm_ram_Q/mem_reg[175][1]
  Impl DFF        imp:/WORK/zigbee_phy_tx/u_sm_ram_Q/mem_reg[175][1]

  Ref  DFF        ref:/WORK/zigbee_phy_tx/u_sm_ram_Q/mem_reg[175][2]
  Impl DFF        imp:/WORK/zigbee_phy_tx/u_sm_ram_Q/mem_reg[175][2]

  Ref  DFF        ref:/WORK/zigbee_phy_tx/u_sm_ram_Q/mem_reg[175][3]
  Impl DFF        imp:/WORK/zigbee_phy_tx/u_sm_ram_Q/mem_reg[175][3]

  Ref  DFF        ref:/WORK/zigbee_phy_tx/u_sm_ram_Q/mem_reg[176][0]
  Impl DFF        imp:/WORK/zigbee_phy_tx/u_sm_ram_Q/mem_reg[176][0]

  Ref  DFF        ref:/WORK/zigbee_phy_tx/u_sm_ram_Q/mem_reg[176][1]
  Impl DFF        imp:/WORK/zigbee_phy_tx/u_sm_ram_Q/mem_reg[176][1]

  Ref  DFF        ref:/WORK/zigbee_phy_tx/u_sm_ram_Q/mem_reg[176][2]
  Impl DFF        imp:/WORK/zigbee_phy_tx/u_sm_ram_Q/mem_reg[176][2]

  Ref  DFF        ref:/WORK/zigbee_phy_tx/u_sm_ram_Q/mem_reg[176][3]
  Impl DFF        imp:/WORK/zigbee_phy_tx/u_sm_ram_Q/mem_reg[176][3]

  Ref  DFF        ref:/WORK/zigbee_phy_tx/u_sm_ram_Q/mem_reg[177][0]
  Impl DFF        imp:/WORK/zigbee_phy_tx/u_sm_ram_Q/mem_reg[177][0]

  Ref  DFF        ref:/WORK/zigbee_phy_tx/u_sm_ram_Q/mem_reg[177][1]
  Impl DFF        imp:/WORK/zigbee_phy_tx/u_sm_ram_Q/mem_reg[177][1]

  Ref  DFF        ref:/WORK/zigbee_phy_tx/u_sm_ram_Q/mem_reg[177][2]
  Impl DFF        imp:/WORK/zigbee_phy_tx/u_sm_ram_Q/mem_reg[177][2]

  Ref  DFF        ref:/WORK/zigbee_phy_tx/u_sm_ram_Q/mem_reg[177][3]
  Impl DFF        imp:/WORK/zigbee_phy_tx/u_sm_ram_Q/mem_reg[177][3]

  Ref  DFF        ref:/WORK/zigbee_phy_tx/u_sm_ram_Q/mem_reg[178][0]
  Impl DFF        imp:/WORK/zigbee_phy_tx/u_sm_ram_Q/mem_reg[178][0]

  Ref  DFF        ref:/WORK/zigbee_phy_tx/u_sm_ram_Q/mem_reg[178][1]
  Impl DFF        imp:/WORK/zigbee_phy_tx/u_sm_ram_Q/mem_reg[178][1]

  Ref  DFF        ref:/WORK/zigbee_phy_tx/u_sm_ram_Q/mem_reg[178][2]
  Impl DFF        imp:/WORK/zigbee_phy_tx/u_sm_ram_Q/mem_reg[178][2]

  Ref  DFF        ref:/WORK/zigbee_phy_tx/u_sm_ram_Q/mem_reg[178][3]
  Impl DFF        imp:/WORK/zigbee_phy_tx/u_sm_ram_Q/mem_reg[178][3]

  Ref  DFF        ref:/WORK/zigbee_phy_tx/u_sm_ram_Q/mem_reg[179][0]
  Impl DFF        imp:/WORK/zigbee_phy_tx/u_sm_ram_Q/mem_reg[179][0]

  Ref  DFF        ref:/WORK/zigbee_phy_tx/u_sm_ram_Q/mem_reg[179][1]
  Impl DFF        imp:/WORK/zigbee_phy_tx/u_sm_ram_Q/mem_reg[179][1]

  Ref  DFF        ref:/WORK/zigbee_phy_tx/u_sm_ram_Q/mem_reg[179][2]
  Impl DFF        imp:/WORK/zigbee_phy_tx/u_sm_ram_Q/mem_reg[179][2]

  Ref  DFF        ref:/WORK/zigbee_phy_tx/u_sm_ram_Q/mem_reg[179][3]
  Impl DFF        imp:/WORK/zigbee_phy_tx/u_sm_ram_Q/mem_reg[179][3]

  Ref  DFF        ref:/WORK/zigbee_phy_tx/u_sm_ram_Q/mem_reg[17][0]
  Impl DFF        imp:/WORK/zigbee_phy_tx/u_sm_ram_Q/mem_reg[17][0]

  Ref  DFF        ref:/WORK/zigbee_phy_tx/u_sm_ram_Q/mem_reg[17][1]
  Impl DFF        imp:/WORK/zigbee_phy_tx/u_sm_ram_Q/mem_reg[17][1]

  Ref  DFF        ref:/WORK/zigbee_phy_tx/u_sm_ram_Q/mem_reg[17][2]
  Impl DFF        imp:/WORK/zigbee_phy_tx/u_sm_ram_Q/mem_reg[17][2]

  Ref  DFF        ref:/WORK/zigbee_phy_tx/u_sm_ram_Q/mem_reg[17][3]
  Impl DFF        imp:/WORK/zigbee_phy_tx/u_sm_ram_Q/mem_reg[17][3]

  Ref  DFF        ref:/WORK/zigbee_phy_tx/u_sm_ram_Q/mem_reg[180][0]
  Impl DFF        imp:/WORK/zigbee_phy_tx/u_sm_ram_Q/mem_reg[180][0]

  Ref  DFF        ref:/WORK/zigbee_phy_tx/u_sm_ram_Q/mem_reg[180][1]
  Impl DFF        imp:/WORK/zigbee_phy_tx/u_sm_ram_Q/mem_reg[180][1]

  Ref  DFF        ref:/WORK/zigbee_phy_tx/u_sm_ram_Q/mem_reg[180][2]
  Impl DFF        imp:/WORK/zigbee_phy_tx/u_sm_ram_Q/mem_reg[180][2]

  Ref  DFF        ref:/WORK/zigbee_phy_tx/u_sm_ram_Q/mem_reg[180][3]
  Impl DFF        imp:/WORK/zigbee_phy_tx/u_sm_ram_Q/mem_reg[180][3]

  Ref  DFF        ref:/WORK/zigbee_phy_tx/u_sm_ram_Q/mem_reg[181][0]
  Impl DFF        imp:/WORK/zigbee_phy_tx/u_sm_ram_Q/mem_reg[181][0]

  Ref  DFF        ref:/WORK/zigbee_phy_tx/u_sm_ram_Q/mem_reg[181][1]
  Impl DFF        imp:/WORK/zigbee_phy_tx/u_sm_ram_Q/mem_reg[181][1]

  Ref  DFF        ref:/WORK/zigbee_phy_tx/u_sm_ram_Q/mem_reg[181][2]
  Impl DFF        imp:/WORK/zigbee_phy_tx/u_sm_ram_Q/mem_reg[181][2]

  Ref  DFF        ref:/WORK/zigbee_phy_tx/u_sm_ram_Q/mem_reg[181][3]
  Impl DFF        imp:/WORK/zigbee_phy_tx/u_sm_ram_Q/mem_reg[181][3]

  Ref  DFF        ref:/WORK/zigbee_phy_tx/u_sm_ram_Q/mem_reg[182][0]
  Impl DFF        imp:/WORK/zigbee_phy_tx/u_sm_ram_Q/mem_reg[182][0]

  Ref  DFF        ref:/WORK/zigbee_phy_tx/u_sm_ram_Q/mem_reg[182][1]
  Impl DFF        imp:/WORK/zigbee_phy_tx/u_sm_ram_Q/mem_reg[182][1]

  Ref  DFF        ref:/WORK/zigbee_phy_tx/u_sm_ram_Q/mem_reg[182][2]
  Impl DFF        imp:/WORK/zigbee_phy_tx/u_sm_ram_Q/mem_reg[182][2]

  Ref  DFF        ref:/WORK/zigbee_phy_tx/u_sm_ram_Q/mem_reg[182][3]
  Impl DFF        imp:/WORK/zigbee_phy_tx/u_sm_ram_Q/mem_reg[182][3]

  Ref  DFF        ref:/WORK/zigbee_phy_tx/u_sm_ram_Q/mem_reg[183][0]
  Impl DFF        imp:/WORK/zigbee_phy_tx/u_sm_ram_Q/mem_reg[183][0]

  Ref  DFF        ref:/WORK/zigbee_phy_tx/u_sm_ram_Q/mem_reg[183][1]
  Impl DFF        imp:/WORK/zigbee_phy_tx/u_sm_ram_Q/mem_reg[183][1]

  Ref  DFF        ref:/WORK/zigbee_phy_tx/u_sm_ram_Q/mem_reg[183][2]
  Impl DFF        imp:/WORK/zigbee_phy_tx/u_sm_ram_Q/mem_reg[183][2]

  Ref  DFF        ref:/WORK/zigbee_phy_tx/u_sm_ram_Q/mem_reg[183][3]
  Impl DFF        imp:/WORK/zigbee_phy_tx/u_sm_ram_Q/mem_reg[183][3]

  Ref  DFF        ref:/WORK/zigbee_phy_tx/u_sm_ram_Q/mem_reg[184][0]
  Impl DFF        imp:/WORK/zigbee_phy_tx/u_sm_ram_Q/mem_reg[184][0]

  Ref  DFF        ref:/WORK/zigbee_phy_tx/u_sm_ram_Q/mem_reg[184][1]
  Impl DFF        imp:/WORK/zigbee_phy_tx/u_sm_ram_Q/mem_reg[184][1]

  Ref  DFF        ref:/WORK/zigbee_phy_tx/u_sm_ram_Q/mem_reg[184][2]
  Impl DFF        imp:/WORK/zigbee_phy_tx/u_sm_ram_Q/mem_reg[184][2]

  Ref  DFF        ref:/WORK/zigbee_phy_tx/u_sm_ram_Q/mem_reg[184][3]
  Impl DFF        imp:/WORK/zigbee_phy_tx/u_sm_ram_Q/mem_reg[184][3]

  Ref  DFF        ref:/WORK/zigbee_phy_tx/u_sm_ram_Q/mem_reg[185][0]
  Impl DFF        imp:/WORK/zigbee_phy_tx/u_sm_ram_Q/mem_reg[185][0]

  Ref  DFF        ref:/WORK/zigbee_phy_tx/u_sm_ram_Q/mem_reg[185][1]
  Impl DFF        imp:/WORK/zigbee_phy_tx/u_sm_ram_Q/mem_reg[185][1]

  Ref  DFF        ref:/WORK/zigbee_phy_tx/u_sm_ram_Q/mem_reg[185][2]
  Impl DFF        imp:/WORK/zigbee_phy_tx/u_sm_ram_Q/mem_reg[185][2]

  Ref  DFF        ref:/WORK/zigbee_phy_tx/u_sm_ram_Q/mem_reg[185][3]
  Impl DFF        imp:/WORK/zigbee_phy_tx/u_sm_ram_Q/mem_reg[185][3]

  Ref  DFF        ref:/WORK/zigbee_phy_tx/u_sm_ram_Q/mem_reg[186][0]
  Impl DFF        imp:/WORK/zigbee_phy_tx/u_sm_ram_Q/mem_reg[186][0]

  Ref  DFF        ref:/WORK/zigbee_phy_tx/u_sm_ram_Q/mem_reg[186][1]
  Impl DFF        imp:/WORK/zigbee_phy_tx/u_sm_ram_Q/mem_reg[186][1]

  Ref  DFF        ref:/WORK/zigbee_phy_tx/u_sm_ram_Q/mem_reg[186][2]
  Impl DFF        imp:/WORK/zigbee_phy_tx/u_sm_ram_Q/mem_reg[186][2]

  Ref  DFF        ref:/WORK/zigbee_phy_tx/u_sm_ram_Q/mem_reg[186][3]
  Impl DFF        imp:/WORK/zigbee_phy_tx/u_sm_ram_Q/mem_reg[186][3]

  Ref  DFF        ref:/WORK/zigbee_phy_tx/u_sm_ram_Q/mem_reg[187][0]
  Impl DFF        imp:/WORK/zigbee_phy_tx/u_sm_ram_Q/mem_reg[187][0]

  Ref  DFF        ref:/WORK/zigbee_phy_tx/u_sm_ram_Q/mem_reg[187][1]
  Impl DFF        imp:/WORK/zigbee_phy_tx/u_sm_ram_Q/mem_reg[187][1]

  Ref  DFF        ref:/WORK/zigbee_phy_tx/u_sm_ram_Q/mem_reg[187][2]
  Impl DFF        imp:/WORK/zigbee_phy_tx/u_sm_ram_Q/mem_reg[187][2]

  Ref  DFF        ref:/WORK/zigbee_phy_tx/u_sm_ram_Q/mem_reg[187][3]
  Impl DFF        imp:/WORK/zigbee_phy_tx/u_sm_ram_Q/mem_reg[187][3]

  Ref  DFF        ref:/WORK/zigbee_phy_tx/u_sm_ram_Q/mem_reg[188][0]
  Impl DFF        imp:/WORK/zigbee_phy_tx/u_sm_ram_Q/mem_reg[188][0]

  Ref  DFF        ref:/WORK/zigbee_phy_tx/u_sm_ram_Q/mem_reg[188][1]
  Impl DFF        imp:/WORK/zigbee_phy_tx/u_sm_ram_Q/mem_reg[188][1]

  Ref  DFF        ref:/WORK/zigbee_phy_tx/u_sm_ram_Q/mem_reg[188][2]
  Impl DFF        imp:/WORK/zigbee_phy_tx/u_sm_ram_Q/mem_reg[188][2]

  Ref  DFF        ref:/WORK/zigbee_phy_tx/u_sm_ram_Q/mem_reg[188][3]
  Impl DFF        imp:/WORK/zigbee_phy_tx/u_sm_ram_Q/mem_reg[188][3]

  Ref  DFF        ref:/WORK/zigbee_phy_tx/u_sm_ram_Q/mem_reg[189][0]
  Impl DFF        imp:/WORK/zigbee_phy_tx/u_sm_ram_Q/mem_reg[189][0]

  Ref  DFF        ref:/WORK/zigbee_phy_tx/u_sm_ram_Q/mem_reg[189][1]
  Impl DFF        imp:/WORK/zigbee_phy_tx/u_sm_ram_Q/mem_reg[189][1]

  Ref  DFF        ref:/WORK/zigbee_phy_tx/u_sm_ram_Q/mem_reg[189][2]
  Impl DFF        imp:/WORK/zigbee_phy_tx/u_sm_ram_Q/mem_reg[189][2]

  Ref  DFF        ref:/WORK/zigbee_phy_tx/u_sm_ram_Q/mem_reg[189][3]
  Impl DFF        imp:/WORK/zigbee_phy_tx/u_sm_ram_Q/mem_reg[189][3]

  Ref  DFF        ref:/WORK/zigbee_phy_tx/u_sm_ram_Q/mem_reg[18][0]
  Impl DFF        imp:/WORK/zigbee_phy_tx/u_sm_ram_Q/mem_reg[18][0]

  Ref  DFF        ref:/WORK/zigbee_phy_tx/u_sm_ram_Q/mem_reg[18][1]
  Impl DFF        imp:/WORK/zigbee_phy_tx/u_sm_ram_Q/mem_reg[18][1]

  Ref  DFF        ref:/WORK/zigbee_phy_tx/u_sm_ram_Q/mem_reg[18][2]
  Impl DFF        imp:/WORK/zigbee_phy_tx/u_sm_ram_Q/mem_reg[18][2]

  Ref  DFF        ref:/WORK/zigbee_phy_tx/u_sm_ram_Q/mem_reg[18][3]
  Impl DFF        imp:/WORK/zigbee_phy_tx/u_sm_ram_Q/mem_reg[18][3]

  Ref  DFF        ref:/WORK/zigbee_phy_tx/u_sm_ram_Q/mem_reg[190][0]
  Impl DFF        imp:/WORK/zigbee_phy_tx/u_sm_ram_Q/mem_reg[190][0]

  Ref  DFF        ref:/WORK/zigbee_phy_tx/u_sm_ram_Q/mem_reg[190][1]
  Impl DFF        imp:/WORK/zigbee_phy_tx/u_sm_ram_Q/mem_reg[190][1]

  Ref  DFF        ref:/WORK/zigbee_phy_tx/u_sm_ram_Q/mem_reg[190][2]
  Impl DFF        imp:/WORK/zigbee_phy_tx/u_sm_ram_Q/mem_reg[190][2]

  Ref  DFF        ref:/WORK/zigbee_phy_tx/u_sm_ram_Q/mem_reg[190][3]
  Impl DFF        imp:/WORK/zigbee_phy_tx/u_sm_ram_Q/mem_reg[190][3]

  Ref  DFF        ref:/WORK/zigbee_phy_tx/u_sm_ram_Q/mem_reg[191][0]
  Impl DFF        imp:/WORK/zigbee_phy_tx/u_sm_ram_Q/mem_reg[191][0]

  Ref  DFF        ref:/WORK/zigbee_phy_tx/u_sm_ram_Q/mem_reg[191][1]
  Impl DFF        imp:/WORK/zigbee_phy_tx/u_sm_ram_Q/mem_reg[191][1]

  Ref  DFF        ref:/WORK/zigbee_phy_tx/u_sm_ram_Q/mem_reg[191][2]
  Impl DFF        imp:/WORK/zigbee_phy_tx/u_sm_ram_Q/mem_reg[191][2]

  Ref  DFF        ref:/WORK/zigbee_phy_tx/u_sm_ram_Q/mem_reg[191][3]
  Impl DFF        imp:/WORK/zigbee_phy_tx/u_sm_ram_Q/mem_reg[191][3]

  Ref  DFF        ref:/WORK/zigbee_phy_tx/u_sm_ram_Q/mem_reg[192][0]
  Impl DFF        imp:/WORK/zigbee_phy_tx/u_sm_ram_Q/mem_reg[192][0]

  Ref  DFF        ref:/WORK/zigbee_phy_tx/u_sm_ram_Q/mem_reg[192][1]
  Impl DFF        imp:/WORK/zigbee_phy_tx/u_sm_ram_Q/mem_reg[192][1]

  Ref  DFF        ref:/WORK/zigbee_phy_tx/u_sm_ram_Q/mem_reg[192][2]
  Impl DFF        imp:/WORK/zigbee_phy_tx/u_sm_ram_Q/mem_reg[192][2]

  Ref  DFF        ref:/WORK/zigbee_phy_tx/u_sm_ram_Q/mem_reg[192][3]
  Impl DFF        imp:/WORK/zigbee_phy_tx/u_sm_ram_Q/mem_reg[192][3]

  Ref  DFF        ref:/WORK/zigbee_phy_tx/u_sm_ram_Q/mem_reg[193][0]
  Impl DFF        imp:/WORK/zigbee_phy_tx/u_sm_ram_Q/mem_reg[193][0]

  Ref  DFF        ref:/WORK/zigbee_phy_tx/u_sm_ram_Q/mem_reg[193][1]
  Impl DFF        imp:/WORK/zigbee_phy_tx/u_sm_ram_Q/mem_reg[193][1]

  Ref  DFF        ref:/WORK/zigbee_phy_tx/u_sm_ram_Q/mem_reg[193][2]
  Impl DFF        imp:/WORK/zigbee_phy_tx/u_sm_ram_Q/mem_reg[193][2]

  Ref  DFF        ref:/WORK/zigbee_phy_tx/u_sm_ram_Q/mem_reg[193][3]
  Impl DFF        imp:/WORK/zigbee_phy_tx/u_sm_ram_Q/mem_reg[193][3]

  Ref  DFF        ref:/WORK/zigbee_phy_tx/u_sm_ram_Q/mem_reg[194][0]
  Impl DFF        imp:/WORK/zigbee_phy_tx/u_sm_ram_Q/mem_reg[194][0]

  Ref  DFF        ref:/WORK/zigbee_phy_tx/u_sm_ram_Q/mem_reg[194][1]
  Impl DFF        imp:/WORK/zigbee_phy_tx/u_sm_ram_Q/mem_reg[194][1]

  Ref  DFF        ref:/WORK/zigbee_phy_tx/u_sm_ram_Q/mem_reg[194][2]
  Impl DFF        imp:/WORK/zigbee_phy_tx/u_sm_ram_Q/mem_reg[194][2]

  Ref  DFF        ref:/WORK/zigbee_phy_tx/u_sm_ram_Q/mem_reg[194][3]
  Impl DFF        imp:/WORK/zigbee_phy_tx/u_sm_ram_Q/mem_reg[194][3]

  Ref  DFF        ref:/WORK/zigbee_phy_tx/u_sm_ram_Q/mem_reg[195][0]
  Impl DFF        imp:/WORK/zigbee_phy_tx/u_sm_ram_Q/mem_reg[195][0]

  Ref  DFF        ref:/WORK/zigbee_phy_tx/u_sm_ram_Q/mem_reg[195][1]
  Impl DFF        imp:/WORK/zigbee_phy_tx/u_sm_ram_Q/mem_reg[195][1]

  Ref  DFF        ref:/WORK/zigbee_phy_tx/u_sm_ram_Q/mem_reg[195][2]
  Impl DFF        imp:/WORK/zigbee_phy_tx/u_sm_ram_Q/mem_reg[195][2]

  Ref  DFF        ref:/WORK/zigbee_phy_tx/u_sm_ram_Q/mem_reg[195][3]
  Impl DFF        imp:/WORK/zigbee_phy_tx/u_sm_ram_Q/mem_reg[195][3]

  Ref  DFF        ref:/WORK/zigbee_phy_tx/u_sm_ram_Q/mem_reg[196][0]
  Impl DFF        imp:/WORK/zigbee_phy_tx/u_sm_ram_Q/mem_reg[196][0]

  Ref  DFF        ref:/WORK/zigbee_phy_tx/u_sm_ram_Q/mem_reg[196][1]
  Impl DFF        imp:/WORK/zigbee_phy_tx/u_sm_ram_Q/mem_reg[196][1]

  Ref  DFF        ref:/WORK/zigbee_phy_tx/u_sm_ram_Q/mem_reg[196][2]
  Impl DFF        imp:/WORK/zigbee_phy_tx/u_sm_ram_Q/mem_reg[196][2]

  Ref  DFF        ref:/WORK/zigbee_phy_tx/u_sm_ram_Q/mem_reg[196][3]
  Impl DFF        imp:/WORK/zigbee_phy_tx/u_sm_ram_Q/mem_reg[196][3]

  Ref  DFF        ref:/WORK/zigbee_phy_tx/u_sm_ram_Q/mem_reg[197][0]
  Impl DFF        imp:/WORK/zigbee_phy_tx/u_sm_ram_Q/mem_reg[197][0]

  Ref  DFF        ref:/WORK/zigbee_phy_tx/u_sm_ram_Q/mem_reg[197][1]
  Impl DFF        imp:/WORK/zigbee_phy_tx/u_sm_ram_Q/mem_reg[197][1]

  Ref  DFF        ref:/WORK/zigbee_phy_tx/u_sm_ram_Q/mem_reg[197][2]
  Impl DFF        imp:/WORK/zigbee_phy_tx/u_sm_ram_Q/mem_reg[197][2]

  Ref  DFF        ref:/WORK/zigbee_phy_tx/u_sm_ram_Q/mem_reg[197][3]
  Impl DFF        imp:/WORK/zigbee_phy_tx/u_sm_ram_Q/mem_reg[197][3]

  Ref  DFF        ref:/WORK/zigbee_phy_tx/u_sm_ram_Q/mem_reg[198][0]
  Impl DFF        imp:/WORK/zigbee_phy_tx/u_sm_ram_Q/mem_reg[198][0]

  Ref  DFF        ref:/WORK/zigbee_phy_tx/u_sm_ram_Q/mem_reg[198][1]
  Impl DFF        imp:/WORK/zigbee_phy_tx/u_sm_ram_Q/mem_reg[198][1]

  Ref  DFF        ref:/WORK/zigbee_phy_tx/u_sm_ram_Q/mem_reg[198][2]
  Impl DFF        imp:/WORK/zigbee_phy_tx/u_sm_ram_Q/mem_reg[198][2]

  Ref  DFF        ref:/WORK/zigbee_phy_tx/u_sm_ram_Q/mem_reg[198][3]
  Impl DFF        imp:/WORK/zigbee_phy_tx/u_sm_ram_Q/mem_reg[198][3]

  Ref  DFF        ref:/WORK/zigbee_phy_tx/u_sm_ram_Q/mem_reg[199][0]
  Impl DFF        imp:/WORK/zigbee_phy_tx/u_sm_ram_Q/mem_reg[199][0]

  Ref  DFF        ref:/WORK/zigbee_phy_tx/u_sm_ram_Q/mem_reg[199][1]
  Impl DFF        imp:/WORK/zigbee_phy_tx/u_sm_ram_Q/mem_reg[199][1]

  Ref  DFF        ref:/WORK/zigbee_phy_tx/u_sm_ram_Q/mem_reg[199][2]
  Impl DFF        imp:/WORK/zigbee_phy_tx/u_sm_ram_Q/mem_reg[199][2]

  Ref  DFF        ref:/WORK/zigbee_phy_tx/u_sm_ram_Q/mem_reg[199][3]
  Impl DFF        imp:/WORK/zigbee_phy_tx/u_sm_ram_Q/mem_reg[199][3]

  Ref  DFF        ref:/WORK/zigbee_phy_tx/u_sm_ram_Q/mem_reg[19][0]
  Impl DFF        imp:/WORK/zigbee_phy_tx/u_sm_ram_Q/mem_reg[19][0]

  Ref  DFF        ref:/WORK/zigbee_phy_tx/u_sm_ram_Q/mem_reg[19][1]
  Impl DFF        imp:/WORK/zigbee_phy_tx/u_sm_ram_Q/mem_reg[19][1]

  Ref  DFF        ref:/WORK/zigbee_phy_tx/u_sm_ram_Q/mem_reg[19][2]
  Impl DFF        imp:/WORK/zigbee_phy_tx/u_sm_ram_Q/mem_reg[19][2]

  Ref  DFF        ref:/WORK/zigbee_phy_tx/u_sm_ram_Q/mem_reg[19][3]
  Impl DFF        imp:/WORK/zigbee_phy_tx/u_sm_ram_Q/mem_reg[19][3]

  Ref  DFF        ref:/WORK/zigbee_phy_tx/u_sm_ram_Q/mem_reg[1][0]
  Impl DFF        imp:/WORK/zigbee_phy_tx/u_sm_ram_Q/mem_reg[1][0]

  Ref  DFF        ref:/WORK/zigbee_phy_tx/u_sm_ram_Q/mem_reg[1][1]
  Impl DFF        imp:/WORK/zigbee_phy_tx/u_sm_ram_Q/mem_reg[1][1]

  Ref  DFF        ref:/WORK/zigbee_phy_tx/u_sm_ram_Q/mem_reg[1][2]
  Impl DFF        imp:/WORK/zigbee_phy_tx/u_sm_ram_Q/mem_reg[1][2]

  Ref  DFF        ref:/WORK/zigbee_phy_tx/u_sm_ram_Q/mem_reg[1][3]
  Impl DFF        imp:/WORK/zigbee_phy_tx/u_sm_ram_Q/mem_reg[1][3]

  Ref  DFF        ref:/WORK/zigbee_phy_tx/u_sm_ram_Q/mem_reg[200][0]
  Impl DFF        imp:/WORK/zigbee_phy_tx/u_sm_ram_Q/mem_reg[200][0]

  Ref  DFF        ref:/WORK/zigbee_phy_tx/u_sm_ram_Q/mem_reg[200][1]
  Impl DFF        imp:/WORK/zigbee_phy_tx/u_sm_ram_Q/mem_reg[200][1]

  Ref  DFF        ref:/WORK/zigbee_phy_tx/u_sm_ram_Q/mem_reg[200][2]
  Impl DFF        imp:/WORK/zigbee_phy_tx/u_sm_ram_Q/mem_reg[200][2]

  Ref  DFF        ref:/WORK/zigbee_phy_tx/u_sm_ram_Q/mem_reg[200][3]
  Impl DFF        imp:/WORK/zigbee_phy_tx/u_sm_ram_Q/mem_reg[200][3]

  Ref  DFF        ref:/WORK/zigbee_phy_tx/u_sm_ram_Q/mem_reg[201][0]
  Impl DFF        imp:/WORK/zigbee_phy_tx/u_sm_ram_Q/mem_reg[201][0]

  Ref  DFF        ref:/WORK/zigbee_phy_tx/u_sm_ram_Q/mem_reg[201][1]
  Impl DFF        imp:/WORK/zigbee_phy_tx/u_sm_ram_Q/mem_reg[201][1]

  Ref  DFF        ref:/WORK/zigbee_phy_tx/u_sm_ram_Q/mem_reg[201][2]
  Impl DFF        imp:/WORK/zigbee_phy_tx/u_sm_ram_Q/mem_reg[201][2]

  Ref  DFF        ref:/WORK/zigbee_phy_tx/u_sm_ram_Q/mem_reg[201][3]
  Impl DFF        imp:/WORK/zigbee_phy_tx/u_sm_ram_Q/mem_reg[201][3]

  Ref  DFF        ref:/WORK/zigbee_phy_tx/u_sm_ram_Q/mem_reg[202][0]
  Impl DFF        imp:/WORK/zigbee_phy_tx/u_sm_ram_Q/mem_reg[202][0]

  Ref  DFF        ref:/WORK/zigbee_phy_tx/u_sm_ram_Q/mem_reg[202][1]
  Impl DFF        imp:/WORK/zigbee_phy_tx/u_sm_ram_Q/mem_reg[202][1]

  Ref  DFF        ref:/WORK/zigbee_phy_tx/u_sm_ram_Q/mem_reg[202][2]
  Impl DFF        imp:/WORK/zigbee_phy_tx/u_sm_ram_Q/mem_reg[202][2]

  Ref  DFF        ref:/WORK/zigbee_phy_tx/u_sm_ram_Q/mem_reg[202][3]
  Impl DFF        imp:/WORK/zigbee_phy_tx/u_sm_ram_Q/mem_reg[202][3]

  Ref  DFF        ref:/WORK/zigbee_phy_tx/u_sm_ram_Q/mem_reg[203][0]
  Impl DFF        imp:/WORK/zigbee_phy_tx/u_sm_ram_Q/mem_reg[203][0]

  Ref  DFF        ref:/WORK/zigbee_phy_tx/u_sm_ram_Q/mem_reg[203][1]
  Impl DFF        imp:/WORK/zigbee_phy_tx/u_sm_ram_Q/mem_reg[203][1]

  Ref  DFF        ref:/WORK/zigbee_phy_tx/u_sm_ram_Q/mem_reg[203][2]
  Impl DFF        imp:/WORK/zigbee_phy_tx/u_sm_ram_Q/mem_reg[203][2]

  Ref  DFF        ref:/WORK/zigbee_phy_tx/u_sm_ram_Q/mem_reg[203][3]
  Impl DFF        imp:/WORK/zigbee_phy_tx/u_sm_ram_Q/mem_reg[203][3]

  Ref  DFF        ref:/WORK/zigbee_phy_tx/u_sm_ram_Q/mem_reg[204][0]
  Impl DFF        imp:/WORK/zigbee_phy_tx/u_sm_ram_Q/mem_reg[204][0]

  Ref  DFF        ref:/WORK/zigbee_phy_tx/u_sm_ram_Q/mem_reg[204][1]
  Impl DFF        imp:/WORK/zigbee_phy_tx/u_sm_ram_Q/mem_reg[204][1]

  Ref  DFF        ref:/WORK/zigbee_phy_tx/u_sm_ram_Q/mem_reg[204][2]
  Impl DFF        imp:/WORK/zigbee_phy_tx/u_sm_ram_Q/mem_reg[204][2]

  Ref  DFF        ref:/WORK/zigbee_phy_tx/u_sm_ram_Q/mem_reg[204][3]
  Impl DFF        imp:/WORK/zigbee_phy_tx/u_sm_ram_Q/mem_reg[204][3]

  Ref  DFF        ref:/WORK/zigbee_phy_tx/u_sm_ram_Q/mem_reg[205][0]
  Impl DFF        imp:/WORK/zigbee_phy_tx/u_sm_ram_Q/mem_reg[205][0]

  Ref  DFF        ref:/WORK/zigbee_phy_tx/u_sm_ram_Q/mem_reg[205][1]
  Impl DFF        imp:/WORK/zigbee_phy_tx/u_sm_ram_Q/mem_reg[205][1]

  Ref  DFF        ref:/WORK/zigbee_phy_tx/u_sm_ram_Q/mem_reg[205][2]
  Impl DFF        imp:/WORK/zigbee_phy_tx/u_sm_ram_Q/mem_reg[205][2]

  Ref  DFF        ref:/WORK/zigbee_phy_tx/u_sm_ram_Q/mem_reg[205][3]
  Impl DFF        imp:/WORK/zigbee_phy_tx/u_sm_ram_Q/mem_reg[205][3]

  Ref  DFF        ref:/WORK/zigbee_phy_tx/u_sm_ram_Q/mem_reg[206][0]
  Impl DFF        imp:/WORK/zigbee_phy_tx/u_sm_ram_Q/mem_reg[206][0]

  Ref  DFF        ref:/WORK/zigbee_phy_tx/u_sm_ram_Q/mem_reg[206][1]
  Impl DFF        imp:/WORK/zigbee_phy_tx/u_sm_ram_Q/mem_reg[206][1]

  Ref  DFF        ref:/WORK/zigbee_phy_tx/u_sm_ram_Q/mem_reg[206][2]
  Impl DFF        imp:/WORK/zigbee_phy_tx/u_sm_ram_Q/mem_reg[206][2]

  Ref  DFF        ref:/WORK/zigbee_phy_tx/u_sm_ram_Q/mem_reg[206][3]
  Impl DFF        imp:/WORK/zigbee_phy_tx/u_sm_ram_Q/mem_reg[206][3]

  Ref  DFF        ref:/WORK/zigbee_phy_tx/u_sm_ram_Q/mem_reg[207][0]
  Impl DFF        imp:/WORK/zigbee_phy_tx/u_sm_ram_Q/mem_reg[207][0]

  Ref  DFF        ref:/WORK/zigbee_phy_tx/u_sm_ram_Q/mem_reg[207][1]
  Impl DFF        imp:/WORK/zigbee_phy_tx/u_sm_ram_Q/mem_reg[207][1]

  Ref  DFF        ref:/WORK/zigbee_phy_tx/u_sm_ram_Q/mem_reg[207][2]
  Impl DFF        imp:/WORK/zigbee_phy_tx/u_sm_ram_Q/mem_reg[207][2]

  Ref  DFF        ref:/WORK/zigbee_phy_tx/u_sm_ram_Q/mem_reg[207][3]
  Impl DFF        imp:/WORK/zigbee_phy_tx/u_sm_ram_Q/mem_reg[207][3]

  Ref  DFF        ref:/WORK/zigbee_phy_tx/u_sm_ram_Q/mem_reg[208][0]
  Impl DFF        imp:/WORK/zigbee_phy_tx/u_sm_ram_Q/mem_reg[208][0]

  Ref  DFF        ref:/WORK/zigbee_phy_tx/u_sm_ram_Q/mem_reg[208][1]
  Impl DFF        imp:/WORK/zigbee_phy_tx/u_sm_ram_Q/mem_reg[208][1]

  Ref  DFF        ref:/WORK/zigbee_phy_tx/u_sm_ram_Q/mem_reg[208][2]
  Impl DFF        imp:/WORK/zigbee_phy_tx/u_sm_ram_Q/mem_reg[208][2]

  Ref  DFF        ref:/WORK/zigbee_phy_tx/u_sm_ram_Q/mem_reg[208][3]
  Impl DFF        imp:/WORK/zigbee_phy_tx/u_sm_ram_Q/mem_reg[208][3]

  Ref  DFF        ref:/WORK/zigbee_phy_tx/u_sm_ram_Q/mem_reg[209][0]
  Impl DFF        imp:/WORK/zigbee_phy_tx/u_sm_ram_Q/mem_reg[209][0]

  Ref  DFF        ref:/WORK/zigbee_phy_tx/u_sm_ram_Q/mem_reg[209][1]
  Impl DFF        imp:/WORK/zigbee_phy_tx/u_sm_ram_Q/mem_reg[209][1]

  Ref  DFF        ref:/WORK/zigbee_phy_tx/u_sm_ram_Q/mem_reg[209][2]
  Impl DFF        imp:/WORK/zigbee_phy_tx/u_sm_ram_Q/mem_reg[209][2]

  Ref  DFF        ref:/WORK/zigbee_phy_tx/u_sm_ram_Q/mem_reg[209][3]
  Impl DFF        imp:/WORK/zigbee_phy_tx/u_sm_ram_Q/mem_reg[209][3]

  Ref  DFF        ref:/WORK/zigbee_phy_tx/u_sm_ram_Q/mem_reg[20][0]
  Impl DFF        imp:/WORK/zigbee_phy_tx/u_sm_ram_Q/mem_reg[20][0]

  Ref  DFF        ref:/WORK/zigbee_phy_tx/u_sm_ram_Q/mem_reg[20][1]
  Impl DFF        imp:/WORK/zigbee_phy_tx/u_sm_ram_Q/mem_reg[20][1]

  Ref  DFF        ref:/WORK/zigbee_phy_tx/u_sm_ram_Q/mem_reg[20][2]
  Impl DFF        imp:/WORK/zigbee_phy_tx/u_sm_ram_Q/mem_reg[20][2]

  Ref  DFF        ref:/WORK/zigbee_phy_tx/u_sm_ram_Q/mem_reg[20][3]
  Impl DFF        imp:/WORK/zigbee_phy_tx/u_sm_ram_Q/mem_reg[20][3]

  Ref  DFF        ref:/WORK/zigbee_phy_tx/u_sm_ram_Q/mem_reg[210][0]
  Impl DFF        imp:/WORK/zigbee_phy_tx/u_sm_ram_Q/mem_reg[210][0]

  Ref  DFF        ref:/WORK/zigbee_phy_tx/u_sm_ram_Q/mem_reg[210][1]
  Impl DFF        imp:/WORK/zigbee_phy_tx/u_sm_ram_Q/mem_reg[210][1]

  Ref  DFF        ref:/WORK/zigbee_phy_tx/u_sm_ram_Q/mem_reg[210][2]
  Impl DFF        imp:/WORK/zigbee_phy_tx/u_sm_ram_Q/mem_reg[210][2]

  Ref  DFF        ref:/WORK/zigbee_phy_tx/u_sm_ram_Q/mem_reg[210][3]
  Impl DFF        imp:/WORK/zigbee_phy_tx/u_sm_ram_Q/mem_reg[210][3]

  Ref  DFF        ref:/WORK/zigbee_phy_tx/u_sm_ram_Q/mem_reg[211][0]
  Impl DFF        imp:/WORK/zigbee_phy_tx/u_sm_ram_Q/mem_reg[211][0]

  Ref  DFF        ref:/WORK/zigbee_phy_tx/u_sm_ram_Q/mem_reg[211][1]
  Impl DFF        imp:/WORK/zigbee_phy_tx/u_sm_ram_Q/mem_reg[211][1]

  Ref  DFF        ref:/WORK/zigbee_phy_tx/u_sm_ram_Q/mem_reg[211][2]
  Impl DFF        imp:/WORK/zigbee_phy_tx/u_sm_ram_Q/mem_reg[211][2]

  Ref  DFF        ref:/WORK/zigbee_phy_tx/u_sm_ram_Q/mem_reg[211][3]
  Impl DFF        imp:/WORK/zigbee_phy_tx/u_sm_ram_Q/mem_reg[211][3]

  Ref  DFF        ref:/WORK/zigbee_phy_tx/u_sm_ram_Q/mem_reg[212][0]
  Impl DFF        imp:/WORK/zigbee_phy_tx/u_sm_ram_Q/mem_reg[212][0]

  Ref  DFF        ref:/WORK/zigbee_phy_tx/u_sm_ram_Q/mem_reg[212][1]
  Impl DFF        imp:/WORK/zigbee_phy_tx/u_sm_ram_Q/mem_reg[212][1]

  Ref  DFF        ref:/WORK/zigbee_phy_tx/u_sm_ram_Q/mem_reg[212][2]
  Impl DFF        imp:/WORK/zigbee_phy_tx/u_sm_ram_Q/mem_reg[212][2]

  Ref  DFF        ref:/WORK/zigbee_phy_tx/u_sm_ram_Q/mem_reg[212][3]
  Impl DFF        imp:/WORK/zigbee_phy_tx/u_sm_ram_Q/mem_reg[212][3]

  Ref  DFF        ref:/WORK/zigbee_phy_tx/u_sm_ram_Q/mem_reg[213][0]
  Impl DFF        imp:/WORK/zigbee_phy_tx/u_sm_ram_Q/mem_reg[213][0]

  Ref  DFF        ref:/WORK/zigbee_phy_tx/u_sm_ram_Q/mem_reg[213][1]
  Impl DFF        imp:/WORK/zigbee_phy_tx/u_sm_ram_Q/mem_reg[213][1]

  Ref  DFF        ref:/WORK/zigbee_phy_tx/u_sm_ram_Q/mem_reg[213][2]
  Impl DFF        imp:/WORK/zigbee_phy_tx/u_sm_ram_Q/mem_reg[213][2]

  Ref  DFF        ref:/WORK/zigbee_phy_tx/u_sm_ram_Q/mem_reg[213][3]
  Impl DFF        imp:/WORK/zigbee_phy_tx/u_sm_ram_Q/mem_reg[213][3]

  Ref  DFF        ref:/WORK/zigbee_phy_tx/u_sm_ram_Q/mem_reg[214][0]
  Impl DFF        imp:/WORK/zigbee_phy_tx/u_sm_ram_Q/mem_reg[214][0]

  Ref  DFF        ref:/WORK/zigbee_phy_tx/u_sm_ram_Q/mem_reg[214][1]
  Impl DFF        imp:/WORK/zigbee_phy_tx/u_sm_ram_Q/mem_reg[214][1]

  Ref  DFF        ref:/WORK/zigbee_phy_tx/u_sm_ram_Q/mem_reg[214][2]
  Impl DFF        imp:/WORK/zigbee_phy_tx/u_sm_ram_Q/mem_reg[214][2]

  Ref  DFF        ref:/WORK/zigbee_phy_tx/u_sm_ram_Q/mem_reg[214][3]
  Impl DFF        imp:/WORK/zigbee_phy_tx/u_sm_ram_Q/mem_reg[214][3]

  Ref  DFF        ref:/WORK/zigbee_phy_tx/u_sm_ram_Q/mem_reg[215][0]
  Impl DFF        imp:/WORK/zigbee_phy_tx/u_sm_ram_Q/mem_reg[215][0]

  Ref  DFF        ref:/WORK/zigbee_phy_tx/u_sm_ram_Q/mem_reg[215][1]
  Impl DFF        imp:/WORK/zigbee_phy_tx/u_sm_ram_Q/mem_reg[215][1]

  Ref  DFF        ref:/WORK/zigbee_phy_tx/u_sm_ram_Q/mem_reg[215][2]
  Impl DFF        imp:/WORK/zigbee_phy_tx/u_sm_ram_Q/mem_reg[215][2]

  Ref  DFF        ref:/WORK/zigbee_phy_tx/u_sm_ram_Q/mem_reg[215][3]
  Impl DFF        imp:/WORK/zigbee_phy_tx/u_sm_ram_Q/mem_reg[215][3]

  Ref  DFF        ref:/WORK/zigbee_phy_tx/u_sm_ram_Q/mem_reg[216][0]
  Impl DFF        imp:/WORK/zigbee_phy_tx/u_sm_ram_Q/mem_reg[216][0]

  Ref  DFF        ref:/WORK/zigbee_phy_tx/u_sm_ram_Q/mem_reg[216][1]
  Impl DFF        imp:/WORK/zigbee_phy_tx/u_sm_ram_Q/mem_reg[216][1]

  Ref  DFF        ref:/WORK/zigbee_phy_tx/u_sm_ram_Q/mem_reg[216][2]
  Impl DFF        imp:/WORK/zigbee_phy_tx/u_sm_ram_Q/mem_reg[216][2]

  Ref  DFF        ref:/WORK/zigbee_phy_tx/u_sm_ram_Q/mem_reg[216][3]
  Impl DFF        imp:/WORK/zigbee_phy_tx/u_sm_ram_Q/mem_reg[216][3]

  Ref  DFF        ref:/WORK/zigbee_phy_tx/u_sm_ram_Q/mem_reg[217][0]
  Impl DFF        imp:/WORK/zigbee_phy_tx/u_sm_ram_Q/mem_reg[217][0]

  Ref  DFF        ref:/WORK/zigbee_phy_tx/u_sm_ram_Q/mem_reg[217][1]
  Impl DFF        imp:/WORK/zigbee_phy_tx/u_sm_ram_Q/mem_reg[217][1]

  Ref  DFF        ref:/WORK/zigbee_phy_tx/u_sm_ram_Q/mem_reg[217][2]
  Impl DFF        imp:/WORK/zigbee_phy_tx/u_sm_ram_Q/mem_reg[217][2]

  Ref  DFF        ref:/WORK/zigbee_phy_tx/u_sm_ram_Q/mem_reg[217][3]
  Impl DFF        imp:/WORK/zigbee_phy_tx/u_sm_ram_Q/mem_reg[217][3]

  Ref  DFF        ref:/WORK/zigbee_phy_tx/u_sm_ram_Q/mem_reg[218][0]
  Impl DFF        imp:/WORK/zigbee_phy_tx/u_sm_ram_Q/mem_reg[218][0]

  Ref  DFF        ref:/WORK/zigbee_phy_tx/u_sm_ram_Q/mem_reg[218][1]
  Impl DFF        imp:/WORK/zigbee_phy_tx/u_sm_ram_Q/mem_reg[218][1]

  Ref  DFF        ref:/WORK/zigbee_phy_tx/u_sm_ram_Q/mem_reg[218][2]
  Impl DFF        imp:/WORK/zigbee_phy_tx/u_sm_ram_Q/mem_reg[218][2]

  Ref  DFF        ref:/WORK/zigbee_phy_tx/u_sm_ram_Q/mem_reg[218][3]
  Impl DFF        imp:/WORK/zigbee_phy_tx/u_sm_ram_Q/mem_reg[218][3]

  Ref  DFF        ref:/WORK/zigbee_phy_tx/u_sm_ram_Q/mem_reg[219][0]
  Impl DFF        imp:/WORK/zigbee_phy_tx/u_sm_ram_Q/mem_reg[219][0]

  Ref  DFF        ref:/WORK/zigbee_phy_tx/u_sm_ram_Q/mem_reg[219][1]
  Impl DFF        imp:/WORK/zigbee_phy_tx/u_sm_ram_Q/mem_reg[219][1]

  Ref  DFF        ref:/WORK/zigbee_phy_tx/u_sm_ram_Q/mem_reg[219][2]
  Impl DFF        imp:/WORK/zigbee_phy_tx/u_sm_ram_Q/mem_reg[219][2]

  Ref  DFF        ref:/WORK/zigbee_phy_tx/u_sm_ram_Q/mem_reg[219][3]
  Impl DFF        imp:/WORK/zigbee_phy_tx/u_sm_ram_Q/mem_reg[219][3]

  Ref  DFF        ref:/WORK/zigbee_phy_tx/u_sm_ram_Q/mem_reg[21][0]
  Impl DFF        imp:/WORK/zigbee_phy_tx/u_sm_ram_Q/mem_reg[21][0]

  Ref  DFF        ref:/WORK/zigbee_phy_tx/u_sm_ram_Q/mem_reg[21][1]
  Impl DFF        imp:/WORK/zigbee_phy_tx/u_sm_ram_Q/mem_reg[21][1]

  Ref  DFF        ref:/WORK/zigbee_phy_tx/u_sm_ram_Q/mem_reg[21][2]
  Impl DFF        imp:/WORK/zigbee_phy_tx/u_sm_ram_Q/mem_reg[21][2]

  Ref  DFF        ref:/WORK/zigbee_phy_tx/u_sm_ram_Q/mem_reg[21][3]
  Impl DFF        imp:/WORK/zigbee_phy_tx/u_sm_ram_Q/mem_reg[21][3]

  Ref  DFF        ref:/WORK/zigbee_phy_tx/u_sm_ram_Q/mem_reg[220][0]
  Impl DFF        imp:/WORK/zigbee_phy_tx/u_sm_ram_Q/mem_reg[220][0]

  Ref  DFF        ref:/WORK/zigbee_phy_tx/u_sm_ram_Q/mem_reg[220][1]
  Impl DFF        imp:/WORK/zigbee_phy_tx/u_sm_ram_Q/mem_reg[220][1]

  Ref  DFF        ref:/WORK/zigbee_phy_tx/u_sm_ram_Q/mem_reg[220][2]
  Impl DFF        imp:/WORK/zigbee_phy_tx/u_sm_ram_Q/mem_reg[220][2]

  Ref  DFF        ref:/WORK/zigbee_phy_tx/u_sm_ram_Q/mem_reg[220][3]
  Impl DFF        imp:/WORK/zigbee_phy_tx/u_sm_ram_Q/mem_reg[220][3]

  Ref  DFF        ref:/WORK/zigbee_phy_tx/u_sm_ram_Q/mem_reg[221][0]
  Impl DFF        imp:/WORK/zigbee_phy_tx/u_sm_ram_Q/mem_reg[221][0]

  Ref  DFF        ref:/WORK/zigbee_phy_tx/u_sm_ram_Q/mem_reg[221][1]
  Impl DFF        imp:/WORK/zigbee_phy_tx/u_sm_ram_Q/mem_reg[221][1]

  Ref  DFF        ref:/WORK/zigbee_phy_tx/u_sm_ram_Q/mem_reg[221][2]
  Impl DFF        imp:/WORK/zigbee_phy_tx/u_sm_ram_Q/mem_reg[221][2]

  Ref  DFF        ref:/WORK/zigbee_phy_tx/u_sm_ram_Q/mem_reg[221][3]
  Impl DFF        imp:/WORK/zigbee_phy_tx/u_sm_ram_Q/mem_reg[221][3]

  Ref  DFF        ref:/WORK/zigbee_phy_tx/u_sm_ram_Q/mem_reg[222][0]
  Impl DFF        imp:/WORK/zigbee_phy_tx/u_sm_ram_Q/mem_reg[222][0]

  Ref  DFF        ref:/WORK/zigbee_phy_tx/u_sm_ram_Q/mem_reg[222][1]
  Impl DFF        imp:/WORK/zigbee_phy_tx/u_sm_ram_Q/mem_reg[222][1]

  Ref  DFF        ref:/WORK/zigbee_phy_tx/u_sm_ram_Q/mem_reg[222][2]
  Impl DFF        imp:/WORK/zigbee_phy_tx/u_sm_ram_Q/mem_reg[222][2]

  Ref  DFF        ref:/WORK/zigbee_phy_tx/u_sm_ram_Q/mem_reg[222][3]
  Impl DFF        imp:/WORK/zigbee_phy_tx/u_sm_ram_Q/mem_reg[222][3]

  Ref  DFF        ref:/WORK/zigbee_phy_tx/u_sm_ram_Q/mem_reg[223][0]
  Impl DFF        imp:/WORK/zigbee_phy_tx/u_sm_ram_Q/mem_reg[223][0]

  Ref  DFF        ref:/WORK/zigbee_phy_tx/u_sm_ram_Q/mem_reg[223][1]
  Impl DFF        imp:/WORK/zigbee_phy_tx/u_sm_ram_Q/mem_reg[223][1]

  Ref  DFF        ref:/WORK/zigbee_phy_tx/u_sm_ram_Q/mem_reg[223][2]
  Impl DFF        imp:/WORK/zigbee_phy_tx/u_sm_ram_Q/mem_reg[223][2]

  Ref  DFF        ref:/WORK/zigbee_phy_tx/u_sm_ram_Q/mem_reg[223][3]
  Impl DFF        imp:/WORK/zigbee_phy_tx/u_sm_ram_Q/mem_reg[223][3]

  Ref  DFF        ref:/WORK/zigbee_phy_tx/u_sm_ram_Q/mem_reg[224][0]
  Impl DFF        imp:/WORK/zigbee_phy_tx/u_sm_ram_Q/mem_reg[224][0]

  Ref  DFF        ref:/WORK/zigbee_phy_tx/u_sm_ram_Q/mem_reg[224][1]
  Impl DFF        imp:/WORK/zigbee_phy_tx/u_sm_ram_Q/mem_reg[224][1]

  Ref  DFF        ref:/WORK/zigbee_phy_tx/u_sm_ram_Q/mem_reg[224][2]
  Impl DFF        imp:/WORK/zigbee_phy_tx/u_sm_ram_Q/mem_reg[224][2]

  Ref  DFF        ref:/WORK/zigbee_phy_tx/u_sm_ram_Q/mem_reg[224][3]
  Impl DFF        imp:/WORK/zigbee_phy_tx/u_sm_ram_Q/mem_reg[224][3]

  Ref  DFF        ref:/WORK/zigbee_phy_tx/u_sm_ram_Q/mem_reg[225][0]
  Impl DFF        imp:/WORK/zigbee_phy_tx/u_sm_ram_Q/mem_reg[225][0]

  Ref  DFF        ref:/WORK/zigbee_phy_tx/u_sm_ram_Q/mem_reg[225][1]
  Impl DFF        imp:/WORK/zigbee_phy_tx/u_sm_ram_Q/mem_reg[225][1]

  Ref  DFF        ref:/WORK/zigbee_phy_tx/u_sm_ram_Q/mem_reg[225][2]
  Impl DFF        imp:/WORK/zigbee_phy_tx/u_sm_ram_Q/mem_reg[225][2]

  Ref  DFF        ref:/WORK/zigbee_phy_tx/u_sm_ram_Q/mem_reg[225][3]
  Impl DFF        imp:/WORK/zigbee_phy_tx/u_sm_ram_Q/mem_reg[225][3]

  Ref  DFF        ref:/WORK/zigbee_phy_tx/u_sm_ram_Q/mem_reg[226][0]
  Impl DFF        imp:/WORK/zigbee_phy_tx/u_sm_ram_Q/mem_reg[226][0]

  Ref  DFF        ref:/WORK/zigbee_phy_tx/u_sm_ram_Q/mem_reg[226][1]
  Impl DFF        imp:/WORK/zigbee_phy_tx/u_sm_ram_Q/mem_reg[226][1]

  Ref  DFF        ref:/WORK/zigbee_phy_tx/u_sm_ram_Q/mem_reg[226][2]
  Impl DFF        imp:/WORK/zigbee_phy_tx/u_sm_ram_Q/mem_reg[226][2]

  Ref  DFF        ref:/WORK/zigbee_phy_tx/u_sm_ram_Q/mem_reg[226][3]
  Impl DFF        imp:/WORK/zigbee_phy_tx/u_sm_ram_Q/mem_reg[226][3]

  Ref  DFF        ref:/WORK/zigbee_phy_tx/u_sm_ram_Q/mem_reg[227][0]
  Impl DFF        imp:/WORK/zigbee_phy_tx/u_sm_ram_Q/mem_reg[227][0]

  Ref  DFF        ref:/WORK/zigbee_phy_tx/u_sm_ram_Q/mem_reg[227][1]
  Impl DFF        imp:/WORK/zigbee_phy_tx/u_sm_ram_Q/mem_reg[227][1]

  Ref  DFF        ref:/WORK/zigbee_phy_tx/u_sm_ram_Q/mem_reg[227][2]
  Impl DFF        imp:/WORK/zigbee_phy_tx/u_sm_ram_Q/mem_reg[227][2]

  Ref  DFF        ref:/WORK/zigbee_phy_tx/u_sm_ram_Q/mem_reg[227][3]
  Impl DFF        imp:/WORK/zigbee_phy_tx/u_sm_ram_Q/mem_reg[227][3]

  Ref  DFF        ref:/WORK/zigbee_phy_tx/u_sm_ram_Q/mem_reg[228][0]
  Impl DFF        imp:/WORK/zigbee_phy_tx/u_sm_ram_Q/mem_reg[228][0]

  Ref  DFF        ref:/WORK/zigbee_phy_tx/u_sm_ram_Q/mem_reg[228][1]
  Impl DFF        imp:/WORK/zigbee_phy_tx/u_sm_ram_Q/mem_reg[228][1]

  Ref  DFF        ref:/WORK/zigbee_phy_tx/u_sm_ram_Q/mem_reg[228][2]
  Impl DFF        imp:/WORK/zigbee_phy_tx/u_sm_ram_Q/mem_reg[228][2]

  Ref  DFF        ref:/WORK/zigbee_phy_tx/u_sm_ram_Q/mem_reg[228][3]
  Impl DFF        imp:/WORK/zigbee_phy_tx/u_sm_ram_Q/mem_reg[228][3]

  Ref  DFF        ref:/WORK/zigbee_phy_tx/u_sm_ram_Q/mem_reg[229][0]
  Impl DFF        imp:/WORK/zigbee_phy_tx/u_sm_ram_Q/mem_reg[229][0]

  Ref  DFF        ref:/WORK/zigbee_phy_tx/u_sm_ram_Q/mem_reg[229][1]
  Impl DFF        imp:/WORK/zigbee_phy_tx/u_sm_ram_Q/mem_reg[229][1]

  Ref  DFF        ref:/WORK/zigbee_phy_tx/u_sm_ram_Q/mem_reg[229][2]
  Impl DFF        imp:/WORK/zigbee_phy_tx/u_sm_ram_Q/mem_reg[229][2]

  Ref  DFF        ref:/WORK/zigbee_phy_tx/u_sm_ram_Q/mem_reg[229][3]
  Impl DFF        imp:/WORK/zigbee_phy_tx/u_sm_ram_Q/mem_reg[229][3]

  Ref  DFF        ref:/WORK/zigbee_phy_tx/u_sm_ram_Q/mem_reg[22][0]
  Impl DFF        imp:/WORK/zigbee_phy_tx/u_sm_ram_Q/mem_reg[22][0]

  Ref  DFF        ref:/WORK/zigbee_phy_tx/u_sm_ram_Q/mem_reg[22][1]
  Impl DFF        imp:/WORK/zigbee_phy_tx/u_sm_ram_Q/mem_reg[22][1]

  Ref  DFF        ref:/WORK/zigbee_phy_tx/u_sm_ram_Q/mem_reg[22][2]
  Impl DFF        imp:/WORK/zigbee_phy_tx/u_sm_ram_Q/mem_reg[22][2]

  Ref  DFF        ref:/WORK/zigbee_phy_tx/u_sm_ram_Q/mem_reg[22][3]
  Impl DFF        imp:/WORK/zigbee_phy_tx/u_sm_ram_Q/mem_reg[22][3]

  Ref  DFF        ref:/WORK/zigbee_phy_tx/u_sm_ram_Q/mem_reg[230][0]
  Impl DFF        imp:/WORK/zigbee_phy_tx/u_sm_ram_Q/mem_reg[230][0]

  Ref  DFF        ref:/WORK/zigbee_phy_tx/u_sm_ram_Q/mem_reg[230][1]
  Impl DFF        imp:/WORK/zigbee_phy_tx/u_sm_ram_Q/mem_reg[230][1]

  Ref  DFF        ref:/WORK/zigbee_phy_tx/u_sm_ram_Q/mem_reg[230][2]
  Impl DFF        imp:/WORK/zigbee_phy_tx/u_sm_ram_Q/mem_reg[230][2]

  Ref  DFF        ref:/WORK/zigbee_phy_tx/u_sm_ram_Q/mem_reg[230][3]
  Impl DFF        imp:/WORK/zigbee_phy_tx/u_sm_ram_Q/mem_reg[230][3]

  Ref  DFF        ref:/WORK/zigbee_phy_tx/u_sm_ram_Q/mem_reg[231][0]
  Impl DFF        imp:/WORK/zigbee_phy_tx/u_sm_ram_Q/mem_reg[231][0]

  Ref  DFF        ref:/WORK/zigbee_phy_tx/u_sm_ram_Q/mem_reg[231][1]
  Impl DFF        imp:/WORK/zigbee_phy_tx/u_sm_ram_Q/mem_reg[231][1]

  Ref  DFF        ref:/WORK/zigbee_phy_tx/u_sm_ram_Q/mem_reg[231][2]
  Impl DFF        imp:/WORK/zigbee_phy_tx/u_sm_ram_Q/mem_reg[231][2]

  Ref  DFF        ref:/WORK/zigbee_phy_tx/u_sm_ram_Q/mem_reg[231][3]
  Impl DFF        imp:/WORK/zigbee_phy_tx/u_sm_ram_Q/mem_reg[231][3]

  Ref  DFF        ref:/WORK/zigbee_phy_tx/u_sm_ram_Q/mem_reg[232][0]
  Impl DFF        imp:/WORK/zigbee_phy_tx/u_sm_ram_Q/mem_reg[232][0]

  Ref  DFF        ref:/WORK/zigbee_phy_tx/u_sm_ram_Q/mem_reg[232][1]
  Impl DFF        imp:/WORK/zigbee_phy_tx/u_sm_ram_Q/mem_reg[232][1]

  Ref  DFF        ref:/WORK/zigbee_phy_tx/u_sm_ram_Q/mem_reg[232][2]
  Impl DFF        imp:/WORK/zigbee_phy_tx/u_sm_ram_Q/mem_reg[232][2]

  Ref  DFF        ref:/WORK/zigbee_phy_tx/u_sm_ram_Q/mem_reg[232][3]
  Impl DFF        imp:/WORK/zigbee_phy_tx/u_sm_ram_Q/mem_reg[232][3]

  Ref  DFF        ref:/WORK/zigbee_phy_tx/u_sm_ram_Q/mem_reg[233][0]
  Impl DFF        imp:/WORK/zigbee_phy_tx/u_sm_ram_Q/mem_reg[233][0]

  Ref  DFF        ref:/WORK/zigbee_phy_tx/u_sm_ram_Q/mem_reg[233][1]
  Impl DFF        imp:/WORK/zigbee_phy_tx/u_sm_ram_Q/mem_reg[233][1]

  Ref  DFF        ref:/WORK/zigbee_phy_tx/u_sm_ram_Q/mem_reg[233][2]
  Impl DFF        imp:/WORK/zigbee_phy_tx/u_sm_ram_Q/mem_reg[233][2]

  Ref  DFF        ref:/WORK/zigbee_phy_tx/u_sm_ram_Q/mem_reg[233][3]
  Impl DFF        imp:/WORK/zigbee_phy_tx/u_sm_ram_Q/mem_reg[233][3]

  Ref  DFF        ref:/WORK/zigbee_phy_tx/u_sm_ram_Q/mem_reg[234][0]
  Impl DFF        imp:/WORK/zigbee_phy_tx/u_sm_ram_Q/mem_reg[234][0]

  Ref  DFF        ref:/WORK/zigbee_phy_tx/u_sm_ram_Q/mem_reg[234][1]
  Impl DFF        imp:/WORK/zigbee_phy_tx/u_sm_ram_Q/mem_reg[234][1]

  Ref  DFF        ref:/WORK/zigbee_phy_tx/u_sm_ram_Q/mem_reg[234][2]
  Impl DFF        imp:/WORK/zigbee_phy_tx/u_sm_ram_Q/mem_reg[234][2]

  Ref  DFF        ref:/WORK/zigbee_phy_tx/u_sm_ram_Q/mem_reg[234][3]
  Impl DFF        imp:/WORK/zigbee_phy_tx/u_sm_ram_Q/mem_reg[234][3]

  Ref  DFF        ref:/WORK/zigbee_phy_tx/u_sm_ram_Q/mem_reg[235][0]
  Impl DFF        imp:/WORK/zigbee_phy_tx/u_sm_ram_Q/mem_reg[235][0]

  Ref  DFF        ref:/WORK/zigbee_phy_tx/u_sm_ram_Q/mem_reg[235][1]
  Impl DFF        imp:/WORK/zigbee_phy_tx/u_sm_ram_Q/mem_reg[235][1]

  Ref  DFF        ref:/WORK/zigbee_phy_tx/u_sm_ram_Q/mem_reg[235][2]
  Impl DFF        imp:/WORK/zigbee_phy_tx/u_sm_ram_Q/mem_reg[235][2]

  Ref  DFF        ref:/WORK/zigbee_phy_tx/u_sm_ram_Q/mem_reg[235][3]
  Impl DFF        imp:/WORK/zigbee_phy_tx/u_sm_ram_Q/mem_reg[235][3]

  Ref  DFF        ref:/WORK/zigbee_phy_tx/u_sm_ram_Q/mem_reg[236][0]
  Impl DFF        imp:/WORK/zigbee_phy_tx/u_sm_ram_Q/mem_reg[236][0]

  Ref  DFF        ref:/WORK/zigbee_phy_tx/u_sm_ram_Q/mem_reg[236][1]
  Impl DFF        imp:/WORK/zigbee_phy_tx/u_sm_ram_Q/mem_reg[236][1]

  Ref  DFF        ref:/WORK/zigbee_phy_tx/u_sm_ram_Q/mem_reg[236][2]
  Impl DFF        imp:/WORK/zigbee_phy_tx/u_sm_ram_Q/mem_reg[236][2]

  Ref  DFF        ref:/WORK/zigbee_phy_tx/u_sm_ram_Q/mem_reg[236][3]
  Impl DFF        imp:/WORK/zigbee_phy_tx/u_sm_ram_Q/mem_reg[236][3]

  Ref  DFF        ref:/WORK/zigbee_phy_tx/u_sm_ram_Q/mem_reg[237][0]
  Impl DFF        imp:/WORK/zigbee_phy_tx/u_sm_ram_Q/mem_reg[237][0]

  Ref  DFF        ref:/WORK/zigbee_phy_tx/u_sm_ram_Q/mem_reg[237][1]
  Impl DFF        imp:/WORK/zigbee_phy_tx/u_sm_ram_Q/mem_reg[237][1]

  Ref  DFF        ref:/WORK/zigbee_phy_tx/u_sm_ram_Q/mem_reg[237][2]
  Impl DFF        imp:/WORK/zigbee_phy_tx/u_sm_ram_Q/mem_reg[237][2]

  Ref  DFF        ref:/WORK/zigbee_phy_tx/u_sm_ram_Q/mem_reg[237][3]
  Impl DFF        imp:/WORK/zigbee_phy_tx/u_sm_ram_Q/mem_reg[237][3]

  Ref  DFF        ref:/WORK/zigbee_phy_tx/u_sm_ram_Q/mem_reg[238][0]
  Impl DFF        imp:/WORK/zigbee_phy_tx/u_sm_ram_Q/mem_reg[238][0]

  Ref  DFF        ref:/WORK/zigbee_phy_tx/u_sm_ram_Q/mem_reg[238][1]
  Impl DFF        imp:/WORK/zigbee_phy_tx/u_sm_ram_Q/mem_reg[238][1]

  Ref  DFF        ref:/WORK/zigbee_phy_tx/u_sm_ram_Q/mem_reg[238][2]
  Impl DFF        imp:/WORK/zigbee_phy_tx/u_sm_ram_Q/mem_reg[238][2]

  Ref  DFF        ref:/WORK/zigbee_phy_tx/u_sm_ram_Q/mem_reg[238][3]
  Impl DFF        imp:/WORK/zigbee_phy_tx/u_sm_ram_Q/mem_reg[238][3]

  Ref  DFF        ref:/WORK/zigbee_phy_tx/u_sm_ram_Q/mem_reg[239][0]
  Impl DFF        imp:/WORK/zigbee_phy_tx/u_sm_ram_Q/mem_reg[239][0]

  Ref  DFF        ref:/WORK/zigbee_phy_tx/u_sm_ram_Q/mem_reg[239][1]
  Impl DFF        imp:/WORK/zigbee_phy_tx/u_sm_ram_Q/mem_reg[239][1]

  Ref  DFF        ref:/WORK/zigbee_phy_tx/u_sm_ram_Q/mem_reg[239][2]
  Impl DFF        imp:/WORK/zigbee_phy_tx/u_sm_ram_Q/mem_reg[239][2]

  Ref  DFF        ref:/WORK/zigbee_phy_tx/u_sm_ram_Q/mem_reg[239][3]
  Impl DFF        imp:/WORK/zigbee_phy_tx/u_sm_ram_Q/mem_reg[239][3]

  Ref  DFF        ref:/WORK/zigbee_phy_tx/u_sm_ram_Q/mem_reg[23][0]
  Impl DFF        imp:/WORK/zigbee_phy_tx/u_sm_ram_Q/mem_reg[23][0]

  Ref  DFF        ref:/WORK/zigbee_phy_tx/u_sm_ram_Q/mem_reg[23][1]
  Impl DFF        imp:/WORK/zigbee_phy_tx/u_sm_ram_Q/mem_reg[23][1]

  Ref  DFF        ref:/WORK/zigbee_phy_tx/u_sm_ram_Q/mem_reg[23][2]
  Impl DFF        imp:/WORK/zigbee_phy_tx/u_sm_ram_Q/mem_reg[23][2]

  Ref  DFF        ref:/WORK/zigbee_phy_tx/u_sm_ram_Q/mem_reg[23][3]
  Impl DFF        imp:/WORK/zigbee_phy_tx/u_sm_ram_Q/mem_reg[23][3]

  Ref  DFF        ref:/WORK/zigbee_phy_tx/u_sm_ram_Q/mem_reg[240][0]
  Impl DFF        imp:/WORK/zigbee_phy_tx/u_sm_ram_Q/mem_reg[240][0]

  Ref  DFF        ref:/WORK/zigbee_phy_tx/u_sm_ram_Q/mem_reg[240][1]
  Impl DFF        imp:/WORK/zigbee_phy_tx/u_sm_ram_Q/mem_reg[240][1]

  Ref  DFF        ref:/WORK/zigbee_phy_tx/u_sm_ram_Q/mem_reg[240][2]
  Impl DFF        imp:/WORK/zigbee_phy_tx/u_sm_ram_Q/mem_reg[240][2]

  Ref  DFF        ref:/WORK/zigbee_phy_tx/u_sm_ram_Q/mem_reg[240][3]
  Impl DFF        imp:/WORK/zigbee_phy_tx/u_sm_ram_Q/mem_reg[240][3]

  Ref  DFF        ref:/WORK/zigbee_phy_tx/u_sm_ram_Q/mem_reg[241][0]
  Impl DFF        imp:/WORK/zigbee_phy_tx/u_sm_ram_Q/mem_reg[241][0]

  Ref  DFF        ref:/WORK/zigbee_phy_tx/u_sm_ram_Q/mem_reg[241][1]
  Impl DFF        imp:/WORK/zigbee_phy_tx/u_sm_ram_Q/mem_reg[241][1]

  Ref  DFF        ref:/WORK/zigbee_phy_tx/u_sm_ram_Q/mem_reg[241][2]
  Impl DFF        imp:/WORK/zigbee_phy_tx/u_sm_ram_Q/mem_reg[241][2]

  Ref  DFF        ref:/WORK/zigbee_phy_tx/u_sm_ram_Q/mem_reg[241][3]
  Impl DFF        imp:/WORK/zigbee_phy_tx/u_sm_ram_Q/mem_reg[241][3]

  Ref  DFF        ref:/WORK/zigbee_phy_tx/u_sm_ram_Q/mem_reg[242][0]
  Impl DFF        imp:/WORK/zigbee_phy_tx/u_sm_ram_Q/mem_reg[242][0]

  Ref  DFF        ref:/WORK/zigbee_phy_tx/u_sm_ram_Q/mem_reg[242][1]
  Impl DFF        imp:/WORK/zigbee_phy_tx/u_sm_ram_Q/mem_reg[242][1]

  Ref  DFF        ref:/WORK/zigbee_phy_tx/u_sm_ram_Q/mem_reg[242][2]
  Impl DFF        imp:/WORK/zigbee_phy_tx/u_sm_ram_Q/mem_reg[242][2]

  Ref  DFF        ref:/WORK/zigbee_phy_tx/u_sm_ram_Q/mem_reg[242][3]
  Impl DFF        imp:/WORK/zigbee_phy_tx/u_sm_ram_Q/mem_reg[242][3]

  Ref  DFF        ref:/WORK/zigbee_phy_tx/u_sm_ram_Q/mem_reg[243][0]
  Impl DFF        imp:/WORK/zigbee_phy_tx/u_sm_ram_Q/mem_reg[243][0]

  Ref  DFF        ref:/WORK/zigbee_phy_tx/u_sm_ram_Q/mem_reg[243][1]
  Impl DFF        imp:/WORK/zigbee_phy_tx/u_sm_ram_Q/mem_reg[243][1]

  Ref  DFF        ref:/WORK/zigbee_phy_tx/u_sm_ram_Q/mem_reg[243][2]
  Impl DFF        imp:/WORK/zigbee_phy_tx/u_sm_ram_Q/mem_reg[243][2]

  Ref  DFF        ref:/WORK/zigbee_phy_tx/u_sm_ram_Q/mem_reg[243][3]
  Impl DFF        imp:/WORK/zigbee_phy_tx/u_sm_ram_Q/mem_reg[243][3]

  Ref  DFF        ref:/WORK/zigbee_phy_tx/u_sm_ram_Q/mem_reg[244][0]
  Impl DFF        imp:/WORK/zigbee_phy_tx/u_sm_ram_Q/mem_reg[244][0]

  Ref  DFF        ref:/WORK/zigbee_phy_tx/u_sm_ram_Q/mem_reg[244][1]
  Impl DFF        imp:/WORK/zigbee_phy_tx/u_sm_ram_Q/mem_reg[244][1]

  Ref  DFF        ref:/WORK/zigbee_phy_tx/u_sm_ram_Q/mem_reg[244][2]
  Impl DFF        imp:/WORK/zigbee_phy_tx/u_sm_ram_Q/mem_reg[244][2]

  Ref  DFF        ref:/WORK/zigbee_phy_tx/u_sm_ram_Q/mem_reg[244][3]
  Impl DFF        imp:/WORK/zigbee_phy_tx/u_sm_ram_Q/mem_reg[244][3]

  Ref  DFF        ref:/WORK/zigbee_phy_tx/u_sm_ram_Q/mem_reg[245][0]
  Impl DFF        imp:/WORK/zigbee_phy_tx/u_sm_ram_Q/mem_reg[245][0]

  Ref  DFF        ref:/WORK/zigbee_phy_tx/u_sm_ram_Q/mem_reg[245][1]
  Impl DFF        imp:/WORK/zigbee_phy_tx/u_sm_ram_Q/mem_reg[245][1]

  Ref  DFF        ref:/WORK/zigbee_phy_tx/u_sm_ram_Q/mem_reg[245][2]
  Impl DFF        imp:/WORK/zigbee_phy_tx/u_sm_ram_Q/mem_reg[245][2]

  Ref  DFF        ref:/WORK/zigbee_phy_tx/u_sm_ram_Q/mem_reg[245][3]
  Impl DFF        imp:/WORK/zigbee_phy_tx/u_sm_ram_Q/mem_reg[245][3]

  Ref  DFF        ref:/WORK/zigbee_phy_tx/u_sm_ram_Q/mem_reg[246][0]
  Impl DFF        imp:/WORK/zigbee_phy_tx/u_sm_ram_Q/mem_reg[246][0]

  Ref  DFF        ref:/WORK/zigbee_phy_tx/u_sm_ram_Q/mem_reg[246][1]
  Impl DFF        imp:/WORK/zigbee_phy_tx/u_sm_ram_Q/mem_reg[246][1]

  Ref  DFF        ref:/WORK/zigbee_phy_tx/u_sm_ram_Q/mem_reg[246][2]
  Impl DFF        imp:/WORK/zigbee_phy_tx/u_sm_ram_Q/mem_reg[246][2]

  Ref  DFF        ref:/WORK/zigbee_phy_tx/u_sm_ram_Q/mem_reg[246][3]
  Impl DFF        imp:/WORK/zigbee_phy_tx/u_sm_ram_Q/mem_reg[246][3]

  Ref  DFF        ref:/WORK/zigbee_phy_tx/u_sm_ram_Q/mem_reg[247][0]
  Impl DFF        imp:/WORK/zigbee_phy_tx/u_sm_ram_Q/mem_reg[247][0]

  Ref  DFF        ref:/WORK/zigbee_phy_tx/u_sm_ram_Q/mem_reg[247][1]
  Impl DFF        imp:/WORK/zigbee_phy_tx/u_sm_ram_Q/mem_reg[247][1]

  Ref  DFF        ref:/WORK/zigbee_phy_tx/u_sm_ram_Q/mem_reg[247][2]
  Impl DFF        imp:/WORK/zigbee_phy_tx/u_sm_ram_Q/mem_reg[247][2]

  Ref  DFF        ref:/WORK/zigbee_phy_tx/u_sm_ram_Q/mem_reg[247][3]
  Impl DFF        imp:/WORK/zigbee_phy_tx/u_sm_ram_Q/mem_reg[247][3]

  Ref  DFF        ref:/WORK/zigbee_phy_tx/u_sm_ram_Q/mem_reg[248][0]
  Impl DFF        imp:/WORK/zigbee_phy_tx/u_sm_ram_Q/mem_reg[248][0]

  Ref  DFF        ref:/WORK/zigbee_phy_tx/u_sm_ram_Q/mem_reg[248][1]
  Impl DFF        imp:/WORK/zigbee_phy_tx/u_sm_ram_Q/mem_reg[248][1]

  Ref  DFF        ref:/WORK/zigbee_phy_tx/u_sm_ram_Q/mem_reg[248][2]
  Impl DFF        imp:/WORK/zigbee_phy_tx/u_sm_ram_Q/mem_reg[248][2]

  Ref  DFF        ref:/WORK/zigbee_phy_tx/u_sm_ram_Q/mem_reg[248][3]
  Impl DFF        imp:/WORK/zigbee_phy_tx/u_sm_ram_Q/mem_reg[248][3]

  Ref  DFF        ref:/WORK/zigbee_phy_tx/u_sm_ram_Q/mem_reg[249][0]
  Impl DFF        imp:/WORK/zigbee_phy_tx/u_sm_ram_Q/mem_reg[249][0]

  Ref  DFF        ref:/WORK/zigbee_phy_tx/u_sm_ram_Q/mem_reg[249][1]
  Impl DFF        imp:/WORK/zigbee_phy_tx/u_sm_ram_Q/mem_reg[249][1]

  Ref  DFF        ref:/WORK/zigbee_phy_tx/u_sm_ram_Q/mem_reg[249][2]
  Impl DFF        imp:/WORK/zigbee_phy_tx/u_sm_ram_Q/mem_reg[249][2]

  Ref  DFF        ref:/WORK/zigbee_phy_tx/u_sm_ram_Q/mem_reg[249][3]
  Impl DFF        imp:/WORK/zigbee_phy_tx/u_sm_ram_Q/mem_reg[249][3]

  Ref  DFF        ref:/WORK/zigbee_phy_tx/u_sm_ram_Q/mem_reg[24][0]
  Impl DFF        imp:/WORK/zigbee_phy_tx/u_sm_ram_Q/mem_reg[24][0]

  Ref  DFF        ref:/WORK/zigbee_phy_tx/u_sm_ram_Q/mem_reg[24][1]
  Impl DFF        imp:/WORK/zigbee_phy_tx/u_sm_ram_Q/mem_reg[24][1]

  Ref  DFF        ref:/WORK/zigbee_phy_tx/u_sm_ram_Q/mem_reg[24][2]
  Impl DFF        imp:/WORK/zigbee_phy_tx/u_sm_ram_Q/mem_reg[24][2]

  Ref  DFF        ref:/WORK/zigbee_phy_tx/u_sm_ram_Q/mem_reg[24][3]
  Impl DFF        imp:/WORK/zigbee_phy_tx/u_sm_ram_Q/mem_reg[24][3]

  Ref  DFF        ref:/WORK/zigbee_phy_tx/u_sm_ram_Q/mem_reg[250][0]
  Impl DFF        imp:/WORK/zigbee_phy_tx/u_sm_ram_Q/mem_reg[250][0]

  Ref  DFF        ref:/WORK/zigbee_phy_tx/u_sm_ram_Q/mem_reg[250][1]
  Impl DFF        imp:/WORK/zigbee_phy_tx/u_sm_ram_Q/mem_reg[250][1]

  Ref  DFF        ref:/WORK/zigbee_phy_tx/u_sm_ram_Q/mem_reg[250][2]
  Impl DFF        imp:/WORK/zigbee_phy_tx/u_sm_ram_Q/mem_reg[250][2]

  Ref  DFF        ref:/WORK/zigbee_phy_tx/u_sm_ram_Q/mem_reg[250][3]
  Impl DFF        imp:/WORK/zigbee_phy_tx/u_sm_ram_Q/mem_reg[250][3]

  Ref  DFF        ref:/WORK/zigbee_phy_tx/u_sm_ram_Q/mem_reg[251][0]
  Impl DFF        imp:/WORK/zigbee_phy_tx/u_sm_ram_Q/mem_reg[251][0]

  Ref  DFF        ref:/WORK/zigbee_phy_tx/u_sm_ram_Q/mem_reg[251][1]
  Impl DFF        imp:/WORK/zigbee_phy_tx/u_sm_ram_Q/mem_reg[251][1]

  Ref  DFF        ref:/WORK/zigbee_phy_tx/u_sm_ram_Q/mem_reg[251][2]
  Impl DFF        imp:/WORK/zigbee_phy_tx/u_sm_ram_Q/mem_reg[251][2]

  Ref  DFF        ref:/WORK/zigbee_phy_tx/u_sm_ram_Q/mem_reg[251][3]
  Impl DFF        imp:/WORK/zigbee_phy_tx/u_sm_ram_Q/mem_reg[251][3]

  Ref  DFF        ref:/WORK/zigbee_phy_tx/u_sm_ram_Q/mem_reg[252][0]
  Impl DFF        imp:/WORK/zigbee_phy_tx/u_sm_ram_Q/mem_reg[252][0]

  Ref  DFF        ref:/WORK/zigbee_phy_tx/u_sm_ram_Q/mem_reg[252][1]
  Impl DFF        imp:/WORK/zigbee_phy_tx/u_sm_ram_Q/mem_reg[252][1]

  Ref  DFF        ref:/WORK/zigbee_phy_tx/u_sm_ram_Q/mem_reg[252][2]
  Impl DFF        imp:/WORK/zigbee_phy_tx/u_sm_ram_Q/mem_reg[252][2]

  Ref  DFF        ref:/WORK/zigbee_phy_tx/u_sm_ram_Q/mem_reg[252][3]
  Impl DFF        imp:/WORK/zigbee_phy_tx/u_sm_ram_Q/mem_reg[252][3]

  Ref  DFF        ref:/WORK/zigbee_phy_tx/u_sm_ram_Q/mem_reg[253][0]
  Impl DFF        imp:/WORK/zigbee_phy_tx/u_sm_ram_Q/mem_reg[253][0]

  Ref  DFF        ref:/WORK/zigbee_phy_tx/u_sm_ram_Q/mem_reg[253][1]
  Impl DFF        imp:/WORK/zigbee_phy_tx/u_sm_ram_Q/mem_reg[253][1]

  Ref  DFF        ref:/WORK/zigbee_phy_tx/u_sm_ram_Q/mem_reg[253][2]
  Impl DFF        imp:/WORK/zigbee_phy_tx/u_sm_ram_Q/mem_reg[253][2]

  Ref  DFF        ref:/WORK/zigbee_phy_tx/u_sm_ram_Q/mem_reg[253][3]
  Impl DFF        imp:/WORK/zigbee_phy_tx/u_sm_ram_Q/mem_reg[253][3]

  Ref  DFF        ref:/WORK/zigbee_phy_tx/u_sm_ram_Q/mem_reg[254][0]
  Impl DFF        imp:/WORK/zigbee_phy_tx/u_sm_ram_Q/mem_reg[254][0]

  Ref  DFF        ref:/WORK/zigbee_phy_tx/u_sm_ram_Q/mem_reg[254][1]
  Impl DFF        imp:/WORK/zigbee_phy_tx/u_sm_ram_Q/mem_reg[254][1]

  Ref  DFF        ref:/WORK/zigbee_phy_tx/u_sm_ram_Q/mem_reg[254][2]
  Impl DFF        imp:/WORK/zigbee_phy_tx/u_sm_ram_Q/mem_reg[254][2]

  Ref  DFF        ref:/WORK/zigbee_phy_tx/u_sm_ram_Q/mem_reg[254][3]
  Impl DFF        imp:/WORK/zigbee_phy_tx/u_sm_ram_Q/mem_reg[254][3]

  Ref  DFF        ref:/WORK/zigbee_phy_tx/u_sm_ram_Q/mem_reg[255][0]
  Impl DFF        imp:/WORK/zigbee_phy_tx/u_sm_ram_Q/mem_reg[255][0]

  Ref  DFF        ref:/WORK/zigbee_phy_tx/u_sm_ram_Q/mem_reg[255][1]
  Impl DFF        imp:/WORK/zigbee_phy_tx/u_sm_ram_Q/mem_reg[255][1]

  Ref  DFF        ref:/WORK/zigbee_phy_tx/u_sm_ram_Q/mem_reg[255][2]
  Impl DFF        imp:/WORK/zigbee_phy_tx/u_sm_ram_Q/mem_reg[255][2]

  Ref  DFF        ref:/WORK/zigbee_phy_tx/u_sm_ram_Q/mem_reg[255][3]
  Impl DFF        imp:/WORK/zigbee_phy_tx/u_sm_ram_Q/mem_reg[255][3]

  Ref  DFF        ref:/WORK/zigbee_phy_tx/u_sm_ram_Q/mem_reg[25][0]
  Impl DFF        imp:/WORK/zigbee_phy_tx/u_sm_ram_Q/mem_reg[25][0]

  Ref  DFF        ref:/WORK/zigbee_phy_tx/u_sm_ram_Q/mem_reg[25][1]
  Impl DFF        imp:/WORK/zigbee_phy_tx/u_sm_ram_Q/mem_reg[25][1]

  Ref  DFF        ref:/WORK/zigbee_phy_tx/u_sm_ram_Q/mem_reg[25][2]
  Impl DFF        imp:/WORK/zigbee_phy_tx/u_sm_ram_Q/mem_reg[25][2]

  Ref  DFF        ref:/WORK/zigbee_phy_tx/u_sm_ram_Q/mem_reg[25][3]
  Impl DFF        imp:/WORK/zigbee_phy_tx/u_sm_ram_Q/mem_reg[25][3]

  Ref  DFF        ref:/WORK/zigbee_phy_tx/u_sm_ram_Q/mem_reg[26][0]
  Impl DFF        imp:/WORK/zigbee_phy_tx/u_sm_ram_Q/mem_reg[26][0]

  Ref  DFF        ref:/WORK/zigbee_phy_tx/u_sm_ram_Q/mem_reg[26][1]
  Impl DFF        imp:/WORK/zigbee_phy_tx/u_sm_ram_Q/mem_reg[26][1]

  Ref  DFF        ref:/WORK/zigbee_phy_tx/u_sm_ram_Q/mem_reg[26][2]
  Impl DFF        imp:/WORK/zigbee_phy_tx/u_sm_ram_Q/mem_reg[26][2]

  Ref  DFF        ref:/WORK/zigbee_phy_tx/u_sm_ram_Q/mem_reg[26][3]
  Impl DFF        imp:/WORK/zigbee_phy_tx/u_sm_ram_Q/mem_reg[26][3]

  Ref  DFF        ref:/WORK/zigbee_phy_tx/u_sm_ram_Q/mem_reg[27][0]
  Impl DFF        imp:/WORK/zigbee_phy_tx/u_sm_ram_Q/mem_reg[27][0]

  Ref  DFF        ref:/WORK/zigbee_phy_tx/u_sm_ram_Q/mem_reg[27][1]
  Impl DFF        imp:/WORK/zigbee_phy_tx/u_sm_ram_Q/mem_reg[27][1]

  Ref  DFF        ref:/WORK/zigbee_phy_tx/u_sm_ram_Q/mem_reg[27][2]
  Impl DFF        imp:/WORK/zigbee_phy_tx/u_sm_ram_Q/mem_reg[27][2]

  Ref  DFF        ref:/WORK/zigbee_phy_tx/u_sm_ram_Q/mem_reg[27][3]
  Impl DFF        imp:/WORK/zigbee_phy_tx/u_sm_ram_Q/mem_reg[27][3]

  Ref  DFF        ref:/WORK/zigbee_phy_tx/u_sm_ram_Q/mem_reg[28][0]
  Impl DFF        imp:/WORK/zigbee_phy_tx/u_sm_ram_Q/mem_reg[28][0]

  Ref  DFF        ref:/WORK/zigbee_phy_tx/u_sm_ram_Q/mem_reg[28][1]
  Impl DFF        imp:/WORK/zigbee_phy_tx/u_sm_ram_Q/mem_reg[28][1]

  Ref  DFF        ref:/WORK/zigbee_phy_tx/u_sm_ram_Q/mem_reg[28][2]
  Impl DFF        imp:/WORK/zigbee_phy_tx/u_sm_ram_Q/mem_reg[28][2]

  Ref  DFF        ref:/WORK/zigbee_phy_tx/u_sm_ram_Q/mem_reg[28][3]
  Impl DFF        imp:/WORK/zigbee_phy_tx/u_sm_ram_Q/mem_reg[28][3]

  Ref  DFF        ref:/WORK/zigbee_phy_tx/u_sm_ram_Q/mem_reg[29][0]
  Impl DFF        imp:/WORK/zigbee_phy_tx/u_sm_ram_Q/mem_reg[29][0]

  Ref  DFF        ref:/WORK/zigbee_phy_tx/u_sm_ram_Q/mem_reg[29][1]
  Impl DFF        imp:/WORK/zigbee_phy_tx/u_sm_ram_Q/mem_reg[29][1]

  Ref  DFF        ref:/WORK/zigbee_phy_tx/u_sm_ram_Q/mem_reg[29][2]
  Impl DFF        imp:/WORK/zigbee_phy_tx/u_sm_ram_Q/mem_reg[29][2]

  Ref  DFF        ref:/WORK/zigbee_phy_tx/u_sm_ram_Q/mem_reg[29][3]
  Impl DFF        imp:/WORK/zigbee_phy_tx/u_sm_ram_Q/mem_reg[29][3]

  Ref  DFF        ref:/WORK/zigbee_phy_tx/u_sm_ram_Q/mem_reg[2][0]
  Impl DFF        imp:/WORK/zigbee_phy_tx/u_sm_ram_Q/mem_reg[2][0]

  Ref  DFF        ref:/WORK/zigbee_phy_tx/u_sm_ram_Q/mem_reg[2][1]
  Impl DFF        imp:/WORK/zigbee_phy_tx/u_sm_ram_Q/mem_reg[2][1]

  Ref  DFF        ref:/WORK/zigbee_phy_tx/u_sm_ram_Q/mem_reg[2][2]
  Impl DFF        imp:/WORK/zigbee_phy_tx/u_sm_ram_Q/mem_reg[2][2]

  Ref  DFF        ref:/WORK/zigbee_phy_tx/u_sm_ram_Q/mem_reg[2][3]
  Impl DFF        imp:/WORK/zigbee_phy_tx/u_sm_ram_Q/mem_reg[2][3]

  Ref  DFF        ref:/WORK/zigbee_phy_tx/u_sm_ram_Q/mem_reg[30][0]
  Impl DFF        imp:/WORK/zigbee_phy_tx/u_sm_ram_Q/mem_reg[30][0]

  Ref  DFF        ref:/WORK/zigbee_phy_tx/u_sm_ram_Q/mem_reg[30][1]
  Impl DFF        imp:/WORK/zigbee_phy_tx/u_sm_ram_Q/mem_reg[30][1]

  Ref  DFF        ref:/WORK/zigbee_phy_tx/u_sm_ram_Q/mem_reg[30][2]
  Impl DFF        imp:/WORK/zigbee_phy_tx/u_sm_ram_Q/mem_reg[30][2]

  Ref  DFF        ref:/WORK/zigbee_phy_tx/u_sm_ram_Q/mem_reg[30][3]
  Impl DFF        imp:/WORK/zigbee_phy_tx/u_sm_ram_Q/mem_reg[30][3]

  Ref  DFF        ref:/WORK/zigbee_phy_tx/u_sm_ram_Q/mem_reg[31][0]
  Impl DFF        imp:/WORK/zigbee_phy_tx/u_sm_ram_Q/mem_reg[31][0]

  Ref  DFF        ref:/WORK/zigbee_phy_tx/u_sm_ram_Q/mem_reg[31][1]
  Impl DFF        imp:/WORK/zigbee_phy_tx/u_sm_ram_Q/mem_reg[31][1]

  Ref  DFF        ref:/WORK/zigbee_phy_tx/u_sm_ram_Q/mem_reg[31][2]
  Impl DFF        imp:/WORK/zigbee_phy_tx/u_sm_ram_Q/mem_reg[31][2]

  Ref  DFF        ref:/WORK/zigbee_phy_tx/u_sm_ram_Q/mem_reg[31][3]
  Impl DFF        imp:/WORK/zigbee_phy_tx/u_sm_ram_Q/mem_reg[31][3]

  Ref  DFF        ref:/WORK/zigbee_phy_tx/u_sm_ram_Q/mem_reg[32][0]
  Impl DFF        imp:/WORK/zigbee_phy_tx/u_sm_ram_Q/mem_reg[32][0]

  Ref  DFF        ref:/WORK/zigbee_phy_tx/u_sm_ram_Q/mem_reg[32][1]
  Impl DFF        imp:/WORK/zigbee_phy_tx/u_sm_ram_Q/mem_reg[32][1]

  Ref  DFF        ref:/WORK/zigbee_phy_tx/u_sm_ram_Q/mem_reg[32][2]
  Impl DFF        imp:/WORK/zigbee_phy_tx/u_sm_ram_Q/mem_reg[32][2]

  Ref  DFF        ref:/WORK/zigbee_phy_tx/u_sm_ram_Q/mem_reg[32][3]
  Impl DFF        imp:/WORK/zigbee_phy_tx/u_sm_ram_Q/mem_reg[32][3]

  Ref  DFF        ref:/WORK/zigbee_phy_tx/u_sm_ram_Q/mem_reg[33][0]
  Impl DFF        imp:/WORK/zigbee_phy_tx/u_sm_ram_Q/mem_reg[33][0]

  Ref  DFF        ref:/WORK/zigbee_phy_tx/u_sm_ram_Q/mem_reg[33][1]
  Impl DFF        imp:/WORK/zigbee_phy_tx/u_sm_ram_Q/mem_reg[33][1]

  Ref  DFF        ref:/WORK/zigbee_phy_tx/u_sm_ram_Q/mem_reg[33][2]
  Impl DFF        imp:/WORK/zigbee_phy_tx/u_sm_ram_Q/mem_reg[33][2]

  Ref  DFF        ref:/WORK/zigbee_phy_tx/u_sm_ram_Q/mem_reg[33][3]
  Impl DFF        imp:/WORK/zigbee_phy_tx/u_sm_ram_Q/mem_reg[33][3]

  Ref  DFF        ref:/WORK/zigbee_phy_tx/u_sm_ram_Q/mem_reg[34][0]
  Impl DFF        imp:/WORK/zigbee_phy_tx/u_sm_ram_Q/mem_reg[34][0]

  Ref  DFF        ref:/WORK/zigbee_phy_tx/u_sm_ram_Q/mem_reg[34][1]
  Impl DFF        imp:/WORK/zigbee_phy_tx/u_sm_ram_Q/mem_reg[34][1]

  Ref  DFF        ref:/WORK/zigbee_phy_tx/u_sm_ram_Q/mem_reg[34][2]
  Impl DFF        imp:/WORK/zigbee_phy_tx/u_sm_ram_Q/mem_reg[34][2]

  Ref  DFF        ref:/WORK/zigbee_phy_tx/u_sm_ram_Q/mem_reg[34][3]
  Impl DFF        imp:/WORK/zigbee_phy_tx/u_sm_ram_Q/mem_reg[34][3]

  Ref  DFF        ref:/WORK/zigbee_phy_tx/u_sm_ram_Q/mem_reg[35][0]
  Impl DFF        imp:/WORK/zigbee_phy_tx/u_sm_ram_Q/mem_reg[35][0]

  Ref  DFF        ref:/WORK/zigbee_phy_tx/u_sm_ram_Q/mem_reg[35][1]
  Impl DFF        imp:/WORK/zigbee_phy_tx/u_sm_ram_Q/mem_reg[35][1]

  Ref  DFF        ref:/WORK/zigbee_phy_tx/u_sm_ram_Q/mem_reg[35][2]
  Impl DFF        imp:/WORK/zigbee_phy_tx/u_sm_ram_Q/mem_reg[35][2]

  Ref  DFF        ref:/WORK/zigbee_phy_tx/u_sm_ram_Q/mem_reg[35][3]
  Impl DFF        imp:/WORK/zigbee_phy_tx/u_sm_ram_Q/mem_reg[35][3]

  Ref  DFF        ref:/WORK/zigbee_phy_tx/u_sm_ram_Q/mem_reg[36][0]
  Impl DFF        imp:/WORK/zigbee_phy_tx/u_sm_ram_Q/mem_reg[36][0]

  Ref  DFF        ref:/WORK/zigbee_phy_tx/u_sm_ram_Q/mem_reg[36][1]
  Impl DFF        imp:/WORK/zigbee_phy_tx/u_sm_ram_Q/mem_reg[36][1]

  Ref  DFF        ref:/WORK/zigbee_phy_tx/u_sm_ram_Q/mem_reg[36][2]
  Impl DFF        imp:/WORK/zigbee_phy_tx/u_sm_ram_Q/mem_reg[36][2]

  Ref  DFF        ref:/WORK/zigbee_phy_tx/u_sm_ram_Q/mem_reg[36][3]
  Impl DFF        imp:/WORK/zigbee_phy_tx/u_sm_ram_Q/mem_reg[36][3]

  Ref  DFF        ref:/WORK/zigbee_phy_tx/u_sm_ram_Q/mem_reg[37][0]
  Impl DFF        imp:/WORK/zigbee_phy_tx/u_sm_ram_Q/mem_reg[37][0]

  Ref  DFF        ref:/WORK/zigbee_phy_tx/u_sm_ram_Q/mem_reg[37][1]
  Impl DFF        imp:/WORK/zigbee_phy_tx/u_sm_ram_Q/mem_reg[37][1]

  Ref  DFF        ref:/WORK/zigbee_phy_tx/u_sm_ram_Q/mem_reg[37][2]
  Impl DFF        imp:/WORK/zigbee_phy_tx/u_sm_ram_Q/mem_reg[37][2]

  Ref  DFF        ref:/WORK/zigbee_phy_tx/u_sm_ram_Q/mem_reg[37][3]
  Impl DFF        imp:/WORK/zigbee_phy_tx/u_sm_ram_Q/mem_reg[37][3]

  Ref  DFF        ref:/WORK/zigbee_phy_tx/u_sm_ram_Q/mem_reg[38][0]
  Impl DFF        imp:/WORK/zigbee_phy_tx/u_sm_ram_Q/mem_reg[38][0]

  Ref  DFF        ref:/WORK/zigbee_phy_tx/u_sm_ram_Q/mem_reg[38][1]
  Impl DFF        imp:/WORK/zigbee_phy_tx/u_sm_ram_Q/mem_reg[38][1]

  Ref  DFF        ref:/WORK/zigbee_phy_tx/u_sm_ram_Q/mem_reg[38][2]
  Impl DFF        imp:/WORK/zigbee_phy_tx/u_sm_ram_Q/mem_reg[38][2]

  Ref  DFF        ref:/WORK/zigbee_phy_tx/u_sm_ram_Q/mem_reg[38][3]
  Impl DFF        imp:/WORK/zigbee_phy_tx/u_sm_ram_Q/mem_reg[38][3]

  Ref  DFF        ref:/WORK/zigbee_phy_tx/u_sm_ram_Q/mem_reg[39][0]
  Impl DFF        imp:/WORK/zigbee_phy_tx/u_sm_ram_Q/mem_reg[39][0]

  Ref  DFF        ref:/WORK/zigbee_phy_tx/u_sm_ram_Q/mem_reg[39][1]
  Impl DFF        imp:/WORK/zigbee_phy_tx/u_sm_ram_Q/mem_reg[39][1]

  Ref  DFF        ref:/WORK/zigbee_phy_tx/u_sm_ram_Q/mem_reg[39][2]
  Impl DFF        imp:/WORK/zigbee_phy_tx/u_sm_ram_Q/mem_reg[39][2]

  Ref  DFF        ref:/WORK/zigbee_phy_tx/u_sm_ram_Q/mem_reg[39][3]
  Impl DFF        imp:/WORK/zigbee_phy_tx/u_sm_ram_Q/mem_reg[39][3]

  Ref  DFF        ref:/WORK/zigbee_phy_tx/u_sm_ram_Q/mem_reg[3][0]
  Impl DFF        imp:/WORK/zigbee_phy_tx/u_sm_ram_Q/mem_reg[3][0]

  Ref  DFF        ref:/WORK/zigbee_phy_tx/u_sm_ram_Q/mem_reg[3][1]
  Impl DFF        imp:/WORK/zigbee_phy_tx/u_sm_ram_Q/mem_reg[3][1]

  Ref  DFF        ref:/WORK/zigbee_phy_tx/u_sm_ram_Q/mem_reg[3][2]
  Impl DFF        imp:/WORK/zigbee_phy_tx/u_sm_ram_Q/mem_reg[3][2]

  Ref  DFF        ref:/WORK/zigbee_phy_tx/u_sm_ram_Q/mem_reg[3][3]
  Impl DFF        imp:/WORK/zigbee_phy_tx/u_sm_ram_Q/mem_reg[3][3]

  Ref  DFF        ref:/WORK/zigbee_phy_tx/u_sm_ram_Q/mem_reg[40][0]
  Impl DFF        imp:/WORK/zigbee_phy_tx/u_sm_ram_Q/mem_reg[40][0]

  Ref  DFF        ref:/WORK/zigbee_phy_tx/u_sm_ram_Q/mem_reg[40][1]
  Impl DFF        imp:/WORK/zigbee_phy_tx/u_sm_ram_Q/mem_reg[40][1]

  Ref  DFF        ref:/WORK/zigbee_phy_tx/u_sm_ram_Q/mem_reg[40][2]
  Impl DFF        imp:/WORK/zigbee_phy_tx/u_sm_ram_Q/mem_reg[40][2]

  Ref  DFF        ref:/WORK/zigbee_phy_tx/u_sm_ram_Q/mem_reg[40][3]
  Impl DFF        imp:/WORK/zigbee_phy_tx/u_sm_ram_Q/mem_reg[40][3]

  Ref  DFF        ref:/WORK/zigbee_phy_tx/u_sm_ram_Q/mem_reg[41][0]
  Impl DFF        imp:/WORK/zigbee_phy_tx/u_sm_ram_Q/mem_reg[41][0]

  Ref  DFF        ref:/WORK/zigbee_phy_tx/u_sm_ram_Q/mem_reg[41][1]
  Impl DFF        imp:/WORK/zigbee_phy_tx/u_sm_ram_Q/mem_reg[41][1]

  Ref  DFF        ref:/WORK/zigbee_phy_tx/u_sm_ram_Q/mem_reg[41][2]
  Impl DFF        imp:/WORK/zigbee_phy_tx/u_sm_ram_Q/mem_reg[41][2]

  Ref  DFF        ref:/WORK/zigbee_phy_tx/u_sm_ram_Q/mem_reg[41][3]
  Impl DFF        imp:/WORK/zigbee_phy_tx/u_sm_ram_Q/mem_reg[41][3]

  Ref  DFF        ref:/WORK/zigbee_phy_tx/u_sm_ram_Q/mem_reg[42][0]
  Impl DFF        imp:/WORK/zigbee_phy_tx/u_sm_ram_Q/mem_reg[42][0]

  Ref  DFF        ref:/WORK/zigbee_phy_tx/u_sm_ram_Q/mem_reg[42][1]
  Impl DFF        imp:/WORK/zigbee_phy_tx/u_sm_ram_Q/mem_reg[42][1]

  Ref  DFF        ref:/WORK/zigbee_phy_tx/u_sm_ram_Q/mem_reg[42][2]
  Impl DFF        imp:/WORK/zigbee_phy_tx/u_sm_ram_Q/mem_reg[42][2]

  Ref  DFF        ref:/WORK/zigbee_phy_tx/u_sm_ram_Q/mem_reg[42][3]
  Impl DFF        imp:/WORK/zigbee_phy_tx/u_sm_ram_Q/mem_reg[42][3]

  Ref  DFF        ref:/WORK/zigbee_phy_tx/u_sm_ram_Q/mem_reg[43][0]
  Impl DFF        imp:/WORK/zigbee_phy_tx/u_sm_ram_Q/mem_reg[43][0]

  Ref  DFF        ref:/WORK/zigbee_phy_tx/u_sm_ram_Q/mem_reg[43][1]
  Impl DFF        imp:/WORK/zigbee_phy_tx/u_sm_ram_Q/mem_reg[43][1]

  Ref  DFF        ref:/WORK/zigbee_phy_tx/u_sm_ram_Q/mem_reg[43][2]
  Impl DFF        imp:/WORK/zigbee_phy_tx/u_sm_ram_Q/mem_reg[43][2]

  Ref  DFF        ref:/WORK/zigbee_phy_tx/u_sm_ram_Q/mem_reg[43][3]
  Impl DFF        imp:/WORK/zigbee_phy_tx/u_sm_ram_Q/mem_reg[43][3]

  Ref  DFF        ref:/WORK/zigbee_phy_tx/u_sm_ram_Q/mem_reg[44][0]
  Impl DFF        imp:/WORK/zigbee_phy_tx/u_sm_ram_Q/mem_reg[44][0]

  Ref  DFF        ref:/WORK/zigbee_phy_tx/u_sm_ram_Q/mem_reg[44][1]
  Impl DFF        imp:/WORK/zigbee_phy_tx/u_sm_ram_Q/mem_reg[44][1]

  Ref  DFF        ref:/WORK/zigbee_phy_tx/u_sm_ram_Q/mem_reg[44][2]
  Impl DFF        imp:/WORK/zigbee_phy_tx/u_sm_ram_Q/mem_reg[44][2]

  Ref  DFF        ref:/WORK/zigbee_phy_tx/u_sm_ram_Q/mem_reg[44][3]
  Impl DFF        imp:/WORK/zigbee_phy_tx/u_sm_ram_Q/mem_reg[44][3]

  Ref  DFF        ref:/WORK/zigbee_phy_tx/u_sm_ram_Q/mem_reg[45][0]
  Impl DFF        imp:/WORK/zigbee_phy_tx/u_sm_ram_Q/mem_reg[45][0]

  Ref  DFF        ref:/WORK/zigbee_phy_tx/u_sm_ram_Q/mem_reg[45][1]
  Impl DFF        imp:/WORK/zigbee_phy_tx/u_sm_ram_Q/mem_reg[45][1]

  Ref  DFF        ref:/WORK/zigbee_phy_tx/u_sm_ram_Q/mem_reg[45][2]
  Impl DFF        imp:/WORK/zigbee_phy_tx/u_sm_ram_Q/mem_reg[45][2]

  Ref  DFF        ref:/WORK/zigbee_phy_tx/u_sm_ram_Q/mem_reg[45][3]
  Impl DFF        imp:/WORK/zigbee_phy_tx/u_sm_ram_Q/mem_reg[45][3]

  Ref  DFF        ref:/WORK/zigbee_phy_tx/u_sm_ram_Q/mem_reg[46][0]
  Impl DFF        imp:/WORK/zigbee_phy_tx/u_sm_ram_Q/mem_reg[46][0]

  Ref  DFF        ref:/WORK/zigbee_phy_tx/u_sm_ram_Q/mem_reg[46][1]
  Impl DFF        imp:/WORK/zigbee_phy_tx/u_sm_ram_Q/mem_reg[46][1]

  Ref  DFF        ref:/WORK/zigbee_phy_tx/u_sm_ram_Q/mem_reg[46][2]
  Impl DFF        imp:/WORK/zigbee_phy_tx/u_sm_ram_Q/mem_reg[46][2]

  Ref  DFF        ref:/WORK/zigbee_phy_tx/u_sm_ram_Q/mem_reg[46][3]
  Impl DFF        imp:/WORK/zigbee_phy_tx/u_sm_ram_Q/mem_reg[46][3]

  Ref  DFF        ref:/WORK/zigbee_phy_tx/u_sm_ram_Q/mem_reg[47][0]
  Impl DFF        imp:/WORK/zigbee_phy_tx/u_sm_ram_Q/mem_reg[47][0]

  Ref  DFF        ref:/WORK/zigbee_phy_tx/u_sm_ram_Q/mem_reg[47][1]
  Impl DFF        imp:/WORK/zigbee_phy_tx/u_sm_ram_Q/mem_reg[47][1]

  Ref  DFF        ref:/WORK/zigbee_phy_tx/u_sm_ram_Q/mem_reg[47][2]
  Impl DFF        imp:/WORK/zigbee_phy_tx/u_sm_ram_Q/mem_reg[47][2]

  Ref  DFF        ref:/WORK/zigbee_phy_tx/u_sm_ram_Q/mem_reg[47][3]
  Impl DFF        imp:/WORK/zigbee_phy_tx/u_sm_ram_Q/mem_reg[47][3]

  Ref  DFF        ref:/WORK/zigbee_phy_tx/u_sm_ram_Q/mem_reg[48][0]
  Impl DFF        imp:/WORK/zigbee_phy_tx/u_sm_ram_Q/mem_reg[48][0]

  Ref  DFF        ref:/WORK/zigbee_phy_tx/u_sm_ram_Q/mem_reg[48][1]
  Impl DFF        imp:/WORK/zigbee_phy_tx/u_sm_ram_Q/mem_reg[48][1]

  Ref  DFF        ref:/WORK/zigbee_phy_tx/u_sm_ram_Q/mem_reg[48][2]
  Impl DFF        imp:/WORK/zigbee_phy_tx/u_sm_ram_Q/mem_reg[48][2]

  Ref  DFF        ref:/WORK/zigbee_phy_tx/u_sm_ram_Q/mem_reg[48][3]
  Impl DFF        imp:/WORK/zigbee_phy_tx/u_sm_ram_Q/mem_reg[48][3]

  Ref  DFF        ref:/WORK/zigbee_phy_tx/u_sm_ram_Q/mem_reg[49][0]
  Impl DFF        imp:/WORK/zigbee_phy_tx/u_sm_ram_Q/mem_reg[49][0]

  Ref  DFF        ref:/WORK/zigbee_phy_tx/u_sm_ram_Q/mem_reg[49][1]
  Impl DFF        imp:/WORK/zigbee_phy_tx/u_sm_ram_Q/mem_reg[49][1]

  Ref  DFF        ref:/WORK/zigbee_phy_tx/u_sm_ram_Q/mem_reg[49][2]
  Impl DFF        imp:/WORK/zigbee_phy_tx/u_sm_ram_Q/mem_reg[49][2]

  Ref  DFF        ref:/WORK/zigbee_phy_tx/u_sm_ram_Q/mem_reg[49][3]
  Impl DFF        imp:/WORK/zigbee_phy_tx/u_sm_ram_Q/mem_reg[49][3]

  Ref  DFF        ref:/WORK/zigbee_phy_tx/u_sm_ram_Q/mem_reg[4][0]
  Impl DFF        imp:/WORK/zigbee_phy_tx/u_sm_ram_Q/mem_reg[4][0]

  Ref  DFF        ref:/WORK/zigbee_phy_tx/u_sm_ram_Q/mem_reg[4][1]
  Impl DFF        imp:/WORK/zigbee_phy_tx/u_sm_ram_Q/mem_reg[4][1]

  Ref  DFF        ref:/WORK/zigbee_phy_tx/u_sm_ram_Q/mem_reg[4][2]
  Impl DFF        imp:/WORK/zigbee_phy_tx/u_sm_ram_Q/mem_reg[4][2]

  Ref  DFF        ref:/WORK/zigbee_phy_tx/u_sm_ram_Q/mem_reg[4][3]
  Impl DFF        imp:/WORK/zigbee_phy_tx/u_sm_ram_Q/mem_reg[4][3]

  Ref  DFF        ref:/WORK/zigbee_phy_tx/u_sm_ram_Q/mem_reg[50][0]
  Impl DFF        imp:/WORK/zigbee_phy_tx/u_sm_ram_Q/mem_reg[50][0]

  Ref  DFF        ref:/WORK/zigbee_phy_tx/u_sm_ram_Q/mem_reg[50][1]
  Impl DFF        imp:/WORK/zigbee_phy_tx/u_sm_ram_Q/mem_reg[50][1]

  Ref  DFF        ref:/WORK/zigbee_phy_tx/u_sm_ram_Q/mem_reg[50][2]
  Impl DFF        imp:/WORK/zigbee_phy_tx/u_sm_ram_Q/mem_reg[50][2]

  Ref  DFF        ref:/WORK/zigbee_phy_tx/u_sm_ram_Q/mem_reg[50][3]
  Impl DFF        imp:/WORK/zigbee_phy_tx/u_sm_ram_Q/mem_reg[50][3]

  Ref  DFF        ref:/WORK/zigbee_phy_tx/u_sm_ram_Q/mem_reg[51][0]
  Impl DFF        imp:/WORK/zigbee_phy_tx/u_sm_ram_Q/mem_reg[51][0]

  Ref  DFF        ref:/WORK/zigbee_phy_tx/u_sm_ram_Q/mem_reg[51][1]
  Impl DFF        imp:/WORK/zigbee_phy_tx/u_sm_ram_Q/mem_reg[51][1]

  Ref  DFF        ref:/WORK/zigbee_phy_tx/u_sm_ram_Q/mem_reg[51][2]
  Impl DFF        imp:/WORK/zigbee_phy_tx/u_sm_ram_Q/mem_reg[51][2]

  Ref  DFF        ref:/WORK/zigbee_phy_tx/u_sm_ram_Q/mem_reg[51][3]
  Impl DFF        imp:/WORK/zigbee_phy_tx/u_sm_ram_Q/mem_reg[51][3]

  Ref  DFF        ref:/WORK/zigbee_phy_tx/u_sm_ram_Q/mem_reg[52][0]
  Impl DFF        imp:/WORK/zigbee_phy_tx/u_sm_ram_Q/mem_reg[52][0]

  Ref  DFF        ref:/WORK/zigbee_phy_tx/u_sm_ram_Q/mem_reg[52][1]
  Impl DFF        imp:/WORK/zigbee_phy_tx/u_sm_ram_Q/mem_reg[52][1]

  Ref  DFF        ref:/WORK/zigbee_phy_tx/u_sm_ram_Q/mem_reg[52][2]
  Impl DFF        imp:/WORK/zigbee_phy_tx/u_sm_ram_Q/mem_reg[52][2]

  Ref  DFF        ref:/WORK/zigbee_phy_tx/u_sm_ram_Q/mem_reg[52][3]
  Impl DFF        imp:/WORK/zigbee_phy_tx/u_sm_ram_Q/mem_reg[52][3]

  Ref  DFF        ref:/WORK/zigbee_phy_tx/u_sm_ram_Q/mem_reg[53][0]
  Impl DFF        imp:/WORK/zigbee_phy_tx/u_sm_ram_Q/mem_reg[53][0]

  Ref  DFF        ref:/WORK/zigbee_phy_tx/u_sm_ram_Q/mem_reg[53][1]
  Impl DFF        imp:/WORK/zigbee_phy_tx/u_sm_ram_Q/mem_reg[53][1]

  Ref  DFF        ref:/WORK/zigbee_phy_tx/u_sm_ram_Q/mem_reg[53][2]
  Impl DFF        imp:/WORK/zigbee_phy_tx/u_sm_ram_Q/mem_reg[53][2]

  Ref  DFF        ref:/WORK/zigbee_phy_tx/u_sm_ram_Q/mem_reg[53][3]
  Impl DFF        imp:/WORK/zigbee_phy_tx/u_sm_ram_Q/mem_reg[53][3]

  Ref  DFF        ref:/WORK/zigbee_phy_tx/u_sm_ram_Q/mem_reg[54][0]
  Impl DFF        imp:/WORK/zigbee_phy_tx/u_sm_ram_Q/mem_reg[54][0]

  Ref  DFF        ref:/WORK/zigbee_phy_tx/u_sm_ram_Q/mem_reg[54][1]
  Impl DFF        imp:/WORK/zigbee_phy_tx/u_sm_ram_Q/mem_reg[54][1]

  Ref  DFF        ref:/WORK/zigbee_phy_tx/u_sm_ram_Q/mem_reg[54][2]
  Impl DFF        imp:/WORK/zigbee_phy_tx/u_sm_ram_Q/mem_reg[54][2]

  Ref  DFF        ref:/WORK/zigbee_phy_tx/u_sm_ram_Q/mem_reg[54][3]
  Impl DFF        imp:/WORK/zigbee_phy_tx/u_sm_ram_Q/mem_reg[54][3]

  Ref  DFF        ref:/WORK/zigbee_phy_tx/u_sm_ram_Q/mem_reg[55][0]
  Impl DFF        imp:/WORK/zigbee_phy_tx/u_sm_ram_Q/mem_reg[55][0]

  Ref  DFF        ref:/WORK/zigbee_phy_tx/u_sm_ram_Q/mem_reg[55][1]
  Impl DFF        imp:/WORK/zigbee_phy_tx/u_sm_ram_Q/mem_reg[55][1]

  Ref  DFF        ref:/WORK/zigbee_phy_tx/u_sm_ram_Q/mem_reg[55][2]
  Impl DFF        imp:/WORK/zigbee_phy_tx/u_sm_ram_Q/mem_reg[55][2]

  Ref  DFF        ref:/WORK/zigbee_phy_tx/u_sm_ram_Q/mem_reg[55][3]
  Impl DFF        imp:/WORK/zigbee_phy_tx/u_sm_ram_Q/mem_reg[55][3]

  Ref  DFF        ref:/WORK/zigbee_phy_tx/u_sm_ram_Q/mem_reg[56][0]
  Impl DFF        imp:/WORK/zigbee_phy_tx/u_sm_ram_Q/mem_reg[56][0]

  Ref  DFF        ref:/WORK/zigbee_phy_tx/u_sm_ram_Q/mem_reg[56][1]
  Impl DFF        imp:/WORK/zigbee_phy_tx/u_sm_ram_Q/mem_reg[56][1]

  Ref  DFF        ref:/WORK/zigbee_phy_tx/u_sm_ram_Q/mem_reg[56][2]
  Impl DFF        imp:/WORK/zigbee_phy_tx/u_sm_ram_Q/mem_reg[56][2]

  Ref  DFF        ref:/WORK/zigbee_phy_tx/u_sm_ram_Q/mem_reg[56][3]
  Impl DFF        imp:/WORK/zigbee_phy_tx/u_sm_ram_Q/mem_reg[56][3]

  Ref  DFF        ref:/WORK/zigbee_phy_tx/u_sm_ram_Q/mem_reg[57][0]
  Impl DFF        imp:/WORK/zigbee_phy_tx/u_sm_ram_Q/mem_reg[57][0]

  Ref  DFF        ref:/WORK/zigbee_phy_tx/u_sm_ram_Q/mem_reg[57][1]
  Impl DFF        imp:/WORK/zigbee_phy_tx/u_sm_ram_Q/mem_reg[57][1]

  Ref  DFF        ref:/WORK/zigbee_phy_tx/u_sm_ram_Q/mem_reg[57][2]
  Impl DFF        imp:/WORK/zigbee_phy_tx/u_sm_ram_Q/mem_reg[57][2]

  Ref  DFF        ref:/WORK/zigbee_phy_tx/u_sm_ram_Q/mem_reg[57][3]
  Impl DFF        imp:/WORK/zigbee_phy_tx/u_sm_ram_Q/mem_reg[57][3]

  Ref  DFF        ref:/WORK/zigbee_phy_tx/u_sm_ram_Q/mem_reg[58][0]
  Impl DFF        imp:/WORK/zigbee_phy_tx/u_sm_ram_Q/mem_reg[58][0]

  Ref  DFF        ref:/WORK/zigbee_phy_tx/u_sm_ram_Q/mem_reg[58][1]
  Impl DFF        imp:/WORK/zigbee_phy_tx/u_sm_ram_Q/mem_reg[58][1]

  Ref  DFF        ref:/WORK/zigbee_phy_tx/u_sm_ram_Q/mem_reg[58][2]
  Impl DFF        imp:/WORK/zigbee_phy_tx/u_sm_ram_Q/mem_reg[58][2]

  Ref  DFF        ref:/WORK/zigbee_phy_tx/u_sm_ram_Q/mem_reg[58][3]
  Impl DFF        imp:/WORK/zigbee_phy_tx/u_sm_ram_Q/mem_reg[58][3]

  Ref  DFF        ref:/WORK/zigbee_phy_tx/u_sm_ram_Q/mem_reg[59][0]
  Impl DFF        imp:/WORK/zigbee_phy_tx/u_sm_ram_Q/mem_reg[59][0]

  Ref  DFF        ref:/WORK/zigbee_phy_tx/u_sm_ram_Q/mem_reg[59][1]
  Impl DFF        imp:/WORK/zigbee_phy_tx/u_sm_ram_Q/mem_reg[59][1]

  Ref  DFF        ref:/WORK/zigbee_phy_tx/u_sm_ram_Q/mem_reg[59][2]
  Impl DFF        imp:/WORK/zigbee_phy_tx/u_sm_ram_Q/mem_reg[59][2]

  Ref  DFF        ref:/WORK/zigbee_phy_tx/u_sm_ram_Q/mem_reg[59][3]
  Impl DFF        imp:/WORK/zigbee_phy_tx/u_sm_ram_Q/mem_reg[59][3]

  Ref  DFF        ref:/WORK/zigbee_phy_tx/u_sm_ram_Q/mem_reg[5][0]
  Impl DFF        imp:/WORK/zigbee_phy_tx/u_sm_ram_Q/mem_reg[5][0]

  Ref  DFF        ref:/WORK/zigbee_phy_tx/u_sm_ram_Q/mem_reg[5][1]
  Impl DFF        imp:/WORK/zigbee_phy_tx/u_sm_ram_Q/mem_reg[5][1]

  Ref  DFF        ref:/WORK/zigbee_phy_tx/u_sm_ram_Q/mem_reg[5][2]
  Impl DFF        imp:/WORK/zigbee_phy_tx/u_sm_ram_Q/mem_reg[5][2]

  Ref  DFF        ref:/WORK/zigbee_phy_tx/u_sm_ram_Q/mem_reg[5][3]
  Impl DFF        imp:/WORK/zigbee_phy_tx/u_sm_ram_Q/mem_reg[5][3]

  Ref  DFF        ref:/WORK/zigbee_phy_tx/u_sm_ram_Q/mem_reg[60][0]
  Impl DFF        imp:/WORK/zigbee_phy_tx/u_sm_ram_Q/mem_reg[60][0]

  Ref  DFF        ref:/WORK/zigbee_phy_tx/u_sm_ram_Q/mem_reg[60][1]
  Impl DFF        imp:/WORK/zigbee_phy_tx/u_sm_ram_Q/mem_reg[60][1]

  Ref  DFF        ref:/WORK/zigbee_phy_tx/u_sm_ram_Q/mem_reg[60][2]
  Impl DFF        imp:/WORK/zigbee_phy_tx/u_sm_ram_Q/mem_reg[60][2]

  Ref  DFF        ref:/WORK/zigbee_phy_tx/u_sm_ram_Q/mem_reg[60][3]
  Impl DFF        imp:/WORK/zigbee_phy_tx/u_sm_ram_Q/mem_reg[60][3]

  Ref  DFF        ref:/WORK/zigbee_phy_tx/u_sm_ram_Q/mem_reg[61][0]
  Impl DFF        imp:/WORK/zigbee_phy_tx/u_sm_ram_Q/mem_reg[61][0]

  Ref  DFF        ref:/WORK/zigbee_phy_tx/u_sm_ram_Q/mem_reg[61][1]
  Impl DFF        imp:/WORK/zigbee_phy_tx/u_sm_ram_Q/mem_reg[61][1]

  Ref  DFF        ref:/WORK/zigbee_phy_tx/u_sm_ram_Q/mem_reg[61][2]
  Impl DFF        imp:/WORK/zigbee_phy_tx/u_sm_ram_Q/mem_reg[61][2]

  Ref  DFF        ref:/WORK/zigbee_phy_tx/u_sm_ram_Q/mem_reg[61][3]
  Impl DFF        imp:/WORK/zigbee_phy_tx/u_sm_ram_Q/mem_reg[61][3]

  Ref  DFF        ref:/WORK/zigbee_phy_tx/u_sm_ram_Q/mem_reg[62][0]
  Impl DFF        imp:/WORK/zigbee_phy_tx/u_sm_ram_Q/mem_reg[62][0]

  Ref  DFF        ref:/WORK/zigbee_phy_tx/u_sm_ram_Q/mem_reg[62][1]
  Impl DFF        imp:/WORK/zigbee_phy_tx/u_sm_ram_Q/mem_reg[62][1]

  Ref  DFF        ref:/WORK/zigbee_phy_tx/u_sm_ram_Q/mem_reg[62][2]
  Impl DFF        imp:/WORK/zigbee_phy_tx/u_sm_ram_Q/mem_reg[62][2]

  Ref  DFF        ref:/WORK/zigbee_phy_tx/u_sm_ram_Q/mem_reg[62][3]
  Impl DFF        imp:/WORK/zigbee_phy_tx/u_sm_ram_Q/mem_reg[62][3]

  Ref  DFF        ref:/WORK/zigbee_phy_tx/u_sm_ram_Q/mem_reg[63][0]
  Impl DFF        imp:/WORK/zigbee_phy_tx/u_sm_ram_Q/mem_reg[63][0]

  Ref  DFF        ref:/WORK/zigbee_phy_tx/u_sm_ram_Q/mem_reg[63][1]
  Impl DFF        imp:/WORK/zigbee_phy_tx/u_sm_ram_Q/mem_reg[63][1]

  Ref  DFF        ref:/WORK/zigbee_phy_tx/u_sm_ram_Q/mem_reg[63][2]
  Impl DFF        imp:/WORK/zigbee_phy_tx/u_sm_ram_Q/mem_reg[63][2]

  Ref  DFF        ref:/WORK/zigbee_phy_tx/u_sm_ram_Q/mem_reg[63][3]
  Impl DFF        imp:/WORK/zigbee_phy_tx/u_sm_ram_Q/mem_reg[63][3]

  Ref  DFF        ref:/WORK/zigbee_phy_tx/u_sm_ram_Q/mem_reg[64][0]
  Impl DFF        imp:/WORK/zigbee_phy_tx/u_sm_ram_Q/mem_reg[64][0]

  Ref  DFF        ref:/WORK/zigbee_phy_tx/u_sm_ram_Q/mem_reg[64][1]
  Impl DFF        imp:/WORK/zigbee_phy_tx/u_sm_ram_Q/mem_reg[64][1]

  Ref  DFF        ref:/WORK/zigbee_phy_tx/u_sm_ram_Q/mem_reg[64][2]
  Impl DFF        imp:/WORK/zigbee_phy_tx/u_sm_ram_Q/mem_reg[64][2]

  Ref  DFF        ref:/WORK/zigbee_phy_tx/u_sm_ram_Q/mem_reg[64][3]
  Impl DFF        imp:/WORK/zigbee_phy_tx/u_sm_ram_Q/mem_reg[64][3]

  Ref  DFF        ref:/WORK/zigbee_phy_tx/u_sm_ram_Q/mem_reg[65][0]
  Impl DFF        imp:/WORK/zigbee_phy_tx/u_sm_ram_Q/mem_reg[65][0]

  Ref  DFF        ref:/WORK/zigbee_phy_tx/u_sm_ram_Q/mem_reg[65][1]
  Impl DFF        imp:/WORK/zigbee_phy_tx/u_sm_ram_Q/mem_reg[65][1]

  Ref  DFF        ref:/WORK/zigbee_phy_tx/u_sm_ram_Q/mem_reg[65][2]
  Impl DFF        imp:/WORK/zigbee_phy_tx/u_sm_ram_Q/mem_reg[65][2]

  Ref  DFF        ref:/WORK/zigbee_phy_tx/u_sm_ram_Q/mem_reg[65][3]
  Impl DFF        imp:/WORK/zigbee_phy_tx/u_sm_ram_Q/mem_reg[65][3]

  Ref  DFF        ref:/WORK/zigbee_phy_tx/u_sm_ram_Q/mem_reg[66][0]
  Impl DFF        imp:/WORK/zigbee_phy_tx/u_sm_ram_Q/mem_reg[66][0]

  Ref  DFF        ref:/WORK/zigbee_phy_tx/u_sm_ram_Q/mem_reg[66][1]
  Impl DFF        imp:/WORK/zigbee_phy_tx/u_sm_ram_Q/mem_reg[66][1]

  Ref  DFF        ref:/WORK/zigbee_phy_tx/u_sm_ram_Q/mem_reg[66][2]
  Impl DFF        imp:/WORK/zigbee_phy_tx/u_sm_ram_Q/mem_reg[66][2]

  Ref  DFF        ref:/WORK/zigbee_phy_tx/u_sm_ram_Q/mem_reg[66][3]
  Impl DFF        imp:/WORK/zigbee_phy_tx/u_sm_ram_Q/mem_reg[66][3]

  Ref  DFF        ref:/WORK/zigbee_phy_tx/u_sm_ram_Q/mem_reg[67][0]
  Impl DFF        imp:/WORK/zigbee_phy_tx/u_sm_ram_Q/mem_reg[67][0]

  Ref  DFF        ref:/WORK/zigbee_phy_tx/u_sm_ram_Q/mem_reg[67][1]
  Impl DFF        imp:/WORK/zigbee_phy_tx/u_sm_ram_Q/mem_reg[67][1]

  Ref  DFF        ref:/WORK/zigbee_phy_tx/u_sm_ram_Q/mem_reg[67][2]
  Impl DFF        imp:/WORK/zigbee_phy_tx/u_sm_ram_Q/mem_reg[67][2]

  Ref  DFF        ref:/WORK/zigbee_phy_tx/u_sm_ram_Q/mem_reg[67][3]
  Impl DFF        imp:/WORK/zigbee_phy_tx/u_sm_ram_Q/mem_reg[67][3]

  Ref  DFF        ref:/WORK/zigbee_phy_tx/u_sm_ram_Q/mem_reg[68][0]
  Impl DFF        imp:/WORK/zigbee_phy_tx/u_sm_ram_Q/mem_reg[68][0]

  Ref  DFF        ref:/WORK/zigbee_phy_tx/u_sm_ram_Q/mem_reg[68][1]
  Impl DFF        imp:/WORK/zigbee_phy_tx/u_sm_ram_Q/mem_reg[68][1]

  Ref  DFF        ref:/WORK/zigbee_phy_tx/u_sm_ram_Q/mem_reg[68][2]
  Impl DFF        imp:/WORK/zigbee_phy_tx/u_sm_ram_Q/mem_reg[68][2]

  Ref  DFF        ref:/WORK/zigbee_phy_tx/u_sm_ram_Q/mem_reg[68][3]
  Impl DFF        imp:/WORK/zigbee_phy_tx/u_sm_ram_Q/mem_reg[68][3]

  Ref  DFF        ref:/WORK/zigbee_phy_tx/u_sm_ram_Q/mem_reg[69][0]
  Impl DFF        imp:/WORK/zigbee_phy_tx/u_sm_ram_Q/mem_reg[69][0]

  Ref  DFF        ref:/WORK/zigbee_phy_tx/u_sm_ram_Q/mem_reg[69][1]
  Impl DFF        imp:/WORK/zigbee_phy_tx/u_sm_ram_Q/mem_reg[69][1]

  Ref  DFF        ref:/WORK/zigbee_phy_tx/u_sm_ram_Q/mem_reg[69][2]
  Impl DFF        imp:/WORK/zigbee_phy_tx/u_sm_ram_Q/mem_reg[69][2]

  Ref  DFF        ref:/WORK/zigbee_phy_tx/u_sm_ram_Q/mem_reg[69][3]
  Impl DFF        imp:/WORK/zigbee_phy_tx/u_sm_ram_Q/mem_reg[69][3]

  Ref  DFF        ref:/WORK/zigbee_phy_tx/u_sm_ram_Q/mem_reg[6][0]
  Impl DFF        imp:/WORK/zigbee_phy_tx/u_sm_ram_Q/mem_reg[6][0]

  Ref  DFF        ref:/WORK/zigbee_phy_tx/u_sm_ram_Q/mem_reg[6][1]
  Impl DFF        imp:/WORK/zigbee_phy_tx/u_sm_ram_Q/mem_reg[6][1]

  Ref  DFF        ref:/WORK/zigbee_phy_tx/u_sm_ram_Q/mem_reg[6][2]
  Impl DFF        imp:/WORK/zigbee_phy_tx/u_sm_ram_Q/mem_reg[6][2]

  Ref  DFF        ref:/WORK/zigbee_phy_tx/u_sm_ram_Q/mem_reg[6][3]
  Impl DFF        imp:/WORK/zigbee_phy_tx/u_sm_ram_Q/mem_reg[6][3]

  Ref  DFF        ref:/WORK/zigbee_phy_tx/u_sm_ram_Q/mem_reg[70][0]
  Impl DFF        imp:/WORK/zigbee_phy_tx/u_sm_ram_Q/mem_reg[70][0]

  Ref  DFF        ref:/WORK/zigbee_phy_tx/u_sm_ram_Q/mem_reg[70][1]
  Impl DFF        imp:/WORK/zigbee_phy_tx/u_sm_ram_Q/mem_reg[70][1]

  Ref  DFF        ref:/WORK/zigbee_phy_tx/u_sm_ram_Q/mem_reg[70][2]
  Impl DFF        imp:/WORK/zigbee_phy_tx/u_sm_ram_Q/mem_reg[70][2]

  Ref  DFF        ref:/WORK/zigbee_phy_tx/u_sm_ram_Q/mem_reg[70][3]
  Impl DFF        imp:/WORK/zigbee_phy_tx/u_sm_ram_Q/mem_reg[70][3]

  Ref  DFF        ref:/WORK/zigbee_phy_tx/u_sm_ram_Q/mem_reg[71][0]
  Impl DFF        imp:/WORK/zigbee_phy_tx/u_sm_ram_Q/mem_reg[71][0]

  Ref  DFF        ref:/WORK/zigbee_phy_tx/u_sm_ram_Q/mem_reg[71][1]
  Impl DFF        imp:/WORK/zigbee_phy_tx/u_sm_ram_Q/mem_reg[71][1]

  Ref  DFF        ref:/WORK/zigbee_phy_tx/u_sm_ram_Q/mem_reg[71][2]
  Impl DFF        imp:/WORK/zigbee_phy_tx/u_sm_ram_Q/mem_reg[71][2]

  Ref  DFF        ref:/WORK/zigbee_phy_tx/u_sm_ram_Q/mem_reg[71][3]
  Impl DFF        imp:/WORK/zigbee_phy_tx/u_sm_ram_Q/mem_reg[71][3]

  Ref  DFF        ref:/WORK/zigbee_phy_tx/u_sm_ram_Q/mem_reg[72][0]
  Impl DFF        imp:/WORK/zigbee_phy_tx/u_sm_ram_Q/mem_reg[72][0]

  Ref  DFF        ref:/WORK/zigbee_phy_tx/u_sm_ram_Q/mem_reg[72][1]
  Impl DFF        imp:/WORK/zigbee_phy_tx/u_sm_ram_Q/mem_reg[72][1]

  Ref  DFF        ref:/WORK/zigbee_phy_tx/u_sm_ram_Q/mem_reg[72][2]
  Impl DFF        imp:/WORK/zigbee_phy_tx/u_sm_ram_Q/mem_reg[72][2]

  Ref  DFF        ref:/WORK/zigbee_phy_tx/u_sm_ram_Q/mem_reg[72][3]
  Impl DFF        imp:/WORK/zigbee_phy_tx/u_sm_ram_Q/mem_reg[72][3]

  Ref  DFF        ref:/WORK/zigbee_phy_tx/u_sm_ram_Q/mem_reg[73][0]
  Impl DFF        imp:/WORK/zigbee_phy_tx/u_sm_ram_Q/mem_reg[73][0]

  Ref  DFF        ref:/WORK/zigbee_phy_tx/u_sm_ram_Q/mem_reg[73][1]
  Impl DFF        imp:/WORK/zigbee_phy_tx/u_sm_ram_Q/mem_reg[73][1]

  Ref  DFF        ref:/WORK/zigbee_phy_tx/u_sm_ram_Q/mem_reg[73][2]
  Impl DFF        imp:/WORK/zigbee_phy_tx/u_sm_ram_Q/mem_reg[73][2]

  Ref  DFF        ref:/WORK/zigbee_phy_tx/u_sm_ram_Q/mem_reg[73][3]
  Impl DFF        imp:/WORK/zigbee_phy_tx/u_sm_ram_Q/mem_reg[73][3]

  Ref  DFF        ref:/WORK/zigbee_phy_tx/u_sm_ram_Q/mem_reg[74][0]
  Impl DFF        imp:/WORK/zigbee_phy_tx/u_sm_ram_Q/mem_reg[74][0]

  Ref  DFF        ref:/WORK/zigbee_phy_tx/u_sm_ram_Q/mem_reg[74][1]
  Impl DFF        imp:/WORK/zigbee_phy_tx/u_sm_ram_Q/mem_reg[74][1]

  Ref  DFF        ref:/WORK/zigbee_phy_tx/u_sm_ram_Q/mem_reg[74][2]
  Impl DFF        imp:/WORK/zigbee_phy_tx/u_sm_ram_Q/mem_reg[74][2]

  Ref  DFF        ref:/WORK/zigbee_phy_tx/u_sm_ram_Q/mem_reg[74][3]
  Impl DFF        imp:/WORK/zigbee_phy_tx/u_sm_ram_Q/mem_reg[74][3]

  Ref  DFF        ref:/WORK/zigbee_phy_tx/u_sm_ram_Q/mem_reg[75][0]
  Impl DFF        imp:/WORK/zigbee_phy_tx/u_sm_ram_Q/mem_reg[75][0]

  Ref  DFF        ref:/WORK/zigbee_phy_tx/u_sm_ram_Q/mem_reg[75][1]
  Impl DFF        imp:/WORK/zigbee_phy_tx/u_sm_ram_Q/mem_reg[75][1]

  Ref  DFF        ref:/WORK/zigbee_phy_tx/u_sm_ram_Q/mem_reg[75][2]
  Impl DFF        imp:/WORK/zigbee_phy_tx/u_sm_ram_Q/mem_reg[75][2]

  Ref  DFF        ref:/WORK/zigbee_phy_tx/u_sm_ram_Q/mem_reg[75][3]
  Impl DFF        imp:/WORK/zigbee_phy_tx/u_sm_ram_Q/mem_reg[75][3]

  Ref  DFF        ref:/WORK/zigbee_phy_tx/u_sm_ram_Q/mem_reg[76][0]
  Impl DFF        imp:/WORK/zigbee_phy_tx/u_sm_ram_Q/mem_reg[76][0]

  Ref  DFF        ref:/WORK/zigbee_phy_tx/u_sm_ram_Q/mem_reg[76][1]
  Impl DFF        imp:/WORK/zigbee_phy_tx/u_sm_ram_Q/mem_reg[76][1]

  Ref  DFF        ref:/WORK/zigbee_phy_tx/u_sm_ram_Q/mem_reg[76][2]
  Impl DFF        imp:/WORK/zigbee_phy_tx/u_sm_ram_Q/mem_reg[76][2]

  Ref  DFF        ref:/WORK/zigbee_phy_tx/u_sm_ram_Q/mem_reg[76][3]
  Impl DFF        imp:/WORK/zigbee_phy_tx/u_sm_ram_Q/mem_reg[76][3]

  Ref  DFF        ref:/WORK/zigbee_phy_tx/u_sm_ram_Q/mem_reg[77][0]
  Impl DFF        imp:/WORK/zigbee_phy_tx/u_sm_ram_Q/mem_reg[77][0]

  Ref  DFF        ref:/WORK/zigbee_phy_tx/u_sm_ram_Q/mem_reg[77][1]
  Impl DFF        imp:/WORK/zigbee_phy_tx/u_sm_ram_Q/mem_reg[77][1]

  Ref  DFF        ref:/WORK/zigbee_phy_tx/u_sm_ram_Q/mem_reg[77][2]
  Impl DFF        imp:/WORK/zigbee_phy_tx/u_sm_ram_Q/mem_reg[77][2]

  Ref  DFF        ref:/WORK/zigbee_phy_tx/u_sm_ram_Q/mem_reg[77][3]
  Impl DFF        imp:/WORK/zigbee_phy_tx/u_sm_ram_Q/mem_reg[77][3]

  Ref  DFF        ref:/WORK/zigbee_phy_tx/u_sm_ram_Q/mem_reg[78][0]
  Impl DFF        imp:/WORK/zigbee_phy_tx/u_sm_ram_Q/mem_reg[78][0]

  Ref  DFF        ref:/WORK/zigbee_phy_tx/u_sm_ram_Q/mem_reg[78][1]
  Impl DFF        imp:/WORK/zigbee_phy_tx/u_sm_ram_Q/mem_reg[78][1]

  Ref  DFF        ref:/WORK/zigbee_phy_tx/u_sm_ram_Q/mem_reg[78][2]
  Impl DFF        imp:/WORK/zigbee_phy_tx/u_sm_ram_Q/mem_reg[78][2]

  Ref  DFF        ref:/WORK/zigbee_phy_tx/u_sm_ram_Q/mem_reg[78][3]
  Impl DFF        imp:/WORK/zigbee_phy_tx/u_sm_ram_Q/mem_reg[78][3]

  Ref  DFF        ref:/WORK/zigbee_phy_tx/u_sm_ram_Q/mem_reg[79][0]
  Impl DFF        imp:/WORK/zigbee_phy_tx/u_sm_ram_Q/mem_reg[79][0]

  Ref  DFF        ref:/WORK/zigbee_phy_tx/u_sm_ram_Q/mem_reg[79][1]
  Impl DFF        imp:/WORK/zigbee_phy_tx/u_sm_ram_Q/mem_reg[79][1]

  Ref  DFF        ref:/WORK/zigbee_phy_tx/u_sm_ram_Q/mem_reg[79][2]
  Impl DFF        imp:/WORK/zigbee_phy_tx/u_sm_ram_Q/mem_reg[79][2]

  Ref  DFF        ref:/WORK/zigbee_phy_tx/u_sm_ram_Q/mem_reg[79][3]
  Impl DFF        imp:/WORK/zigbee_phy_tx/u_sm_ram_Q/mem_reg[79][3]

  Ref  DFF        ref:/WORK/zigbee_phy_tx/u_sm_ram_Q/mem_reg[7][0]
  Impl DFF        imp:/WORK/zigbee_phy_tx/u_sm_ram_Q/mem_reg[7][0]

  Ref  DFF        ref:/WORK/zigbee_phy_tx/u_sm_ram_Q/mem_reg[7][1]
  Impl DFF        imp:/WORK/zigbee_phy_tx/u_sm_ram_Q/mem_reg[7][1]

  Ref  DFF        ref:/WORK/zigbee_phy_tx/u_sm_ram_Q/mem_reg[7][2]
  Impl DFF        imp:/WORK/zigbee_phy_tx/u_sm_ram_Q/mem_reg[7][2]

  Ref  DFF        ref:/WORK/zigbee_phy_tx/u_sm_ram_Q/mem_reg[7][3]
  Impl DFF        imp:/WORK/zigbee_phy_tx/u_sm_ram_Q/mem_reg[7][3]

  Ref  DFF        ref:/WORK/zigbee_phy_tx/u_sm_ram_Q/mem_reg[80][0]
  Impl DFF        imp:/WORK/zigbee_phy_tx/u_sm_ram_Q/mem_reg[80][0]

  Ref  DFF        ref:/WORK/zigbee_phy_tx/u_sm_ram_Q/mem_reg[80][1]
  Impl DFF        imp:/WORK/zigbee_phy_tx/u_sm_ram_Q/mem_reg[80][1]

  Ref  DFF        ref:/WORK/zigbee_phy_tx/u_sm_ram_Q/mem_reg[80][2]
  Impl DFF        imp:/WORK/zigbee_phy_tx/u_sm_ram_Q/mem_reg[80][2]

  Ref  DFF        ref:/WORK/zigbee_phy_tx/u_sm_ram_Q/mem_reg[80][3]
  Impl DFF        imp:/WORK/zigbee_phy_tx/u_sm_ram_Q/mem_reg[80][3]

  Ref  DFF        ref:/WORK/zigbee_phy_tx/u_sm_ram_Q/mem_reg[81][0]
  Impl DFF        imp:/WORK/zigbee_phy_tx/u_sm_ram_Q/mem_reg[81][0]

  Ref  DFF        ref:/WORK/zigbee_phy_tx/u_sm_ram_Q/mem_reg[81][1]
  Impl DFF        imp:/WORK/zigbee_phy_tx/u_sm_ram_Q/mem_reg[81][1]

  Ref  DFF        ref:/WORK/zigbee_phy_tx/u_sm_ram_Q/mem_reg[81][2]
  Impl DFF        imp:/WORK/zigbee_phy_tx/u_sm_ram_Q/mem_reg[81][2]

  Ref  DFF        ref:/WORK/zigbee_phy_tx/u_sm_ram_Q/mem_reg[81][3]
  Impl DFF        imp:/WORK/zigbee_phy_tx/u_sm_ram_Q/mem_reg[81][3]

  Ref  DFF        ref:/WORK/zigbee_phy_tx/u_sm_ram_Q/mem_reg[82][0]
  Impl DFF        imp:/WORK/zigbee_phy_tx/u_sm_ram_Q/mem_reg[82][0]

  Ref  DFF        ref:/WORK/zigbee_phy_tx/u_sm_ram_Q/mem_reg[82][1]
  Impl DFF        imp:/WORK/zigbee_phy_tx/u_sm_ram_Q/mem_reg[82][1]

  Ref  DFF        ref:/WORK/zigbee_phy_tx/u_sm_ram_Q/mem_reg[82][2]
  Impl DFF        imp:/WORK/zigbee_phy_tx/u_sm_ram_Q/mem_reg[82][2]

  Ref  DFF        ref:/WORK/zigbee_phy_tx/u_sm_ram_Q/mem_reg[82][3]
  Impl DFF        imp:/WORK/zigbee_phy_tx/u_sm_ram_Q/mem_reg[82][3]

  Ref  DFF        ref:/WORK/zigbee_phy_tx/u_sm_ram_Q/mem_reg[83][0]
  Impl DFF        imp:/WORK/zigbee_phy_tx/u_sm_ram_Q/mem_reg[83][0]

  Ref  DFF        ref:/WORK/zigbee_phy_tx/u_sm_ram_Q/mem_reg[83][1]
  Impl DFF        imp:/WORK/zigbee_phy_tx/u_sm_ram_Q/mem_reg[83][1]

  Ref  DFF        ref:/WORK/zigbee_phy_tx/u_sm_ram_Q/mem_reg[83][2]
  Impl DFF        imp:/WORK/zigbee_phy_tx/u_sm_ram_Q/mem_reg[83][2]

  Ref  DFF        ref:/WORK/zigbee_phy_tx/u_sm_ram_Q/mem_reg[83][3]
  Impl DFF        imp:/WORK/zigbee_phy_tx/u_sm_ram_Q/mem_reg[83][3]

  Ref  DFF        ref:/WORK/zigbee_phy_tx/u_sm_ram_Q/mem_reg[84][0]
  Impl DFF        imp:/WORK/zigbee_phy_tx/u_sm_ram_Q/mem_reg[84][0]

  Ref  DFF        ref:/WORK/zigbee_phy_tx/u_sm_ram_Q/mem_reg[84][1]
  Impl DFF        imp:/WORK/zigbee_phy_tx/u_sm_ram_Q/mem_reg[84][1]

  Ref  DFF        ref:/WORK/zigbee_phy_tx/u_sm_ram_Q/mem_reg[84][2]
  Impl DFF        imp:/WORK/zigbee_phy_tx/u_sm_ram_Q/mem_reg[84][2]

  Ref  DFF        ref:/WORK/zigbee_phy_tx/u_sm_ram_Q/mem_reg[84][3]
  Impl DFF        imp:/WORK/zigbee_phy_tx/u_sm_ram_Q/mem_reg[84][3]

  Ref  DFF        ref:/WORK/zigbee_phy_tx/u_sm_ram_Q/mem_reg[85][0]
  Impl DFF        imp:/WORK/zigbee_phy_tx/u_sm_ram_Q/mem_reg[85][0]

  Ref  DFF        ref:/WORK/zigbee_phy_tx/u_sm_ram_Q/mem_reg[85][1]
  Impl DFF        imp:/WORK/zigbee_phy_tx/u_sm_ram_Q/mem_reg[85][1]

  Ref  DFF        ref:/WORK/zigbee_phy_tx/u_sm_ram_Q/mem_reg[85][2]
  Impl DFF        imp:/WORK/zigbee_phy_tx/u_sm_ram_Q/mem_reg[85][2]

  Ref  DFF        ref:/WORK/zigbee_phy_tx/u_sm_ram_Q/mem_reg[85][3]
  Impl DFF        imp:/WORK/zigbee_phy_tx/u_sm_ram_Q/mem_reg[85][3]

  Ref  DFF        ref:/WORK/zigbee_phy_tx/u_sm_ram_Q/mem_reg[86][0]
  Impl DFF        imp:/WORK/zigbee_phy_tx/u_sm_ram_Q/mem_reg[86][0]

  Ref  DFF        ref:/WORK/zigbee_phy_tx/u_sm_ram_Q/mem_reg[86][1]
  Impl DFF        imp:/WORK/zigbee_phy_tx/u_sm_ram_Q/mem_reg[86][1]

  Ref  DFF        ref:/WORK/zigbee_phy_tx/u_sm_ram_Q/mem_reg[86][2]
  Impl DFF        imp:/WORK/zigbee_phy_tx/u_sm_ram_Q/mem_reg[86][2]

  Ref  DFF        ref:/WORK/zigbee_phy_tx/u_sm_ram_Q/mem_reg[86][3]
  Impl DFF        imp:/WORK/zigbee_phy_tx/u_sm_ram_Q/mem_reg[86][3]

  Ref  DFF        ref:/WORK/zigbee_phy_tx/u_sm_ram_Q/mem_reg[87][0]
  Impl DFF        imp:/WORK/zigbee_phy_tx/u_sm_ram_Q/mem_reg[87][0]

  Ref  DFF        ref:/WORK/zigbee_phy_tx/u_sm_ram_Q/mem_reg[87][1]
  Impl DFF        imp:/WORK/zigbee_phy_tx/u_sm_ram_Q/mem_reg[87][1]

  Ref  DFF        ref:/WORK/zigbee_phy_tx/u_sm_ram_Q/mem_reg[87][2]
  Impl DFF        imp:/WORK/zigbee_phy_tx/u_sm_ram_Q/mem_reg[87][2]

  Ref  DFF        ref:/WORK/zigbee_phy_tx/u_sm_ram_Q/mem_reg[87][3]
  Impl DFF        imp:/WORK/zigbee_phy_tx/u_sm_ram_Q/mem_reg[87][3]

  Ref  DFF        ref:/WORK/zigbee_phy_tx/u_sm_ram_Q/mem_reg[88][0]
  Impl DFF        imp:/WORK/zigbee_phy_tx/u_sm_ram_Q/mem_reg[88][0]

  Ref  DFF        ref:/WORK/zigbee_phy_tx/u_sm_ram_Q/mem_reg[88][1]
  Impl DFF        imp:/WORK/zigbee_phy_tx/u_sm_ram_Q/mem_reg[88][1]

  Ref  DFF        ref:/WORK/zigbee_phy_tx/u_sm_ram_Q/mem_reg[88][2]
  Impl DFF        imp:/WORK/zigbee_phy_tx/u_sm_ram_Q/mem_reg[88][2]

  Ref  DFF        ref:/WORK/zigbee_phy_tx/u_sm_ram_Q/mem_reg[88][3]
  Impl DFF        imp:/WORK/zigbee_phy_tx/u_sm_ram_Q/mem_reg[88][3]

  Ref  DFF        ref:/WORK/zigbee_phy_tx/u_sm_ram_Q/mem_reg[89][0]
  Impl DFF        imp:/WORK/zigbee_phy_tx/u_sm_ram_Q/mem_reg[89][0]

  Ref  DFF        ref:/WORK/zigbee_phy_tx/u_sm_ram_Q/mem_reg[89][1]
  Impl DFF        imp:/WORK/zigbee_phy_tx/u_sm_ram_Q/mem_reg[89][1]

  Ref  DFF        ref:/WORK/zigbee_phy_tx/u_sm_ram_Q/mem_reg[89][2]
  Impl DFF        imp:/WORK/zigbee_phy_tx/u_sm_ram_Q/mem_reg[89][2]

  Ref  DFF        ref:/WORK/zigbee_phy_tx/u_sm_ram_Q/mem_reg[89][3]
  Impl DFF        imp:/WORK/zigbee_phy_tx/u_sm_ram_Q/mem_reg[89][3]

  Ref  DFF        ref:/WORK/zigbee_phy_tx/u_sm_ram_Q/mem_reg[8][0]
  Impl DFF        imp:/WORK/zigbee_phy_tx/u_sm_ram_Q/mem_reg[8][0]

  Ref  DFF        ref:/WORK/zigbee_phy_tx/u_sm_ram_Q/mem_reg[8][1]
  Impl DFF        imp:/WORK/zigbee_phy_tx/u_sm_ram_Q/mem_reg[8][1]

  Ref  DFF        ref:/WORK/zigbee_phy_tx/u_sm_ram_Q/mem_reg[8][2]
  Impl DFF        imp:/WORK/zigbee_phy_tx/u_sm_ram_Q/mem_reg[8][2]

  Ref  DFF        ref:/WORK/zigbee_phy_tx/u_sm_ram_Q/mem_reg[8][3]
  Impl DFF        imp:/WORK/zigbee_phy_tx/u_sm_ram_Q/mem_reg[8][3]

  Ref  DFF        ref:/WORK/zigbee_phy_tx/u_sm_ram_Q/mem_reg[90][0]
  Impl DFF        imp:/WORK/zigbee_phy_tx/u_sm_ram_Q/mem_reg[90][0]

  Ref  DFF        ref:/WORK/zigbee_phy_tx/u_sm_ram_Q/mem_reg[90][1]
  Impl DFF        imp:/WORK/zigbee_phy_tx/u_sm_ram_Q/mem_reg[90][1]

  Ref  DFF        ref:/WORK/zigbee_phy_tx/u_sm_ram_Q/mem_reg[90][2]
  Impl DFF        imp:/WORK/zigbee_phy_tx/u_sm_ram_Q/mem_reg[90][2]

  Ref  DFF        ref:/WORK/zigbee_phy_tx/u_sm_ram_Q/mem_reg[90][3]
  Impl DFF        imp:/WORK/zigbee_phy_tx/u_sm_ram_Q/mem_reg[90][3]

  Ref  DFF        ref:/WORK/zigbee_phy_tx/u_sm_ram_Q/mem_reg[91][0]
  Impl DFF        imp:/WORK/zigbee_phy_tx/u_sm_ram_Q/mem_reg[91][0]

  Ref  DFF        ref:/WORK/zigbee_phy_tx/u_sm_ram_Q/mem_reg[91][1]
  Impl DFF        imp:/WORK/zigbee_phy_tx/u_sm_ram_Q/mem_reg[91][1]

  Ref  DFF        ref:/WORK/zigbee_phy_tx/u_sm_ram_Q/mem_reg[91][2]
  Impl DFF        imp:/WORK/zigbee_phy_tx/u_sm_ram_Q/mem_reg[91][2]

  Ref  DFF        ref:/WORK/zigbee_phy_tx/u_sm_ram_Q/mem_reg[91][3]
  Impl DFF        imp:/WORK/zigbee_phy_tx/u_sm_ram_Q/mem_reg[91][3]

  Ref  DFF        ref:/WORK/zigbee_phy_tx/u_sm_ram_Q/mem_reg[92][0]
  Impl DFF        imp:/WORK/zigbee_phy_tx/u_sm_ram_Q/mem_reg[92][0]

  Ref  DFF        ref:/WORK/zigbee_phy_tx/u_sm_ram_Q/mem_reg[92][1]
  Impl DFF        imp:/WORK/zigbee_phy_tx/u_sm_ram_Q/mem_reg[92][1]

  Ref  DFF        ref:/WORK/zigbee_phy_tx/u_sm_ram_Q/mem_reg[92][2]
  Impl DFF        imp:/WORK/zigbee_phy_tx/u_sm_ram_Q/mem_reg[92][2]

  Ref  DFF        ref:/WORK/zigbee_phy_tx/u_sm_ram_Q/mem_reg[92][3]
  Impl DFF        imp:/WORK/zigbee_phy_tx/u_sm_ram_Q/mem_reg[92][3]

  Ref  DFF        ref:/WORK/zigbee_phy_tx/u_sm_ram_Q/mem_reg[93][0]
  Impl DFF        imp:/WORK/zigbee_phy_tx/u_sm_ram_Q/mem_reg[93][0]

  Ref  DFF        ref:/WORK/zigbee_phy_tx/u_sm_ram_Q/mem_reg[93][1]
  Impl DFF        imp:/WORK/zigbee_phy_tx/u_sm_ram_Q/mem_reg[93][1]

  Ref  DFF        ref:/WORK/zigbee_phy_tx/u_sm_ram_Q/mem_reg[93][2]
  Impl DFF        imp:/WORK/zigbee_phy_tx/u_sm_ram_Q/mem_reg[93][2]

  Ref  DFF        ref:/WORK/zigbee_phy_tx/u_sm_ram_Q/mem_reg[93][3]
  Impl DFF        imp:/WORK/zigbee_phy_tx/u_sm_ram_Q/mem_reg[93][3]

  Ref  DFF        ref:/WORK/zigbee_phy_tx/u_sm_ram_Q/mem_reg[94][0]
  Impl DFF        imp:/WORK/zigbee_phy_tx/u_sm_ram_Q/mem_reg[94][0]

  Ref  DFF        ref:/WORK/zigbee_phy_tx/u_sm_ram_Q/mem_reg[94][1]
  Impl DFF        imp:/WORK/zigbee_phy_tx/u_sm_ram_Q/mem_reg[94][1]

  Ref  DFF        ref:/WORK/zigbee_phy_tx/u_sm_ram_Q/mem_reg[94][2]
  Impl DFF        imp:/WORK/zigbee_phy_tx/u_sm_ram_Q/mem_reg[94][2]

  Ref  DFF        ref:/WORK/zigbee_phy_tx/u_sm_ram_Q/mem_reg[94][3]
  Impl DFF        imp:/WORK/zigbee_phy_tx/u_sm_ram_Q/mem_reg[94][3]

  Ref  DFF        ref:/WORK/zigbee_phy_tx/u_sm_ram_Q/mem_reg[95][0]
  Impl DFF        imp:/WORK/zigbee_phy_tx/u_sm_ram_Q/mem_reg[95][0]

  Ref  DFF        ref:/WORK/zigbee_phy_tx/u_sm_ram_Q/mem_reg[95][1]
  Impl DFF        imp:/WORK/zigbee_phy_tx/u_sm_ram_Q/mem_reg[95][1]

  Ref  DFF        ref:/WORK/zigbee_phy_tx/u_sm_ram_Q/mem_reg[95][2]
  Impl DFF        imp:/WORK/zigbee_phy_tx/u_sm_ram_Q/mem_reg[95][2]

  Ref  DFF        ref:/WORK/zigbee_phy_tx/u_sm_ram_Q/mem_reg[95][3]
  Impl DFF        imp:/WORK/zigbee_phy_tx/u_sm_ram_Q/mem_reg[95][3]

  Ref  DFF        ref:/WORK/zigbee_phy_tx/u_sm_ram_Q/mem_reg[96][0]
  Impl DFF        imp:/WORK/zigbee_phy_tx/u_sm_ram_Q/mem_reg[96][0]

  Ref  DFF        ref:/WORK/zigbee_phy_tx/u_sm_ram_Q/mem_reg[96][1]
  Impl DFF        imp:/WORK/zigbee_phy_tx/u_sm_ram_Q/mem_reg[96][1]

  Ref  DFF        ref:/WORK/zigbee_phy_tx/u_sm_ram_Q/mem_reg[96][2]
  Impl DFF        imp:/WORK/zigbee_phy_tx/u_sm_ram_Q/mem_reg[96][2]

  Ref  DFF        ref:/WORK/zigbee_phy_tx/u_sm_ram_Q/mem_reg[96][3]
  Impl DFF        imp:/WORK/zigbee_phy_tx/u_sm_ram_Q/mem_reg[96][3]

  Ref  DFF        ref:/WORK/zigbee_phy_tx/u_sm_ram_Q/mem_reg[97][0]
  Impl DFF        imp:/WORK/zigbee_phy_tx/u_sm_ram_Q/mem_reg[97][0]

  Ref  DFF        ref:/WORK/zigbee_phy_tx/u_sm_ram_Q/mem_reg[97][1]
  Impl DFF        imp:/WORK/zigbee_phy_tx/u_sm_ram_Q/mem_reg[97][1]

  Ref  DFF        ref:/WORK/zigbee_phy_tx/u_sm_ram_Q/mem_reg[97][2]
  Impl DFF        imp:/WORK/zigbee_phy_tx/u_sm_ram_Q/mem_reg[97][2]

  Ref  DFF        ref:/WORK/zigbee_phy_tx/u_sm_ram_Q/mem_reg[97][3]
  Impl DFF        imp:/WORK/zigbee_phy_tx/u_sm_ram_Q/mem_reg[97][3]

  Ref  DFF        ref:/WORK/zigbee_phy_tx/u_sm_ram_Q/mem_reg[98][0]
  Impl DFF        imp:/WORK/zigbee_phy_tx/u_sm_ram_Q/mem_reg[98][0]

  Ref  DFF        ref:/WORK/zigbee_phy_tx/u_sm_ram_Q/mem_reg[98][1]
  Impl DFF        imp:/WORK/zigbee_phy_tx/u_sm_ram_Q/mem_reg[98][1]

  Ref  DFF        ref:/WORK/zigbee_phy_tx/u_sm_ram_Q/mem_reg[98][2]
  Impl DFF        imp:/WORK/zigbee_phy_tx/u_sm_ram_Q/mem_reg[98][2]

  Ref  DFF        ref:/WORK/zigbee_phy_tx/u_sm_ram_Q/mem_reg[98][3]
  Impl DFF        imp:/WORK/zigbee_phy_tx/u_sm_ram_Q/mem_reg[98][3]

  Ref  DFF        ref:/WORK/zigbee_phy_tx/u_sm_ram_Q/mem_reg[99][0]
  Impl DFF        imp:/WORK/zigbee_phy_tx/u_sm_ram_Q/mem_reg[99][0]

  Ref  DFF        ref:/WORK/zigbee_phy_tx/u_sm_ram_Q/mem_reg[99][1]
  Impl DFF        imp:/WORK/zigbee_phy_tx/u_sm_ram_Q/mem_reg[99][1]

  Ref  DFF        ref:/WORK/zigbee_phy_tx/u_sm_ram_Q/mem_reg[99][2]
  Impl DFF        imp:/WORK/zigbee_phy_tx/u_sm_ram_Q/mem_reg[99][2]

  Ref  DFF        ref:/WORK/zigbee_phy_tx/u_sm_ram_Q/mem_reg[99][3]
  Impl DFF        imp:/WORK/zigbee_phy_tx/u_sm_ram_Q/mem_reg[99][3]

  Ref  DFF        ref:/WORK/zigbee_phy_tx/u_sm_ram_Q/mem_reg[9][0]
  Impl DFF        imp:/WORK/zigbee_phy_tx/u_sm_ram_Q/mem_reg[9][0]

  Ref  DFF        ref:/WORK/zigbee_phy_tx/u_sm_ram_Q/mem_reg[9][1]
  Impl DFF        imp:/WORK/zigbee_phy_tx/u_sm_ram_Q/mem_reg[9][1]

  Ref  DFF        ref:/WORK/zigbee_phy_tx/u_sm_ram_Q/mem_reg[9][2]
  Impl DFF        imp:/WORK/zigbee_phy_tx/u_sm_ram_Q/mem_reg[9][2]

  Ref  DFF        ref:/WORK/zigbee_phy_tx/u_sm_ram_Q/mem_reg[9][3]
  Impl DFF        imp:/WORK/zigbee_phy_tx/u_sm_ram_Q/mem_reg[9][3]

  Ref  DFF        ref:/WORK/zigbee_phy_tx/u_zp/byte_holder_reg[0]
  Impl DFF        imp:/WORK/zigbee_phy_tx/u_zp/byte_holder_reg[0]

  Ref  DFF        ref:/WORK/zigbee_phy_tx/u_zp/byte_holder_reg[1]
  Impl DFF        imp:/WORK/zigbee_phy_tx/u_zp/byte_holder_reg[1]

  Ref  DFF        ref:/WORK/zigbee_phy_tx/u_zp/byte_holder_reg[2]
  Impl DFF        imp:/WORK/zigbee_phy_tx/u_zp/byte_holder_reg[2]

  Ref  DFF        ref:/WORK/zigbee_phy_tx/u_zp/byte_holder_reg[3]
  Impl DFF        imp:/WORK/zigbee_phy_tx/u_zp/byte_holder_reg[3]

  Ref  DFF        ref:/WORK/zigbee_phy_tx/u_zp/byte_holder_reg[4]
  Impl DFF        imp:/WORK/zigbee_phy_tx/u_zp/byte_holder_reg[4]

  Ref  DFF        ref:/WORK/zigbee_phy_tx/u_zp/byte_holder_reg[5]
  Impl DFF        imp:/WORK/zigbee_phy_tx/u_zp/byte_holder_reg[5]

  Ref  DFF        ref:/WORK/zigbee_phy_tx/u_zp/byte_holder_reg[6]
  Impl DFF        imp:/WORK/zigbee_phy_tx/u_zp/byte_holder_reg[6]

  Ref  DFF        ref:/WORK/zigbee_phy_tx/u_zp/byte_holder_reg[7]
  Impl DFF        imp:/WORK/zigbee_phy_tx/u_zp/byte_holder_reg[7]

  Ref  DFF        ref:/WORK/zigbee_phy_tx/u_zp/counter_reg[0]
  Impl DFF        imp:/WORK/zigbee_phy_tx/u_zp/counter_reg[0]

  Ref  DFF        ref:/WORK/zigbee_phy_tx/u_zp/counter_reg[1]
  Impl DFF        imp:/WORK/zigbee_phy_tx/u_zp/counter_reg[1]

  Ref  DFF        ref:/WORK/zigbee_phy_tx/u_zp/counter_reg[2]
  Impl DFF        imp:/WORK/zigbee_phy_tx/u_zp/counter_reg[2]

  Ref  DFF        ref:/WORK/zigbee_phy_tx/u_zp/counter_reg[3]
  Impl DFF        imp:/WORK/zigbee_phy_tx/u_zp/counter_reg[3]

  Ref  DFF        ref:/WORK/zigbee_phy_tx/u_zp/latched_no_of_zeros_reg[1]
  Impl DFF        imp:/WORK/zigbee_phy_tx/u_zp/latched_no_of_zeros_reg[1]

  Ref  DFF        ref:/WORK/zigbee_phy_tx/u_zp/latched_no_of_zeros_reg[2]
  Impl DFF        imp:/WORK/zigbee_phy_tx/u_zp/latched_no_of_zeros_reg[2]

  Ref  DFF        ref:/WORK/zigbee_phy_tx/u_zp/latched_payload_length_reg[0]
  Impl DFF        imp:/WORK/zigbee_phy_tx/u_zp/latched_payload_length_reg[0]

  Ref  DFF        ref:/WORK/zigbee_phy_tx/u_zp/latched_payload_length_reg[1]
  Impl DFF        imp:/WORK/zigbee_phy_tx/u_zp/latched_payload_length_reg[1]

  Ref  DFF        ref:/WORK/zigbee_phy_tx/u_zp/latched_payload_length_reg[2]
  Impl DFF        imp:/WORK/zigbee_phy_tx/u_zp/latched_payload_length_reg[2]

  Ref  DFF        ref:/WORK/zigbee_phy_tx/u_zp/latched_payload_length_reg[3]
  Impl DFF        imp:/WORK/zigbee_phy_tx/u_zp/latched_payload_length_reg[3]

  Ref  DFF        ref:/WORK/zigbee_phy_tx/u_zp/latched_payload_length_reg[4]
  Impl DFF        imp:/WORK/zigbee_phy_tx/u_zp/latched_payload_length_reg[4]

  Ref  DFF        ref:/WORK/zigbee_phy_tx/u_zp/latched_payload_length_reg[5]
  Impl DFF        imp:/WORK/zigbee_phy_tx/u_zp/latched_payload_length_reg[5]

  Ref  DFF        ref:/WORK/zigbee_phy_tx/u_zp/latched_payload_length_reg[6]
  Impl DFF        imp:/WORK/zigbee_phy_tx/u_zp/latched_payload_length_reg[6]

  Ref  DFF        ref:/WORK/zigbee_phy_tx/u_zp/latched_payload_length_reg[7]
  Impl DFF        imp:/WORK/zigbee_phy_tx/u_zp/latched_payload_length_reg[7]

  Ref  DFF        ref:/WORK/zigbee_phy_tx/u_zp/o_invalid_bit_reg
  Impl DFF        imp:/WORK/zigbee_phy_tx/u_zp/o_invalid_bit_reg

  Ref  DFF        ref:/WORK/zigbee_phy_tx/u_zp/o_ram_address_reg[0]
  Impl DFF        imp:/WORK/zigbee_phy_tx/u_zp/o_ram_address_reg[0]

  Ref  DFF        ref:/WORK/zigbee_phy_tx/u_zp/o_ram_address_reg[1]
  Impl DFF        imp:/WORK/zigbee_phy_tx/u_zp/o_ram_address_reg[1]

  Ref  DFF        ref:/WORK/zigbee_phy_tx/u_zp/o_ram_address_reg[2]
  Impl DFF        imp:/WORK/zigbee_phy_tx/u_zp/o_ram_address_reg[2]

  Ref  DFF        ref:/WORK/zigbee_phy_tx/u_zp/o_ram_address_reg[3]
  Impl DFF        imp:/WORK/zigbee_phy_tx/u_zp/o_ram_address_reg[3]

  Ref  DFF        ref:/WORK/zigbee_phy_tx/u_zp/o_ram_address_reg[4]
  Impl DFF        imp:/WORK/zigbee_phy_tx/u_zp/o_ram_address_reg[4]

  Ref  DFF        ref:/WORK/zigbee_phy_tx/u_zp/o_ram_address_reg[5]
  Impl DFF        imp:/WORK/zigbee_phy_tx/u_zp/o_ram_address_reg[5]

  Ref  DFF        ref:/WORK/zigbee_phy_tx/u_zp/o_ram_address_reg[6]
  Impl DFF        imp:/WORK/zigbee_phy_tx/u_zp/o_ram_address_reg[6]

  Ref  DFF        ref:/WORK/zigbee_phy_tx/u_zp/o_serial_reg
  Impl DFF        imp:/WORK/zigbee_phy_tx/u_zp/o_serial_reg

  Ref  DFF        ref:/WORK/zigbee_phy_tx/u_zp/state_reg[0]
  Impl DFF        imp:/WORK/zigbee_phy_tx/u_zp/state_reg[0]

  Ref  DFF        ref:/WORK/zigbee_phy_tx/u_zp/state_reg[1]
  Impl DFF        imp:/WORK/zigbee_phy_tx/u_zp/state_reg[1]

  Ref  Port       ref:/WORK/zigbee_phy_tx/Tx_imag[0]
  Impl Port       imp:/WORK/zigbee_phy_tx/Tx_imag[0]

  Ref  Port       ref:/WORK/zigbee_phy_tx/Tx_imag[1]
  Impl Port       imp:/WORK/zigbee_phy_tx/Tx_imag[1]

  Ref  Port       ref:/WORK/zigbee_phy_tx/Tx_imag[2]
  Impl Port       imp:/WORK/zigbee_phy_tx/Tx_imag[2]

  Ref  Port       ref:/WORK/zigbee_phy_tx/Tx_imag[3]
  Impl Port       imp:/WORK/zigbee_phy_tx/Tx_imag[3]

  Ref  Port       ref:/WORK/zigbee_phy_tx/Tx_imag[4]
  Impl Port       imp:/WORK/zigbee_phy_tx/Tx_imag[4]

  Ref  Port       ref:/WORK/zigbee_phy_tx/Tx_imag[5]
  Impl Port       imp:/WORK/zigbee_phy_tx/Tx_imag[5]

  Ref  Port       ref:/WORK/zigbee_phy_tx/Tx_imag[6]
  Impl Port       imp:/WORK/zigbee_phy_tx/Tx_imag[6]

  Ref  Port       ref:/WORK/zigbee_phy_tx/Tx_imag[7]
  Impl Port       imp:/WORK/zigbee_phy_tx/Tx_imag[7]

  Ref  Port       ref:/WORK/zigbee_phy_tx/Tx_real[0]
  Impl Port       imp:/WORK/zigbee_phy_tx/Tx_real[0]

  Ref  Port       ref:/WORK/zigbee_phy_tx/Tx_real[1]
  Impl Port       imp:/WORK/zigbee_phy_tx/Tx_real[1]

  Ref  Port       ref:/WORK/zigbee_phy_tx/Tx_real[2]
  Impl Port       imp:/WORK/zigbee_phy_tx/Tx_real[2]

  Ref  Port       ref:/WORK/zigbee_phy_tx/Tx_real[3]
  Impl Port       imp:/WORK/zigbee_phy_tx/Tx_real[3]

  Ref  Port       ref:/WORK/zigbee_phy_tx/Tx_real[4]
  Impl Port       imp:/WORK/zigbee_phy_tx/Tx_real[4]

  Ref  Port       ref:/WORK/zigbee_phy_tx/Tx_real[5]
  Impl Port       imp:/WORK/zigbee_phy_tx/Tx_real[5]

  Ref  Port       ref:/WORK/zigbee_phy_tx/Tx_real[6]
  Impl Port       imp:/WORK/zigbee_phy_tx/Tx_real[6]

  Ref  Port       ref:/WORK/zigbee_phy_tx/Tx_real[7]
  Impl Port       imp:/WORK/zigbee_phy_tx/Tx_real[7]

  Ref  Port       ref:/WORK/zigbee_phy_tx/done_Tx
  Impl Port       imp:/WORK/zigbee_phy_tx/done_Tx

  Ref  Port       ref:/WORK/zigbee_phy_tx/sample_valid
  Impl Port       imp:/WORK/zigbee_phy_tx/sample_valid

 [BBNet: multiply-driven net
  BBPin: black-box pin
  Cut:   cut-point
  DFF:   non-constant DFF register
  DFF0:  constant 0 DFF register
  DFF1:  constant 1 DFF register
  DFFX:  constant X DFF register
  DFF0X: constrained 0X DFF register
  DFF1X: constrained 1X DFF register
  LAT:   non-constant latch register
  LAT0:  constant 0 latch register
  LAT1:  constant 1 latch register
  LATX:  constant X latch register
  LAT0X: constrained 0X latch register
  LAT1X: constrained 1X latch register
  LATCG: clock-gating latch register
  TLA:   transparent latch register
  TLA0X: transparent constrained 0X latch register
  TLA1X: transparent constrained 1X latch register
  Loop:  cycle break point
  Port:  primary (top-level) port
  Und:   undriven signal cut-point
  Unk:   unknown signal cut-point]

1
