Waste_Version	1.0
Num_X_Squares	58
Num_Y_Squares	57
Square_Width	115200
Square_Height	115200
Grid_Boundary	0	0	6576000	6566400
Start_Grid
   0   0   0   0   0   0   0   0   0   0   0   0   0   0   0   0   0   0   0   6  17   0   0   0   0  14   0   0   0   0   0   0   0   0   0   0   0   0   0   0   0   0   0   0   0   1  12   0   0   0   0   0   0   0   0   0   1   0
   0   0   0   0   0   0   0   0   3   9   0   0   0   1   6   0   0   0   2   2   0   0   0   0   0   1   3   0   0   2   0   0   0  10   0   0   0   0   0   0   0   0   0   0  17   0   0   0   0   0   0   0   0   0   0   0   0   0
   0   0   0   0   0   0   0   0   0   7   0   0  16   9   0   0   0   0   0   0   0   0   9   1   0   0   0   0  16   0   0   0   0   0   0   0   0   2   0  26   0   0   0   0   0   0   0   0   0  12   0   0   0   0   0   0   0   0
   0   0   0   0   0   0   0   0   0   0   0   0   0   0   0   0   0   0   0   0   0   0   0   0   0   4   0   0   0   0   0   0   0   0   0   0   0   0   0   0   0   0   0   0   0   3   2   0   0   0   0   0   0   0   0   0   1   0
   0   0   0   0   0   0   0   0   0   0   0   0   0   0   0   0   0   0   0   0   0   0   5   0   8   0   0   0   0   6   0   0   0   0   0  11   1   0   0   5   0   0   0   0   0   0   3   0   0   0   0   0   3  11   0   0   1   0
   0   0   0   0   0   0   0   0   0   0   0   0   0   0   0   0   0   0   0   0   0   0   4   0   0   0   0   0   0   0   0   1   0   0   0   0   0   0   0   0   0   0   0   0   0   0   0   0   0   0   0   0   0   0   0   0   1   0
   0   0   0   0   0   0   0   0   0   0   0   0   0   4   0   0   0   0   0   0   0   2   0   0   9   0   0   0   0   0   0   0   2   0   0   0   0   4   0   0   0   0   0   0   0   0   0   0   0   0   4   0   0   0   0   0   1   0
   0   0   0   0   0   0   0   0  21   0   0   0   0   0   0   6   4   0   0   0   0   0  19   0   0   0   0   0   0   0   0   0   0   0   0   0   1   0   0   0   0   0   0   7   0   0   0   0   0   0   0   0   0   0   0   0   1   0
   0   0   0   0   0   0   0   0   0   0   0   0   0   0   0   0   0   0   0   0   0   0   7   0   0   0   0   0   0   0   0   0   0   0   6   0   1   0   0   0   0   0  11   0   0   0   0  12   0   0   0   0   0   3   0   0   0   0
   0   0   0   0   0   0   0   9   6   0   0   0   0   0   0   0   0  16   2   0   0   0   0   0   0   0   0   3  14   0   0   0   6   1   0   0   0   0   0   0   0   0   0   0   0   0   0   0   0   0   0   0   0   0   0   0   1   0
   0   0   0   0   0   0   0   0   0   0   0   0   0   0   0   0   0   0  17   0   0   0   0   0   0   0   0   0   0  28   0   0   0   0   0   0   0   0   0   0   0   0   0   1   0   0   0   0   0   0   0   0   0   0   0   0   1   0
   0   0   0   0   0   0   0   0   0   0   0   0   0   0   0   0   0   0   0   0   0   0   0   0   2   0   0   0   0   0   0   0   0   0   0   0   0   0   0   0   0   0   0   0   0   4   0   0   0   0   0   0   0   0   0   0   1   0
   0   0   0   0   0   0   0   0   0   0   0   0   0   0   0   0   0   0   0   1   0   0   0   0   0   0   0   0   0   0   0   0   0   0   0   0   0   0   0   0   0   0   0   0   0   0   0   0   0   0   0   0   0   0   0   0   1   0
   0   0   0  19   0   5  12   0   0   0   0   0   0   0   0   0   0   0   0   0   0   0   0   0   0   0   0   0   0   0   0   0   0   0   0   0   0   0   0   0   0   0   0   0   0   1   0   0   0   0   0   0   6   8   0   0   0   0
   0   0   0   0   0   0   0   0   0   0   0   0   0   0   0   0   0   0   0   0   0   3   0   0   0   0   0   0   0   0   0   0   0   0   0   0   0   0   0   0   0   0   0   0   0   0   0   0   0   3   0   0   0   0   0   1   1   0
   0   0   0   0   0   3   0   0   0   0   0   0   0   0   0   0   0   0   0   0   0   0   0   0   0   0   0   0   0   0   0   0   0   0   0   0   0   2   0   0   0   0   0   0   0   0   0   6  36   0   0   0   0   0   0   0   0   0
   0   0   0   0   0   0   0   0   0   0   0   0   0   0   0   0   0   0   0   0   0   0   0   0   0   4   1   0   0   0   0   0   0   0   0   0   0   0   0   0   0   0   0   0   0   0   0   0   0   0   0   0   0   0  11   0   1   0
   0   0   0   0   0   0   0   0   0   0   0   0   0   0   0   0   0   0   0   0   0   0   1   0   0   0   0   0   0   0  10   0   0   0   0   0   0   0   0   0   0   0   0   0   0   0   0   0   0   0   0   0   0   0   0   0   0   0
   0   0   0   0   0   0   0   0   0   0   0   4   0   0   0   0   0   0   0   0   0   0   0   0   0   0   0   0   0   0   0   0   0   0   0   0   0   0   0  14   0   0   0   0   0   0   0   0   0   0   0   0   0   0   0   0   1   0
   0   0  31   5   0   0   6  36   0   0   0   0   0   4   0   0   0   0   0   0   0   0   0   0   0   0   0   0   0   0   0   0   0   0   0   0   0   2   0   0   0   1   0   0   0   0   0   3   0   0   0   0   0   0   0   0   0   0
   0   0   0   0   0   0   0  21   0   0   5   0   6   0   0   0   0   0   0   0   0   0   0   0   0   0   0   0   0   1   0   0   0   0   0   0   0   0   0   0   0  10   0   0   0  24   0   0   0   6  14  33   0   0   0   0   1   0
   0   0   0   0   0   0   3   0   0   0   0   0   0   0   0   0   0   0   0   0   0   0   0   0   0   0   0   0   0   0   0   0   0   0   0   0   0   0   0   0   0   0   0   0   0   0   0   0   0   0   1   0  24   0   0   0   1   0
   0   0   0   0   0   0  20   0   0   0   0   0   0   0   0   0   0   0   0   0   0   0   0   0   0   0   0   0   0   0   0   0   0   0   0   0   0   0   0   0   0   0   0   3   0   0   4   4   0   0   0   0   0   0   0   0   1   0
   0   0   0   0   0   0   0   0   0   0   0   0   0   0   0   0   0   0   0   0   0   0   0   0   0   0   0   0   0   0   0   0   0   0   0   0   0   0   0   0   0   0   0   0   0   0   0   0   5   0   0   2   0   0   0   0   1   0
   0   0   1   9   0   0   0   0   0   0   0   0   0   0   0   0   0   0   0   0   0   0   0   0   9   0   1   0   0   0   0   0   0   0   2   0   0   0   0   1   0   0   0   0   0   0   0   0   0   0   0   0   0   0   0   1   1   0
   0   0   0   0   0   0   0   1   1   0   0   0   0   0   0   0   0   0   0   0   0   0   0   0   0   0   0   0   0   0   0   0   0   0   0   0   0   0   0   0   0   0   0   0   0   0   0   1   0   0   0   0   0   0   0   0   1   0
   0   0   0   0   0   0   0   0  11   0   0   8   0   0   0   0   0   0   0   0   0   0   0   0   0   0   0   1   0   2   0   0   0   0   0   0   0   0   0   0   0   4   8   0   0   0   0   0   0   0  11   0   6   0   0   0   0   0
   0   0   0   0   0   0   0   0   0  12   0   0   0   0   0   0   0   7   0   1   0   0   0   0   0   0   0   0   0   0   0   0   0   0  42   0   0   0   0   0   0   0   0   0   0   0   0   0   0   0   0   0   0   0   0   0   1   0
   0   0   0   0   0   0   0   0   0   0   0   0   0   0   0   0   0   0   0   0   0   0   0   0   0   0   0   0   0   0   0   0   1   0   0   0   0   0   0   0   0  16   0   0   0   5   0   0   0   0   0   0   0   3   0   0   1   0
   0   0   0   0   0   0   0   0   0   0   0   0   0   0  17   9   0   0   0   0   0   0   0   0   0   5   1   0   0   0   0   0   0   0   0   0   0   0   0   0   0   0   0   0   3   0   0   0   0   0   0   1   1   0   0   0   0   0
   0   0   0   0   0   0   0   0   0  11   0   0   2   0   0   0   0   0   0   0   0   0   0   0   0   0   0   0   0   0   0   0   0   0   0   0   0   0   0   0   0   0   2   0   0   0   0   0   0   0   0   0   0   0   0   0   1   0
   0   0   0   0   0   0   0   0  10   0   0   0   0   0   0   0   0   0   0   0   0   0   0   0   4   0   0   0   0  12   0   0   1   0   0   0   0   0   0   0   0   0   0   0   0   0   0   0   0   0   0   0   0   0   0   0   1   0
   0   0   0   0   3  24   0   0   0   0   0   0  11   0  11   0   0   0   6   0   0   0   0   0   0   0   0   0   6   0   0   0   0   0   0   0   0   0   0  21  13   0   0   3   0   0   0   0   0   0   0   5   0   0   0   0   1   0
   0   0   0   0   0   0   0   0   0   0   0   0   0   0   0   0   0   0   0   0   0   0   0   0   4   0   0  18   3  13   0   7   0   0   0   0   7   0   4   0   0   0   0   0   0   0   0   0   0   0   0   0   0   8   0   0   1   0
   0   0   0   0   0   0   0   0   0   0   0   0   0   0   0   5   1   0   0   0   1   0   0   0   0   0   0   0   0   0   0   0   0  14   0   0   0   0   0   0   0   0   0   0   0   0  12   0   0   0   0   0   0   0   0   0   1   0
   0   0   0   0   0   0   0   0   0   0   0   0   0   4   0   0   0   0   0   0   0   0   0   0   0   0   0   0   0   0   0   0   0   0   0   0   0   0   0   0   0   0   2   0   0   0   0   0   0   0   0   0   0   0   0   0   1   0
   0   0   0   0   0   0   0   0   5   0   0   0   0   0   0   0   4  19   1   2   0   0   0   0   0   0   0   0   0   0   0   0   7  14   0   0   0   0   0   0   0   0   0   0   0   0   0   0   0   0   0   0   0   0   0   0   1   0
   0   0   0   0   0   0   0   0   6   0   0   0   0   0   0   0   0   0   0   0   0   0   0   0   0   0   0   0   0   0  18   8   0   0   9   0   0   1   0   0   0   0   0   7   0   0   0   0   0   0   5   2   0   0   0   0   1   0
   0   0   0   0   0   0   0   0   0   0   0   0   0   0   0   3   6   0   0   0   0   0   0   0   0   9   1   0   0   0   0   0   0  14   0   0   0   0   0   0   0   0   0   0   0   0   0   0   0   0   0   0   0   0   0   0   1   0
   0   0   0   0   0   0   0   0   3   0   0   0   0   0   0   0   0   0   0   0   0   0   0   0   0   0   0   0   0   0   0   0   0   0   0   0   0   0   0   0   0   0   0   0   0   0   0   0   0  25   0   0   0   3   0   0   1   0
   0   0   4   0   0   0   0   0   0   0   0   0   0   0   0   0   0   0   0   0   3   0   0   0   0   0   0   0  11   0   0   0   0   0   0   0   0   0   0   0   0   0   0   0   0   0   0   0   0   0   0   0   0   0   0   0   1   0
   0   0   0   0   0   0   0   0   0   0   0   0   0   0   0   0   0   0  11   0   0   0   0   0   0   0   0   0   0   0   0   2   0   0   0   0   0   0   0   0   1   1   0   0   0   0   0   0   1   0   0   0   1   0   0   0   0   0
   0   0   0   0   0   0   0   0   0   0   0   0   1   8   0   0   0   0   0   0   0   0   4   0   0   0   0   0   0   0   0   0   0   0   0   0   0   0   0   4   0   0   1  14   0  12   0   0   0   0   0   0   0   0   0   0   1   0
   4   1   0   0   0   0   0   0   0   0   0   0   0   8   0   0   0   0   0   0   0   0   0   0   0   7   2   0   0   0   0   0   0   0   0   0   0   0   0   0   0   0   0   0   0   0   0   0   0   0   0   0   0   0   0   0   1   0
   0   0   0   0   7  12   0   0   4   0   0   0   0   6   0   0   0   0   0   0   0   0   0   0   0   0   0   0   0   0   0   0   0   0   0   0   0   0   0   0   0   0   0   0   0   0   0   0   1   0   0   0   0   0   0   0   1   0
   0   0   0   3   0   0   2   0   0   0   0   0   0   0   0   2   0   0   0   0   0   0   0   0   6   0   0   0  14   0   0   0   0   0   0   0   0   0   0   0   0   0   0   0   0   0   0   0   0   0   0   0   0   2   0   0   1   0
   0   0   0   0   0   0   0   0   0   0   0   0   0   0   0   0   0   0   0   0   0   0   0   0   0   0   0   0   0   0   0   0   0  16   0   0   0  18  22   0   0   0   0   0   0   0   0   0   0   0   0   3   4  18   0   0   1   0
   0   0   0   3   0   0   0   0  19   5   0   7   9   0   0   0   0   0   0   1   0   0   0   0   3   0   0   0  13   0   0   2   0   0   0   0   0   0   0   0   0   0   0   0   0   0   0   0   0   0   0   0   0   0   0   0   1   0
   0   0   0   0   0   3   0   0   0   0   0   0   1   7   0   0   0   0   0   0   3   0  10   0   0   0   0   0   0   0   0   0   0   0   0   0   9   0   0   0   0   0   0   0   0   0   0   0   0   0   0   0   0   0   0   0   0   0
   0   0   0   0   0   0   0   0   0   0   0   0   0   0   0   0   0   0   0   0   0   2   1   0   0   0   0   0   0   0   0   0   0   0   0   0   0   0  33   0   9   6   0   0   0   0   0   0   0   0   0   0   0   0   0   0   1   0
   0   0   0   0   0   0   0   0   0   0   0   0   0   0   2   6   0   0   0   0   0   0   0   0   0   0   0   0   0   0   0   0   0   0   0   0   0   0  11   0   0   0   0   0   0   0   7   0   0   0   0   0   0   0  17   0   1   0
   0   0   0   0   0   0   0   0   0   0   0   0   0   0   0   0   0   0   0   0   6   0   0   0   0   0   0   0   0   0   0   0   0   0   0   0   0   0   0   0   0   0   0   0   0   0   0   0   0   0  15   0   0   0   0   0   1   0
   0   0   0   0   0   3   0   0   0  10   0   0   0   0   0   0   0   0   0   0   0   0   0   0   0   0   0   0   0   0   0   0   0   0   0   0   0   0   0   0   0   0   0   0   0   0   0   0   0   0   0   0   0   9  24   0   0   0
   0   0   0   0  12   0   0   0   0   0   0   0   2   0   0   0   0   0   0   0   0   0   0   0   0   0   0   0   0   0   0   0   3  20   0  10   1   0   0   0   0   0   0   0   0   0   0   0   0   0   0   0   0   0   0   0   1   0
   0   0   0   0   0   0   0  17   0   0   0   0   0   0   0   7   1   0   0   0   0   0   0   0   0   0   0   0   0   0   0   0   0   0   0   0   0   0   0   0   0   0   0   0   0   1   0   0   0   0   0   8  36   3   0   0   1   0
   0   0   0   0   0   0   0   0   0   0   0   0   0   0   0   0   0   0   8   0   0   0   0   0   0   0   0   0   0   8   0   0   0   0   0   0   0   0   0   0   0   0   0   0   0   3   0   0   0   0   2   1   4   0   0   0   1   0
   0   0   0   0   0   0   0   0   0   0   0   0   0   0   0   0   0   0   0   0   0   0   0   0   0   0   0   0   0   0   0   0   0   0   0   0   0   0   0   0   0   0   0   0   0   0   0   0   0   0   0   0   0   0   0   0   0   0
End_Grid
Total_Grid_Waste	2241
Start_Cell_Waste	12268
u_mod_top/u_chirp/Tx_real_reg[0]	0	0
u_mod_top/u_dqpsk/imag_out_reg[0]	0	0
u_mod_top/u_chirp/Tx_imag_reg[0]	0	0
u_mod_top/u_chirp/Tx_imag_reg[1]	0	2
u_sm_ram_Q/mem_reg[103][3]	0	0
u_mod_top/u_chirp/U231	0	0
u_mod_top/u_chirp/Tx_imag_reg[3]	0	4
u_sm_ram_Q/mem_reg[193][0]	0	0
u_sm_ram_Q/mem_reg[176][1]	0	1
u_sm_ram_Q/mem_reg[193][2]	0	2
u_sm_ram_Q/mem_reg[102][3]	0	0
u_sm_ram_Q/mem_reg[177][3]	0	0
u_mod_top/u_dqpsk/buf_imag_reg[2][0]	0	0
u_mod_top/u_chirp/sample_idx_reg[5]	0	5
u_mod_top/u_dqpsk/ptr_reg[1]	0	2
u_mod_top/u_chirp/state_reg[0]	0	0
u_sm_ram_Q/mem_reg[176][0]	0	3
u_sm_Q/U17	0	0
u_ctrl_fsm/preample_sfd_rom_rd_addr_reg_reg[2]	0	5
u_mod_top/u_chirp/state_reg[1]	0	2
u_sm_ram_Q/mem_reg[39][1]	0	0
u_mod_top/u_dqpsk/buf_imag_reg[1][0]	0	5
u_mod_top/u_dqpsk/buf_imag_reg[1][1]	0	4
u_sm_ram_I/mem_reg[178][1]	0	2
u_mod_top/u_chirp/Tx_imag_reg[6]	0	2
u_mod_top/u_dqpsk/ptr_reg[0]	0	4
u_mod_top/u_chirp/sample_idx_reg[2]	0	0
u_sm_ram_Q/mem_reg[209][1]	0	5
u_mod_top/u_chirp/Tx_imag_reg[5]	0	4
u_sm_ram_Q/mem_reg[0][2]	0	0
u_mod_top/u_chirp/Tx_imag_reg[7]	0	1
u_mod_top/u_chirp/gap_cnt_reg[3]	0	0
u_mod_top/u_chirp/gap_cnt_reg[4]	0	5
u_ctrl_fsm/preample_sfd_rom_rd_addr_reg_reg[1]	0	0
u_mod_top/u_chirp/sample_idx_reg[3]	0	2
u_sm_ram_Q/mem_reg[36][3]	0	1
u_sm_ram_Q/mem_reg[0][3]	0	2
u_mod_top/u_chirp/group_parity_reg	0	3
u_mod_top/u_chirp/sample_valid_reg	0	0
u_sm_Q/U3	0	0
u_sm_ram_Q/mem_reg[115][2]	0	0
u_mod_top/u_chirp/PLACE_HFSINV_624_1206	0	1
u_sm_Q/wr_addr_reg[4]	0	0
u_mod_top/u_dqpsk/real_out_reg[0]	0	2
u_sm_ram_Q/mem_reg[2][1]	0	2
u_sm_Q/wr_addr_reg[1]	0	4
u_mod_top/u_chirp/sample_idx_reg[4]	0	2
u_ctrl_fsm/preample_sfd_rom_rd_addr_reg_reg[3]	0	1
u_sm_ram_I/mem_reg[2][1]	0	4
u_mod_top/u_chirp/gap_cnt_reg[2]	0	2
u_mod_top/u_dqpsk/buf_imag_reg[0][0]	0	1
u_sm_Q/add_60/U1_1_1	0	3
u_sm_Q/wr_addr_reg[5]	0	2
u_sm_ram_Q/mem_reg[208][2]	0	3
u_mod_top/u_chirp/add_558/U1_2	0	4
u_sm_ram_Q/mem_reg[102][1]	0	2.01235
u_sm_ram_Q/mem_reg[39][0]	0	5.01235
u_sm_ram_Q/mem_reg[1][3]	0	3.01235
u_sm_ram_Q/mem_reg[2][3]	0	0.0123457
u_mod_top/u_chirp/U179	0	0.0123457
u_sm_ram_Q/mem_reg[102][0]	0	0.0123457
u_sm_ram_Q/mem_reg[39][3]	0	1.01235
u_sm_ram_Q/mem_reg[165][2]	0	0.0123457
u_sm_ram_Q/mem_reg[23][1]	0	4.01235
u_sm_ram_Q/mem_reg[1][2]	0	1.01235
u_mod_top/u_dqpsk/buf_real_reg[0][0]	0	2.01235
u_sm_ram_Q/mem_reg[3][2]	0	1.01235
u_sm_ram_Q/mem_reg[23][0]	0	0.0123457
u_sm_ram_Q/mem_reg[23][2]	0	4.01235
u_mod_top/u_chirp/add_558/U1_3	0	2.01235
u_sm_ram_Q/mem_reg[22][0]	0	1.01235
u_sm_ram_Q/mem_reg[22][1]	0	3.01235
u_sm_ram_Q/mem_reg[39][2]	0	2.02469
u_sm_ram_Q/mem_reg[23][3]	0	3.02469
u_mod_top/u_chirp/U545	0	1.02469
u_mod_top/u_chirp/U230	0	4.03704
u_sm_ram_Q/mem_reg[214][2]	0	1.03704
u_mod_top/u_chirp/U462	0	2.03704
u_mod_top/u_chirp/U166	0	0.0493827
u_mod_top/u_chirp/U322	0	0.0493827
u_mod_top/u_chirp/U43	0	1.06173
u_mod_top/u_chirp/U370	0	1.06173
u_mod_top/u_chirp/U447	0	4.06173
u_mod_top/u_chirp/U12	0	4.06173
u_mod_top/u_chirp/U226	0	4.06173
u_mod_top/u_chirp/U384	0	1.06173
u_sm_ram_I/mem_reg[178][0]	0	1.06173
u_mod_top/u_chirp/U228	0	0.0740741
u_mod_top/u_chirp/U224	0	0.0740741
u_sm_ram_Q/mem_reg[215][3]	0	0.0740741
u_mod_top/u_chirp/U142	0	1.07407
u_mod_top/u_chirp/PLACE_HFSBUF_42_1202	0	1.07407
u_mod_top/u_chirp/U232	0	2.08642
u_mod_top/u_chirp/add_558/U1_5	0	1.08642
u_mod_top/u_chirp/U160	0	0.0864198
u_mod_top/u_chirp/U436	0	1.08642
u_mod_top/u_chirp/U434	0	1.08642
u_mod_top/u_chirp/U385	0	1.08642
u_mod_top/u_chirp/U229	0	1.09877
u_mod_top/u_chirp/U486	0	1.09877
u_mod_top/u_chirp/U414	0	4.09877
u_mod_top/u_chirp/U439	0	1.09877
u_mod_top/u_chirp/U452	0	0.0987654
u_mod_top/u_chirp/PLACE_HFSINV_811_1208	0	0.111111
u_mod_top/u_chirp/U410	0	2.12346
u_mod_top/u_chirp/U109	0	1.06173
u_mod_top/u_chirp/U415	0	0.135802
u_mod_top/u_chirp/U411	0	3.14815
u_mod_top/u_chirp/U227	0	3.14815
u_mod_top/u_chirp/U192	0	1.07407
u_mod_top/u_chirp/U544	0	1.16049
u_mod_top/u_chirp/U266	0	1.16049
u_sm_Q/U14	0	0.160494
u_mod_top/u_chirp/PLACE_HFSINV_129_1200	0	1.16049
u_mod_top/u_chirp/U383	0	3.07407
u_sm_Q/add_60/U1_1_2	0	1.17284
u_mod_top/u_chirp/U242	0	2.17284
u_mod_top/u_chirp/U196	0	1.07407
u_mod_top/u_dqpsk/U37	0	1.18519
u_mod_top/u_chirp/U267	0	0.185185
u_mod_top/u_chirp/U239	0	2.18519
u_mod_top/u_chirp/U543	0	3.19753
u_mod_top/u_chirp/U438	0	2.19753
u_sm_Q/wr_addr_reg[0]	0	4.20988
u_mod_top/u_chirp/U550	0	3.20988
u_mod_top/u_chirp/U168	0	4.14815
u_mod_top/u_chirp/U175	0	3.14815
u_mod_top/u_chirp/U273	0	0.222222
u_mod_top/u_chirp/U270	0	1.22222
u_mod_top/u_chirp/U268	0	3.22222
u_mod_top/u_chirp/U185	0	1.12346
u_mod_top/u_chirp/PLACE_HFSBUF_704_1201	0	0.148148
u_mod_top/u_dqpsk/U48	0	0.222222
u_sm_Q/U18	0	0.222222
u_mod_top/u_chirp/U445	0	3.16049
u_mod_top/u_chirp/U309	0	3.23457
u_mod_top/u_chirp/U272	0	2.07407
u_mod_top/u_chirp/U382	0	1.1358
u_mod_top/u_dqpsk/U45	0	1.23457
u_sm_ram_Q/mem_reg[0][0]	0	2.24691
u_mod_top/u_chirp/U129	0	0.17284
u_mod_top/u_chirp/U448	0	2.24691
u_mod_top/u_chirp/U238	0	2.24691
u_mod_top/u_chirp/U469	0	1.25926
u_mod_top/u_chirp/U450	0	4.16049
u_mod_top/u_chirp/U260	0	0.123457
u_sm_ram_Q/U793	0	0.259259
u_sm_ram_Q/U905	0	0.259259
u_mod_top/u_chirp/PLACE_HFSBUF_460_1207	0	2.19753
u_mod_top/u_chirp/U533	0	1.08642
u_mod_top/u_chirp/U484	0	2.28395
u_sm_ram_Q/U2299	0	0.283951
u_mod_top/u_chirp/U508	0	1.28395
u_mod_top/u_chirp/U259	0	1.28395
u_sm_ram_Q/mem_reg[115][0]	0	0.296296
u_mod_top/u_chirp/U126	0	1.14815
u_mod_top/u_chirp/U167	0	3.14815
u_mod_top/u_dqpsk/real_out_reg[1]	0	1.2963
u_mod_top/u_chirp/U537	0	1.30864
u_sm_ram_Q/U862	0	0.308642
u_sm_ram_Q/U2468	0	0.308642
u_sm_ram_Q/mem_reg[193][1]	0	4.32099
u_mod_top/u_chirp/Tx_real_reg[1]	0	2.32099
u_sm_ram_Q/mem_reg[3][3]	0	0.320988
u_mod_top/u_chirp/U246	0	1.32099
u_mod_top/u_chirp/U258	0	2.24691
u_mod_top/u_dqpsk/U64	0	2.32099
u_sm_ram_Q/U1776	0	2.32099
u_mod_top/u_chirp/U250	0	2.25926
u_mod_top/u_chirp/U542	0	0.197531
u_sm_ram_Q/mem_reg[165][0]	0	0.333333
u_sm_ram_Q/mem_reg[165][3]	0	3.33333
u_mod_top/u_chirp/U463	0	3.33333
u_mod_top/u_chirp/si_reg[1]	0	2.33333
u_mod_top/u_chirp/U470	0	1.33333
u_ctrl_fsm/U44	0	1.33333
u_sm_ram_Q/mem_reg[36][2]	0	2.33333
u_sm_ram_Q/mem_reg[176][2]	0	0.333333
u_mod_top/u_chirp/U195	0	0.259259
u_mod_top/u_dqpsk/U32	0	3.33333
u_mod_top/u_chirp/Tx_imag_reg[4]	0	1.33333
u_sm_ram_Q/mem_reg[22][2]	0	2.33333
u_sm_ram_Q/mem_reg[2][2]	0	5.33333
u_sm_Q/add_60/U1_1_4	0	0.333333
u_sm_ram_Q/mem_reg[2][0]	0	0.333333
u_mod_top/u_chirp/U497	0	1.33333
u_ctrl_fsm/U41	0	2.33333
u_mod_top/u_chirp/U240	0	0.17284
u_mod_top/u_dqpsk/U47	0	2.33333
u_sm_ram_Q/mem_reg[115][1]	0	1.33333
u_mod_top/u_dqpsk/buf_imag_reg[3][0]	0	1.34568
u_mod_top/u_chirp/U422	0	2.2716
u_mod_top/u_chirp/U61	0	0.197531
u_sm_ram_Q/mem_reg[165][1]	0	0.345679
u_mod_top/u_chirp/U456	0	2.25926
u_mod_top/u_chirp/U261	0	0.283951
u_sm_ram_Q/mem_reg[1][0]	0	1.37037
u_sm_ram_Q/mem_reg[102][2]	0	0.37037
u_mod_top/u_chirp/U444	0	1.2716
u_mod_top/u_chirp/U156	0	1.19753
u_sm_Q/U13	0	2.38272
u_mod_top/u_chirp/add_570/U1_7	0	1.38272
u_sm_Q/add_60/U1	0	3.38272
u_mod_top/u_chirp/U348	0	1.28395
u_mod_top/u_chirp/gap_cnt_reg[5]	0	1.38272
u_form_ppdu/rom_dut/data_reg[2]	0	1.25926
u_mod_top/u_chirp/U254	0	1.32099
u_sm_ram_Q/U1484	0	2.39506
u_mod_top/u_chirp/U243	0	0.395062
u_mod_top/u_chirp/U378	0	1.23457
u_mod_top/u_chirp/subchirp_idx_reg[0]	0	2.39506
u_sm_ram_Q/mem_reg[199][2]	0	0.395062
u_mod_top/u_dqpsk/U25	0	0.407407
u_sm_ram_Q/U2300	0	2.24691
u_sm_Q/U16	0	1.40741
u_sm_ram_Q/U1485	0	0.407407
u_mod_top/u_chirp/U257	0	1.24691
u_sm_ram_Q/U354	0	0.407407
u_mod_top/u_chirp/U366	0	1.23457
u_mod_top/u_chirp/U152	0	1.25926
u_mod_top/u_chirp/add_616/U1_1_3	0	4.40741
u_ctrl_fsm/U40	0	0.407407
u_mod_top/u_dqpsk/U46	0	1.40741
u_mod_top/u_chirp/Tx_imag_reg[2]	0	3.33333
u_mod_top/u_dqpsk/buf_real_reg[1][0]	0	3.40741
u_sm_ram_Q/U2688	0	3.41975
u_mod_top/u_dqpsk/U34	0	3.34568
u_mod_top/u_dqpsk/U16	0	2.24691
u_sm_ram_Q/U1775	0	5.34568
u_sm_ram_Q/U1487	0	0.419753
u_mod_top/u_chirp/U446	0	0.345679
u_mod_top/u_dqpsk/U35	0	1.39506
u_sm_ram_Q/U908	0	3.25926
u_mod_top/u_chirp/U549	0	0.345679
u_mod_top/u_chirp/U150	0	1.32099
u_sm_ram_Q/mem_reg[4][2]	0	3.41975
u_mod_top/u_chirp/U467	0	0.345679
u_mod_top/u_chirp/U149	0	2.30864
u_sm_ram_Q/U1486	0	1.4321
u_sm_ram_Q/U1482	0	2.4321
u_sm_ram_Q/U2298	0	0.432099
u_mod_top/u_chirp/add_616/U1_1_4	0	3.2716
u_sm_ram_Q/U1777	0	0.432099
u_sm_ram_Q/U1488	0	2.2716
u_sm_ram_Q/U2890	0	3.4321
u_sm_Q/add_60/U1_1_3	0	3.4321
u_sm_ram_Q/U1483	0	2.4321
u_mod_top/u_chirp/U236	0	1.2716
u_sm_ram_Q/U3604	0	3.2716
u_sm_ram_Q/U3393	0	4.2716
u_mod_top/u_chirp/U532	0	1.4321
u_mod_top/u_chirp/U194	0	1.2963
u_mod_top/u_chirp/U202	0	2.37037
u_mod_top/u_chirp/U153	0	2.28395
u_mod_top/u_chirp/U386	0	1.24691
u_sm_ram_Q/U2235	0	1.44444
u_mod_top/u_chirp/U503	0	1.34568
u_mod_top/u_chirp/U362	0	1.19753
u_sm_ram_Q/U907	0	5.44444
u_mod_top/u_chirp/U421	0	1.34568
u_mod_top/u_dqpsk/U17	0	2.28395
u_sm_ram_Q/U1588	0	2.44444
u_sm_ram_Q/U1583	0	3.28395
u_mod_top/u_chirp/U64	0	1.23457
u_sm_ram_Q/U3666	0	3.2963
u_ctrl_fsm/U43	0	1.45679
u_sm_ram_Q/U2237	0	0.45679
u_ctrl_fsm/U91	0	1.2963
u_mod_top/u_chirp/add_558/U1_4	0	1.45679
u_sm_ram_Q/U2236	0	1.45679
u_sm_ram_Q/U791	0	0.296296
u_mod_top/u_chirp/U468	0	0.345679
u_mod_top/u_chirp/U426	0	3.35802
u_mod_top/u_chirp/U188	0	2.38272
u_mod_top/u_chirp/U541	0	1.45679
u_mod_top/u_chirp/U264	0	4.38272
u_sm_ram_Q/U3350	0	0.469136
u_mod_top/u_chirp/U548	0	1.25926
u_sm_ram_Q/U2493	0	3.39506
u_mod_top/u_dqpsk/U13	0	1.46914
u_sm_ram_Q/U1417	0	0.308642
u_sm_ram_Q/U860	0	1.46914
u_mod_top/u_chirp/U269	0	3.30864
u_sm_ram_Q/U1578	0	5.39506
u_sm_ram_Q/U1110	0	1.46914
u_mod_top/u_dqpsk/U23	0	1.32099
u_mod_top/u_chirp/U235	0	0.320988
u_mod_top/u_chirp/U105	0	1.25926
u_mod_top/u_chirp/U487	0	4.2716
u_ctrl_fsm/U42	0	1.48148
u_mod_top/u_dqpsk/U27	0	0.345679
u_mod_top/u_dqpsk/U53	0	4.48148
u_mod_top/u_chirp/U530	0	3.48148
u_mod_top/u_chirp/U247	0	0.481481
u_mod_top/u_chirp/PLACE_HFSINV_1201_198	0	4.16049
u_sm_ram_Q/U861	0	3.48148
u_sm_ram_Q/U1593	0	2.32099
u_mod_top/u_chirp/U210	0	1.25926
u_mod_top/u_chirp/U416	0	2.33333
u_mod_top/u_chirp/U536	0	1.49383
u_mod_top/u_chirp/U535	0	1.49383
u_mod_top/u_dqpsk/U30	0	2.24691
u_mod_top/u_chirp/last_group_lat_reg	0	1.33333
u_mod_top/u_dqpsk/U29	0	1.49383
u_mod_top/u_chirp/U455	0	0.395062
u_mod_top/u_chirp/U326	0	1.39506
u_mod_top/u_chirp/U218	0	3.34568
u_mod_top/u_chirp/U212	0	3.28395
u_mod_top/u_chirp/U433	0	0.271605
u_mod_top/u_chirp/U144	0	1.20988
u_mod_top/u_chirp/U394	0	2.28395
u_mod_top/u_chirp/U451	0	3.4321
u_sm_ram_Q/U3725	0	2.32099
u_mod_top/u_chirp/add_570/U1_5	0	1.35802
u_mod_top/u_chirp/U249	0	0.518519
u_mod_top/u_chirp/U437	0	2.39506
u_mod_top/u_chirp/U262	0	0.345679
u_mod_top/u_dqpsk/U62	0	1.40741
u_sm_ram_Q/U1431	0	5.35802
u_mod_top/u_dqpsk/U63	0	3.44444
u_mod_top/u_chirp/U237	0	0.432099
u_sm_ram_Q/U792	0	3.53086
u_mod_top/u_chirp/U472	0	2.53086
u_sm_ram_Q/U2859	0	2.45679
u_mod_top/u_chirp/U207	0	1.38272
u_mod_top/u_chirp/U225	0	0.45679
u_sm_ram_Q/U3308	0	1.37037
u_mod_top/u_chirp/U198	0	2.38272
u_mod_top/u_chirp/U454	0	3.39506
u_mod_top/u_chirp/U63	0	2.33333
u_sm_Q/wr_addr_reg[2]	0	1.54321
u_mod_top/u_chirp/add_616/U1_1_2	0	3.32099
u_mod_top/u_chirp/U298	0	0.320988
u_sm_ram_Q/U769	0	1.55556
u_mod_top/u_chirp/PLACE_HFSINV_915_1199	0	1.40741
u_mod_top/u_dqpsk/U65	0	1.22222
u_mod_top/u_chirp/U296	0	2.53086
u_mod_top/u_chirp/U222	0	0.358025
u_mod_top/u_chirp/U510	0	1.55556
u_mod_top/u_chirp/U252	0	3.48148
u_mod_top/u_chirp/U476	0	2.39506
u_ctrl_fsm/U16	0	1.53086
u_mod_top/u_chirp/U265	0	1.46914
u_sm_Q/U7	0	1.40741
u_mod_top/u_chirp/U534	0	0.469136
u_mod_top/u_chirp/U418	0	2.40741
u_ctrl_fsm/U89	0	0.407407
u_mod_top/u_chirp/U547	0	1.33333
u_sm_ram_Q/U1108	0	2.41975
u_sm_ram_I/mem_reg[50][1]	0	3.38272
u_mod_top/u_dqpsk/U66	0	1.37037
u_mod_top/u_dqpsk/U18	0	1.44444
u_sm_ram_Q/U3331	0	0.246914
u_sm_ram_Q/U3200	0	0.246914
u_sm_Q/add_60/U1_1_5	0	1.41975
u_sm_ram_Q/U2848	0	2.4321
u_sm_ram_Q/U2858	0	1.44444
u_mod_top/u_chirp/PLACE_HFSBUF_15_1197	0	1.41975
u_sm_ram_Q/U3357	0	2.4321
u_mod_top/u_chirp/U540	0	2.51852
u_sm_Q/U44	0	0.358025
u_sm_Q/add_60/U1_1_6	0	2.38272
u_sm_ram_Q/U2193	0	2.4321
u_mod_top/u_chirp/U478	0	3.34568
u_mod_top/u_chirp/U408	0	0.45679
u_sm_ram_Q/U906	0	1.2716
u_sm_ram_Q/U4035	0	3.44444
u_sm_Q/U15	0	1.40741
u_mod_top/u_chirp/U493	0	1.51852
u_mod_top/u_chirp/U395	0	1.48148
u_mod_top/u_dqpsk/U12	0	1.33333
u_mod_top/u_chirp/U489	0	0.555556
u_sm_ram_Q/U1109	0	3.46914
u_sm_ram_Q/U1111	0	0.469136
u_mod_top/u_dqpsk/U38	0	3.51852
u_mod_top/u_chirp/U509	0	1.40741
u_mod_top/u_chirp/sub_569/U9	0	0.308642
u_mod_top/u_chirp/U546	0	4.48148
u_mod_top/u_chirp/U248	0	1.46914
u_mod_top/u_dqpsk/U70	0	1.45679
u_mod_top/u_chirp/U271	0	1.30864
u_mod_top/u_chirp/add_616/U1_1_1	0	0.320988
u_sm_ram_Q/mem_reg[163][3]	0	1.49383
u_mod_top/u_chirp/U531	0	1.38272
u_sm_ram_Q/U2394	0	3.41975
u_mod_top/u_chirp/U480	0	1.46914
u_mod_top/u_chirp/U435	0	0.320988
u_mod_top/u_chirp/U219	0	0.481481
u_sm_ram_Q/mem_reg[163][1]	0	3.4321
u_sm_ram_Q/U794	0	1.44444
u_mod_top/u_chirp/U148	0	1.37037
u_mod_top/u_chirp/U481	0	0.506173
u_mod_top/u_dqpsk/U67	0	1.4321
u_mod_top/u_chirp/U495	0	1.34568
u_sm_ram_Q/mem_reg[103][1]	0	2.4321
u_mod_top/u_chirp/add_570/U1_6	0	1.48148
u_sm_ram_Q/U3733	0	0.518519
u_mod_top/u_chirp/gap_cnt_reg[6]	0	1.39506
u_sm_ram_Q/U2058	0	0.345679
u_mod_top/u_chirp/U280	0	0.530864
u_sm_ram_Q/mem_reg[22][3]	0	1.44444
u_sm_ram_Q/U3334	0	1.35802
u_mod_top/u_chirp/PLACE_HFSINV_399_1195	0	1.48148
u_sm_ram_Q/U1432	0	2.34568
u_sm_ram_Q/U863	0	0.518519
u_ctrl_fsm/preample_sfd_rom_rd_addr_reg_reg[0]	0	4.40741
u_form_ppdu/rom_dut/U7	0	1.55556
u_mod_top/u_chirp/U325	0	0.469136
u_mod_top/u_chirp/U208	0	1.39506
u_ctrl_fsm/U46	0	1.55556
u_mod_top/u_chirp/U507	0	1.49383
u_mod_top/u_chirp/sub_569/U2_1	0	4.49383
u_mod_top/u_dqpsk/U39	0	0.518519
u_mod_top/u_chirp/U100	0	1.48148
u_mod_top/u_chirp/PLACE_HFSBUF_23_1320	0	3.37037
u_sm_ram_Q/mem_reg[213][3]	0	3.38272
u_mod_top/u_dqpsk/U19	0	2.49383
u_sm_ram_Q/mem_reg[36][0]	0	1.37037
u_sm_ram_Q/mem_reg[38][2]	0	2.38272
u_mod_top/u_chirp/U388	0	2.41975
u_sm_ram_Q/mem_reg[199][0]	0	1.38272
u_mod_top/u_chirp/U169	0	0.45679
u_mod_top/u_chirp/U204	0	0.444444
u_sm_ram_Q/mem_reg[209][3]	0	1.39506
u_sm_ram_Q/U2057	0	1.38272
u_mod_top/u_chirp/PLACE_HFSBUF_808_196	0	0.382716
u_sm_ram_Q/U726	0	2.38272
u_mod_top/u_chirp/U417	0	3.54321
u_sm_ram_Q/U2512	0	1.49383
u_sm_ram_Q/PLACE_HFSBUF_7950_494	0	2.39506
u_sm_ram_Q/U2194	0	1.39506
u_mod_top/u_dqpsk/buf_real_reg[2][0]	0	1.39506
u_sm_ram_Q/mem_reg[209][0]	0	3.55556
u_mod_top/u_chirp/add_570/U1_4	0	0.407407
u_mod_top/u_chirp/sr_reg[1]	0	2.40741
u_mod_top/u_chirp/U253	0	3.40741
u_mod_top/u_chirp/U505	0	0.506173
u_sm_Q/U12	0	0.530864
u_mod_top/u_dqpsk/buf_real_reg[3][0]	0	1.55556
u_mod_top/u_chirp/U241	0	0.555556
u_sm_ram_Q/U3351	0	1.49383
u_sm_ram_Q/mem_reg[176][3]	0	0.419753
u_sm_ram_Q/mem_reg[38][0]	0	0.419753
u_mod_top/u_chirp/U317	0	1.53086
u_sm_ram_Q/U770	0	1.55556
u_mod_top/u_chirp/add_570/U1_2	0	1.45679
u_mod_top/u_chirp/U552	0	0.555556
u_sm_ram_Q/U3259	0	0.506173
u_sm_ram_Q/U1423	0	0.518519
u_sm_ram_Q/mem_reg[3][1]	0	1.41975
u_mod_top/u_chirp/U453	0	0.555556
u_sm_ram_Q/U767	0	0.432099
u_mod_top/u_chirp/U538	0	2.41975
u_sm_ram_Q/U3145	0	2.4321
u_mod_top/u_dqpsk/imag_out_reg[1]	0	2.50617
u_sm_Q/U11	0	2.50617
u_mod_top/u_chirp/U475	0	0.54321
u_sm_ram_Q/mem_reg[38][1]	0	2.55556
u_mod_top/u_chirp/U396	0	1.54321
u_mod_top/u_chirp/U125	0	1.49383
u_sm_ram_Q/U1806	0	3.4321
u_sm_ram_Q/U2847	0	0.432099
u_mod_top/u_chirp/U354	0	2.55556
u_form_ppdu/rom_dut/U8	0	1.51852
u_mod_top/u_chirp/U443	0	1.55556
u_mod_top/u_dqpsk/buf_real_reg[0][1]	0	1.55556
u_sm_Q/add_60/U2	0	0.358025
u_mod_top/u_chirp/PLACE_HFSBUF_623_195	0	0.444444
u_sm_ram_Q/mem_reg[199][3]	0	1.45679
u_mod_top/u_chirp/U482	0	0.518519
u_sm_ram_Q/U3610	0	2.44444
u_mod_top/u_dqpsk/U21	0	0.444444
u_mod_top/u_chirp/add_570/U1_1	0	0.444444
u_sm_ram_Q/U4009	0	2.44444
u_form_ppdu/rom_dut/U5	0	0.444444
u_mod_top/u_chirp/U206	0	1.54321
u_mod_top/u_chirp/U52	0	1.54321
u_mod_top/u_chirp/add_570/U2	0	2.46914
u_sm_ram_Q/mem_reg[114][1]	0	2.45679
u_mod_top/u_chirp/sample_idx_reg[1]	0	0.530864
u_mod_top/u_chirp/U245	0	0.45679
u_sm_ram_Q/mem_reg[103][0]	0	1.46914
u_mod_top/u_dqpsk/U11	0	1.4321
u_mod_top/u_chirp/U141	0	1.53086
u_mod_top/u_chirp/U174	0	1.51852
u_mod_top/u_dqpsk/U4	0	0.555556
u_mod_top/u_chirp/U140	0	0.469136
u_mod_top/u_dqpsk/U26	0	0.481481
u_mod_top/u_chirp/sample_idx_reg[0]	0	2.55556
u_mod_top/u_chirp/subchirp_idx_reg[1]	0	2.55556
u_mod_top/u_chirp/U479	0	0.506173
u_sm_ram_Q/mem_reg[115][3]	0	0.493827
u_mod_top/u_chirp/U512	0	1.48148
u_mod_top/u_chirp/sub_569/U7	0	1.48148
u_form_ppdu/rom_dut/U6	0	1.55556
u_sm_ram_Q/U1422	0	1.55556
u_mod_top/u_chirp/U374	0	1.55556
u_sm_ram_Q/U1429	0	1.48148
u_sm_ram_Q/U3220	0	2.48148
u_mod_top/u_chirp/U492	0	0.506173
u_mod_top/u_chirp/U127	0	1.54321
u_mod_top/u_chirp/U496	0	1.55556
u_mod_top/u_dqpsk/U49	0	2.49383
u_mod_top/u_chirp/PLACE_HFSINV_589_1183	0	0.444444
u_sm_ram_Q/U2297	0	1.49383
u_sm_ram_Q/U768	0	0.506173
u_sm_ram_Q/mem_reg[193][3]	0	1.49383
u_mod_top/u_chirp/U23	0	1.45679
u_ctrl_fsm/req_cnt_reg_reg[1]	0	1.51852
u_mod_top/u_dqpsk/U10	0	2.41975
u_mod_top/u_dqpsk/U20	0	0.493827
u_mod_top/u_chirp/U124	0	1.55556
u_mod_top/u_chirp/sub_569/U1	0	1.49383
u_payload_ram/PLACE_HFSBUF_3125_619	0	0.407407
u_mod_top/u_chirp/U158	0	1.50617
u_mod_top/u_chirp/U539	0	1.49383
u_mod_top/u_chirp/add_570/U1_3	0	3.49383
u_sm_Q/wr_addr_reg[3]	0	1.55556
u_sm_ram_Q/U1421	0	2.50617
u_sm_ram_Q/U1430	0	0.506173
u_mod_top/u_chirp/U499	0	1.53086
u_mod_top/u_dqpsk/U41	0	0.506173
u_sm_ram_Q/U1489	0	1.4321
u_sm_ram_Q/U1424	0	2.51852
u_mod_top/u_chirp/U117	0	0.493827
u_ctrl_fsm/U45	0	0.555556
u_mod_top/u_dqpsk/U71	0	1.51852
u_mod_top/u_chirp/U357	0	0.555556
u_mod_top/u_chirp/U375	0	0.481481
u_mod_top/u_chirp/U402	0	2.55556
u_sm_Q/U4	0	0.555556
u_sm_ram_Q/U3309	0	0.530864
u_sm_Q/U10	0	0.555556
u_mod_top/u_chirp/U213	0	1.55556
u_mod_top/u_chirp/U118	0	1.55556
u_mod_top/u_chirp/U483	0	0.54321
u_mod_top/u_chirp/U10	0	1.55556
u_mod_top/u_chirp/U500	0	0.530864
u_sm_ram_Q/U2585	0	0.54321
u_mod_top/u_chirp/U146	0	0.54321
u_mod_top/u_chirp/U551	0	1.54321
u_mod_top/u_chirp/U471	0	1.54321
u_ctrl_fsm/U68	0	0.54321
u_sm_ram_Q/mem_reg[0][1]	0	1.55556
u_mod_top/u_chirp/U372	0	1.51852
u_mod_top/u_chirp/PLACE_HFSINV_694_1204	0	1.54321
u_mod_top/u_dqpsk/U24	0	0.555556
u_sm_Q/wr_addr_reg[7]	0	1.51852
u_sm_ram_Q/U2520	0	0.555556
u_mod_top/u_chirp/U432	0	1.46914
u_mod_top/u_chirp/U502	0	1.55556
u_mod_top/u_chirp/Tx_real_reg[2]	0	1.54321
u_mod_top/u_chirp/U485	0	0.555556
u_mod_top/u_chirp/U234	0	1.46914
u_mod_top/u_chirp/U321	0	0.555556
u_sm_Q/U6	0	0.555556
u_mod_top/u_chirp/U88	0	0.555556
u_mod_top/u_chirp/U425	0	0.555556
u_mod_top/u_chirp/U424	0	0.555556
u_mod_top/u_chirp/U244	0	0.45679
u_mod_top/sn_valid_d_reg	0	1.55556
u_mod_top/u_chirp/U21	0	0.555556
u_mod_top/u_chirp/U251	0	2.55556
u_mod_top/u_chirp/U22	0	1.50617
u_mod_top/u_chirp/U459	0	1.55556
u_mod_top/u_dqpsk/U54	0	1.55556
u_mod_top/u_chirp/U15	0	0.555556
u_mod_top/u_dqpsk/U33	0	1.55556
u_mod_top/u_chirp/U119	0	1.55556
u_mod_top/u_chirp/add_570/U1	0	1.55556
u_form_ppdu/rom_dut/data_reg[3]	0	0.555556
u_sm_ram_Q/U3199	0	0.45679
u_mod_top/u_chirp/U511	0	1.55556
u_mod_top/u_chirp/U466	0	1.55556
u_mod_top/u_chirp/U133	0	1.55556
u_mod_top/u_chirp/U504	0	0.555556
u_mod_top/u_dqpsk/U72	0	0.506173
u_mod_top/u_chirp/U107	0	0.555556
u_mod_top/u_chirp/PLACE_HFSBUF_353_1196	0	0.555556
u_mod_top/u_chirp/U256	0	0.493827
u_sm_ram_Q/mem_reg[199][1]	0	0.555556
u_mod_top/u_chirp/U16	0	0.555556
u_sm_Q/wr_addr_reg[6]	0	0.555556
u_mod_top/u_chirp/gap_cnt_reg[0]	0	1.55556
u_mod_top/u_chirp/U121	0	0.555556
u_sm_ram_Q/U914	0	1.55556
u_mod_top/u_chirp/U221	0	1.55556
u_sm_ram_Q/U3327	0	0.555556
u_sm_ram_Q/U2473	0	1.55556
u_mod_top/u_chirp/PLACE_HFSBUF_52_0	0	0.555556
u_sm_ram_Q/mem_reg[114][2]	0	0.555556
u_mod_top/u_chirp/U393	0	0.555556
u_mod_top/u_chirp/U122	0	0.555556
u_mod_top/u_chirp/U465	0	0.555556
u_sm_ram_Q/mem_reg[1][1]	0	1.55556
u_mod_top/u_chirp/U506	0	0.444444
u_sm_ram_Q/mem_reg[36][1]	0	1.53086
u_ctrl_fsm/U47	0	1.55556
u_mod_top/u_dqpsk/U28	0	0.555556
u_mod_top/u_chirp/gap_cnt_reg[1]	0	2.55556
u_sm_ram_Q/U4024	0	1.55556
u_mod_top/u_chirp/U11	0	0.555556
u_sm_ram_Q/mem_reg[213][0]	0	0.555556
u_mod_top/u_dqpsk/U40	0	0.555556
u_sm_ram_Q/U2252	0	0.555556
u_sm_ram_Q/U713	0	0.481481
u_mod_top/u_chirp/U498	0	0.555556
u_sm_ram_Q/U3811	0	1.55556
u_mod_top/u_chirp/U123	0	0.555556
u_mod_top/u_chirp/U220	0	0.555556
u_mod_top/u_chirp/PLACE_HFSINV_985_1193	0	0.54321
u_mod_top/u_chirp/U442	0	0.493827
u_mod_top/u_dqpsk/buf_real_reg[3][1]	0	2.55556
u_sm_ram_Q/mem_reg[6][0]	0	1.55556
u_mod_top/u_chirp/sub_569/U8	0	1.54321
u_mod_top/u_dqpsk/U9	0	0.555556
u_mod_top/u_chirp/U327	0	1.55556
u_sm_ram_Q/mem_reg[214][0]	0	0.555556
u_sm_ram_Q/mem_reg[114][3]	0	0.555556
u_mod_top/u_chirp/U136	0	0.555556
u_sm_ram_Q/U2628	0	0.555556
u_mod_top/u_dqpsk/U73	0	1.55556
u_mod_top/u_chirp/U328	0	2.55556
u_sm_ram_I/mem_reg[179][3]	0	0.555556
u_mod_top/u_dqpsk/U50	0	1.55556
u_sm_ram_Q/U2547	0	1.55556
u_sm_ram_Q/PLACE_HFSBUF_3322_556	0	0.518519
u_sm_ram_I/mem_reg[179][1]	0	1.51852
u_sm_ram_Q/mem_reg[166][1]	0	0.555556
u_mod_top/u_dqpsk/U22	0	0.432099
u_sm_ram_Q/U3829	0	1.55556
u_sm_ram_Q/U3171	0	0.555556
u_sm_ram_Q/mem_reg[215][0]	0	2.55556
u_sm_ram_Q/U1113	0	0.555556
u_mod_top/u_chirp/U368	0	0.555556
u_form_ppdu/rom_dut/U3	0	1.55556
u_sm_ram_I/mem_reg[179][2]	0	1.55556
u_mod_top/u_dqpsk/buf_imag_reg[3][1]	0	0.555556
u_sm_ram_Q/mem_reg[38][3]	0	1.55556
u_mod_top/u_chirp/U528	0	0.555556
u_sm_ram_Q/U2253	0	2.55556
u_sm_ram_Q/U2254	0	0.555556
u_sm_ram_Q/U3751	0	1.55556
u_sm_ram_Q/U916	0	0.555556
u_mod_top/u_chirp/U460	0	1.55556
u_sm_ram_Q/U3616	0	1.55556
u_sm_ram_Q/mem_reg[226][1]	0	2.55556
u_sm_ram_Q/mem_reg[209][2]	0	0.530864
u_mod_top/u_chirp/U183	0	0.555556
u_mod_top/u_chirp/U279	0	0.555556
u_mod_top/u_dqpsk/buf_real_reg[1][1]	0	2.55556
u_mod_top/u_chirp/U553	0	0.555556
u_mod_top/u_chirp/U323	0	0.555556
u_mod_top/u_chirp/U310	0	0.555556
u_sm_ram_Q/PLACE_HFSBUF_3486_553	0	1.55556
u_mod_top/u_chirp/U339	0	1.54321
u_sm_ram_Q/U3730	0	0.555556
u_mod_top/u_chirp/U203	0	0.555556
u_mod_top/u_dqpsk/U42	0	0.555556
u_mod_top/u_dqpsk/U68	0	0.555556
u_ctrl_fsm/U31	0	0.555556
u_mod_top/u_chirp/U381	0	0.555556
u_mod_top/u_chirp/U209	0	1.55556
u_mod_top/u_chirp/U360	0	0.555556
u_sm_ram_Q/mem_reg[37][2]	0	2.55556
u_sm_ram_Q/U3657	0	1.55556
u_mod_top/u_chirp/U373	0	0.555556
u_mod_top/u_chirp/U404	0	0.555556
u_mod_top/u_chirp/U409	0	1.55556
u_mod_top/u_chirp/U288	0	0.555556
u_mod_top/u_chirp/U464	0	0.506173
u_mod_top/u_chirp/done_mod_reg	0	1.55556
u_sm_ram_Q/U710	0	1.55556
u_mod_top/u_chirp/U293	0	0.555556
u_mod_top/u_chirp/U458	0	1.55556
u_mod_top/u_chirp/U255	0	0.555556
u_ctrl_fsm/U71	0	0.555556
u_sm_ram_Q/U3677	0	1.55556
u_sm_ram_Q/U913	0	0.555556
u_mod_top/u_dqpsk/U31	0	1.46914
u_sm_Q/U34	0	0.555556
u_form_ppdu/rom_dut/U4	0	1.55556
u_mod_top/u_chirp/U289	0	0.555556
u_mod_top/u_chirp/U27	0	0.555556
u_sm_ram_Q/U1807	0.692308	0.555556
u_mod_top/u_chirp/U429	0	1.55556
u_mod_top/u_chirp/U377	0	0.555556
u_mod_top/u_chirp/U6	0	0.555556
u_sm_ram_Q/mem_reg[194][0]	0	0.555556
u_sm_ram_Q/mem_reg[194][1]	0	2.55556
u_sm_ram_Q/U3671	0	0.506173
u_mod_top/u_chirp/U214	0	0.506173
u_sm_ram_Q/U902	0	1.55556
u_mod_top/u_chirp/U361	0	0.555556
u_mod_top/u_dqpsk/U36	0	1.55556
u_sm_ram_I/mem_reg[195][1]	0	1.55556
u_sm_ram_Q/mem_reg[210][1]	0	1.55556
u_sm_ram_Q/mem_reg[198][3]	0	0.530864
u_sm_ram_Q/PLACE_HFSBUF_564_1033	0	1.55556
u_mod_top/u_dqpsk/U14	0	1.55556
u_sm_ram_Q/mem_reg[114][0]	0	2.55556
u_ctrl_fsm/req_cnt_reg_reg[0]	0	0.555556
u_mod_top/u_chirp/U501	0	0.555556
u_mod_top/u_chirp/U554	0	0.555556
u_sm_ram_Q/mem_reg[224][1]	0	1.55556
u_ctrl_fsm/U84	0	0.555556
u_mod_top/u_chirp/U108	0	0.555556
u_mod_top/u_chirp/U305	0	0.555556
u_mod_top/u_chirp/U159	0	1.55556
PLACE_HFSBUF_674_375	0	1.55556
u_sm_ram_Q/U2421	0	1.55556
u_mod_top/U3	0	1.55556
u_mod_top/u_chirp/U115	0	0.555556
u_sm_ram_Q/U3172	0	1.49383
u_ctrl_fsm/U73	0	0.555556
u_sm_ram_Q/U2572	0	0.555556
u_sm_ram_I/mem_reg[195][2]	0	2.55556
u_mod_top/u_chirp/U211	0	0.555556
u_sm_ram_Q/PLACE_HFSBUF_882_1098	0	0.555556
u_sm_Q/U45	0	1.55556
u_mod_top/u_chirp/U335	0	1.55556
u_sm_ram_Q/U702	0	1.55556
u_mod_top/u_dqpsk/U57	0	2.53086
u_mod_top/u_chirp/U332	0	0.555556
u_sm_ram_Q/PLACE_HFSBUF_431_1164	0	0.555556
u_mod_top/u_dqpsk/U69	0	0.555556
u_mod_top/u_chirp/U423	0	0.555556
u_mod_top/u_chirp/U286	0	1.55556
u_mod_top/u_chirp/sub_569/U2_6	0	0.555556
u_mod_top/u_chirp/U351	0	0.555556
u_mod_top/u_chirp/U281	0	0.555556
u_mod_top/u_chirp/U379	0	0.555556
u_mod_top/u_chirp/U555	0	0.54321
u_sm_ram_Q/PLACE_HFSBUF_12721_431	0	0.555556
u_mod_top/u_chirp/U329	0	0.555556
u_mod_top/u_chirp/PLACE_HFSBUF_58_1042	0	0.555556
u_mod_top/u_chirp/sub_569/U2	0	0.555556
u_sm_ram_Q/U915	0	0.555556
u_mod_top/u_chirp/sub_569/U3	0	0.555556
u_mod_top/u_chirp/U350	0	1.55556
u_sm_ram_Q/mem_reg[208][1]	0	0.555556
u_mod_top/u_chirp/sn_req_reg	0	0.555556
u_sm_ram_I/mem_reg[195][3]	0	1.55556
u_mod_top/u_chirp/U48	0	0.555556
u_sm_ram_I/U850	0	1.55556
u_ctrl_fsm/U72	0	0.555556
u_sm_ram_Q/mem_reg[211][1]	0	0.555556
u_mod_top/u_chirp/sub_569/U2_2	0	0.555556
u_sm_ram_Q/U1114	0	0.555556
u_mod_top/u_chirp/PLACE_HFSBUF_96_952	0	0.555556
u_sm_ram_Q/mem_reg[103][2]	0	0.555556
u_sm_ram_Q/mem_reg[194][3]	0	1.55556
u_mod_top/u_chirp/U79	0	0.555556
u_sm_ram_Q/U3261	0	0.555556
u_sm_ram_I/mem_reg[146][1]	0	1.55556
u_mod_top/u_chirp/U131	0	0.555556
u_mod_top/u_chirp/PLACE_HFSBUF_53_953	0	0.555556
u_mod_top/u_chirp/U334	0	1.55556
u_mod_top/u_chirp/PLACE_HFSBUF_133_954	0	1.55556
u_sm_ram_Q/mem_reg[198][1]	0	0.555556
u_mod_top/u_chirp/U50	0	0.555556
u_mod_top/u_chirp/U147	0	0.555556
u_sm_ram_Q/mem_reg[198][0]	0	2.53086
u_mod_top/u_chirp/U392	0	0.555556
u_mod_top/u_chirp/U282	0	1.55556
u_mod_top/u_chirp/U116	0	0.555556
u_sm_ram_Q/U706	0	0.555556
u_sm_ram_Q/U2422	0	0.555556
u_mod_top/u_chirp/PLACE_HFSBUF_116_1041	0	1.55556
u_mod_top/u_chirp/U101	0	0.555556
u_sm_ram_Q/mem_reg[225][1]	0	0.555556
u_mod_top/u_chirp/U186	0	0.555556
u_mod_top/u_chirp/sub_569/U2_5	0	1.55556
u_sm_Q/U38	0	1.55556
u_mod_top/u_chirp/U47	0	1.55556
u_mod_top/u_chirp/U331	0	0.555556
u_mod_top/u_dqpsk/buf_real_reg[2][1]	0	0.555556
u_sm_ram_Q/mem_reg[208][0]	0	0.555556
u_sm_ram_I/mem_reg[2][2]	0	0.555556
u_mod_top/u_chirp/U527	0	0.555556
u_mod_top/u_chirp/U356	0	1.55556
u_sm_ram_Q/mem_reg[197][1]	0	0.555556
u_ctrl_fsm/U48	0	0.555556
u_mod_top/u_chirp/U164	0	0.555556
u_sm_ram_Q/U3020	0	0.555556
u_sm_ram_Q/mem_reg[213][2]	0	2.55556
u_mod_top/u_chirp/U405	0	0.555556
u_mod_top/u_chirp/U99	0	1.55556
u_sm_ram_Q/mem_reg[197][3]	0	2.55556
u_ctrl_fsm/ready_for_IQ_d_reg	0	0.555556
u_form_ppdu/rom_dut/data_reg[0]	0	2.55556
u_ctrl_fsm/U74	0	0.555556
u_mod_top/u_chirp/U514	0	0.555556
u_sm_ram_Q/mem_reg[226][2]	0	1.55556
u_sm_ram_Q/mem_reg[214][1]	0	1.55556
u_mod_top/u_dqpsk/U55	0	0.555556
u_sm_ram_Q/mem_reg[224][2]	0	0.555556
u_mod_top/u_chirp/U177	0	0.555556
u_mod_top/u_dqpsk/buf_imag_reg[2][1]	0	2.55556
u_mod_top/u_chirp/U420	0	0.555556
u_mod_top/u_chirp/U376	0	0.555556
u_sm_ram_Q/U3652	0	0.555556
u_sm_ram_Q/PLACE_HFSBUF_722_1086	0	0.555556
u_mod_top/u_chirp/U304	0	0.555556
u_sm_ram_Q/U703	0	0.555556
u_mod_top/u_chirp/U390	0	0.555556
u_form_ppdu/rom_dut/data_reg[1]	0	0.555556
u_sm_ram_Q/mem_reg[211][0]	0	0.555556
u_mod_top/u_chirp/U24	0	1.55556
u_mod_top/u_dqpsk/U56	0	1.55556
u_sm_ram_I/U849	0	1.55556
u_sm_ram_Q/mem_reg[213][1]	0	0.555556
u_sm_ram_I/mem_reg[2][3]	0	2.55556
u_sm_ram_Q/U3214	0	0.555556
u_sm_ram_Q/U1987	0	0.555556
u_sm_ram_Q/mem_reg[167][3]	0	1.55556
u_sm_ram_I/mem_reg[50][2]	0	0.54321
u_mod_top/u_chirp/U355	0	0.555556
u_mod_top/u_chirp/sub_569/U6	0	0.555556
u_sm_ram_I/mem_reg[210][0]	0	1.55556
u_ctrl_fsm/U29	0	0.555556
u_sm_ram_I/mem_reg[210][3]	0	1.55556
u_sm_ram_Q/mem_reg[166][0]	0	0.555556
u_sm_ram_Q/U2478	0	0.555556
u_mod_top/u_chirp/U320	0	0.555556
u_sm_ram_Q/U1115	0	1.55556
u_sm_ram_I/U2496	0	0.555556
u_sm_Q/U37	0	1.55556
u_mod_top/u_chirp/U85	0	0.555556
u_sm_ram_Q/mem_reg[166][3]	0	0.555556
u_mod_top/u_chirp/U349	0	0.555556
u_mod_top/u_chirp/U308	0	1.55556
u_mod_top/u_chirp/U311	0	0.555556
u_mod_top/u_chirp/U170	0	0.555556
u_sm_ram_Q/U2518	0	0.555556
u_mod_top/u_chirp/U391	0	0.555556
u_sm_ram_Q/PLACE_HFSBUF_776_1085	0	1.51852
u_sm_ram_I/U851	0	2.55556
u_sm_ram_Q/U3142	0	1.55556
u_ctrl_fsm/U67	0	0.555556
u_mod_top/u_chirp/U157	0	0.555556
u_sm_ram_Q/mem_reg[161][0]	0	2.55556
u_sm_ram_I/mem_reg[146][3]	0	0.555556
u_sm_ram_Q/U901	0	2.55556
u_mod_top/u_dqpsk/buf_imag_reg[0][1]	0	0.555556
u_sm_ram_Q/mem_reg[195][3]	0	1.54321
u_mod_top/u_dqpsk/U43	0	0.555556
u_sm_ram_Q/mem_reg[215][1]	0	0.555556
u_mod_top/u_chirp/U176	0	0.555556
u_mod_top/u_chirp/U91	0	0.555556
u_mod_top/u_chirp/U59	0	0.555556
u_sm_ram_Q/mem_reg[211][3]	0	1.55556
u_mod_top/u_chirp/U17	0	2.55556
u_sm_ram_Q/U774	0	1.55556
u_mod_top/u_chirp/U461	0	0.555556
u_sm_ram_Q/U1112	0	1.55556
u_sm_ram_Q/PLACE_HFSBUF_839_1097	0	0.555556
u_sm_ram_Q/U704	0	1.55556
u_mod_top/u_dqpsk/U60	0	0.555556
u_sm_ram_Q/U3097	0	1.55556
u_sm_ram_I/mem_reg[195][0]	0	0.555556
u_mod_top/u_chirp/U36	0	1.53086
u_mod_top/u_chirp/U513	0	0.555556
u_mod_top/u_chirp/U290	0	2.55556
u_sm_ram_I/mem_reg[210][1]	0	1.55556
u_mod_top/u_chirp/U57	0	0.555556
u_mod_top/u_chirp/U344	0	0.555556
u_mod_top/u_chirp/U31	0	0.555556
u_sm_ram_I/U3503	0	0.555556
u_mod_top/u_chirp/U515	0	0.555556
u_mod_top/u_chirp/U90	0	0.555556
u_sm_ram_I/mem_reg[194][0]	0	1.55556
u_mod_top/u_chirp/U343	0	0.555556
u_mod_top/u_chirp/U398	0	0.555556
u_sm_ram_Q/U788	0	0.555556
u_sm_ram_Q/mem_reg[167][1]	0	2.55556
u_mod_top/u_chirp/U154	0	0.555556
u_sm_ram_Q/U4011	0	0.555556
u_ctrl_fsm/U30	0	0.555556
u_mod_top/u_chirp/U319	0	0.555556
u_sm_ram_Q/U3370	0	1.55556
u_mod_top/u_chirp/U324	0	0.555556
u_mod_top/u_chirp/U529	0	0.555556
u_sm_ram_Q/U2570	0	0.555556
u_sm_ram_I/U3310	0	0.555556
u_sm_ram_Q/U666	0	1.55556
u_sm_ram_Q/U2475	0	0.555556
u_mod_top/u_chirp/U526	0	1.55556
u_mod_top/u_chirp/U113	0	1.55556
u_mod_top/u_chirp/U314	0	0.555556
u_sm_ram_Q/U707	0	0.555556
u_sm_ram_Q/U662	0	0.555556
u_mod_top/u_chirp/U283	0	0.555556
u_mod_top/u_chirp/U338	0	0.555556
u_mod_top/u_chirp/U143	0	0.555556
u_mod_top/u_chirp/U441	0	0.555556
u_mod_top/u_chirp/U419	0	0.555556
u_sm_ram_Q/U731	0	0.555556
u_mod_top/u_dqpsk/U44	0	0.555556
u_mod_top/u_chirp/U110	0	0.555556
u_sm_ram_Q/U732	0	1.54321
u_sm_ram_Q/U2528	0	0.555556
u_sm_ram_Q/PLACE_HFSBUF_11483_852	0	0.555556
u_mod_top/u_chirp/U336	0	1.55556
u_form_ppdu/U1	0	1.55556
u_sm_ram_I/U785	0	1.55556
u_mod_top/u_chirp/U92	0	0.555556
u_mod_top/u_chirp/U285	0	0.555556
u_sm_ram_Q/mem_reg[20][0]	0	0.555556
u_sm_ram_Q/mem_reg[215][2]	0	1.55556
u_sm_ram_Q/U772	0	0.555556
u_sm_ram_Q/U790	0	0.555556
u_ctrl_fsm/U90	0	0.555556
u_mod_top/u_chirp/U66	0	0.555556
u_sm_ram_Q/PLACE_HFSBUF_11265_854	0	0.555556
u_sm_ram_I/mem_reg[176][0]	0	0.555556
u_sm_ram_Q/U1854	0	0.555556
u_mod_top/u_chirp/U292	0	1.55556
u_mod_top/u_chirp/U291	0	0.555556
u_mod_top/u_chirp/U303	0	0.555556
u_sm_ram_I/U786	0	0.555556
u_sm_ram_Q/PLACE_HFSBUF_11794_853	0	1.55556
u_mod_top/u_chirp/U341	0	0.555556
u_sm_ram_I/U2536	0	0.555556
u_sm_ram_Q/U667	0	0.555556
u_sm_ram_Q/U709	0	0.555556
u_sm_ram_Q/U771	0	0.555556
u_mod_top/u_chirp/U44	0	0.555556
u_sm_ram_Q/U2273	0	0.555556
u_mod_top/u_chirp/U97	0	0.555556
u_sm_ram_Q/U2510	0	0.555556
u_ctrl_fsm/load_delay_reg_reg[0]	0	0.555556
u_sm_ram_I/mem_reg[194][2]	0	1.55556
u_sm_ram_Q/U2598	0	0.555556
u_sm_ram_I/U2576	0	0.555556
u_sm_ram_Q/mem_reg[177][2]	0	0.555556
u_sm_ram_Q/mem_reg[197][0]	0	0.555556
u_sm_ram_I/mem_reg[163][2]	0	0.555556
u_sm_ram_I/U2172	0	0.555556
u_sm_ram_Q/U721	0	0.555556
u_mod_top/u_chirp/sub_569/U2_7	0	0.555556
u_mod_top/u_chirp/U49	0	0.555556
u_sm_ram_I/mem_reg[210][2]	0	0.555556
u_sm_ram_Q/U776	0	0.555556
u_sm_ram_Q/mem_reg[164][1]	0	0.555556
u_mod_top/u_dqpsk/U52	0	0.555556
u_sm_ram_Q/mem_reg[21][0]	0	2.55556
u_mod_top/u_chirp/U18	0	1.55556
u_mod_top/u_chirp/U330	0	0.555556
u_sm_ram_Q/PLACE_HFSBUF_6520_497	0	1.55556
u_ctrl_fsm/U86	0	0.555556
u_sm_ram_Q/U2012	0	0.555556
u_mod_top/u_chirp/U413	0	0.555556
u_sm_ram_Q/U2482	0	0.555556
u_mod_top/u_chirp/U19	0	1.55556
u_sm_ram_Q/U3212	0	1.55556
u_sm_ram_Q/PLACE_HFSBUF_6342_498	0	0.555556
u_mod_top/u_chirp/U65	0	0.555556
u_sm_ram_Q/U2798	0	1.55556
u_mod_top/u_chirp/Tx_real_reg[4]	0	0.555556
u_mod_top/u_chirp/U342	0	0.555556
u_sm_ram_Q/U775	0	0.555556
u_mod_top/u_dqpsk/U51	0	0.555556
u_sm_ram_Q/U786	0	0.555556
u_sm_ram_Q/mem_reg[225][2]	0	0.555556
u_sm_ram_Q/U3237	0	0.555556
u_mod_top/u_chirp/U114	0	0.555556
u_sm_ram_Q/U733	0	0.555556
u_sm_ram_Q/mem_reg[167][0]	0	0.555556
u_mod_top/u_chirp/U347	0	1.55556
u_sm_ram_Q/mem_reg[212][0]	0	0.555556
u_mod_top/u_chirp/U306	0	1.55556
u_mod_top/u_chirp/U135	0	0.555556
u_sm_ram_I/mem_reg[179][0]	0	0.555556
u_sm_ram_Q/U3286	0	0.555556
u_mod_top/u_chirp/U284	0	1.55556
u_mod_top/u_dqpsk/U6	0	1.55556
u_mod_top/u_chirp/U35	0	0.555556
u_ctrl_fsm/U87	0	0.555556
u_sm_ram_Q/mem_reg[214][3]	0	0.555556
u_sm_ram_Q/U718	0	0.555556
u_form_ppdu/Q_piso/valid_reg	0	1.55556
u_mod_top/u_chirp/U297	0	0.555556
u_ctrl_fsm/U81	0	1.55556
u_sm_ram_Q/mem_reg[3][0]	0	1.55556
u_mod_top/u_chirp/U277	0	0.555556
u_mod_top/u_chirp/U412	0	1.55556
u_form_ppdu/Q_piso/q_reg[1]	0	0.555556
u_sm_ram_Q/mem_reg[179][2]	0	0.555556
u_sm_ram_I/mem_reg[178][3]	0	0.54321
u_mod_top/u_chirp/U74	0	0.555556
u_sm_ram_Q/PLACE_HFSBUF_7775_495	0	0.555556
u_sm_ram_Q/mem_reg[167][2]	0	1.55556
u_sm_ram_I/U1583	0	0.555556
u_mod_top/u_chirp/U34	0	0.555556
u_mod_top/u_chirp/U367	0	1.55556
u_sm_ram_Q/U730	0	0.555556
u_sm_ram_Q/mem_reg[164][0]	0	2.55556
u_sm_ram_Q/U705	0	0.555556
u_mod_top/u_chirp/U29	0	1.55556
u_ctrl_fsm/U49	0	1.54321
u_mod_top/u_chirp/U403	0	0.555556
u_form_ppdu/I_piso/valid_reg	0	3.55556
u_sm_ram_I/U848	0	1.55556
u_mod_top/u_chirp/U364	0	0.555556
u_sm_ram_Q/U2484	0	2.55556
u_sm_ram_Q/U3153	0	1.55556
u_mod_top/u_chirp/U312	0	1.55556
u_sm_ram_I/U783	0	1.55556
u_mod_top/u_chirp/U28	0	0.555556
u_sm_ram_Q/mem_reg[179][0]	0	2.55556
u_sm_ram_Q/U2583	0	0.555556
u_sm_ram_Q/U1490	0	0.555556
u_mod_top/u_chirp/U46	0	1.55556
u_mod_top/u_chirp/U51	0	0.555556
u_sm_ram_I/U790	0	2.54321
u_sm_ram_Q/U3174	0	0.555556
u_sm_ram_Q/PLACE_HFSBUF_7608_493	0	0.555556
u_sm_ram_Q/U904	0	0.555556
u_mod_top/u_chirp/U337	0	0.555556
u_sm_ram_I/mem_reg[211][2]	0	2.55556
u_mod_top/u_chirp/U524	0	0.555556
u_sm_ram_Q/U3167	0	0.555556
u_mod_top/u_chirp/U431	0	1.55556
u_sm_ram_Q/mem_reg[194][2]	0	0.555556
u_mod_top/u_dqpsk/U59	0	1.55556
u_sm_ram_Q/U3173	0	0.555556
u_sm_ram_Q/U3109	0	1.55556
u_mod_top/u_chirp/U333	0	0.555556
u_sm_ram_I/mem_reg[131][2]	0	0.555556
u_mod_top/u_dqpsk/U58	0	0.555556
u_mod_top/u_chirp/U340	0	0.555556
u_mod_top/u_chirp/U83	0	0.555556
u_sm_ram_Q/PLACE_HFSBUF_6349_562	0	0.555556
u_sm_ram_I/U2494	0	0.555556
u_sm_ram_Q/U665	0	0.555556
u_sm_ram_Q/U663	0	1.55556
u_sm_ram_Q/mem_reg[211][2]	0	1.55556
u_ctrl_fsm/U15	0	0.54321
u_ctrl_fsm/U18	0	1.55556
u_mod_top/u_dqpsk/U5	0	1.55556
u_mod_top/u_chirp/U80	0	0.555556
u_mod_top/u_chirp/sub_569/U2_4	0	1.55556
u_sm_ram_Q/U859	0	1.55556
u_sm_ram_I/U1582	0	0.555556
u_mod_top/u_chirp/U407	0	0.555556
u_mod_top/u_chirp/U67	0	1.55556
u_sm_ram_Q/U4078	0	2.55556
u_sm_ram_I/U1581	0	1.55556
u_sm_ram_Q/PLACE_HFSBUF_7447_492	0	0.555556
u_sm_ram_Q/mem_reg[208][3]	0	1.55556
u_sm_ram_Q/mem_reg[226][0]	0	0.555556
u_sm_ram_Q/U493	0	0.555556
u_sm_ram_I/mem_reg[146][2]	0	0.555556
u_sm_ram_Q/U2568	0	2.55556
u_mod_top/u_chirp/U71	0	0.555556
u_sm_ram_I/U985	0	1.55556
u_form_ppdu/I_piso/q_reg[1]	0	0.555556
u_sm_ram_I/mem_reg[194][1]	0	0.555556
u_mod_top/u_chirp/sub_569/U4	0	0.555556
u_sm_ram_I/U787	0	2.55556
u_sm_ram_I/mem_reg[209][1]	0	0.555556
u_sm_ram_Q/U2857	0	0.555556
u_sm_ram_I/U428	0	0.555556
u_sm_ram_Q/PLACE_HFSBUF_10211_436	0	1.55556
u_mod_top/u_chirp/U8	0	0.555556
u_sm_ram_Q/U1494	0.230769	0.555556
u_sm_ram_Q/U3644	0	2.55556
u_sm_ram_Q/U2856	0	0.555556
u_sm_ram_Q/U3092	0	0.555556
u_mod_top/u_chirp/U397	0	0.555556
u_ctrl_fsm/U50	0	0.555556
u_sm_ram_Q/U898	0	1.55556
u_sm_ram_Q/U858	0	0.555556
u_mod_top/u_chirp/U9	0	0.555556
u_sm_ram_Q/mem_reg[21][2]	0	0.555556
u_mod_top/u_chirp/U70	0	0.555556
u_ctrl_fsm/U62	0	1.55556
u_mod_top/u_chirp/U62	0	0.555556
u_mod_top/u_chirp/U523	0	2.55556
u_mod_top/u_chirp/U87	0	0.555556
u_sm_ram_Q/U2456	0	0.555556
u_mod_top/u_chirp/U525	0	0.555556
u_mod_top/u_chirp/U389	0	0.555556
u_mod_top/u_chirp/U78	0	0.555556
u_mod_top/u_chirp/U449	0	0.555556
u_mod_top/u_chirp/U68	0	1.55556
u_sm_ram_Q/U349	0	0.555556
u_sm_ram_Q/U2011	0	0.555556
u_mod_top/u_chirp/U440	0	0.555556
u_mod_top/u_chirp/U521	0	0.555556
u_sm_ram_I/U3507	0	0.555556
u_mod_top/u_chirp/U520	0	1.55556
u_mod_top/u_chirp/U516	0	0.555556
u_sm_ram_Q/U3019	0	2.55556
u_mod_top/u_chirp/U45	0	1.55556
u_sm_ram_Q/mem_reg[178][2]	0	0.555556
u_sm_ram_I/U984	0	0.481481
u_sm_ram_I/U3402	0	0.555556
u_sm_ram_Q/PLACE_HFSBUF_6092_561	0	0.555556
u_mod_top/u_chirp/U25	0	1.55556
u_mod_top/u_chirp/PLACE_HFSBUF_108_1181	0	1.55556
u_sm_ram_Q/U3605	0	1.55556
u_sm_ram_I/U4170	0	0.555556
u_sm_ram_Q/U778	0	0.555556
u_mod_top/u_chirp/U517	0	0.555556
u_sm_ram_I/mem_reg[194][3]	0	0.555556
u_ctrl_fsm/U17	0	0.555556
u_mod_top/u_chirp/sub_569/U2_3	0	0.555556
u_sm_ram_Q/PLACE_HFSBUF_546_1121	0	0.555556
u_sm_ram_Q/U777	0	0.555556
u_mod_top/u_chirp/sub_569/U5	0	1.55556
u_mod_top/u_chirp/U400	0	0.555556
u_ctrl_fsm/U69	0	1.55556
u_mod_top/u_chirp/U58	0	0.555556
u_mod_top/u_dqpsk/U7	0	0.555556
u_sm_ram_Q/mem_reg[196][3]	0	0.555556
u_sm_ram_Q/U3186	0	1.55556
u_sm_ram_I/U724	0	0.555556
u_sm_ram_Q/U3790	0	0.555556
u_mod_top/u_chirp/U406	0	1.55556
u_ctrl_fsm/U64	0	0.555556
u_sm_ram_I/U789	0	1.55556
u_sm_ram_Q/PLACE_HFSBUF_10396_435	0	0.555556
u_sm_ram_Q/U2274	0	1.55556
u_sm_ram_I/mem_reg[209][2]	0	1.55556
u_sm_ram_Q/U773	0	0.555556
u_sm_ram_Q/U2481	0	0.555556
u_sm_ram_Q/mem_reg[178][0]	0	0.555556
u_sm_ram_Q/U3875	0	0.518519
u_mod_top/u_chirp/U30	0	1.55556
u_sm_ram_I/mem_reg[83][0]	0	1.55556
u_mod_top/u_chirp/U274	0	0.555556
u_sm_ram_I/U2557	0	1.55556
u_mod_top/u_chirp/U171	0	0.555556
u_sm_ram_I/mem_reg[3][0]	0	0.555556
u_sm_ram_Q/U3709	0	0.555556
u_sm_ram_Q/U1492	0	0.555556
u_mod_top/u_chirp/U96	0	0.54321
u_mod_top/u_chirp/U77	0	0.555556
u_sm_ram_Q/U897	0	1.48148
u_mod_top/u_chirp/U522	0	1.55556
u_sm_ram_Q/mem_reg[181][0]	0	0.555556
u_mod_top/u_qpsk/U3	0	0.555556
u_mod_top/u_chirp/U278	0	2.54321
u_sm_ram_I/U2872	0	0.45679
u_ctrl_fsm/U27	0	0.555556
u_sm_ram_Q/U3768	0	0.555556
u_sm_ram_Q/mem_reg[177][0]	0	1.55556
u_sm_ram_I/U3464	0	1.55556
u_mod_top/u_chirp/U380	0	1.55556
u_mod_top/u_chirp/U518	0	0.555556
u_mod_top/u_chirp/U359	0	0.555556
u_sm_ram_Q/mem_reg[21][3]	0	2.55556
u_sm_ram_I/U324	0	1.55556
u_sm_ram_I/U1580	0	0.555556
u_sm_ram_Q/U3154	0	0.555556
u_sm_ram_I/U723	0	1.55556
u_sm_ram_Q/U4067	0	0.555556
u_sm_ram_Q/U3651	0	0.555556
u_sm_ram_Q/mem_reg[197][2]	0	0.555556
u_sm_ram_Q/U1493	0	0.555556
u_mod_top/u_dqpsk/U61	0	1.50617
u_mod_top/u_chirp/U345	0	0.555556
u_sm_ram_I/U2871	0	1.55556
u_ctrl_fsm/U32	0	1.55556
u_sm_ram_Q/U789	0	1.55556
u_sm_ram_Q/mem_reg[195][1]	0	0.555556
u_mod_top/u_chirp/U316	0	0.555556
u_mod_top/u_chirp/U95	0	0.555556
u_ctrl_fsm/U75	0	2.55556
u_sm_ram_Q/data_out_reg[2]	0	0.555556
u_ctrl_fsm/U85	0	0.555556
u_mod_top/u_chirp/U401	0	1.55556
u_sm_ram_I/mem_reg[178][2]	0	2.55556
u_mod_top/u_chirp/U457	0	0.555556
u_mod_top/u_chirp/U519	0	1.55556
u_sm_ram_Q/U668	0	0.555556
u_mod_top/u_chirp/U55	0	0.555556
u_sm_ram_Q/mem_reg[164][2]	0	1.55556
u_mod_top/u_dqpsk/U8	0	0.555556
u_sm_ram_Q/U2043	0	0.555556
u_mod_top/u_chirp/U275	0	0.555556
u_sm_ram_Q/U3796	0	0.555556
u_mod_top/u_chirp/U363	0	0.555556
u_sm_ram_Q/mem_reg[226][3]	0	0.555556
u_sm_ram_I/U3456	0	1.55556
u_sm_ram_Q/U4072	0	1.55556
u_sm_ram_Q/mem_reg[198][2]	0	0.555556
u_mod_top/u_chirp/U276	0	0.555556
u_mod_top/u_chirp/U86	0	0.555556
u_mod_top/u_chirp/U81	0	1.55556
u_sm_ram_I/U3833	0	1.54321
u_mod_top/u_chirp/U371	0	0.555556
u_sm_ram_Q/U2433	0	0.555556
u_sm_ram_Q/mem_reg[179][3]	0	0.555556
u_sm_ram_Q/mem_reg[5][3]	0	0.555556
u_sm_ram_Q/PLACE_HFSBUF_503_1032	0	1.55556
u_sm_ram_Q/U899	0	1.55556
u_ctrl_fsm/U88	0	0.555556
u_mod_top/u_chirp/U37	0	0.555556
u_sm_ram_I/U3152	0	0.555556
u_ctrl_fsm/U26	0	0.555556
u_mod_top/u_chirp/Tx_real_reg[3]	0	1.55556
u_sm_ram_Q/mem_reg[224][0]	0	1.55556
u_mod_top/u_chirp/U346	0	1.55556
u_sm_ram_I/U725	0.538462	0.555556
u_sm_ram_Q/U3365	0	0.555556
u_sm_ram_I/U3400	0	1.55556
u_form_ppdu/I_piso/out_reg	0	0.555556
u_sm_ram_Q/U787	0	2.55556
u_mod_top/u_qpsk/U2	0	0.555556
u_mod_top/u_chirp/Tx_real_reg[7]	0	0.555556
u_sm_ram_Q/U2525	0	0.555556
u_mod_top/u_chirp/U315	0	1.55556
u_sm_ram_Q/U2529	0.1875	0.555556
u_ctrl_fsm/U59	0	1.55556
u_sm_ram_I/mem_reg[51][3]	0	0.555556
u_sm_ram_I/mem_reg[146][0]	0	2.55556
u_mod_top/u_chirp/U106	0	0.555556
u_sm_ram_Q/U2577	0	0.555556
u_sm_ram_Q/mem_reg[7][3]	0	1.55556
u_ctrl_fsm/U66	0	0.555556
u_sm_ram_I/mem_reg[130][1]	0.777778	0.555556
u_sm_ram_I/mem_reg[115][2]	0	1.55556
u_sm_ram_Q/mem_reg[166][2]	0	1.55556
u_sm_ram_Q/mem_reg[210][3]	0	1.55556
u_mod_top/u_chirp/U399	0	0.555556
u_sm_ram_Q/U848	0	1.55556
u_mod_top/u_chirp/U387	0	0.555556
u_sm_ram_Q/U2511	0	1.55556
u_sm_ram_Q/U1672	0	0.555556
u_sm_ram_I/U3760	0	1.55556
u_sm_ram_Q/U3155	0	1.55556
u_sm_ram_Q/U3165	0	1.55556
u_sm_ram_Q/U664	0	2.55556
u_sm_ram_I/U3900	0	1.55556
u_sm_ram_I/mem_reg[2][0]	0	0.54321
u_sm_ram_Q/U2480	0	1.55556
u_sm_ram_Q/U900	0	0.555556
u_sm_ram_Q/U1907	0	0.555556
u_sm_ram_Q/mem_reg[224][3]	0	1.55556
u_sm_ram_Q/U1491	0	0.555556
u_mod_top/u_qpsk/U4	0	1.51852
u_mod_top/u_chirp/U318	0	1.55556
u_sm_ram_Q/PLACE_HFSBUF_370_1163	0	1.55556
u_mod_top/u_chirp/U84	0	1.55556
u_mod_top/u_dqpsk/U3	0	1.55556
u_sm_ram_Q/U3795	0	1.55556
u_ctrl_fsm/load_delay_reg_reg[1]	0	1.55556
u_sm_ram_I/U3922	0	1.55556
u_sm_ram_I/U2171	0	0.555556
u_sm_ram_Q/mem_reg[6][3]	0	1.55556
u_sm_ram_I/mem_reg[82][0]	0	0.555556
u_mod_top/u_chirp/U42	0	1.55556
u_sm_ram_I/mem_reg[82][1]	0	1.55556
u_sm_ram_I/mem_reg[227][3]	0	0.555556
u_sm_ram_I/mem_reg[51][0]	0	2.55556
u_sm_ram_Q/U1497	0	1.55556
u_ctrl_fsm/U61	0	1.55556
u_mod_top/u_chirp/U93	0	1.55556
u_sm_ram_I/mem_reg[51][1]	0	0.555556
u_sm_ram_Q/mem_reg[5][1]	0	0.555556
u_sm_ram_Q/U2519	0	1.49383
u_mod_top/u_chirp/U20	0	1.55556
u_mod_top/u_chirp/U53	0	0.555556
u_sm_ram_Q/PLACE_HFSBUF_6727_496	0	0.555556
u_mod_top/u_chirp/U365	0	0.555556
u_sm_ram_Q/mem_reg[21][1]	0	2.55556
u_mod_top/u_chirp/U60	0	0.555556
u_sm_ram_Q/U782	0	1.55556
u_mod_top/u_chirp/U307	0	0.555556
u_sm_ram_I/U3096	0	0.555556
u_mod_top/u_chirp/U32	0	0.555556
u_sm_ram_Q/PLACE_HFSBUF_438_1031	0	0.555556
u_sm_ram_I/mem_reg[227][1]	0	2.55556
u_sm_ram_Q/U851	0	0.555556
u_sm_ram_I/U719	0	1.55556
u_sm_ram_Q/PLACE_HFSBUF_781_1099	0	1.55556
u_sm_ram_Q/PLACE_HFSBUF_326_1162	0	0.555556
u_mod_top/u_chirp/U178	0	1.55556
u_ctrl_fsm/U82	0	0.555556
u_sm_ram_Q/U1667	0	1.55556
u_sm_ram_Q/U3198	0	0.555556
u_sm_ram_I/mem_reg[177][2]	0	1.55556
u_mod_top/u_chirp/U139	0	1.55556
u_mod_top/u_chirp/U76	0	1.55556
u_sm_ram_Q/U1676	0	0.555556
u_sm_ram_Q/U725	0	2.55556
u_sm_ram_Q/mem_reg[4][3]	0	0.555556
u_mod_top/u_chirp/U358	0	1.54321
u_mod_top/u_chirp/U33	0	0.555556
u_ctrl_fsm/current_state_reg[1]	0	0.555556
u_mod_top/u_qpsk/U5	0	2.55556
u_sm_ram_Q/U855	0	0.555556
u_ctrl_fsm/U83	0	0.555556
u_sm_ram_I/U3902	0	0.555556
u_sm_ram_Q/U2505	0	0.555556
u_sm_ram_Q/U2465	0	0.555556
u_sm_ram_I/mem_reg[211][1]	0	2.55556
u_mod_top/u_chirp/U173	0	1.44444
u_sm_ram_I/U3095	0	1.55556
u_sm_ram_Q/U856	0	0.555556
u_sm_ram_Q/U852	0	0.555556
u_sm_ram_Q/U2013	0	0.555556
u_mod_top/u_chirp/Tx_real_reg[6]	0	1.55556
u_ctrl_fsm/U60	0	1.55556
u_sm_ram_I/mem_reg[130][0]	0	0.555556
u_mod_top/u_chirp/U137	0	0.555556
u_sm_ram_Q/U854	0	0.555556
u_sm_ram_I/mem_reg[3][3]	0	3.55556
u_mod_top/u_chirp/U427	0	0.555556
u_mod_top/u_chirp/U82	0	0.555556
u_sm_ram_Q/U407	0	0.555556
u_sm_ram_I/mem_reg[83][1]	0	1.53086
u_sm_ram_Q/U903	0	0.555556
u_mod_top/u_chirp/U161	0	0.555556
u_sm_ram_Q/U661	0	0.555556
u_sm_ram_I/U3766	0	0.555556
u_mod_top/u_chirp/U162	0	0.555556
u_sm_ram_Q/mem_reg[32][2]	0	1.55556
u_sm_ram_Q/U2470	0	0.555556
u_mod_top/u_chirp/Tx_real_reg[5]	0	1.55556
u_sm_ram_I/mem_reg[3][2]	0	0.555556
u_sm_ram_I/U1575	0	1.55556
u_ctrl_fsm/U63	0	0.555556
u_form_ppdu/Q_piso/out_reg	0	0.555556
u_sm_ram_I/U2683	0	2.55556
u_sm_ram_I/U3772	0	1.55556
u_sm_ram_Q/U2648	0	0.555556
PLACE_HFSBUF_1518_374	0	1.55556
u_mod_top/u_chirp/U189	0	1.55556
u_sm_ram_Q/mem_reg[225][0]	0	0.555556
u_mod_top/u_chirp/U26	0	0.555556
u_sm_ram_Q/U3721	0	1.55556
u_sm_ram_I/mem_reg[19][0]	0	0.555556
u_mod_top/u_chirp/U163	0	0.555556
u_mod_top/u_chirp/U182	0	1.49383
u_form_ppdu/Q_piso/U8	0	1.55556
u_mod_top/u_chirp/U112	0	0.469136
u_sm_ram_I/U3463	0	0.555556
u_sm_ram_I/mem_reg[67][1]	0	0.555556
u_sm_ram_Q/U3802	0	0.555556
u_sm_ram_Q/mem_reg[179][1]	0	0.555556
u_mod_top/u_chirp/U102	0	0.555556
u_sm_ram_Q/mem_reg[210][0]	0	0.555556
u_mod_top/u_chirp/U104	0	1.55556
u_sm_ram_Q/U779	0	0.555556
u_sm_ram_Q/PLACE_HFSBUF_513_1120	0	0.555556
u_sm_ram_I/U718	0	0.555556
u_sm_ram_Q/U3114	0.125	0.555556
u_sm_ram_Q/mem_reg[196][0]	0	2.55556
u_sm_ram_I/U3895	0	0.555556
u_sm_ram_Q/mem_reg[178][3]	0	0.555556
u_sm_ram_Q/mem_reg[225][3]	0	0.555556
u_mod_top/u_chirp/U39	0	1.55556
u_sm_ram_Q/mem_reg[6][2]	0	0.555556
u_mod_top/u_chirp/U301	0	0.555556
u_form_ppdu/I_piso/U7	0	0.555556
u_mod_top/u_chirp/U75	0	0.555556
u_mod_top/u_chirp/U369	0	0.555556
u_mod_top/u_chirp/U40	0	0.555556
u_sm_ram_Q/U4068	0	2.55556
u_sm_ram_Q/U350	0	0.555556
u_sm_ram_Q/U3196	0	1.55556
u_sm_ram_Q/U783	0	1.55556
u_sm_ram_Q/U724	0	0.555556
u_ctrl_fsm/U19	0	0.555556
u_sm_ram_Q/U2817	0	0.555556
u_sm_ram_Q/mem_reg[164][3]	0	2.55556
u_sm_ram_I/mem_reg[227][0]	0	0.555556
u_sm_ram_Q/U2467	0	1.55556
u_sm_ram_Q/mem_reg[20][3]	0	0.555556
u_sm_ram_Q/mem_reg[7][2]	0	2.55556
u_sm_ram_Q/U2014	0	0.555556
u_mod_top/u_dqpsk/PLACE_HFSBUF_2041_373	0	0.555556
u_sm_ram_Q/U2217	0	0.555556
u_sm_ram_Q/U298	0	0.555556
u_sm_ram_I/U1186	0.846154	1.55556
u_sm_ram_Q/U3195	0	1.55556
u_mod_top/u_chirp/U72	0	0.555556
u_sm_ram_I/U2181	0	0.555556
u_form_ppdu/Q_piso/U7	0	1.55556
u_mod_top/u_chirp/U430	0	0.555556
u_ctrl_fsm/U34	0	0.555556
u_sm_ram_Q/U1445	0	2.55556
u_sm_ram_I/mem_reg[82][3]	0	0.555556
u_sm_ram_I/mem_reg[99][2]	0	1.48148
u_mod_top/u_chirp/U313	0	1.55556
u_mod_top/u_chirp/U353	0	0.555556
u_sm_ram_Q/U3813	0	0.555556
u_sm_ram_Q/mem_reg[210][2]	0	1.55556
u_sm_ram_Q/U3120	0.25	1.55556
u_sm_ram_Q/U1496	0	1.55556
u_sm_ram_I/U1048	0.615385	2.55556
u_sm_ram_Q/mem_reg[20][2]	0	0.555556
u_sm_ram_Q/U1566	0	0.555556
u_mod_top/u_chirp/U134	0	0.555556
u_sm_ram_Q/U1447	0	0.555556
u_mod_top/u_chirp/U111	0	1.55556
u_mod_top/u_chirp/U128	0	0.481481
u_sm_ram_Q/U1666	0	0.555556
u_ctrl_fsm/U39	0	0.555556
u_sm_ram_Q/U2592	0	0.555556
u_sm_ram_I/U3153	0	2.55556
u_mod_top/u_chirp/U428	0	1.55556
u_sm_ram_Q/U1671	0	1.55556
u_mod_top/u_chirp/U300	0	0.555556
u_sm_ram_Q/U857	0	1.55556
u_sm_ram_Q/U355	0	1.55556
u_sm_ram_I/mem_reg[161][2]	0	0.555556
u_sm_ram_I/U318	0	1.55556
u_sm_ram_I/U654	0	0.555556
u_form_ppdu/Q_piso/U4	0	0.555556
u_sm_ram_Q/U1573	0	0.555556
u_mod_top/u_chirp/U302	0	0.555556
u_sm_ram_Q/mem_reg[195][0]	0	1.55556
u_mod_top/u_chirp/U94	0	1.55556
u_form_ppdu/I_piso/U4	0	0.555556
u_form_ppdu/I_piso/U8	0	0.555556
u_ctrl_fsm/U65	0	0.555556
u_ctrl_fsm/U36	0	0.555556
u_sm_ram_Q/U1562	0	1.55556
u_sm_ram_I/U2843	0	1.55556
u_ctrl_fsm/U35	0	1.55556
u_sm_ram_I/mem_reg[226][3]	0	0.555556
u_sm_ram_Q/U780	0	0.555556
u_mod_top/u_chirp/U352	0	0.555556
u_ctrl_fsm/U76	0	1.55556
u_sm_ram_Q/U1558	0	1.55556
u_ctrl_fsm/U20	0	0.555556
u_sm_ram_I/mem_reg[67][2]	0	1.55556
u_sm_ram_I/U2209	0	0.555556
u_sm_ram_I/U3718	0	0.555556
u_mod_top/u_chirp/U89	0	0.555556
u_sm_ram_Q/U849	0	1.55556
u_sm_ram_I/mem_reg[211][3]	0	0.555556
u_sm_ram_I/U1578	0	0.555556
u_sm_ram_Q/PLACE_HFSBUF_924_1084	0	0.555556
u_sm_ram_Q/mem_reg[195][2]	0	0.555556
u_sm_ram_I/U2180	0	0.555556
u_sm_ram_I/mem_reg[115][3]	0	0.54321
u_sm_ram_I/U3945	0	0.555556
u_sm_ram_Q/U722	0	1.55556
u_sm_ram_Q/U1557	0	0.555556
u_sm_ram_I/U3272	0	0.555556
u_sm_ram_Q/mem_reg[99][0]	0	1.55556
u_mod_top/u_chirp/U181	0	0.555556
u_ctrl_fsm/U38	0	0.555556
u_mod_top/u_chirp/U98	0	0.555556
u_sm_ram_I/mem_reg[226][0]	0	0.555556
u_sm_ram_I/U1370	0	0.555556
u_sm_ram_I/U1239	0	0.555556
u_form_ppdu/I_piso/q_reg[3]	0	0.555556
u_sm_ram_I/U1050	0	2.55556
u_mod_top/u_chirp/U38	0	0.555556
u_sm_ram_I/U3488	0	1.55556
u_sm_ram_Q/mem_reg[32][0]	0	0.555556
u_sm_ram_I/U3186	0	0.555556
u_sm_ram_I/mem_reg[83][2]	0	1.55556
u_sm_ram_I/mem_reg[34][3]	0	0.555556
u_sm_ram_Q/U2295	0	0.555556
u_sm_ram_I/mem_reg[211][0]	0	2.55556
u_sm_ram_I/U3395	0	0.555556
u_sm_ram_Q/mem_reg[6][1]	0	0.555556
u_sm_ram_Q/U3170	0	1.55556
u_sm_ram_I/PLACE_HFSBUF_9639_744	0	0.530864
u_sm_ram_Q/U3033	0	1.55556
u_sm_ram_Q/mem_reg[196][1]	0	0.555556
u_sm_ram_I/U1245	0	0.481481
u_sm_ram_Q/PLACE_HFSBUF_734_1096	0	0.555556
u_mod_top/u_chirp/U103	0	1.55556
u_ctrl_fsm/current_state_reg[0]	0	0.555556
u_sm_ram_I/U3972	0	0.555556
u_sm_ram_Q/U151	0	0.54321
u_mod_top/u_chirp/U41	0	0.555556
u_sm_ram_I/mem_reg[67][3]	0	0.555556
u_sm_ram_Q/PLACE_HFSBUF_3782_555	0	0.493827
u_sm_ram_Q/U1194	0	1.55556
u_sm_ram_Q/U3611	0	0.555556
u_sm_ram_I/U1047	0	0.555556
u_sm_ram_I/mem_reg[51][2]	0	0.555556
u_sm_ram_I/mem_reg[3][1]	0	0.555556
u_sm_ram_Q/U119	0	0.555556
u_sm_ram_Q/U3400	0	1.48148
u_sm_ram_Q/U299	0	0.555556
u_mod_top/u_chirp/U130	0	0.555556
u_sm_ram_Q/U3358	0	0.481481
u_sm_ram_Q/U3349	0	0.555556
u_mod_top/u_chirp/U299	0	0.555556
u_sm_ram_I/U1576	0	2.55556
u_form_ppdu/Q_piso/U9	0	0.555556
u_sm_ram_I/U1577	0	1.55556
u_sm_ram_I/U3619	0	0.54321
u_sm_ram_I/mem_reg[67][0]	0	0.555556
u_mod_top/u_chirp/U184	0	0.555556
u_form_ppdu/Q_piso/q_reg[2]	0	1.55556
u_mod_top/u_chirp/U132	0	0.555556
u_sm_ram_I/U3304	0	1.55556
u_sm_ram_I/U3334	0	1.55556
u_sm_ram_Q/U3801	0	0.54321
u_sm_ram_I/mem_reg[34][1]	0	2.55556
u_form_ppdu/Q_piso/q_reg[3]	0	1.55556
u_sm_ram_I/mem_reg[50][3]	0	0.555556
u_sm_ram_I/mem_reg[242][0]	0	0.555556
u_sm_ram_Q/mem_reg[113][2]	0	1.55556
u_sm_ram_Q/U3332	0	0.555556
u_sm_ram_I/U1238	0	0.506173
u_sm_ram_Q/U4046	0	0.555556
u_form_ppdu/PLACE_HFSINV_480_222	0	0.555556
u_sm_ram_Q/PLACE_HFSBUF_3635_554	0	0.555556
u_ctrl_fsm/U37	0	0.555556
u_sm_ram_Q/mem_reg[32][1]	0	1.55556
u_sm_ram_Q/U3884	0	1.54321
u_sm_ram_Q/U723	0	0.555556
u_sm_ram_I/mem_reg[99][3]	0	1.55556
u_sm_ram_Q/U3401	0	1.55556
u_sm_ram_Q/U3444	0	0.555556
u_sm_ram_Q/U2508	0	1.48148
u_sm_ram_I/U1049	0	0.555556
u_sm_ram_Q/U3672	0	0.555556
u_sm_ram_Q/U3545	0	1.53086
u_sm_ram_I/U3093	0	0.555556
u_sm_ram_Q/U3420	0	1.55556
u_sm_ram_I/U655	0	2.55556
u_form_ppdu/I_mux/U2	0	0.555556
u_sm_ram_Q/mem_reg[182][1]	0	2.55556
u_sm_ram_I/U3459	0	1.53086
u_sm_ram_Q/U3883	0	0.555556
u_sm_ram_Q/mem_reg[163][0]	0	0.555556
u_sm_ram_Q/U1446	0	0.555556
u_sm_ram_Q/mem_reg[212][2]	0	0.555556
u_sm_ram_Q/mem_reg[177][1]	0	0.555556
u_sm_ram_Q/PLACE_HFSBUF_435_1122	0	1.55556
u_sm_ram_Q/U1560	0	0.555556
u_sm_ram_I/PLACE_HFSINV_359_1137	0	0.555556
u_sm_ram_Q/U853	0	2.55556
u_sm_ram_Q/U3673	0	0.555556
u_sm_ram_I/PLACE_HFSBUF_266_1074	0	0.555556
u_sm_ram_I/mem_reg[50][0]	0	2.55556
u_form_ppdu/Q_mux/U2	0	0.555556
u_sm_ram_Q/U3441	0	0.555556
u_sm_ram_Q/U3512	0	1.55556
u_sm_ram_I/U3149	0	0.555556
u_sm_ram_I/mem_reg[66][0]	0	0.555556
u_sm_ram_I/U653	0	2.55556
u_sm_ram_Q/PLACE_HFSBUF_257_366	0	0.555556
u_sm_ram_Q/mem_reg[113][0]	0.444444	0.555556
u_sm_ram_Q/U3726	0	0.555556
u_sm_ram_Q/U3558	0	0.555556
u_sm_ram_Q/U3555	0	0.555556
u_sm_ram_Q/U3967	0	1.55556
u_sm_ram_I/mem_reg[130][3]	0	0.555556
u_sm_ram_Q/U1659	0	0.555556
u_mod_top/u_chirp/U54	0	0.555556
u_sm_ram_Q/mem_reg[192][2]	0	0.555556
u_sm_ram_I/mem_reg[114][3]	0	0.555556
u_form_ppdu/PLACE_HFSBUF_433_223	0	0.555556
u_sm_ram_Q/U1993	0	0.530864
u_sm_ram_Q/U3418	0	1.55556
u_sm_ram_I/mem_reg[208][0]	0	0.555556
u_sm_ram_I/U3540	0	0.555556
u_sm_ram_I/mem_reg[162][1]	0	2.55556
u_sm_ram_I/mem_reg[98][3]	0	0.555556
u_sm_ram_I/mem_reg[131][0]	0	2.55556
u_sm_ram_I/PLACE_HFSBUF_9836_745	0	0.54321
u_sm_ram_Q/U3421	0	1.55556
u_sm_ram_Q/PLACE_HFSBUF_739_1015	0	1.55556
u_sm_ram_Q/U3968	0	1.54321
u_sm_ram_Q/U3157	0	0.555556
u_ctrl_fsm/U77	0	1.55556
u_sm_ram_Q/U1677	0	2.49383
u_sm_ram_Q/mem_reg[7][0]	0	0.555556
u_sm_ram_Q/U3544	0	0.555556
u_sm_ram_Q/U3362	0	0.555556
u_sm_ram_Q/U3328	0.333333	0.555556
u_sm_ram_Q/mem_reg[178][1]	0	0.555556
u_sm_ram_Q/U3445	0	0.555556
u_sm_ram_Q/mem_reg[17][2]	0	0.555556
u_sm_ram_I/mem_reg[99][0]	0	1.48148
u_sm_ram_I/U418	0	1.55556
u_sm_ram_I/data_out_reg[3]	0	1.55556
u_sm_ram_I/PLACE_HFSINV_714_1064	0	0.555556
u_sm_ram_Q/mem_reg[34][1]	0	1.55556
u_sm_ram_Q/mem_reg[35][1]	0	2.55556
u_sm_ram_Q/U3417	0	0.493827
u_sm_ram_I/mem_reg[35][3]	0	0.555556
u_sm_ram_I/U3824	0	1.55556
u_sm_ram_I/U1240	0	1.55556
u_sm_ram_I/U4111	0	1.55556
u_sm_ram_Q/mem_reg[113][1]	0	1.55556
u_sm_ram_Q/U3543	0	0.555556
u_sm_ram_I/mem_reg[83][3]	0	2.55556
u_sm_ram_Q/U3552	0	0.555556
u_sm_ram_Q/U3037	0	2.55556
u_sm_ram_Q/PLACE_HFSBUF_147_832	0	0.555556
u_sm_ram_Q/U1495	0	0.555556
u_sm_ram_Q/U3409	0	0.555556
u_sm_ram_I/U721	0	0.555556
u_sm_ram_Q/U2189	0	1.55556
u_sm_ram_Q/mem_reg[162][1]	0	0.555556
u_sm_ram_Q/mem_reg[162][0]	0	2.55556
u_sm_ram_I/U3534	0	0.555556
u_sm_ram_Q/mem_reg[163][2]	0	1.55556
u_sm_ram_Q/PLACE_HFSBUF_10180_848	0	0.555556
u_sm_ram_Q/U3551	0	0.555556
u_form_ppdu/Q_mux/U3	0	0.555556
u_sm_ram_I/U2644	0	0.555556
u_sm_ram_I/U657	0	0.555556
u_sm_ram_Q/U2220	0	2.55556
u_sm_ram_I/U2572	0	0.54321
u_sm_ram_I/U3889	0	1.55556
u_sm_ram_Q/U1567	0	0.555556
u_sm_ram_I/mem_reg[243][0]	0	0.555556
u_sm_ram_Q/U1556	0	0.555556
u_sm_ram_Q/U1448	0	2.55556
u_sm_ram_Q/U3348	0	0.555556
u_sm_ram_Q/PLACE_HFSBUF_9970_849	0	3.38272
u_sm_ram_Q/U3440	0	0.555556
u_sm_ram_Q/U1571	0	0.555556
u_sm_ram_I/PLACE_HFSBUF_1294_1140	0	1.55556
u_form_ppdu/PLACE_HFSINV_815_42	0	0.555556
u_sm_ram_Q/U3388	0	0.555556
u_sm_ram_I/mem_reg[147][1]	0	0.555556
u_sm_ram_I/mem_reg[130][2]	0	0.555556
u_sm_ram_Q/U1956	0	2.55556
u_form_ppdu/I_mux/U5	0	0.555556
u_sm_ram_I/U660	0	2.55556
u_sm_ram_I/U2573	0	1.55556
u_sm_ram_I/mem_reg[82][2]	0	0.555556
u_sm_ram_Q/mem_reg[192][1]	0	0.555556
u_sm_ram_I/mem_reg[227][2]	0	0.555556
u_sm_ram_I/U3775	0	0.555556
u_sm_ram_Q/mem_reg[34][0]	0	1.48148
u_sm_ram_I/U1111	0	1.55556
u_form_ppdu/I_piso/U9	0	0.555556
u_sm_ram_Q/U3511	0	1.55556
u_sm_ram_I/U2286	0	1.55556
u_sm_ram_Q/U3391	0	1.55556
u_sm_ram_I/U1375	0	1.55556
u_sm_ram_I/PLACE_HFSINV_259_1138	0	0.555556
u_sm_ram_Q/U3962	0	0.555556
u_sm_ram_Q/U837	0	0.555556
u_ctrl_fsm/U70	0	0.555556
u_sm_ram_Q/U3542	0	0.555556
u_sm_ram_I/mem_reg[162][2]	0	2.53086
u_sm_ram_Q/U1555	0	0.555556
u_sm_ram_Q/U3969	0	0.555556
u_sm_ram_Q/U3493	0	0.555556
u_sm_ram_Q/U4066	0	1.55556
u_sm_ram_Q/U3943	0	0.555556
u_sm_ram_I/U3151	0	0.555556
u_sm_ram_Q/U838	0	0.555556
u_sm_ram_Q/U3973	0	0.555556
u_sm_ram_I/U8	0	0.555556
u_sm_ram_I/U2574	0	1.55556
u_sm_ram_Q/mem_reg[196][2]	0	0.555556
u_form_ppdu/Q_piso/U10	0	0.54321
u_sm_ram_Q/mem_reg[183][0]	0	1.55556
u_sm_ram_Q/mem_reg[20][1]	0	0.555556
u_sm_ram_Q/U918	0	1.55556
u_sm_ram_I/mem_reg[34][0]	0	0.555556
u_sm_ram_Q/U3564	0	0.555556
u_sm_ram_I/U592	0	0.555556
u_sm_ram_I/U1438	0	1.55556
u_sm_ram_Q/mem_reg[212][1]	0	3.55556
u_sm_ram_I/U1373	0	1.54321
u_sm_ram_Q/U2294	0	0.555556
u_sm_ram_I/U3684	0	0.555556
u_sm_ram_I/U981	0	0.555556
u_sm_ram_Q/U496	0	0.555556
u_sm_ram_Q/mem_reg[37][0]	0	0.555556
u_sm_ram_Q/mem_reg[4][1]	0	0.555556
u_form_ppdu/I_mux/U4	0	0.555556
u_sm_ram_Q/mem_reg[33][0]	0	0.555556
u_sm_ram_I/U354	0	0.555556
PLACE_HFSBUF_1192_1216	0	1.55556
u_form_ppdu/Q_mux/U4	0	1.55556
u_sm_ram_I/U1043	0	2.55556
u_sm_ram_I/PLACE_HFSINV_533_1065	0	0.555556
u_sm_ram_I/PLACE_HFSBUF_9547_807	0	1.55556
u_sm_ram_Q/mem_reg[35][3]	0	0.555556
u_sm_ram_I/U3305	0	0.54321
u_sm_ram_I/U2553	0	0.555556
u_sm_ram_Q/mem_reg[5][2]	0	0.555556
u_sm_ram_Q/U3797	0	0.555556
u_sm_ram_I/U3639	0	0.555556
u_sm_ram_I/U1241	0	0.555556
u_sm_ram_I/mem_reg[98][2]	0	0.555556
u_sm_ram_I/U4145	0	1.55556
u_sm_ram_Q/mem_reg[32][3]	0	0.555556
u_sm_ram_Q/mem_reg[182][2]	0	0.555556
u_sm_ram_Q/U1841	0	2.55556
u_sm_ram_Q/mem_reg[35][2]	0	3.55556
u_sm_ram_I/U3755	0	1.55556
u_sm_ram_Q/U1442	0	1.55556
u_sm_ram_I/U3669	0	0.555556
u_sm_ram_I/U3754	0	0.555556
u_sm_ram_Q/U3414	0	0.555556
u_sm_ram_I/U1372	0	0.555556
u_sm_ram_I/U3936	0	1.55556
u_sm_ram_Q/U3329	0	1.49383
u_form_ppdu/Q_piso/U5	0	0.555556
u_sm_ram_Q/U1435	0	1.55556
u_sm_ram_I/mem_reg[243][3]	0	1.55556
u_sm_ram_Q/U2633	0	1.55556
u_sm_ram_Q/mem_reg[33][1]	0	0.555556
u_form_ppdu/Q_mux/U5	0	1.55556
u_sm_ram_Q/U1118	0	0.555556
u_sm_ram_I/U2193	0	0.555556
u_sm_ram_Q/U919	0	1.48148
u_sm_ram_I/PLACE_HFSBUF_109_1067	0	0.555556
u_sm_ram_I/U2265	0	0.555556
u_sm_ram_I/data_out_reg[0]	0	2.51852
u_sm_ram_Q/U3419	0	0.555556
u_form_ppdu/I_mux/U3	0	0.555556
u_sm_ram_I/mem_reg[66][1]	0	0.54321
u_sm_ram_I/U1440	0	0.555556
u_sm_ram_I/U2092	0	0.555556
u_sm_ram_I/U1777	0	0.555556
u_sm_ram_I/U918	0	0.555556
u_sm_ram_Q/U3443	0	1.55556
u_sm_ram_I/U3286	0	0.555556
u_sm_ram_I/mem_reg[193][0]	0	0.555556
u_sm_ram_Q/mem_reg[4][0]	0	2.55556
u_form_ppdu/I_piso/U5	0	0.555556
u_sm_ram_Q/U365	0	1.55556
u_sm_ram_Q/U1425	0	2.55556
u_sm_ram_Q/PLACE_HFSBUF_90_1013	0	0.555556
u_sm_ram_I/PLACE_HFSBUF_61_1066	0	0.555556
u_sm_ram_I/U4129	0	1.55556
u_sm_ram_I/PLACE_HFSBUF_10115_701	0	1.55556
u_sm_ram_I/U3904	0	0.555556
u_sm_ram_I/mem_reg[147][3]	0.111111	0.555556
u_sm_ram_Q/U3403	0	0.555556
u_sm_ram_Q/mem_reg[33][3]	0	0.555556
u_sm_ram_I/mem_reg[115][1]	0	1.48148
u_sm_ram_Q/U3471	0	1.55556
u_sm_ram_I/U2320	0	2.55556
u_sm_ram_I/U3281	0	1.55556
u_sm_ram_I/U3653	0	1.55556
u_sm_ram_Q/U1437	0	0.555556
u_sm_ram_I/mem_reg[208][2]	0	0.555556
u_sm_ram_Q/mem_reg[183][1]	0	0.555556
u_sm_ram_I/mem_reg[96][0]	0	1.55556
u_sm_ram_Q/mem_reg[98][0]	0	1.55556
u_sm_ram_Q/U796	0	0.555556
u_sm_ram_I/U588	0	2.54321
u_sm_ram_I/U3727	0	1.55556
u_sm_ram_Q/U1117	0.692308	1.55556
u_sm_ram_I/U1826	0	1.55556
u_sm_ram_I/U1436	0	1.55556
u_sm_ram_I/mem_reg[114][2]	0	1.55556
u_sm_ram_I/U3397	0	0.555556
u_sm_ram_I/U3578	0	1.55556
u_sm_ram_Q/mem_reg[112][1]	0	1.55556
u_sm_ram_Q/U3277	0	1.55556
u_sm_ram_I/U919	0	0.555556
u_sm_ram_Q/U1434	0	1.55556
u_sm_ram_I/U3466	0	0.555556
u_sm_ram_Q/U3653	0	0.555556
u_sm_ram_I/U13	0	0.555556
u_sm_ram_I/U1115	0	1.41975
u_sm_ram_Q/U1116	0	0.555556
u_form_ppdu/Q_piso/U12	0	0.555556
u_form_ppdu/Q_piso/U11	0	1.55556
u_sm_ram_I/U4094	0	0.555556
u_sm_ram_I/U3843	0	0.555556
u_sm_ram_Q/U1696	0.125	0.555556
u_sm_ram_I/U369	0	1.55556
u_sm_ram_I/U353	0	0.555556
u_sm_ram_Q/U716	0	1.53086
u_sm_ram_I/U3798	0	0.555556
u_sm_ram_I/U3297	0	1.55556
u_sm_ram_Q/U1697	0	0.555556
u_sm_ram_I/U3421	0	0.555556
u_sm_ram_I/U3830	0	0.555556
u_sm_ram_I/PLACE_HFSBUF_336_1075	0	0.555556
u_sm_ram_Q/U795	0	1.55556
u_form_ppdu/I_piso/U10	0	0.555556
u_sm_ram_I/U979	0	0.555556
u_sm_ram_I/U2231	0	1.55556
u_sm_ram_I/PLACE_HFSBUF_1239_1139	0	1.55556
u_sm_ram_I/U3949	0	0.555556
u_sm_ram_Q/U3168	0	1.55556
u_sm_ram_I/U659	0	0.555556
u_sm_ram_I/U4077	0	0.481481
u_sm_ram_I/mem_reg[66][3]	0	0.555556
u_sm_ram_I/mem_reg[34][2]	0	0.555556
u_sm_ram_Q/U3410	0	0.555556
u_sm_ram_Q/U3246	0	0.555556
u_sm_ram_Q/U3389	0	0.555556
u_sm_ram_Q/U2457	0	1.55556
u_sm_ram_I/U3393	0	1.55556
u_sm_ram_Q/U3038	0	1.55556
u_sm_ram_I/U1044	0	1.55556
u_sm_ram_I/U3733	0	1.55556
u_sm_ram_I/U2685	0	2.55556
u_sm_ram_Q/U3143	0	1.55556
u_sm_ram_I/U2229	0	1.55556
u_sm_ram_I/U2684	0	0.555556
u_sm_ram_Q/mem_reg[35][0]	0	0.493827
u_sm_ram_Q/U3416	0	1.55556
u_sm_ram_Q/U917	0.230769	0.555556
u_sm_ram_I/U1339	0	0.555556
u_form_ppdu/I_piso/U12	0	0.555556
u_sm_ram_I/U1374	0	0.555556
u_sm_ram_Q/mem_reg[37][1]	0	0.555556
u_sm_ram_Q/mem_reg[101][3]	0	0.555556
u_sm_ram_Q/mem_reg[5][0]	0	0.555556
u_sm_ram_Q/U832	0	1.55556
u_sm_ram_Q/U2489	0	0.555556
u_sm_ram_Q/U4082	0	0.555556
u_sm_ram_I/mem_reg[99][1]	0	0.555556
u_sm_ram_I/PLACE_HFSBUF_874_1146	0	1.55556
u_sm_ram_I/U3526	0	1.55556
u_sm_ram_Q/PLACE_HFSBUF_5885_560	0	0.555556
u_sm_ram_Q/mem_reg[212][3]	0	0.555556
u_sm_ram_Q/U836	0	1.55556
u_sm_ram_Q/U941	0	0.555556
u_sm_ram_I/PLACE_HFSBUF_1125_1141	0	0.555556
u_sm_ram_I/U3865	0	1.55556
u_sm_ram_Q/U3317	0	0.555556
u_sm_ram_I/U3139	0	0.555556
u_sm_ram_I/U3778	0	0.555556
u_sm_ram_Q/U1438	0	0.555556
u_sm_ram_I/U3148	0	1.55556
u_sm_ram_I/PLACE_HFSBUF_1684_1073	0	1.55556
u_sm_ram_I/mem_reg[131][1]	0	0.555556
u_sm_ram_I/PLACE_HFSBUF_11548_647	0	0.555556
u_sm_ram_Q/U715	0	2.55556
u_sm_ram_Q/U798	0	0.555556
u_form_ppdu/I_piso/U11	0	0.555556
u_sm_ram_Q/U1988	0	0.555556
u_sm_ram_I/U2961	0	1.55556
u_sm_ram_I/mem_reg[162][3]	0	0.555556
u_sm_ram_Q/U717	0	1.55556
u_sm_ram_I/U4132	0	0.555556
u_sm_ram_I/U3150	0	0.555556
u_sm_ram_Q/mem_reg[192][0]	0	0.555556
u_sm_ram_I/U2835	0	0.555556
u_sm_ram_I/U2834	0	0.555556
u_sm_ram_Q/U1755	0	1.55556
u_sm_ram_Q/U940	0	1.55556
u_sm_ram_I/mem_reg[19][1]	0	0.555556
u_form_ppdu/I_piso/q_reg[2]	0	0.555556
u_sm_ram_Q/mem_reg[33][2]	0	0.555556
u_sm_ram_Q/U1441	0	0.555556
u_form_ppdu/Q_piso/q_reg[0]	0	2.55556
u_sm_ram_I/U1435	0	1.50617
u_sm_ram_I/U591	0	1.55556
u_sm_ram_I/U3353	0	1.55556
u_sm_ram_Q/U3660	0	0.555556
u_sm_ram_Q/U1989	0	0.555556
u_sm_ram_I/U1045	0	2.55556
u_sm_ram_Q/U2613	0	0.555556
u_sm_ram_Q/mem_reg[182][3]	0	0.555556
u_sm_ram_I/U4083	0	0.555556
u_sm_ram_I/U3891	0	1.55556
u_sm_ram_I/U3869	0	1.55556
u_sm_ram_I/U2549	0	0.555556
u_sm_ram_Q/mem_reg[182][0]	0	0.555556
u_sm_ram_I/U3832	0	0.555556
u_sm_ram_I/PLACE_HFSBUF_444_1068	0	0.555556
u_sm_ram_I/mem_reg[98][1]	0	0.555556
u_sm_ram_I/PLACE_HFSBUF_10598_700	0	0.555556
u_sm_ram_I/mem_reg[226][2]	0	0.555556
u_sm_ram_Q/U1119	0	0.555556
u_sm_ram_Q/U833	0.846154	2.55556
u_sm_ram_Q/mem_reg[112][0]	0	1.55556
u_sm_ram_I/U4075	0	0.555556
u_sm_ram_I/U2552	0	1.55556
u_sm_ram_I/mem_reg[243][2]	0	0.555556
u_sm_ram_I/PLACE_HFSBUF_521_1071	0	0.555556
u_sm_ram_Q/U2479	0	0.555556
u_sm_ram_Q/mem_reg[37][3]	0	0.555556
u_sm_ram_Q/U3311	0	0.555556
u_sm_ram_I/data_out_reg[2]	0	1.55556
u_sm_ram_I/U276	0	0.555556
u_sm_ram_I/U595	0	0.555556
u_sm_ram_I/mem_reg[147][0]	0	2.55556
u_sm_ram_I/U1439	0	2.55556
u_sm_ram_I/U1706	0	0.555556
u_sm_ram_Q/mem_reg[161][1]	0	2.55556
u_sm_ram_Q/U2483	0	0.555556
u_sm_ram_I/mem_reg[208][3]	0	0.555556
u_sm_ram_Q/U2517	0	2.55556
u_sm_ram_Q/U3975	0	1.55556
u_sm_ram_I/mem_reg[66][2]	0	0.555556
u_sm_ram_I/U3485	0	1.50617
u_sm_ram_I/mem_reg[226][1]	0	1.55556
u_sm_ram_I/PLACE_HFSBUF_9358_808	0	0.555556
u_sm_ram_Q/U920	0	0.555556
u_sm_ram_I/U980	0	0.555556
u_sm_ram_Q/PLACE_HFSBUF_656_1100	0	0.555556
u_sm_ram_I/U3242	0	0.555556
u_sm_ram_I/U978	0	1.51852
u_sm_ram_Q/U3169	0	0.555556
u_sm_ram_I/PLACE_HFSBUF_10277_698	0	0.555556
u_sm_ram_Q/PLACE_HFSBUF_10098_434	0	0.555556
u_sm_ram_I/PLACE_HFSBUF_34_1142	0	0.555556
u_sm_ram_Q/U2200	0	1.53086
u_sm_ram_I/mem_reg[242][3]	0	1.55556
u_sm_ram_I/U3739	0	0.555556
u_sm_ram_Q/U3612	0	0.555556
u_sm_ram_Q/U2527	0	1.55556
u_sm_ram_I/mem_reg[35][2]	0	0.555556
u_sm_ram_I/mem_reg[208][1]	0	0.555556
u_sm_ram_Q/U1440	0	1.55556
u_sm_ram_I/U3617	0	1.55556
u_sm_ram_Q/U3392	0	0.555556
u_sm_ram_I/U1499	0	0.555556
u_sm_ram_I/U914	0	0.555556
u_sm_ram_I/U3147	0	0.555556
u_sm_ram_Q/U3469	0	1.55556
u_sm_ram_I/mem_reg[112][1]	0	1.48148
u_sm_ram_Q/mem_reg[132][0]	0	0.555556
u_sm_ram_Q/U1433	0	0.555556
u_sm_ram_Q/U3513	0	1.55556
u_sm_ram_Q/U1443	0	1.55556
u_sm_ram_I/U1673	0	2.55556
u_sm_ram_Q/U3310	0	0.555556
u_sm_ram_Q/U3514	0	0.555556
u_sm_ram_Q/mem_reg[34][2]	0	1.55556
u_sm_ram_I/mem_reg[115][0]	0	2.55556
u_sm_ram_I/U4078	0	0.555556
u_sm_ram_Q/U1121	0	1.55556
u_sm_ram_I/U3140	0	0.555556
u_sm_ram_Q/U118	0	1.55556
u_sm_ram_I/U3964	0	0.555556
u_sm_ram_Q/U1120	0	1.55556
u_sm_ram_I/U913	0	0.555556
u_sm_ram_Q/U3459	0	1.55556
u_sm_ram_I/U1500	0	1.55556
u_sm_ram_I/mem_reg[163][1]	0.666667	1.55556
u_sm_ram_Q/U714	0	0.555556
u_sm_ram_Q/U1444	0	2.55556
u_sm_ram_Q/mem_reg[113][3]	0	0.555556
u_sm_ram_I/U1114	0	2.55556
u_sm_ram_I/U4160	0	0.555556
u_sm_ram_Q/PLACE_HFSBUF_174_372	0	0.555556
u_sm_ram_Q/U66	0	2.55556
u_sm_ram_Q/mem_reg[80][0]	0	1.55556
u_form_ppdu/I_piso/q_reg[0]	0	0.555556
u_sm_ram_Q/U3130	0	1.50617
u_sm_ram_I/mem_reg[48][2]	0	0.555556
u_sm_ram_Q/U3491	0	1.55556
u_sm_ram_Q/U3423	0	0.555556
u_sm_ram_Q/U3439	0	1.55556
u_sm_ram_I/U3954	0	0.555556
u_sm_ram_Q/mem_reg[19][0]	0	0.555556
u_sm_ram_Q/U3407	0	1.55556
u_sm_ram_I/U3296	0	0.555556
u_sm_ram_I/U3938	0	0.555556
u_sm_ram_Q/mem_reg[133][0]	0	1.55556
u_sm_ram_I/mem_reg[147][2]	0	0.555556
u_sm_ram_I/mem_reg[131][3]	0	2.55556
u_sm_ram_Q/U835	0	0.555556
u_sm_ram_I/mem_reg[80][2]	0	0.555556
u_sm_ram_I/U3784	0	0.555556
u_sm_ram_Q/U3974	0	0.555556
u_sm_ram_Q/mem_reg[183][3]	0	1.55556
u_sm_ram_I/U3570	0	0.555556
u_sm_ram_Q/U3525	0	1.55556
u_sm_ram_Q/U3387	0	0.555556
u_sm_ram_Q/U3201	0	1.55556
u_sm_ram_I/PLACE_HFSBUF_617_1070	0	1.55556
u_sm_ram_I/PLACE_HFSBUF_48_476	0	1.55556
u_sm_ram_Q/U3446	0	1.48148
u_sm_ram_Q/U1100	0	0.555556
u_sm_ram_I/U3875	0	2.55556
u_sm_ram_Q/U3422	0	0.555556
u_sm_ram_Q/mem_reg[18][3]	0	1.55556
u_sm_ram_I/mem_reg[224][2]	0	0.506173
u_sm_ram_I/U3419	0	1.55556
u_sm_ram_Q/mem_reg[34][3]	0	1.55556
u_sm_ram_I/U1174	0	0.555556
u_sm_ram_I/mem_reg[80][3]	0	0.555556
u_sm_ram_I/U3138	0	0.555556
u_sm_ram_Q/U1940	0	2.51852
u_sm_ram_Q/mem_reg[117][0]	0	1.55556
u_sm_ram_Q/U840	0	0.555556
u_sm_ram_Q/mem_reg[180][0]	0	0.555556
u_sm_ram_I/U590	0	1.55556
u_sm_ram_Q/U3889	0	1.55556
u_sm_ram_Q/PLACE_HFSBUF_7904_443	0	0.555556
u_sm_ram_Q/mem_reg[98][1]	0	1.55556
u_sm_ram_I/U4070	0	0.555556
u_sm_ram_Q/U843	0	0.555556
u_sm_ram_Q/U3442	0	0.555556
u_sm_ram_I/mem_reg[163][0]	0	1.55556
u_sm_ram_I/PLACE_HFSBUF_831_1069	0	0.555556
u_sm_ram_Q/U1439	0	1.55556
u_sm_ram_I/U3862	0	1.55556
u_sm_ram_Q/PLACE_HFSBUF_94_488	0	1.55556
u_sm_ram_Q/U3646	0	0.555556
u_sm_ram_Q/mem_reg[98][3]	0	2.55556
u_sm_ram_Q/U1938	0	1.48148
u_sm_ram_I/U862	0	0.555556
u_sm_ram_I/U4057	0	0.555556
u_sm_ram_Q/PLACE_HFSBUF_92_593	0	0.555556
u_sm_ram_I/U3884	0	0.555556
u_sm_ram_Q/U1122	0	0.555556
u_sm_ram_Q/U3197	0	0.54321
u_sm_ram_I/mem_reg[224][1]	0	0.555556
u_sm_ram_I/PLACE_HFSBUF_237_1144	0	0.555556
u_sm_ram_I/mem_reg[176][2]	0	1.55556
u_sm_ram_Q/U841	0	0.555556
u_sm_ram_Q/U3144	0	1.55556
u_sm_ram_Q/U844	0	1.55556
u_sm_ram_I/U3635	0	0.555556
u_sm_ram_I/U920	0	2.55556
u_sm_ram_I/U3527	0	0.555556
u_sm_ram_I/PLACE_HFSBUF_143_921	0	1.55556
u_sm_ram_Q/PLACE_HFSBUF_12108_432	0	1.55556
u_sm_ram_Q/PLACE_HFSBUF_9732_439	0	0.555556
u_sm_ram_Q/mem_reg[160][1]	0	1.55556
u_sm_ram_I/U2996	0	0.555556
u_sm_ram_Q/U3521	0	1.55556
u_sm_ram_I/PLACE_HFSBUF_129_1145	0	1.55556
u_sm_ram_I/U4161	0	0.555556
u_sm_ram_Q/mem_reg[116][0]	0	0.555556
u_sm_ram_Q/mem_reg[161][2]	0	0.555556
u_sm_ram_I/U915	0	0.555556
u_sm_ram_I/U3920	0	2.55556
u_sm_ram_I/mem_reg[19][2]	0	0.555556
u_sm_ram_I/U3794	0	1.55556
u_sm_ram_I/mem_reg[243][1]	0	1.55556
u_sm_ram_Q/mem_reg[101][0]	0	0.555556
u_sm_ram_Q/U3390	0	0.555556
u_sm_ram_Q/U921	0	0.555556
u_sm_ram_I/U4146	0	0.555556
u_sm_ram_I/U1108	0	1.55556
u_sm_ram_Q/U3490	0	0.555556
u_sm_ram_Q/U3398	0	1.55556
u_sm_ram_Q/U845	0	1.55556
u_sm_ram_I/U3677	0	0.555556
u_sm_ram_I/mem_reg[64][2]	0	0.555556
u_sm_ram_Q/mem_reg[181][3]	0	0.555556
u_sm_ram_I/mem_reg[18][1]	0	0.555556
u_sm_ram_I/U594	0	0.555556
u_sm_ram_Q/U3009	0.1875	0.555556
u_sm_ram_Q/U3569	0	0.555556
u_sm_ram_Q/mem_reg[181][1]	0	0.555556
u_sm_ram_I/U3094	0	1.55556
u_sm_ram_I/U3519	0	0.555556
u_sm_ram_Q/mem_reg[85][3]	0	0.555556
u_sm_ram_I/U1424	0	1.55556
u_sm_ram_I/U860	0	1.49383
u_sm_ram_I/PLACE_HFSBUF_9971_642	0	0.555556
u_sm_ram_Q/PLACE_HFSBUF_13197_433	0	0.555556
u_sm_ram_Q/mem_reg[180][1]	0	1.55556
u_sm_ram_Q/U2524	0	1.55556
u_sm_ram_I/U3608	0	0.555556
u_sm_ram_I/U3535	0	0.555556
u_sm_ram_Q/U3146	0	0.555556
u_sm_ram_I/U3576	0	0.555556
u_sm_ram_I/U3176	0	0.555556
u_sm_ram_I/mem_reg[81][2]	0	0.555556
u_sm_ram_I/U3881	0	0.555556
u_sm_ram_Q/U1101	0	0.555556
u_sm_ram_Q/U924	0	0.555556
u_sm_ram_I/U589	0	2.55556
u_sm_ram_I/U4141	0	1.55556
u_sm_ram_Q/U406	0	0.555556
u_sm_ram_Q/U3375	0	1.55556
u_sm_ram_Q/mem_reg[101][1]	0	2.55556
u_sm_ram_Q/mem_reg[83][3]	0	1.55556
u_sm_ram_I/PLACE_HFSBUF_10129_643	0	0.555556
u_sm_ram_Q/U842	0	1.55556
u_sm_ram_Q/U1176	0	1.55556
u_sm_ram_Q/mem_reg[19][3]	0.407407	0.555556
u_sm_ram_Q/U1102	0	0.555556
u_sm_ram_Q/mem_reg[16][0]	0	0.555556
u_sm_ram_Q/U922	0	0.555556
u_sm_ram_I/mem_reg[98][0]	0	1.48148
u_sm_ram_Q/U1123	0	0.555556
u_sm_ram_I/U1109	0	0.555556
u_sm_ram_Q/U3137	0	0.555556
u_sm_ram_I/data_out_reg[1]	0	1.55556
u_sm_ram_I/mem_reg[224][0]	0	0.555556
u_sm_ram_I/U593	0	0.555556
u_sm_ram_I/mem_reg[35][1]	0	0.555556
u_sm_ram_I/PLACE_HFSBUF_11989_648	0	0.555556
u_sm_ram_Q/U1103	0	0.555556
u_sm_ram_Q/mem_reg[131][3]	0	1.55556
u_sm_ram_I/U3546	0	0.555556
u_sm_ram_I/U4089	0	0.555556
u_sm_ram_I/U3680	0	0.555556
u_sm_ram_I/U916	0	2.53086
u_sm_ram_I/mem_reg[162][0]	0	0.555556
u_sm_ram_Q/mem_reg[161][3]	0	1.55556
u_sm_ram_I/U2960	0	0.555556
u_sm_ram_I/U3487	0	0.555556
u_sm_ram_Q/U3187	0	0.555556
u_sm_ram_Q/U3194	0	1.55556
u_sm_ram_I/U917	0	0.555556
u_sm_ram_Q/U1501	0	1.55556
u_sm_ram_I/PLACE_HFSBUF_9812_644	0	0.555556
u_sm_ram_Q/mem_reg[112][2]	0	1.55556
u_sm_ram_I/U3846	0.0769231	0.555556
u_sm_ram_I/mem_reg[81][0]	0	2.55556
u_sm_ram_Q/mem_reg[101][2]	0	1.55556
u_sm_ram_I/mem_reg[33][0]	0	0.555556
u_sm_ram_I/mem_reg[128][0]	0	0.555556
u_sm_ram_Q/U923	0	0.555556
u_sm_ram_I/U3611	0	1.55556
u_sm_ram_I/U4100	0	1.55556
u_sm_ram_I/U4040	0	0.555556
u_sm_ram_I/U3504	0	1.55556
u_sm_ram_Q/mem_reg[117][1]	0	0.555556
u_sm_ram_I/U1046	0	2.55556
u_sm_ram_I/mem_reg[161][0]	0	0.555556
u_sm_ram_Q/U3105	0	2.55556
u_sm_ram_I/U3614	0	0.555556
u_sm_ram_Q/U847	0	1.55556
u_sm_ram_Q/mem_reg[117][3]	0	3.55556
u_sm_ram_Q/mem_reg[116][2]	0	1.55556
u_sm_ram_Q/mem_reg[112][3]	0	1.48148
u_sm_ram_I/mem_reg[160][0]	0	0.555556
u_sm_ram_I/mem_reg[225][0]	0	0.555556
u_sm_ram_Q/data_out_reg[1]	0	0.555556
u_sm_ram_I/U1252	0	1.55556
u_sm_ram_Q/data_out_reg[0]	0	2.55556
u_sm_ram_I/mem_reg[177][1]	0	2.55556
u_sm_I/wr_addr_reg[0]	0	2.55556
u_sm_ram_I/U1369	0	0.555556
u_sm_ram_I/U667	0.230769	0.555556
u_sm_ram_Q/mem_reg[18][0]	0	0.555556
u_sm_ram_I/PLACE_HFSBUF_9551_641	0	0.555556
u_sm_ram_Q/U1498	0	1.55556
SpareCell_3_0	0	0.555556
u_sm_ram_Q/U846	0	0.555556
u_sm_ram_Q/U1504	0	2.55556
u_sm_ram_I/U2049	0	1.55556
u_sm_ram_Q/mem_reg[183][2]	0	0.555556
u_sm_ram_I/U1113	0	1.55556
u_sm_ram_I/mem_reg[176][1]	0	2.55556
u_sm_ram_I/U1253	0	2.55556
u_sm_ram_Q/U3792	0	1.53086
u_sm_ram_Q/U2750	0	0.555556
u_sm_ram_I/U1434	0	0.555556
u_sm_ram_I/U3906	0	0.555556
u_sm_ram_Q/U1513	0	0.555556
u_sm_ram_Q/mem_reg[97][3]	0	0.555556
u_sm_ram_Q/U3961	0	0.555556
u_sm_ram_I/mem_reg[160][1]	0	2.55556
u_sm_ram_I/mem_reg[128][3]	0	1.55556
u_sm_ram_I/PLACE_HFSBUF_9405_645	0	1.55556
u_sm_ram_Q/mem_reg[181][2]	0	0.555556
u_sm_ram_I/U2051	0	0.555556
u_sm_ram_I/U656	0	0.555556
u_sm_ram_I/U3358	0	0.555556
u_sm_ram_Q/mem_reg[82][0]	0	1.55556
u_sm_ram_Q/mem_reg[117][2]	0	0.555556
u_sm_ram_I/U3121	0	0.555556
u_sm_ram_I/U3723	0	0.555556
u_sm_ram_Q/PLACE_HFSBUF_542_943	0	0.555556
u_sm_ram_Q/PLACE_HFSBUF_8157_442	0	0.555556
u_sm_ram_Q/U834	0	1.55556
u_sm_ram_I/U3681	0	1.55556
u_sm_ram_I/mem_reg[242][2]	0	1.55556
u_sm_ram_I/mem_reg[242][1]	0	0.555556
u_sm_ram_I/U1433	0	1.55556
u_sm_ram_Q/PLACE_HFSBUF_10681_509	0	1.55556
u_sm_ram_I/U3767	0	0.555556
u_sm_ram_I/mem_reg[163][3]	0	0.555556
u_sm_ram_Q/mem_reg[68][3]	0	1.55556
u_sm_ram_I/U727	0	1.55556
u_sm_ram_I/U666	0	0.555556
u_sm_ram_Q/mem_reg[160][0]	0	2.55556
u_sm_ram_Q/mem_reg[180][3]	0	0.555556
u_sm_ram_Q/PLACE_HFSBUF_9837_847	0	1.55556
u_sm_ram_Q/U3553	0	0.555556
u_sm_ram_Q/U3123	0	1.54321
u_sm_ram_I/U3460	0	0.555556
u_sm_ram_I/U3744	0	0.555556
u_sm_ram_I/U1707	0	1.55556
u_sm_ram_I/U3316	0	0.555556
u_sm_ram_Q/PLACE_HFSBUF_11913_440	0	0.555556
u_sm_ram_I/U3675	0	0.555556
u_sm_ram_I/U2643	0.642857	1.55556
u_sm_ram_Q/U2982	0	0.555556
u_sm_ram_I/mem_reg[114][1]	0	1.55556
u_sm_ram_I/U1251	0	0.555556
u_sm_ram_Q/U1510	0	0.555556
u_sm_ram_Q/U1805	0	0.555556
u_sm_ram_I/mem_reg[161][1]	0	2.55556
u_sm_ram_Q/data_out_reg[3]	0	2.55556
u_sm_ram_Q/U2751	0	0.555556
u_sm_ram_I/U1498	0	1.55556
u_sm_ram_Q/U1104	0	0.555556
u_sm_ram_Q/mem_reg[118][1]	0	0.555556
u_sm_ram_Q/mem_reg[180][2]	0	2.55556
u_sm_ram_Q/U3473	0	0.555556
u_sm_ram_I/U668	0	1.55556
u_sm_ram_Q/mem_reg[135][3]	0	1.55556
u_sm_ram_I/U665	0	0.555556
u_sm_ram_I/U2233	0	0.555556
u_sm_ram_Q/U4056	0	0.555556
u_sm_ram_I/U3820	0	1.55556
u_sm_ram_Q/PLACE_HFSBUF_237_1123	0	0.555556
u_sm_ram_Q/U2487	0	0.555556
u_sm_ram_I/U2228	0	1.55556
u_sm_ram_Q/U408	0	2.55556
u_sm_ram_I/U477	0	1.55556
u_sm_ram_Q/mem_reg[16][3]	0	0.555556
u_sm_ram_Q/U1992	0	1.55556
u_sm_ram_I/U3495	0	0.555556
u_sm_ram_I/U1112	0	0.555556
u_sm_ram_I/mem_reg[240][1]	0	0.518519
u_sm_ram_Q/U3764	0	0.555556
u_sm_ram_Q/U1957	0	0.555556
u_sm_ram_Q/U2504	0	2.55556
u_sm_ram_I/U2050	0	0.555556
u_sm_ram_I/mem_reg[18][2]	0	0.555556
u_sm_ram_I/PLACE_HFSBUF_10450_699	0	1.55556
u_sm_ram_I/U861	0	1.55556
u_sm_ram_Q/U499	0	0.555556
u_sm_ram_Q/U1503	0	1.55556
u_sm_ram_Q/mem_reg[99][3]	0	1.55556
u_sm_ram_Q/U2749	0	1.55556
u_sm_ram_Q/U1505	0	0.555556
u_sm_ram_Q/U1804	0	1.55556
u_sm_ram_I/U1250	0	0.530864
u_sm_ram_I/U1246	0	2.55556
u_sm_ram_I/mem_reg[112][0]	0	1.48148
u_sm_ram_I/mem_reg[35][0]	0	0.555556
u_sm_ram_I/U729	0	0.555556
u_sm_I/U18	0	1.55556
u_sm_ram_Q/U1502	0	1.55556
u_sm_ram_Q/PLACE_HFSBUF_11009_851	0	1.55556
u_sm_ram_Q/U338	0	1.55556
u_sm_ram_Q/mem_reg[98][2]	0	2.55556
u_sm_ram_I/U1501	0	2.55556
u_sm_ram_I/mem_reg[192][2]	0	0.555556
u_sm_ram_I/U3746	0	1.55556
u_sm_ram_I/U2052	0	1.55556
u_sm_ram_I/U3465	0	1.55556
u_sm_ram_I/PLACE_HFSINV_11790_655	0	0.555556
u_sm_ram_Q/U2622	0	0.555556
u_sm_ram_Q/mem_reg[160][2]	0	0.555556
u_sm_ram_Q/mem_reg[18][1]	0	0.555556
u_sm_ram_I/mem_reg[224][3]	0	1.55556
u_sm_ram_I/U3713	0	0.555556
u_sm_ram_Q/PLACE_HFSINV_488_940	0	0.530864
u_sm_ram_I/U2232	0	0.555556
u_sm_ram_Q/mem_reg[144][2]	0	0.555556
u_sm_ram_I/U797	0	0.555556
u_sm_ram_Q/mem_reg[97][0]	0	1.55556
u_sm_ram_Q/U139	0	0.555556
u_sm_ram_I/U1209	0	1.55556
u_sm_ram_Q/mem_reg[16][2]	0	0.555556
u_sm_ram_I/mem_reg[114][0]	0	0.555556
u_sm_ram_Q/U3447	0	0.555556
u_sm_ram_I/U1055	0	0.555556
u_sm_ram_I/U3874	0	0.555556
u_sm_ram_Q/mem_reg[100][1]	0	0.555556
u_zp/U189	0	1.53086
u_sm_ram_Q/U3359	0	1.55556
u_sm_ram_Q/U3141	0	0.555556
u_sm_ram_I/mem_reg[209][3]	0	0.555556
u_sm_ram_I/U2239	0	0.555556
u_sm_ram_Q/mem_reg[135][1]	0	0.555556
u_sm_ram_Q/U4006	0	1.55556
u_sm_ram_Q/U3126	0	2.55556
u_sm_ram_I/mem_reg[80][1]	0	0.555556
u_sm_ram_I/U1058	0	0.555556
u_sm_ram_I/mem_reg[96][2]	0	1.55556
u_sm_ram_I/U857	0	0.555556
u_sm_ram_I/mem_reg[144][2]	0	0.555556
u_sm_ram_I/U1247	0	1.48148
u_sm_ram_Q/U3110	0	0.555556
u_sm_ram_Q/mem_reg[119][2]	0	1.55556
u_sm_ram_I/mem_reg[240][3]	0	2.55556
u_sm_ram_Q/mem_reg[96][3]	0	2.55556
u_sm_ram_Q/U1512	0	1.55556
u_sm_ram_Q/U2458	0	1.55556
u_sm_ram_Q/U3753	0	0.555556
u_sm_ram_I/mem_reg[209][0]	0	0.555556
PLACE_optlc_1409	0	0.555556
u_sm_ram_Q/U3333	0	1.55556
u_sm_ram_Q/mem_reg[118][2]	0	0.555556
u_sm_ram_I/PLACE_HFSBUF_9466_743	0	0.555556
u_sm_ram_I/mem_reg[241][3]	0	2.55556
u_sm_ram_I/mem_reg[80][0]	0	2.55556
u_sm_ram_Q/PLACE_HFSINV_607_1012	0	1.54321
u_sm_ram_Q/U3960	0	0.506173
u_sm_ram_I/U3943	0	0.555556
u_sm_ram_Q/U3330	0	1.55556
u_sm_I/U37	0	0.555556
PLACE_optlc_1410	0	0.555556
u_sm_ram_Q/mem_reg[100][3]	0	0.555556
u_sm_ram_I/U922	0	1.55556
u_sm_ram_I/U926	0	2.55556
u_sm_I/add_60/U1_1_1	0	1.55556
u_sm_ram_I/mem_reg[0][2]	0	2.55556
u_sm_ram_Q/U1166	0	1.55556
u_sm_ram_I/U3173	0	1.55556
u_sm_ram_I/mem_reg[176][3]	0	0.555556
u_sm_ram_Q/U1165	0	1.55556
u_sm_I/U15	0	1.55556
u_sm_ram_Q/mem_reg[227][0]	0	1.55556
u_sm_ram_Q/U1756	0.25	0.506173
PLACE_optlc_1404	0	0.555556
u_sm_ram_I/mem_reg[113][0]	0	2.55556
u_sm_ram_I/U925	0	0.555556
u_sm_ram_Q/U2434	0	0.506173
u_sm_ram_I/mem_reg[18][0]	0	1.55556
u_sm_ram_Q/U3296	0	1.55556
u_sm_ram_I/U795	0	2.55556
u_sm_ram_Q/U1511	0	0.555556
u_sm_ram_I/U858	0	1.55556
u_sm_ram_I/U1249	0	1.55556
u_sm_I/wr_addr_reg[3]	0	1.55556
u_sm_ram_Q/PLACE_HFSBUF_61_590	0	0.555556
u_sm_ram_Q/mem_reg[133][3]	0	0.555556
u_sm_ram_Q/U1855	0	0.555556
u_sm_ram_I/U1056	0	2.55556
u_sm_ram_Q/mem_reg[100][0]	0	2.55556
u_sm_ram_Q/mem_reg[100][2]	0	0.555556
u_sm_ram_I/U78	0	1.55556
u_sm_ram_Q/U1500	0	0.555556
u_sm_ram_Q/U4015	0	0.555556
u_sm_ram_Q/U2747	0	0.555556
u_sm_ram_I/U480	0	1.54321
u_sm_ram_I/U1257	0	2.55556
u_sm_ram_Q/U2318	0.1875	0.555556
u_sm_ram_Q/U2599	0	1.55556
u_sm_ram_I/U2938	0	0.555556
u_sm_ram_Q/PLACE_HFSBUF_1013_1016	0	0.555556
u_sm_ram_I/mem_reg[192][0]	0.814815	0.555556
u_sm_I/add_60/U1_1_2	0	0.555556
u_sm_ram_I/U3506	0	1.55556
u_sm_ram_Q/U2032	0	0.555556
u_sm_ram_Q/U2748	0	0.555556
u_sm_ram_I/U3298	0	0.493827
u_sm_ram_I/mem_reg[18][3]	0	1.55556
u_sm_ram_Q/U1174	0	1.55556
u_sm_ram_I/U165	0	0.555556
u_sm_ram_I/U3230	0	0.555556
u_sm_ram_I/U3212	0	0.555556
u_sm_ram_Q/mem_reg[99][1]	0	0.555556
u_sm_ram_Q/PLACE_HFSBUF_633_1034	0	1.55556
u_sm_ram_I/mem_reg[128][1]	0.851852	0.555556
u_sm_I/add_60/U1	0	0.555556
u_sm_ram_Q/mem_reg[17][0]	0	0.555556
u_sm_ram_Q/U4008	0	1.55556
u_sm_ram_Q/mem_reg[160][3]	0	0.555556
u_sm_ram_Q/U1499	0	1.55556
u_sm_ram_I/mem_reg[19][3]	0	0.555556
u_sm_ram_Q/U3004	0	0.555556
u_sm_ram_Q/U1105	0	0.555556
u_sm_ram_Q/U72	0	1.55556
u_sm_ram_I/mem_reg[81][1]	0	1.55556
u_sm_ram_Q/U3215	0	0.555556
u_sm_ram_I/U863	0	1.55556
u_sm_ram_I/PLACE_HFSBUF_1095_927	0	0.555556
u_sm_ram_Q/U3828	0	0.555556
u_sm_ram_Q/U3202	0	0.555556
u_sm_ram_I/U192	0.375	0.555556
u_sm_ram_Q/PLACE_HFSBUF_144_591	0	0.555556
u_sm_ram_Q/U2017	0	0.555556
u_sm_ram_I/U927	0	1.55556
u_sm_ram_I/PLACE_HFSBUF_12563_657	0	0.555556
u_sm_ram_I/U603	0.846154	1.55556
u_sm_ram_Q/U2033	0	1.55556
u_sm_ram_Q/U2016	0	0.555556
u_sm_ram_I/mem_reg[96][1]	0	0.555556
u_sm_ram_I/U3299	0	1.55556
u_sm_I/add_60/U1_1_3	0	0.555556
u_sm_ram_Q/mem_reg[116][3]	0	0.555556
u_sm_ram_Q/U3815	0	0.555556
u_sm_ram_I/PLACE_HFSINV_10791_656	0	0.555556
u_sm_I/U17	0	0.555556
u_sm_ram_Q/U1030	0	2.55556
u_sm_ram_Q/mem_reg[16][1]	0	2.55556
u_sm_ram_I/U3317	0	1.55556
u_sm_ram_I/mem_reg[241][1]	0	0.555556
u_sm_ram_Q/U2460	0	1.55556
u_sm_I/U16	0	0.555556
u_sm_ram_Q/U56	0	2.55556
u_sm_ram_I/U601	0	0.555556
u_sm_ram_Q/U3887	0	0.555556
u_sm_ram_Q/PLACE_HFSBUF_83_1038	0	1.55556
u_sm_ram_Q/U3720	0	0.555556
u_sm_ram_I/mem_reg[192][3]	0	0.555556
u_sm_ram_Q/U3603	0	0.555556
u_sm_ram_Q/mem_reg[227][2]	0	0.555556
u_sm_ram_Q/U3292	0	0.555556
u_sm_ram_Q/U1038	0	0.555556
u_sm_ram_I/PLACE_HFSBUF_9253_742	0	1.55556
u_sm_ram_Q/mem_reg[119][1]	0	1.55556
u_sm_ram_I/U681	0.875	2.55556
u_sm_ram_I/U2652	0	1.55556
u_sm_ram_I/U798	0	1.55556
u_sm_ram_Q/mem_reg[19][2]	0	0.555556
u_sm_ram_Q/mem_reg[135][0]	0	1.55556
u_sm_ram_Q/mem_reg[18][2]	0	0.555556
u_sm_ram_Q/U64	0	0.555556
u_sm_ram_I/U859	0	0.555556
u_sm_ram_Q/U2041	0	0.555556
u_sm_ram_Q/U2814	0	1.55556
u_sm_ram_I/U4076	0	0.555556
u_sm_ram_Q/U3226	0	0.555556
u_sm_ram_I/U2240	0	0.555556
u_sm_ram_I/U2498	0	0.555556
u_sm_ram_Q/U1170	0	0.555556
u_sm_ram_Q/mem_reg[133][2]	0	0.555556
u_sm_ram_I/U1188	0	0.555556
u_sm_ram_I/U3376	0	0.555556
u_sm_ram_Q/U2364	0	0.555556
u_sm_ram_I/mem_reg[16][1]	0	0.555556
u_sm_ram_I/U1187	0	2.55556
u_sm_ram_Q/PLACE_HFSBUF_642_1165	0	0.54321
u_sm_ram_Q/U1028	0.384615	1.55556
u_sm_ram_I/U928	0	0.555556
u_sm_ram_I/PLACE_HFSBUF_9212_806	0	1.55556
u_sm_ram_Q/U2981	0	0.555556
u_sm_ram_I/U856	0	1.55556
u_sm_ram_Q/U2586	0	0.555556
u_sm_ram_I/mem_reg[1][3]	0	1.55556
u_sm_ram_Q/U3115	0	0.555556
u_sm_ram_I/U3785	0	0.555556
u_sm_ram_I/mem_reg[16][0]	0	1.55556
u_sm_ram_I/U599	0	0.555556
u_sm_ram_Q/U1171	0	0.555556
u_sm_ram_I/U3228	0	0.555556
u_sm_ram_I/U2249	0	0.555556
u_sm_ram_Q/U3279	0	1.55556
u_sm_ram_I/mem_reg[65][3]	0	0.555556
u_sm_ram_I/U2937	0	1.55556
u_sm_ram_I/mem_reg[81][3]	0	0.555556
u_sm_ram_I/U597	0	0.555556
u_sm_ram_I/U3628	0	0.555556
u_sm_ram_I/mem_reg[192][1]	0	1.55556
u_sm_ram_Q/U3289	0	0.555556
u_sm_ram_I/PLACE_HFSBUF_10034_809	0	1.55556
u_sm_ram_I/U1592	0	0.555556
u_sm_ram_Q/mem_reg[96][0]	0	0.555556
u_sm_ram_I/U4099	0	2.50617
u_sm_ram_Q/U1173	0	0.555556
u_sm_ram_Q/mem_reg[19][1]	0	1.55556
u_sm_ram_Q/U1092	0	0.555556
u_sm_ram_I/PLACE_HFSINV_11527_759	0	1.55556
u_sm_ram_Q/U1169	0	1.55556
u_sm_ram_Q/U1172	0	1.55556
u_sm_ram_Q/U3499	0	1.55556
u_sm_ram_I/PLACE_HFSBUF_1023_926	0	0.555556
u_sm_ram_I/U796	0	2.51852
u_sm_ram_I/U4191	0	0.555556
u_sm_ram_I/mem_reg[193][3]	0	0.555556
u_sm_ram_Q/U3340	0	1.55556
u_sm_ram_I/U1510	0	0.555556
u_sm_ram_Q/U653	0	2.55556
u_sm_ram_Q/U3701	0	2.55556
u_sm_ram_I/PLACE_HFSINV_273_925	0	1.55556
u_sm_ram_I/PLACE_HFSBUF_180_914	0	0.518519
u_sm_ram_I/U3486	0	1.55556
u_sm_ram_I/mem_reg[87][3]	0	0.555556
u_sm_ram_I/mem_reg[177][0]	0	0.555556
u_sm_ram_Q/mem_reg[119][0]	0.296296	0.555556
u_sm_ram_I/mem_reg[177][3]	0	1.55556
u_sm_ram_I/U4069	0	0.555556
u_sm_ram_Q/mem_reg[118][3]	0	0.555556
u_sm_ram_I/mem_reg[160][2]	0	1.55556
u_sm_ram_Q/U3260	0	0.493827
u_sm_ram_Q/PLACE_HFSBUF_33_1039	0	0.555556
u_sm_ram_Q/U2464	0	1.55556
u_sm_ram_I/mem_reg[0][1]	0	0.555556
u_sm_ram_Q/PLACE_HFSBUF_60_367	0	1.55556
u_sm_ram_I/U3125	0	1.55556
u_sm_ram_Q/PLACE_HFSBUF_193_1167	0	0.555556
u_sm_I/U13	0	0.555556
u_sm_ram_I/U266	0	0.555556
u_sm_I/U8	0	1.55556
u_sm_ram_Q/mem_reg[162][2]	0.37037	1.55556
u_sm_ram_Q/PLACE_HFSBUF_110_587	0	0.555556
u_sm_ram_Q/U1037	0	0.555556
u_sm_ram_Q/U3941	0	0.555556
u_sm_ram_I/U3498	0	1.55556
u_sm_ram_I/PLACE_HFSBUF_973_928	0	0.555556
u_sm_ram_I/mem_reg[52][3]	0	1.55556
u_sm_ram_I/U3547	0	0.555556
u_sm_ram_Q/U4079	0	2.55556
u_sm_ram_I/U563	0	1.55556
u_sm_ram_Q/mem_reg[134][0]	0	1.55556
u_sm_ram_Q/U1508	0	0.555556
u_sm_ram_I/U464	0	2.55556
u_sm_ram_I/PLACE_HFSINV_12542_751	0	1.55556
u_sm_ram_Q/U1099	0	1.55556
u_sm_ram_I/U3089	0	0.555556
u_sm_I/add_60/U1_1_4	0	1.55556
u_sm_ram_Q/U655	0	0.555556
u_sm_I/wr_addr_reg[2]	0	0.555556
u_sm_ram_Q/U2113	0	0.555556
u_sm_ram_I/PLACE_HFSINV_11702_761	0	0.555556
u_sm_ram_I/U1593	0	0.555556
u_sm_ram_Q/mem_reg[97][1]	0	1.55556
u_sm_ram_I/U3287	0	0.555556
u_sm_ram_Q/U1506	0	0.555556
u_sm_ram_I/mem_reg[49][0]	0	0.555556
u_sm_ram_Q/PLACE_HFSBUF_5696_559	0	1.55556
u_sm_ram_Q/U1096	0	0.555556
u_sm_ram_Q/mem_reg[230][2]	0	0.555556
u_sm_ram_Q/U3535	0	1.55556
u_sm_ram_Q/mem_reg[231][2]	0	0.555556
u_sm_ram_Q/U3472	0	0.555556
u_sm_ram_I/PLACE_HFSBUF_328_915	0	0.555556
u_sm_ram_I/PLACE_HFSBUF_989_910	0	0.555556
u_sm_ram_I/U3405	0	0.555556
u_sm_ram_Q/U1027	0	1.4321
u_sm_ram_I/U3014	0	0.555556
u_sm_ram_Q/U2486	0	0.469136
u_sm_ram_I/U4093	0	0.555556
u_sm_ram_Q/mem_reg[134][3]	0	0.555556
u_sm_ram_Q/mem_reg[230][1]	0	2.55556
u_sm_ram_Q/mem_reg[118][0]	0	2.55556
u_sm_ram_I/PLACE_HFSBUF_460_931	0	0.555556
u_sm_ram_Q/U656	0	1.55556
u_sm_ram_I/mem_reg[128][2]	0	0.555556
u_sm_ram_Q/mem_reg[7][1]	0	0.555556
u_sm_ram_Q/mem_reg[116][1]	0	2.55556
u_sm_ram_I/U1859	0	2.55556
u_sm_ram_Q/U3987	0	1.55556
u_sm_ram_Q/PLACE_HFSBUF_5092_565	0	0.555556
u_sm_ram_I/mem_reg[17][1]	0	0.555556
u_sm_ram_Q/U3942	0	1.55556
u_sm_ram_I/U2615	0	0.555556
u_sm_ram_I/U1511	0	1.55556
u_sm_ram_I/mem_reg[97][1]	0	1.55556
u_sm_ram_Q/mem_reg[134][1]	0	0.555556
u_sm_ram_I/mem_reg[17][0]	0	1.55556
u_sm_I/wr_addr_reg[1]	0	2.55556
u_sm_ram_Q/mem_reg[231][0]	0	2.55556
u_sm_ram_Q/PLACE_HFSBUF_10536_510	0	0.555556
u_sm_ram_Q/U1175	0	0.555556
u_sm_ram_I/mem_reg[228][2]	0	1.55556
u_sm_I/wr_addr_reg[5]	0	0.555556
u_sm_ram_I/U4082	0	1.55556
u_sm_ram_I/U3205	0	1.55556
u_sm_ram_Q/U1896	0	0.555556
u_sm_ram_I/U1207	0	1.55556
u_sm_ram_Q/PLACE_HFSBUF_41_831	0	0.555556
u_sm_ram_I/U156	0	1.55556
u_sm_ram_I/U3193	0	0.555556
u_sm_ram_I/PLACE_HFSBUF_191_930	0	0.555556
u_sm_ram_Q/mem_reg[17][3]	0	1.55556
u_sm_ram_I/U1591	0	0.555556
u_sm_ram_I/mem_reg[52][1]	0	2.55556
u_sm_ram_Q/mem_reg[53][3]	0	1.55556
u_sm_ram_I/mem_reg[240][2]	0	0.555556
u_sm_ram_I/U3359	0	1.55556
u_sm_ram_I/U180	0	0.555556
u_sm_ram_I/U1590	0	0.555556
u_sm_ram_I/mem_reg[16][3]	0	0.555556
u_sm_ram_I/PLACE_HFSBUF_299_932	0	0.555556
u_sm_ram_Q/U3229	0	1.55556
u_sm_ram_Q/U3164	0	1.55556
u_sm_ram_Q/U2485	0	0.555556
u_sm_ram_Q/U2627	0	1.55556
u_sm_ram_Q/mem_reg[244][2]	0	1.55556
u_sm_ram_Q/U337	0	1.55556
u_sm_ram_I/U4056	0	0.555556
u_sm_ram_I/U1303	0	0.555556
u_sm_ram_Q/PLACE_HFSBUF_152_1035	0	1.55556
u_sm_ram_Q/PLACE_HFSBUF_848_1169	0	1.55556
u_sm_ram_Q/U2114	0	1.54321
u_sm_ram_I/mem_reg[16][2]	0	0.555556
u_sm_ram_Q/U1507	0	2.54321
u_sm_ram_Q/U1095	0	0.555556
u_sm_ram_I/mem_reg[97][0]	0	0.555556
u_sm_ram_I/U3523	0	0.555556
u_sm_ram_I/U990	0	1.54321
u_sm_ram_I/U602	0	0.555556
u_sm_ram_Q/U2684	0	0.555556
u_sm_I/U14	0	2.55556
u_sm_ram_I/U2443	0	1.55556
u_sm_ram_I/U2439	0	1.48148
u_sm_ram_I/PLACE_HFSBUF_34_929	0	1.55556
u_sm_ram_I/U3124	0	2.55556
u_sm_ram_I/mem_reg[160][3]	0	0.555556
u_sm_I/add_60/U1_1_5	0	0.555556
u_sm_ram_I/mem_reg[97][2]	0	0.555556
u_sm_ram_I/mem_reg[49][2]	0	1.55556
u_sm_ram_Q/mem_reg[231][1]	0	0.555556
u_sm_ram_Q/mem_reg[132][1]	0	0.555556
u_sm_ram_Q/U654	0	2.55556
u_sm_ram_I/U1376	0	0.555556
u_sm_ram_I/U3838	0	1.55556
u_sm_ram_Q/mem_reg[130][1]	0	1.55556
u_sm_ram_Q/U1036	0	1.55556
u_sm_ram_Q/U1040	0	1.54321
u_ctrl_fsm/sm_ram_rd_addr_reg_reg[4]	0	0.555556
u_sm_ram_Q/U2826	0	1.55556
u_sm_ram_Q/mem_reg[227][3]	0	1.55556
u_sm_ram_I/mem_reg[97][3]	0	1.55556
u_sm_ram_Q/U3360	0	0.555556
u_sm_ram_I/U1314	0	0.555556
u_sm_ram_Q/U1029	0	1.55556
u_sm_ram_I/mem_reg[0][0]	0	0.555556
u_sm_ram_Q/mem_reg[87][3]	0.518519	1.55556
u_sm_ram_I/U3577	0	0.555556
u_sm_ram_I/PLACE_HFSBUF_1082_911	0	1.55556
u_sm_ram_I/mem_reg[69][3]	0	0.555556
u_sm_ram_Q/U1509	0	0.45679
u_sm_ram_Q/U3219	0	1.55556
u_sm_ram_I/U3123	0	0.555556
u_sm_ram_Q/mem_reg[133][1]	0	1.55556
u_sm_ram_Q/mem_reg[230][3]	0	0.555556
u_sm_ram_Q/mem_reg[97][2]	0	0.555556
u_sm_ram_I/U794	0	0.555556
u_sm_ram_Q/mem_reg[17][1]	0	0.555556
u_sm_ram_Q/PLACE_HFSBUF_4784_518	0	1.55556
u_sm_ram_Q/mem_reg[227][1]	0	0.555556
u_sm_ram_I/U2589	0	0.555556
u_sm_ram_Q/mem_reg[132][3]	0	1.54321
u_sm_ram_I/PLACE_HFSINV_340_909	0	0.555556
u_sm_ram_I/U993	0	1.55556
u_sm_ram_Q/U1043	0	0.555556
u_sm_ram_Q/U1041	0	3.46914
u_sm_ram_I/mem_reg[33][1]	0.740741	0.555556
u_sm_ram_Q/U498	0	1.55556
u_sm_ram_I/U4064	0	0.555556
u_sm_ram_Q/mem_reg[131][0]	0	1.55556
u_sm_ram_Q/mem_reg[96][1]	0	2.55556
u_sm_ram_I/U3404	0	0.555556
u_sm_ram_I/U2098	0	1.55556
u_sm_ram_I/PLACE_HFSBUF_771_918	0	0.555556
u_sm_ram_Q/mem_reg[119][3]	0	0.555556
u_sm_ram_Q/U1033	0	2.55556
u_sm_ram_I/mem_reg[144][0]	0	1.55556
u_sm_ram_I/PLACE_HFSBUF_148_933	0	0.555556
u_sm_ram_Q/U2466	0	0.555556
u_sm_ram_Q/mem_reg[130][3]	0	0.555556
u_sm_ram_I/U4269	0	0.555556
u_sm_ram_I/PLACE_HFSBUF_957_912	0	1.55556
u_sm_ram_Q/PLACE_HFSBUF_40_1095	0	1.55556
u_sm_ram_Q/U1031	0	1.55556
u_sm_I/wr_addr_reg[4]	0	0.555556
u_sm_ram_Q/mem_reg[243][1]	0	0.555556
u_sm_ram_I/U3955	0	0.555556
u_sm_ram_I/U596	0	0.555556
u_sm_ram_Q/U2931	0	1.55556
u_sm_ram_I/U3073	0	0.555556
u_sm_ram_Q/U2389	0	1.54321
u_sm_ram_I/U4231	0	1.55556
u_sm_ram_I/U598	0	0.555556
u_sm_ram_I/U600	0	1.55556
u_sm_ram_I/U1442	0	1.55556
u_sm_ram_Q/U2393	0	2.55556
u_sm_ram_Q/mem_reg[87][2]	0	2.55556
u_sm_ram_I/PLACE_HFSBUF_91_934	0	0.555556
u_sm_ram_I/PLACE_HFSBUF_106_475	0	0.555556
u_sm_ram_Q/mem_reg[69][1]	0	0.555556
u_sm_ram_I/mem_reg[144][3]	0	1.55556
u_sm_I/U6	0	1.55556
u_sm_ram_I/mem_reg[225][3]	0	1.55556
u_sm_ram_I/U2530	0	0.555556
u_sm_ram_I/U2441	0	1.55556
u_sm_ram_I/U1504	0	0.555556
u_sm_ram_Q/PLACE_HFSBUF_277_1124	0	1.55556
u_sm_ram_Q/U1034	0	1.54321
u_sm_ram_Q/U3554	0	0.493827
u_sm_ram_Q/U3929	0	0.506173
u_sm_ram_Q/mem_reg[135][2]	0	1.55556
u_sm_ram_I/U2039	0	0.555556
u_sm_ram_I/U1197	0	1.55556
u_sm_ram_I/U1512	0	0.555556
u_sm_ram_I/U792	0	1.53086
u_sm_ram_Q/mem_reg[128][0]	0	1.55556
u_sm_ram_I/U2913	0	1.55556
u_sm_ram_I/U1507	0	0.555556
u_sm_ram_Q/mem_reg[128][2]	0.962963	3.55556
u_sm_ram_I/U1848	0	0.555556
u_sm_ram_I/U2213	0	1.55556
u_sm_ram_Q/U1045	0	0.555556
u_sm_ram_Q/U642	0	0.555556
u_sm_ram_Q/mem_reg[87][1]	0	1.55556
u_sm_I/U7	0	0.555556
u_sm_ram_Q/U1032	0	2.55556
u_sm_ram_Q/U2490	0	1.55556
u_sm_ram_I/U3756	0	0.555556
u_sm_ram_I/mem_reg[64][3]	0	1.55556
u_sm_ram_I/U1904	0.25	0.530864
u_sm_ram_I/mem_reg[129][3]	0	1.55556
u_sm_ram_I/U1653	0	0.54321
u_sm_ram_I/U1313	0	1.55556
u_sm_ram_Q/U249	0	1.55556
u_sm_ram_I/mem_reg[241][0]	0	0.555556
u_sm_ram_I/U1182	0	1.55556
u_sm_ram_I/U3401	0	2.49383
u_sm_ram_I/U218	0	0.555556
u_sm_ram_Q/U3665	0	1.55556
u_sm_ram_Q/U4083	0	0.555556
u_sm_ram_I/mem_reg[193][1]	0	0.555556
u_sm_ram_I/mem_reg[240][0]	0	1.55556
u_sm_ram_I/U1183	0.538462	0.555556
u_sm_ram_Q/mem_reg[129][3]	0	1.55556
u_sm_ram_I/U3812	0	0.555556
u_sm_ram_I/U2912	0	0.555556
u_sm_ram_Q/U1224	0	0.555556
u_sm_ram_Q/mem_reg[192][3]	0	0.555556
u_sm_ram_Q/U643	0	0.555556
u_sm_I/U34	0	0.555556
u_sm_ram_I/U2942	0	0.555556
u_sm_ram_I/mem_reg[32][1]	0	0.555556
u_sm_ram_Q/mem_reg[132][2]	0	1.55556
u_sm_ram_Q/mem_reg[129][1]	0	0.555556
u_sm_ram_Q/mem_reg[131][2]	0	0.555556
u_sm_ram_Q/PLACE_HFSBUF_208_589	0	0.555556
u_sm_ram_Q/PLACE_HFSBUF_814_1125	0	1.55556
u_sm_ram_I/U1513	0	1.55556
u_sm_ram_I/U2038	0	0.555556
u_sm_ram_Q/U3258	0	1.55556
u_sm_ram_Q/PLACE_HFSBUF_55_1090	0	1.55556
u_sm_ram_Q/U3642	0	1.46914
u_sm_ram_I/U2510	0	1.55556
u_sm_ram_I/U1184	0	0.555556
u_sm_ram_Q/mem_reg[134][2]	0	0.555556
u_ctrl_fsm/sm_ram_rd_addr_reg_reg[0]	0	1.55556
u_sm_ram_I/mem_reg[230][3]	0	1.55556
u_sm_I/add_60/U1_1_6	0	0.555556
u_sm_ram_I/U1312	0	1.55556
u_sm_ram_Q/PLACE_HFSBUF_248_588	0	0.555556
u_sm_ram_Q/U638	0	0.555556
u_sm_ram_Q/mem_reg[130][0]	0	0.555556
u_sm_ram_I/U174	0	1.55556
u_sm_ram_I/U3854	0	0.555556
u_sm_ram_I/U2806	0.1875	0.555556
u_sm_ram_I/PLACE_HFSBUF_141_917	0	0.555556
u_sm_ram_I/U1554	0	1.55556
u_sm_ram_Q/U3806	0	0.555556
u_sm_ram_I/mem_reg[225][2]	0	0.555556
u_sm_ram_I/mem_reg[113][1]	0	0.555556
u_ctrl_fsm/U58	0.692308	0.555556
u_sm_ram_I/mem_reg[33][2]	0	1.55556
u_sm_ram_I/PLACE_HFSBUF_66_913	0	1.55556
u_sm_ram_Q/U3770	0	0.555556
u_sm_ram_Q/mem_reg[96][2]	0	0.555556
u_sm_ram_I/mem_reg[64][0]	0	0.555556
u_sm_ram_Q/U3993	0.75	1.55556
u_sm_I/add_60/U2	0	1.55556
u_sm_ram_I/mem_reg[241][2]	0	1.55556
u_sm_ram_I/U1378	0	1.55556
u_sm_ram_Q/U2081	0	1.55556
u_sm_ram_Q/U3786	0	1.54321
u_sm_ram_I/U2155	0	0.555556
u_sm_ram_I/U26	0	0.555556
u_sm_ram_I/mem_reg[65][2]	0	0.555556
u_sm_ram_I/U411	0.1875	1.46914
u_sm_ram_Q/PLACE_HFSINV_4010_869	0	1.55556
u_sm_ram_Q/U303	0	0.518519
u_sm_ram_I/U1443	0	1.55556
u_sm_ram_Q/U3931	0	0.555556
u_sm_ram_I/U991	0	0.555556
u_sm_ram_I/U574	0	1.55556
u_sm_ram_Q/U3712	0	0.555556
u_sm_ram_I/mem_reg[113][2]	0	2.54321
u_sm_ram_I/U3446	0	1.55556
u_sm_ram_I/U1181	0	1.55556
u_sm_ram_I/U1377	0	0.555556
u_sm_ram_I/U304	0	0.555556
u_sm_ram_I/U3001	0	1.55556
u_sm_ram_Q/U65	0	0.555556
u_sm_ram_I/mem_reg[230][1]	0	0.555556
u_sm_ram_Q/U1296	0	1.55556
u_sm_ram_Q/U2079	0	0.555556
u_sm_ram_Q/U329	0	0.555556
u_sm_ram_Q/U644	0	0.555556
u_sm_ram_Q/mem_reg[128][1]	0	0.555556
u_sm_ram_Q/U3505	0	1.55556
u_sm_ram_I/PLACE_HFSBUF_5224_723	0	1.55556
u_sm_ram_Q/PLACE_HFSBUF_3677_519	0	0.555556
u_sm_ram_Q/U2015	0	1.54321
u_sm_ram_I/U2814	0	0.555556
u_sm_ram_Q/mem_reg[162][3]	0	1.55556
u_sm_ram_Q/U3233	0	0.555556
u_sm_ram_Q/U3992	0	0.555556
u_sm_ram_I/PLACE_HFSBUF_10216_810	0	1.55556
u_sm_ram_I/U3974	0	0.555556
u_sm_ram_Q/PLACE_HFSBUF_381_942	0	0.555556
u_sm_ram_I/U3655	0	0.54321
u_ctrl_fsm/U10	0	0.555556
u_sm_ram_I/mem_reg[144][1]	0	0.555556
u_sm_ram_I/U1446	0	0.555556
u_sm_ram_Q/U3901	0	0.555556
u_sm_ram_Q/PLACE_HFSBUF_133_1087	0	1.55556
u_sm_ram_Q/U2078	0	1.55556
u_sm_ram_I/mem_reg[166][1]	0	0.555556
u_sm_ram_I/mem_reg[65][1]	0	0.555556
u_sm_I/U12	0	1.51852
u_sm_ram_Q/U24	0	0.555556
u_sm_ram_I/PLACE_HFSBUF_265_916	0	1.55556
u_sm_ram_Q/mem_reg[131][1]	0	1.55556
u_sm_ram_Q/U1035	0	1.55556
u_sm_ram_I/mem_reg[1][0]	0	0.555556
u_sm_ram_Q/U3295	0	0.555556
u_ctrl_fsm/add_159/U1	0	0.555556
u_sm_ram_Q/PLACE_HFSBUF_3853_521	0	0.555556
u_sm_ram_Q/U3659	0	0.555556
u_sm_ram_I/U3492	0	0.555556
u_sm_ram_Q/U374	0	0.555556
u_sm_ram_I/mem_reg[129][2]	0	2.55556
u_sm_ram_I/U3876	0	0.555556
u_sm_ram_I/U3740	0	0.555556
u_sm_ram_Q/U601	0	0.555556
u_sm_ram_Q/mem_reg[85][2]	0	0.555556
u_sm_ram_I/mem_reg[113][3]	0	1.55556
u_sm_ram_I/mem_reg[48][1]	0	0.555556
u_sm_ram_I/U3120	0	1.55556
u_sm_I/U11	0	1.55556
u_sm_ram_Q/U138	0	2.55556
u_sm_ram_I/U1509	0	0.555556
u_sm_ram_I/mem_reg[145][3]	0	0.555556
u_sm_ram_Q/U2384	0	1.55556
u_sm_ram_I/U664	0	0.555556
u_sm_ram_I/U3545	0	1.55556
u_sm_ram_Q/U3301	0	0.555556
u_sm_ram_Q/U3996	0	1.55556
u_sm_ram_Q/U3902	0	0.555556
u_sm_ram_Q/U2488	0	0.555556
u_sm_ram_I/mem_reg[65][0]	0	0.555556
u_sm_ram_Q/U2202	0	0.555556
u_sm_ram_Q/U641	0	0.555556
u_sm_ram_Q/U3086	0	1.55556
u_sm_ram_Q/U3930	0	0.555556
u_sm_ram_I/U1117	0.846154	1.55556
u_sm_ram_Q/U3760	0	1.55556
u_sm_ram_Q/U3994	0	1.55556
u_sm_ram_I/U3005	0	1.55556
u_sm_ram_Q/U3759	0	1.55556
u_sm_ram_Q/U3228	0	0.555556
u_sm_ram_Q/U3991	0	1.55556
u_ctrl_fsm/U107	0	0.555556
u_ctrl_fsm/U13	0	0.555556
u_sm_ram_I/U3380	0	0.555556
u_sm_ram_I/U1054	0	0.555556
u_sm_ram_Q/U3504	0	1.55556
u_sm_I/wr_addr_reg[7]	0	1.55556
u_sm_ram_Q/mem_reg[70][1]	0	1.55556
u_sm_ram_I/U4088	0	0.555556
u_sm_ram_Q/U3516	0	0.555556
u_sm_ram_I/U1118	0	1.55556
u_sm_ram_I/U3589	0	0.555556
u_sm_ram_I/U3528	0	1.55556
u_sm_ram_Q/U3205	0	0.555556
u_sm_ram_Q/mem_reg[230][0]	0	0.555556
u_sm_ram_I/U3267	0	1.55556
u_sm_ram_Q/PLACE_HFSBUF_575_1091	0	1.55556
u_sm_ram_Q/U2895	0	0.555556
u_sm_ram_Q/U1054	0	0.555556
u_sm_ram_Q/PLACE_HFSBUF_177_594	0	1.50617
u_sm_ram_I/U3672	0	2.55556
u_sm_ram_Q/PLACE_HFSBUF_146_1168	0	0.555556
u_sm_ram_Q/U3785	0	2.55556
u_sm_ram_I/U3122	0	0.555556
u_sm_ram_I/U2504	0	0.555556
u_sm_ram_I/U1053	0	0.555556
u_sm_ram_Q/U3594	0	0.555556
u_sm_ram_Q/U744	0	1.55556
u_sm_ram_Q/U1225	0	0.555556
u_sm_ram_I/mem_reg[17][2]	0	0.555556
u_sm_ram_Q/mem_reg[69][2]	0	0.555556
u_sm_ram_Q/U2383	0	0.54321
u_sm_ram_I/U992	0	2.55556
u_sm_ram_Q/U1044	0	1.55556
u_sm_ram_I/U2501	0	1.55556
u_sm_ram_Q/PLACE_HFSBUF_221_1014	0	0.555556
u_sm_ram_I/U3682	0	0.555556
u_sm_ram_I/U338	0	2.55556
u_sm_ram_Q/U3225	0	0.555556
u_sm_ram_Q/PLACE_HFSBUF_10832_438	0	1.55556
u_sm_ram_Q/U546	0.166667	0.555556
u_sm_ram_I/U487	0	1.55556
u_sm_ram_I/U3825	0	0.555556
u_ctrl_fsm/U28	0	1.55556
u_sm_ram_Q/U2675	0	0.555556
u_sm_ram_I/U32	0	0.555556
u_sm_ram_Q/U4005	0	0.555556
u_sm_ram_I/PLACE_HFSBUF_12639_704	0	1.55556
u_sm_ram_Q/U1039	0	0.555556
u_sm_ram_Q/U3998	0	1.55556
u_sm_ram_Q/mem_reg[247][2]	0	1.55556
u_sm_ram_Q/U3995	0	1.55556
u_sm_ram_I/U3510	0	0.54321
u_sm_ram_Q/U1055	0	0.555556
u_sm_ram_I/U3352	0	0.555556
u_sm_ram_Q/U2080	0	0.555556
u_sm_ram_I/U1379	0	0.555556
u_sm_ram_Q/U3986	0	0.555556
u_sm_ram_Q/PLACE_HFSBUF_504_1020	0	0.555556
u_sm_ram_Q/mem_reg[129][2]	0	1.55556
u_sm_ram_Q/PLACE_HFSBUF_205_368	0	1.55556
u_sm_ram_I/U3595	0	1.55556
u_sm_ram_I/U1119	0	0.506173
u_ctrl_fsm/U109	0	0.555556
u_sm_ram_Q/PLACE_HFSBUF_4055_520	0	0.555556
u_sm_ram_I/mem_reg[112][3]	0	1.55556
u_sm_ram_Q/U3690	0	0.555556
u_sm_I/U43	0	0.555556
u_sm_ram_I/U2013	0	0.555556
u_sm_ram_I/U2203	0	0.555556
u_sm_ram_I/U2204	0	2.55556
u_sm_ram_I/PLACE_HFSBUF_12543_800	0	0.555556
u_sm_ram_I/U3987	0	0.54321
u_sm_I/wr_addr_reg[6]	0	1.55556
u_sm_ram_Q/U826	0	0.555556
u_sm_ram_I/U1199	0	0.555556
u_sm_ram_I/mem_reg[17][3]	0	0.555556
u_sm_ram_Q/U304	0	1.55556
u_sm_ram_Q/U2838	0	0.555556
u_sm_ram_I/U1447	0	0.555556
u_sm_ram_Q/PLACE_HFSBUF_242_592	0	0.555556
u_sm_ram_I/U3683	0	0.555556
u_ctrl_fsm/add_159/U1_1_1	0	1.55556
u_sm_ram_Q/U1865	0	0.555556
u_ctrl_fsm/U93	0	0.54321
u_sm_ram_Q/U3339	0	1.55556
u_sm_ram_Q/mem_reg[128][3]	0	2.55556
u_sm_ram_Q/U23	0	0.555556
u_sm_ram_I/U1586	0	0.555556
u_sm_ram_Q/U1046	0	0.555556
u_sm_ram_I/mem_reg[112][2]	0	0.555556
u_sm_ram_Q/U3534	0	0.555556
u_sm_ram_I/mem_reg[225][1]	0	0.555556
u_sm_ram_Q/mem_reg[82][3]	0	0.555556
u_sm_ram_Q/mem_reg[68][1]	0	0.555556
u_sm_ram_Q/U3517	0	1.55556
u_sm_ram_I/U3597	0	0.555556
u_sm_ram_Q/U2116	0	0.555556
u_ctrl_fsm/U108	0	0.555556
u_sm_ram_I/U1311	0	1.55556
u_sm_ram_I/U1936	0	0.555556
u_sm_ram_Q/U2306	0	0.555556
u_sm_ram_I/U2523	0	0.555556
u_sm_ram_Q/mem_reg[71][1]	0	0.555556
u_sm_ram_I/mem_reg[32][2]	0	1.55556
u_sm_ram_Q/mem_reg[81][3]	0	0.555556
u_sm_ram_Q/U3691	0	1.55556
u_sm_ram_Q/U2459	0	0.555556
u_sm_ram_Q/mem_reg[84][3]	0	0.555556
u_sm_ram_Q/mem_reg[81][0]	0	2.55556
u_sm_ram_Q/mem_reg[54][1]	0	0.555556
u_sm_ram_Q/U3500	0	0.555556
u_sm_ram_Q/mem_reg[84][2]	0	2.54321
u_sm_ram_I/U1445	0	1.55556
u_sm_ram_Q/U3527	0	0.555556
u_sm_ram_Q/mem_reg[129][0]	0	0.555556
u_sm_ram_Q/mem_reg[54][0]	0	2.50617
u_sm_ram_Q/U3893	0	0.555556
u_sm_ram_Q/mem_reg[87][0]	0	0.555556
u_sm_ram_Q/U1912	0	1.51852
u_sm_ram_I/U1052	0	1.44444
u_sm_ram_I/U3489	0	0.555556
u_sm_I/U10	0	1.55556
u_sm_ram_I/U3661	0	0.555556
u_sm_ram_Q/mem_reg[83][0]	0	2.55556
u_sm_ram_Q/U2793	0	1.55556
u_sm_ram_Q/mem_reg[69][3]	0	0.555556
u_sm_ram_I/U3591	0	0.555556
u_ctrl_fsm/U92	0	0.555556
u_sm_ram_Q/U1223	0	2.55556
u_sm_ram_I/U1448	0	0.555556
u_sm_ram_I/PLACE_HFSINV_686_576	0	0.555556
u_sm_ram_I/U1381	0	0.555556
u_sm_ram_Q/mem_reg[130][2]	0	0.555556
u_sm_ram_Q/U1051	0	1.55556
u_sm_ram_I/U986	0	0.555556
u_sm_ram_I/mem_reg[145][1]	0	0.555556
u_sm_ram_Q/U1056	0	0.555556
u_sm_ram_I/U3704	0	1.55556
u_sm_ram_Q/mem_reg[146][3]	0	1.55556
u_sm_ram_I/PLACE_HFSBUF_61_577	0	1.55556
u_ctrl_fsm/U110	0	1.54321
u_sm_ram_Q/U3470	0	0.555556
u_sm_ram_I/U3448	0	0.54321
u_sm_ram_I/U3571	0	0.555556
u_sm_ram_I/U2202	0	0.555556
u_sm_ram_Q/U3985	0	0.555556
u_sm_ram_I/U3273	0	0.555556
u_sm_ram_I/U3243	0	0.555556
u_sm_ram_I/mem_reg[96][3]	0	1.55556
u_sm_ram_I/U2012	0	0.555556
u_sm_ram_I/PLACE_HFSBUF_177_575	0	0.555556
u_sm_ram_I/mem_reg[1][1]	0	0.555556
u_sm_ram_I/PLACE_HFSBUF_125_827	0	1.55556
u_sm_ram_Q/U3592	0	0.555556
u_sm_ram_I/U1585	0	0.555556
u_sm_ram_I/U3315	0	0.555556
u_sm_ram_I/U4105	0	0.555556
u_sm_ram_I/U3654	0	0.555556
u_sm_ram_I/U2167	0	0.555556
u_sm_ram_I/U481	0	1.55556
u_sm_ram_Q/mem_reg[55][1]	0	0.555556
u_sm_ram_I/U2096	0	1.55556
u_sm_ram_Q/mem_reg[146][2]	0	2.55556
u_sm_ram_Q/U572	0	1.55556
u_sm_ram_I/U1441	0	2.55556
u_sm_ram_Q/U1302	0	0.555556
u_sm_ram_Q/mem_reg[241][3]	0	2.55556
u_sm_ram_I/U3444	0	0.555556
u_sm_ram_Q/mem_reg[80][3]	0	0.555556
u_sm_ram_I/U3618	0	1.55556
u_sm_ram_I/mem_reg[32][0]	0	0.555556
u_sm_ram_I/mem_reg[129][0]	0	0.555556
u_ctrl_fsm/U22	0	0.555556
u_sm_ram_I/U1588	0	1.55556
u_sm_ram_Q/U3458	0	1.55556
u_sm_ram_I/U1121	0	1.54321
u_ctrl_fsm/U106	0	0.555556
u_sm_ram_Q/PLACE_HFSBUF_5501_563	0	0.555556
u_sm_ram_Q/U2199	0	0.555556
u_sm_ram_I/U988	0	0.555556
u_ctrl_fsm/U14	0	1.55556
u_ctrl_fsm/U79	0.538462	0.555556
u_sm_ram_I/PLACE_HFSBUF_10786_805	0	0.555556
u_sm_ram_Q/U1053	0	1.55556
u_sm_ram_I/U1935	0	0.555556
u_sm_ram_Q/U1292	0	0.555556
u_sm_ram_I/mem_reg[145][2]	0	2.55556
u_sm_ram_Q/U3290	0	1.55556
u_sm_ram_Q/PLACE_HFSBUF_11007_437	0	0.555556
u_sm_ram_I/U3383	0	0.555556
u_sm_ram_Q/U1222	0	0.506173
u_ctrl_fsm/U57	0	0.54321
u_sm_ram_Q/mem_reg[247][0]	0	1.55556
u_sm_ram_Q/U2269	0	1.55556
u_sm_ram_I/U2503	0	0.555556
u_ctrl_fsm/U94	0	0.555556
u_ctrl_fsm/sm_ram_rd_addr_reg_reg[1]	0	0.555556
u_sm_ram_Q/U2160	0	2.55556
u_sm_ram_Q/U1357	0	1.55556
u_sm_ram_I/U4042	0	0.555556
u_sm_ram_I/U4107	0	0.555556
u_sm_ram_I/U1508	0	0.555556
u_ctrl_fsm/U78	0	0.555556
u_sm_ram_I/U1506	0	0.555556
u_sm_ram_I/mem_reg[145][0]	0	0.555556
u_sm_I/U36	0	1.55556
u_ctrl_fsm/U6	0	1.55556
u_sm_ram_I/U1587	0	0.555556
u_sm_ram_I/U1444	0	1.55556
u_sm_I/U33	0	1.55556
u_sm_ram_I/mem_reg[48][0]	0	0.555556
u_sm_ram_Q/PLACE_HFSBUF_986_1127	0	0.555556
u_sm_ram_I/U4106	0	1.55556
u_sm_ram_I/U4108	0	1.55556
u_sm_ram_I/U3378	0	1.55556
u_sm_ram_Q/mem_reg[144][3]	0	0.555556
u_sm_ram_I/U4011	0	0.555556
u_sm_ram_I/U3020	0	0.555556
u_sm_ram_Q/U328	0	0.555556
u_sm_ram_Q/mem_reg[68][2]	0	0.555556
u_sm_ram_I/mem_reg[231][3]	0	0.555556
u_sm_ram_I/U4047	0	1.55556
u_sm_ram_Q/U1288	0	0.555556
u_sm_ram_I/mem_reg[48][3]	0	0.555556
u_sm_ram_I/U2502	0	1.55556
u_sm_ram_Q/PLACE_HFSBUF_4483_557	0	0.555556
u_sm_ram_I/mem_reg[129][1]	0	0.555556
u_sm_ram_I/U1122	0	0.555556
u_sm_ram_Q/PLACE_HFSBUF_198_1088	0	1.55556
u_sm_ram_I/mem_reg[32][3]	0	0.555556
u_sm_ram_I/mem_reg[39][0]	0	0.555556
u_sm_ram_I/U3702	0	0.555556
u_sm_ram_Q/U1768	0	0.555556
u_sm_ram_Q/mem_reg[70][3]	0	0.555556
u_sm_ram_I/U4039	0	0.555556
u_sm_ram_I/U823	0	1.54321
u_sm_ram_Q/U2201	0	0.555556
u_sm_ram_I/PLACE_HFSBUF_10582_804	0	0.555556
u_sm_ram_Q/U2461	0	0.555556
u_sm_ram_Q/U2198	0	0.555556
u_ctrl_fsm/U98	0	0.555556
u_sm_ram_Q/U1058	0	0.555556
u_sm_ram_I/PLACE_HFSBUF_174_583	0	0.555556
u_sm_ram_I/U2522	0	0.555556
u_sm_ram_I/U3529	0	1.55556
u_sm_ram_I/mem_reg[21][3]	0	2.55556
u_sm_ram_Q/mem_reg[146][1]	0	0.555556
u_sm_ram_Q/U3221	0	0.555556
u_sm_ram_Q/U1300	0	2.55556
u_sm_ram_Q/mem_reg[54][3]	0	0.555556
u_sm_ram_I/U3695	0	0.555556
u_sm_ram_Q/U3979	0	1.55556
u_sm_ram_I/PLACE_HFSBUF_5423_724	0	0.555556
u_sm_ram_Q/U3519	0	1.55556
u_sm_ram_Q/U1236	0	0.555556
u_ctrl_fsm/add_159/U1_1_2	0	0.555556
u_sm_ram_Q/U2499	0	1.55556
u_sm_ram_I/U982	0	0.555556
u_sm_ram_I/U3703	0	1.53086
u_sm_ram_Q/U2588	0	0.555556
u_sm_ram_Q/mem_reg[85][0]	0	0.555556
u_sm_ram_Q/U983	0	1.55556
u_sm_ram_Q/U1473	0	0.555556
u_sm_ram_I/mem_reg[64][1]	0	0.555556
u_sm_ram_I/U49	0	0.555556
u_sm_ram_Q/U1294	0	0.555556
u_sm_ram_Q/U2476	0	0.555556
u_sm_ram_Q/U574	0	0.555556
u_sm_ram_I/mem_reg[33][3]	0	0.555556
u_sm_ram_Q/U1230	0	0.555556
u_ctrl_fsm/U100	0	0.555556
u_sm_ram_I/U4038	0	1.55556
u_sm_ram_Q/mem_reg[71][3]	0	0.555556
u_sm_ram_Q/U1238	0	2.55556
u_sm_ram_I/mem_reg[132][0]	0.148148	0.555556
u_sm_ram_I/mem_reg[39][3]	0	2.55556
u_ctrl_fsm/U99	0	1.55556
u_sm_ram_Q/U3312	0	1.55556
u_sm_ram_I/U4043	0	0.555556
u_sm_ram_Q/U1356	0	0.555556
u_sm_ram_I/mem_reg[167][1]	0	0.555556
u_sm_ram_Q/PLACE_HFSBUF_4898_566	0	1.48148
u_sm_ram_I/mem_reg[1][2]	0	2.55556
u_sm_ram_Q/U359	0.0625	0.555556
u_sm_ram_I/U1948	0	0.555556
u_sm_ram_Q/U2210	0	0.555556
u_sm_ram_Q/PLACE_HFSBUF_8035_567	0	0.555556
u_sm_ram_Q/mem_reg[146][0]	0	1.55556
u_sm_ram_I/U987	0	0.555556
u_sm_ram_Q/U2469	0	0.555556
u_sm_ram_I/PLACE_HFSBUF_12725_799	0	0.555556
u_ctrl_fsm/U105	0	0.555556
u_sm_ram_Q/U3980	0	0.518519
u_sm_ram_Q/U1293	0	0.555556
u_sm_ram_I/mem_reg[84][1]	0	1.55556
u_sm_ram_I/U3217	0	0.555556
u_sm_ram_Q/U993	0	1.55556
u_sm_ram_I/mem_reg[68][0]	0	1.55556
u_sm_ram_I/U2542	0	0.555556
u_sm_ram_Q/PLACE_HFSBUF_9182_845	0	0.555556
u_sm_ram_Q/PLACE_HFSINV_12910_857	0	0.555556
u_sm_ram_Q/U2176	0	1.55556
u_sm_ram_I/PLACE_HFSBUF_9847_811	0	0.555556
u_sm_ram_I/U1120	0	1.55556
u_ctrl_fsm/U25	0	0.555556
u_sm_ram_I/U2587	0	1.55556
u_sm_ram_Q/U3299	0	0.555556
u_ctrl_fsm/U21	0	0.555556
u_sm_ram_Q/U3623	0	1.55556
u_sm_ram_Q/U3429	0	2.48148
u_sm_ram_Q/mem_reg[55][3]	0	0.555556
u_ctrl_fsm/U23	0	1.55556
u_sm_ram_I/U4037	0	0.555556
u_sm_ram_Q/mem_reg[83][1]	0	0.555556
u_sm_ram_I/U2989	0	0.555556
u_sm_ram_Q/PLACE_HFSBUF_9380_846	0	0.555556
u_sm_ram_I/PLACE_HFSBUF_53_822	0	1.51852
u_sm_ram_I/U1051	0	2.55556
u_sm_ram_Q/U1237	0	0.555556
u_sm_ram_I/mem_reg[150][1]	0	0.555556
u_sm_ram_Q/mem_reg[147][3]	0	0.555556
u_sm_ram_Q/U1253	0	1.55556
u_sm_ram_Q/U3275	0	0.493827
u_sm_ram_Q/U3843	0	0.555556
u_sm_ram_Q/U1537	0	1.51852
u_sm_ram_Q/U3824	0	0.555556
u_sm_ram_Q/U3304	0	0.555556
u_ctrl_fsm/U12	0	1.55556
u_sm_ram_I/U1234	0	1.55556
u_sm_ram_I/U1026	0	0.555556
u_sm_ram_Q/mem_reg[84][0]	0	1.55556
u_sm_ram_I/U1319	0	0.555556
u_sm_ram_Q/U1301	0	0.555556
u_sm_ram_I/mem_reg[39][1]	0	0.555556
u_sm_ram_I/U4054	0	0.555556
u_ctrl_fsm/U95	0	0.555556
u_sm_ram_Q/U3180	0	0.555556
u_sm_ram_Q/U575	0	1.55556
u_sm_ram_Q/mem_reg[147][2]	0.111111	0.555556
u_sm_ram_I/U3497	0	0.555556
u_sm_ram_I/PLACE_HFSBUF_9056_803	0	1.55556
u_sm_ram_I/U4034	0	0.555556
u_sm_ram_Q/U573	0.769231	1.55556
u_sm_ram_I/U2588	0	0.555556
u_sm_ram_Q/mem_reg[145][3]	0.703704	1.55556
u_sm_ram_Q/U2161	0	2.55556
u_sm_ram_Q/U2197	0	0.555556
u_sm_ram_I/U1237	0	0.555556
u_ctrl_fsm/U56	0	0.54321
u_sm_ram_Q/U2582	0	2.55556
u_sm_ram_Q/U3302	0	0.555556
u_ctrl_fsm/sm_ram_rd_addr_reg_reg[2]	0	0.555556
u_sm_ram_I/mem_reg[212][3]	0	0.555556
u_sm_ram_I/mem_reg[150][0]	0	2.55556
u_sm_ram_I/mem_reg[68][1]	0	0.555556
u_sm_ram_Q/U3949	0	1.55556
u_sm_ram_Q/U1359	0	2.55556
u_sm_ram_I/U4036	0	0.555556
u_sm_ram_I/mem_reg[54][0]	0	0.555556
u_sm_ram_I/mem_reg[132][3]	0	0.555556
u_sm_ram_Q/U1291	0	0.555556
u_sm_ram_I/U1602	0	0.555556
u_sm_ram_Q/U3508	0	1.55556
u_sm_ram_Q/U1234	0	1.46914
u_sm_ram_I/U1595	0	0.555556
u_ctrl_fsm/U8	0	2.55556
u_sm_ram_Q/U3428	0	0.555556
u_sm_ram_Q/U2162	0	2.51852
u_sm_ram_I/mem_reg[182][1]	0	2.51852
u_sm_ram_Q/mem_reg[69][0]	0	0.555556
u_sm_ram_Q/U3338	0	0.530864
u_ctrl_fsm/U96	0	0.555556
u_sm_ram_Q/U1235	0	0.555556
PLACE_optlc_1403	0	0.555556
u_sm_ram_I/mem_reg[54][3]	0	2.55556
u_sm_ram_Q/U1247	0	0.555556
u_sm_ram_I/U1318	0	0.555556
u_sm_ram_I/U3245	0	0.555556
u_sm_ram_I/U1493	0	0.555556
u_sm_ram_Q/U3818	0	2.55556
u_ctrl_fsm/U7	0	0.555556
u_sm_ram_I/U604	0	0.555556
u_sm_ram_I/U3699	0	0.555556
u_sm_ram_I/PLACE_HFSBUF_138_572	0	0.555556
SpareCell_2_2	0	0.555556
u_sm_ram_I/U1299	0	1.55556
u_sm_ram_Q/U1248	0	0.555556
u_sm_ram_Q/mem_reg[247][3]	0	1.55556
u_sm_ram_Q/mem_reg[70][2]	0	0.555556
u_sm_ram_Q/mem_reg[85][1]	0	0.555556
u_sm_ram_Q/mem_reg[70][0]	0	0.555556
u_sm_ram_Q/PLACE_HFSBUF_12887_855	0	1.55556
u_sm_ram_I/PLACE_HFSBUF_803_935	0	0.555556
u_sm_ram_Q/mem_reg[84][1]	0	0.555556
u_sm_ram_I/U3222	0	0.555556
u_sm_ram_Q/U3276	0	1.55556
u_sm_ram_I/mem_reg[182][0]	0	0.555556
u_sm_ram_Q/mem_reg[247][1]	0	2.55556
u_sm_ram_I/U2333	0	0.555556
u_sm_ram_Q/U3448	0	0.555556
u_sm_ram_I/PLACE_HFSINV_12317_749	0	1.55556
u_sm_ram_I/mem_reg[70][3]	0	0.555556
SpareCell_2_0	0	0.555556
u_sm_ram_I/U3701	0	0.555556
u_sm_ram_I/U3700	0	0.555556
u_sm_ram_I/U1039	0	0.555556
u_sm_ram_Q/mem_reg[243][0]	0	0.555556
u_ctrl_fsm/U97	0	0.555556
u_sm_ram_Q/U3181	0	0.555556
u_sm_ram_Q/U1299	0	0.555556
PLACE_optlc_1402	0	0.555556
u_sm_ram_I/mem_reg[70][0]	0	0.555556
u_sm_ram_I/U3697	0	0.555556
u_sm_ram_Q/U2216	0	0.555556
u_sm_ram_Q/mem_reg[145][2]	0	0.555556
u_sm_ram_I/U1059	0	0.555556
u_sm_ram_Q/PLACE_HFSBUF_9652_850	0	1.55556
u_ctrl_fsm/U24	0	0.555556
u_sm_ram_Q/U2555	0	1.55556
SpareCell_1_2	0	0.555556
u_sm_ram_I/U3384	0	0.493827
u_sm_ram_I/U1236	0	1.55556
u_sm_ram_I/U682	0	0.555556
u_sm_ram_Q/U3817	0	0.555556
u_sm_ram_Q/PLACE_HFSBUF_3525_522	0	1.55556
u_sm_ram_I/U994	0	1.55556
u_ctrl_fsm/add_159/U1_1_3	0	2.55556
u_sm_ram_Q/U1290	0	0.555556
PLACE_optlc_1400	0	0.555556
u_sm_ram_Q/mem_reg[68][0]	0	1.55556
u_sm_ram_I/mem_reg[84][3]	0	0.555556
PLACE_optlc_1395	0	0.555556
u_sm_ram_Q/U3816	0	0.555556
u_sm_ram_Q/mem_reg[54][2]	0	0.555556
u_sm_ram_I/PLACE_HFSBUF_109_1179	0	1.55556
u_sm_I/en_w_reg	0	1.55556
u_sm_ram_Q/PLACE_HFSBUF_4697_564	0	1.55556
u_sm_ram_Q/U3413	0	0.555556
u_sm_ram_Q/U1242	0	0.555556
u_sm_ram_Q/U992	0	0.555556
u_sm_ram_Q/U3628	0	2.55556
u_sm_ram_Q/U2212	0	0.555556
u_sm_ram_Q/U991	0	1.55556
u_ctrl_fsm/U104	0	0.555556
u_sm_ram_Q/U3402	0	1.55556
u_sm_ram_I/mem_reg[54][1]	0	0.555556
u_sm_ram_I/mem_reg[54][2]	0	2.55556
u_sm_ram_I/PLACE_HFSBUF_40_823	0	0.555556
u_sm_ram_I/U3442	0	0.555556
u_sm_ram_I/U29	0	1.55556
SpareCell_1_0	0	1.55556
u_sm_ram_Q/PLACE_HFSBUF_5368_558	0	0.555556
u_sm_ram_I/U2276	0	1.55556
u_sm_ram_Q/U2361	0	0.555556
PLACE_optlc_1401	0	0.469136
u_sm_ram_Q/U2175	0	2.55556
u_sm_ram_I/U2986	0	0.555556
u_sm_ram_I/U2582	0	1.54321
u_sm_ram_I/mem_reg[161][3]	0	0.555556
u_sm_ram_Q/U4087	0	0.555556
PLACE_optlc_1398	0	0.555556
SpareCell_2	0	0.555556
u_sm_ram_Q/U1358	0	1.55556
u_sm_ram_Q/PLACE_HFSBUF_881_1126	0	0.555556
u_sm_ram_I/U1420	0	0.481481
SpareCell_3_2	0	0.555556
u_sm_ram_I/U1449	0	0.555556
u_sm_ram_I/mem_reg[0][3]	0	0.555556
u_sm_ram_I/U1491	0	0.555556
u_sm_ram_Q/mem_reg[66][0]	0	1.55556
u_sm_ram_I/U898	0	0.555556
u_sm_ram_I/mem_reg[21][0]	0	0.555556
u_sm_ram_Q/PLACE_HFSBUF_317_1019	0	1.55556
u_ctrl_fsm/U101	0	1.55556
PLACE_optlc_1393	0	0.555556
u_sm_ram_I/U1563	0	0.555556
u_sm_ram_I/U966	0	0.555556
u_sm_ram_Q/mem_reg[81][1]	0	0.555556
u_sm_ram_Q/U3624	0	0.555556
u_ctrl_fsm/U80	0	1.55556
u_sm_ram_I/PLACE_HFSINV_580_574	0	1.55556
u_sm_ram_I/mem_reg[132][2]	0	0.555556
u_ctrl_fsm/U103	0	0.555556
u_sm_ram_Q/mem_reg[80][2]	0	0.555556
u_sm_ram_Q/U3747	0	0.555556
u_sm_ram_I/mem_reg[21][1]	0	0.555556
u_sm_ram_Q/mem_reg[99][2]	0	0.555556
SpareCell_0	0	0.469136
u_sm_ram_Q/U649	0	0.555556
u_sm_ram_I/mem_reg[84][2]	0	1.55556
u_sm_ram_I/mem_reg[213][1]	0	0.555556
u_sm_ram_I/U1492	0	2.55556
PLACE_optlc_1417	0	0.555556
PLACE_optlc_1397	0	0.555556
u_sm_ram_I/U3348	0	1.55556
u_sm_ram_Q/U2211	0	0.555556
u_sm_ram_Q/U2360	0	1.55556
u_sm_ram_Q/mem_reg[81][2]	0	1.55556
u_sm_ram_Q/U3273	0	0.555556
u_sm_ram_Q/U1241	0	1.55556
u_sm_ram_Q/U652	0	1.55556
SpareCell_0_0	0	3.55556
u_sm_ram_I/U3200	0	0.555556
u_sm_ram_Q/U3382	0	0.555556
u_sm_ram_Q/U978	0	0.555556
u_sm_ram_Q/U3005	0	0.555556
u_sm_ram_I/U1490	0	0.555556
u_sm_ram_I/U3698	0	0.555556
u_sm_ram_Q/U981	0	0.555556
u_sm_ram_I/U2569	0	1.55556
u_sm_ram_Q/U1240	0	0.555556
u_sm_ram_I/U1343	0	0.555556
u_sm_ram_I/U967	0	0.555556
u_sm_ram_I/mem_reg[84][0]	0	0.555556
u_ctrl_fsm/add_159/U1_1_4	0	0.555556
u_sm_ram_I/U1042	0	0.555556
u_sm_ram_Q/U3533	0	1.55556
u_sm_ram_I/U2656	0	0.555556
u_sm_ram_I/U4049	0	0.555556
u_sm_ram_Q/mem_reg[13][1]	0	0.555556
u_sm_ram_Q/U250	0	0.555556
u_sm_ram_I/U897	0	0.555556
u_sm_ram_I/PLACE_HFSBUF_105_821	0	0.555556
u_sm_ram_I/mem_reg[193][2]	0	1.55556
u_sm_ram_I/mem_reg[150][2]	0	1.55556
PLACE_optlc_1389	0	2.55556
u_sm_ram_I/PLACE_HFSBUF_116_470	0	0.555556
u_sm_ram_Q/U1245	0	0.555556
u_sm_ram_I/U1300	0	1.55556
PLACE_optlc_1416	0	0.555556
SpareCell_0_2	0	0.555556
u_sm_ram_Q/U980	0	1.55556
u_sm_ram_Q/U990	0	0.555556
u_sm_ram_Q/U3017	0	0.555556
u_sm_ram_Q/PLACE_HFSBUF_89_941	0	0.555556
u_sm_ram_Q/mem_reg[228][3]	0.148148	2.55556
u_sm_ram_I/U3343	0	1.55556
u_sm_ram_I/U1356	0	0.555556
u_sm_ram_Q/U2244	0	1.55556
u_sm_ram_I/U2655	0	0.555556
u_sm_ram_Q/U3888	0	1.55556
u_sm_ram_Q/U3036	0.153846	0.555556
u_sm_ram_Q/U1289	0	1.55556
u_sm_ram_Q/PLACE_HFSBUF_9808_544	0	1.55556
u_sm_ram_I/U1189	0	1.55556
u_sm_ram_I/U1634	0	0.555556
u_sm_ram_Q/U2392	0	0.555556
u_sm_ram_I/U837	0	1.55556
u_sm_ram_I/U2992	0	1.55556
u_ctrl_fsm/U55	0	1.55556
u_sm_ram_I/U836	0	1.55556
u_sm_ram_Q/U987	0	1.55556
u_sm_ram_I/PLACE_HFSBUF_34_570	0	0.555556
u_sm_ram_Q/mem_reg[228][0]	0.407407	0.506173
u_sm_ram_I/U1940	0	0.555556
u_sm_ram_I/PLACE_HFSINV_242_472	0	0.481481
u_sm_ram_Q/mem_reg[145][0]	0	0.555556
u_sm_ram_Q/U3548	0	1.55556
u_sm_ram_Q/U3354	0	1.55556
u_ctrl_fsm/sm_ram_rd_addr_reg_reg[3]	0	0.555556
u_sm_ram_I/mem_reg[215][2]	0	0.555556
u_sm_ram_I/U3325	0	1.55556
u_sm_ram_Q/U3262	0	0.555556
u_sm_ram_Q/U3018	0	0.555556
u_sm_ram_I/U3061	0.5	1.49383
PLACE_HFSINV_307_1189	0	1.55556
u_sm_ram_I/U208	0	1.53086
u_sm_ram_I/mem_reg[21][2]	0	1.53086
PLACE_optlc_1414	0	0.555556
u_sm_ram_I/mem_reg[132][1]	0	0.555556
u_sm_ram_Q/U3134	0	0.555556
u_sm_ram_I/mem_reg[151][1]	0	0.555556
u_sm_ram_Q/PLACE_HFSBUF_3732_870	0	0.555556
u_sm_ram_Q/U2462	0	0.555556
u_sm_ram_I/mem_reg[85][1]	0	1.55556
u_sm_ram_Q/U1287	0	0.555556
u_sm_ram_Q/U3820	0	0.555556
u_sm_ram_Q/U2417	0	0.555556
u_sm_ram_I/U899	0	1.49383
u_sm_ram_Q/U2554	0	2.55556
u_sm_ram_I/PLACE_HFSBUF_5019_722	0	1.55556
u_sm_ram_Q/mem_reg[243][2]	0	1.55556
u_sm_ram_I/U1358	0	1.55556
u_sm_ram_Q/U2523	0	0.555556
u_sm_ram_I/mem_reg[49][1]	0	0.555556
u_sm_ram_Q/U3697	0	1.55556
u_ctrl_fsm/add_159/U1_1_6	0	0.555556
u_sm_ram_Q/mem_reg[49][2]	0	1.55556
u_sm_ram_Q/U3474	0	0.555556
u_sm_ram_Q/U2279	0	0.555556
u_sm_ram_Q/U3576	0	0.555556
u_sm_ram_Q/mem_reg[71][0]	0	1.55556
u_sm_ram_I/mem_reg[151][0]	0	1.55556
u_sm_ram_Q/U2492	0	1.55556
u_sm_ram_I/U2605	0	0.555556
u_sm_ram_Q/mem_reg[246][1]	0	1.55556
u_sm_ram_Q/U3741	0	0.555556
u_sm_ram_Q/mem_reg[229][0]	0	1.55556
u_sm_ram_I/mem_reg[167][2]	0	0.555556
u_sm_ram_Q/mem_reg[83][2]	0	1.55556
u_sm_ram_Q/U2637	0	1.55556
u_sm_ram_I/U2606	0	1.55556
u_sm_ram_I/U3270	0	0.555556
u_sm_ram_Q/U3682	0	0.555556
u_sm_ram_Q/mem_reg[246][2]	0	0.555556
u_sm_ram_I/U231	0	0.555556
u_sm_ram_Q/U1535	0	0.555556
u_sm_ram_I/U1040	0	2.55556
u_sm_ram_Q/mem_reg[53][0]	0	0.555556
u_sm_ram_I/U384	0	0.555556
u_ctrl_fsm/add_159/U1_1_5	0	1.55556
u_sm_ram_I/mem_reg[69][0]	0	0.555556
u_sm_ram_Q/mem_reg[144][1]	0	0.555556
u_sm_ram_I/U3710	0	0.555556
u_sm_ram_Q/PLACE_HFSBUF_7065_441	0	1.55556
u_sm_ram_Q/PLACE_HFSBUF_112_1094	0	0.555556
u_sm_ram_Q/U1243	0	0.555556
u_sm_ram_Q/U152	0	0.555556
u_sm_ram_Q/U3303	0	0.555556
u_sm_ram_Q/mem_reg[144][0]	0	2.55556
u_ctrl_fsm/U11	0	0.555556
u_sm_ram_Q/U3602	0	0.555556
u_sm_ram_I/U3183	0	1.49383
u_sm_ram_Q/U3683	0	0.555556
u_sm_ram_I/U3190	0	1.55556
u_sm_ram_I/U3985	0	0.555556
u_sm_ram_Q/mem_reg[145][1]	0	2.55556
u_sm_ram_Q/U3518	0	1.55556
u_sm_ram_Q/mem_reg[244][0]	0	2.55556
u_sm_ram_I/U1939	0	0.555556
u_sm_ram_Q/mem_reg[71][2]	0	0.555556
u_sm_ram_Q/U3857	0	1.48148
u_sm_ram_Q/PLACE_HFSBUF_9601_446	0	1.55556
u_sm_ram_I/U3433	0	1.55556
u_sm_ram_Q/U3684	0	1.49383
u_sm_ram_Q/mem_reg[80][1]	0.333333	0.555556
u_sm_ram_Q/U4007	0	2.55556
u_sm_ram_I/PLACE_HFSBUF_37_571	0	1.55556
u_sm_ram_I/mem_reg[213][2]	0	1.55556
u_sm_ram_I/U1041	0	0.555556
u_sm_ram_Q/U979	0	0.555556
u_sm_ram_Q/U3819	0	0.555556
u_sm_ram_I/mem_reg[215][1]	0	0.555556
u_sm_ram_Q/PLACE_HFSBUF_8676_445	0	1.55556
u_sm_ram_I/U710	0	0.555556
u_sm_ram_I/PLACE_HFSBUF_7883_649	0	1.55556
u_sm_ram_Q/U1377	0	1.55556
u_ctrl_fsm/U54	0	0.555556
u_sm_ram_I/mem_reg[68][2]	0	0.555556
u_sm_ram_I/mem_reg[85][3]	0	0.555556
u_sm_ram_Q/PLACE_HFSBUF_225_1036	0	1.54321
u_sm_ram_I/U2623	0	1.55556
u_sm_ram_Q/mem_reg[82][1]	0	1.55556
u_sm_ram_Q/PLACE_HFSBUF_4581_517	0	0.555556
u_ctrl_fsm/U102	0	0.555556
u_sm_ram_I/U3988	0	0.555556
u_sm_ram_I/mem_reg[103][0]	0	0.555556
u_sm_ram_I/U2179	0	1.55556
u_sm_ram_I/U3986	0	0.555556
u_sm_ram_Q/U3830	0	0.555556
u_sm_ram_I/U2186	0	0.555556
u_sm_ram_I/U838	0	2.55556
u_sm_ram_Q/U3035	0	0.555556
u_sm_ram_I/U1230	0	0.555556
u_sm_ram_I/mem_reg[87][1]	0.62963	1.55556
u_sm_ram_Q/U2280	0	1.55556
u_sm_ram_Q/mem_reg[55][2]	0	0.555556
u_sm_ram_I/U3303	0	1.55556
u_sm_ram_I/U839	0	1.55556
u_sm_ram_Q/mem_reg[49][0]	0	1.55556
u_sm_ram_I/U1419	0	0.555556
u_sm_ram_Q/U4069	0	0.555556
u_sm_ram_Q/mem_reg[147][0]	0	0.555556
u_sm_ram_I/mem_reg[68][3]	0.259259	1.53086
u_sm_ram_I/PLACE_HFSBUF_11593_705	0	0.555556
u_sm_ram_I/U3679	0	0.555556
u_sm_ram_I/mem_reg[167][3]	0	0.555556
u_sm_ram_Q/U3714	0	1.55556
u_sm_ram_I/U1164	0	0.555556
u_sm_ram_Q/PLACE_HFSBUF_61_1166	0	1.55556
u_sm_ram_I/U3564	0	0.555556
u_sm_ram_Q/U1244	0	0.555556
u_sm_ram_Q/mem_reg[49][1]	0	0.555556
u_sm_ram_Q/mem_reg[55][0]	0	2.55556
u_sm_ram_Q/U910	0.25	0.555556
u_sm_ram_I/U3137	0	0.555556
u_sm_ram_I/U968	0	0.555556
u_ctrl_fsm/U53	0	1.55556
PLACE_HFSINV_393_1191	0	0.555556
u_sm_ram_I/U4016	0	0.555556
u_sm_ram_I/PLACE_HFSBUF_8228_651	0	1.55556
u_sm_ram_Q/mem_reg[64][1]	0	1.51852
u_sm_ram_I/PLACE_HFSBUF_61_578	0	0.555556
u_sm_ram_Q/mem_reg[147][1]	0	2.55556
u_sm_ram_I/PLACE_HFSINV_11351_757	0	0.555556
u_sm_ram_Q/U2471	0	1.55556
u_sm_ram_I/U3241	0	0.555556
u_sm_ram_I/U4114	0	0.555556
u_sm_ram_I/U2178	0	1.55556
u_ctrl_fsm/add_159/U2	0	1.55556
u_sm_ram_I/U3555	0	1.55556
u_sm_ram_I/U1233	0	0.555556
u_sm_ram_I/mem_reg[52][0]	0	0.555556
u_sm_ram_I/mem_reg[182][2]	0	1.55556
u_sm_ram_Q/U3156	0	0.555556
u_sm_ram_I/mem_reg[213][0]	0	1.55556
u_sm_ram_I/U1231	0	0.555556
u_sm_ram_I/U3567	0	0.555556
u_sm_ram_Q/U1379	0	2.55556
u_sm_ram_I/U3484	0	0.555556
u_sm_ram_Q/U650	0	0.555556
u_sm_ram_Q/U3160	0	0.555556
u_sm_ram_I/U1295	0	0.555556
u_sm_ram_Q/U645	0	1.55556
u_sm_ram_Q/U3098	0	1.55556
u_sm_ram_Q/U2163	0	0.555556
u_sm_ram_I/U2319	0	0.555556
u_ctrl_fsm/U52	0	1.55556
u_sm_ram_Q/mem_reg[40][2]	0	0.555556
u_sm_ram_I/U1298	0	2.55556
u_sm_ram_I/U747	0	0.555556
u_sm_ram_I/U2414	0	0.555556
u_sm_ram_I/U2604	0	0.555556
u_sm_ram_I/U1296	0	0.555556
u_sm_ram_I/U2701	0.307692	0.555556
u_sm_ram_Q/U577	0	0.555556
u_sm_ram_I/U3650	0	1.55556
u_sm_ram_Q/U1378	0	0.555556
u_sm_ram_Q/U651	0	1.55556
u_sm_ram_I/U3533	0	0.555556
u_sm_ram_Q/U578	0	1.55556
u_sm_ram_I/mem_reg[38][2]	0	0.555556
u_sm_ram_Q/U2516	0	0.555556
u_sm_ram_Q/PLACE_HFSBUF_350_1018	0	0.555556
u_sm_ram_I/U3244	0	1.55556
u_sm_ram_I/U3271	0	0.555556
u_ctrl_fsm/U51	0	0.555556
u_sm_ram_I/PLACE_HFSBUF_19_580	0	0.555556
u_sm_ram_I/U964	0	0.555556
u_sm_ram_Q/mem_reg[151][3]	0	1.55556
u_sm_ram_I/U4143	0	0.555556
u_sm_ram_I/mem_reg[39][2]	0	0.555556
u_sm_ram_I/mem_reg[230][0]	0	0.555556
u_sm_ram_I/U3559	0	0.555556
u_sm_ram_I/U3333	0	2.55556
u_sm_ram_I/U1364	0	0.506173
u_sm_ram_Q/mem_reg[246][3]	0	0.555556
u_sm_ram_I/U3100	0	0.555556
u_sm_ram_I/mem_reg[133][0]	0	0.555556
u_sm_ram_I/U4035	0	0.555556
u_sm_ram_I/U711	0	0.555556
u_sm_ram_I/U703	0	0.555556
u_sm_ram_Q/U1360	0	0.555556
u_sm_ram_I/U2168	0	1.53086
u_sm_ram_I/U2512	0	1.51852
u_sm_ram_Q/U584	0	0.555556
u_sm_ram_Q/mem_reg[64][0]	0	1.55556
u_sm_ram_I/U3327	0	0.555556
u_sm_ram_Q/mem_reg[48][0]	0	1.55556
u_sm_ram_I/mem_reg[133][3]	0	0.555556
u_sm_ram_Q/mem_reg[82][2]	0	0.555556
u_sm_ram_I/U3638	0	0.555556
u_sm_ram_I/mem_reg[166][2]	0	1.55556
u_sm_ram_Q/U3808	0	2.55556
u_sm_ram_I/U4192	0	0.555556
u_sm_ram_I/U969	0	2.55556
u_sm_ram_Q/U3093	0	0.555556
u_sm_ram_Q/U3426	0	0.555556
u_sm_ram_I/U1423	0	1.55556
u_sm_ram_Q/mem_reg[242][0]	0	1.55556
u_sm_ram_Q/U647	0	1.55556
u_sm_ram_I/U4065	0	1.55556
u_ctrl_fsm/sm_ram_rd_addr_reg_reg[5]	0	0.555556
u_sm_ram_Q/U4013	0	0.555556
u_sm_ram_Q/PLACE_HFSBUF_155_1092	0	0.555556
u_sm_ram_Q/PLACE_HFSBUF_278_1037	0	1.54321
u_sm_ram_I/U1223	0	1.55556
u_sm_ram_Q/U3415	0	1.55556
u_sm_ram_I/U4101	0	0.555556
u_sm_ram_Q/PLACE_HFSBUF_219_1093	0	0.555556
u_sm_ram_Q/mem_reg[53][1]	0	0.555556
u_sm_ram_Q/U586	0	0.555556
u_sm_ram_Q/U2164	0	1.51852
u_sm_ram_I/U3989	0	0.555556
u_sm_ram_I/U4021	0	1.55556
u_ctrl_fsm/sm_ram_rd_addr_reg_reg[7]	0	0.555556
u_sm_ram_I/U712	0	1.55556
u_sm_ram_Q/mem_reg[241][0]	0	1.55556
u_sm_ram_I/U1421	0	1.55556
u_sm_ram_I/U4130	0	0.555556
u_sm_ram_Q/mem_reg[149][2]	0.185185	0.555556
u_sm_ram_I/mem_reg[182][3]	0	0.555556
u_sm_ram_I/U651	0	0.555556
u_sm_ram_Q/U589	0	1.55556
u_sm_ram_I/U3338	0	1.55556
u_sm_ram_Q/U3166	0	1.55556
u_sm_ram_I/U3556	0	0.555556
u_sm_ram_I/mem_reg[70][1]	0	0.555556
u_sm_ram_I/U1225	0	0.555556
u_sm_ram_Q/mem_reg[245][0]	0	0.555556
u_sm_ram_Q/PLACE_HFSBUF_7549_444	0	0.555556
u_sm_ram_I/mem_reg[71][0]	0	0.555556
u_sm_ram_I/U2017	0	0.555556
u_sm_ram_I/PLACE_HFSBUF_11777_706	0	0.555556
u_sm_ram_I/mem_reg[87][2]	0	1.55556
u_sm_ram_I/U4193	0	1.55556
u_sm_ram_Q/U3463	0	0.555556
u_sm_ram_Q/U3163	0	0.555556
u_sm_ram_I/U3557	0	1.55556
u_sm_ram_Q/U646	0	1.55556
u_sm_ram_Q/mem_reg[51][2]	0	1.55556
u_sm_ram_Q/U3578	0	0.555556
u_sm_ram_I/mem_reg[70][2]	0	1.55556
u_sm_ram_Q/mem_reg[149][3]	0	2.54321
u_sm_ram_I/mem_reg[71][2]	0	2.55556
u_sm_ram_Q/U375	0	0.555556
u_sm_ram_Q/U3573	0	0.555556
u_sm_ram_Q/U2419	0	0.555556
u_sm_ram_Q/PLACE_HFSBUF_38_839	0	0.555556
u_sm_ram_Q/U2526	0	0.555556
u_sm_ram_I/U904	0	2.55556
u_sm_ram_Q/mem_reg[231][3]	0	0.555556
u_sm_ram_I/U962	0	2.55556
u_sm_ram_Q/U1376	0	0.555556
u_sm_ram_I/U2369	0	0.555556
u_sm_ram_I/mem_reg[69][1]	0	1.55556
u_sm_ram_I/U642	0	2.55556
u_sm_ram_I/U3469	0	0.555556
u_sm_ram_Q/U3243	0	1.55556
u_sm_ram_I/U2269	0	0.555556
u_sm_ram_Q/U648	0	0.530864
u_sm_ram_I/mem_reg[52][2]	0	0.555556
u_sm_ram_Q/PLACE_HFSBUF_312_1089	0	0.555556
u_sm_ram_I/mem_reg[215][3]	0	0.555556
u_sm_ram_I/U3711	0	0.555556
u_sm_ram_Q/mem_reg[50][1]	0	1.55556
u_sm_ram_I/mem_reg[230][2]	0	0.555556
u_sm_ram_Q/mem_reg[48][2]	0	0.555556
u_sm_ram_Q/U3384	0	0.555556
u_sm_ram_Q/mem_reg[228][2]	0	1.51852
u_sm_ram_Q/mem_reg[228][1]	0	0.555556
u_sm_ram_I/mem_reg[55][2]	0	2.55556
u_sm_ram_Q/mem_reg[49][3]	0	1.55556
u_sm_ram_Q/U1363	0	1.55556
u_sm_ram_I/mem_reg[69][2]	0	0.555556
u_sm_ram_I/U965	0	0.54321
u_sm_ram_I/U196	0	1.55556
u_sm_ram_Q/U2039	0	2.55556
u_ctrl_fsm/sm_ram_rd_addr_reg_reg[6]	0	1.55556
u_sm_ram_I/U3450	0	0.54321
u_sm_ram_I/U704	0	0.555556
u_sm_ram_Q/U3844	0	0.555556
u_sm_ram_Q/U1897	0	1.55556
u_sm_ram_I/mem_reg[166][3]	0	1.55556
u_sm_ram_Q/U3240	0	0.555556
u_sm_ram_Q/U3584	0	0.54321
u_sm_ram_Q/U2418	0	0.555556
u_sm_ram_I/mem_reg[86][2]	0	0.555556
u_sm_ram_Q/U3404	0	0.555556
u_sm_ram_I/U1035	0	0.555556
u_sm_ram_I/mem_reg[55][0]	0	0.555556
u_sm_ram_Q/U2573	0	1.55556
u_sm_ram_I/U4080	0	1.55556
u_sm_ram_Q/PLACE_HFSBUF_10325_508	0	0.555556
u_sm_ram_I/U4110	0	0.555556
u_sm_ram_I/U3662	0	0.555556
u_sm_ram_Q/U2558	0	1.55556
u_sm_ram_Q/U3466	0	0.530864
u_sm_ram_I/U2963	0	1.55556
u_sm_ram_Q/U587	0	1.55556
u_sm_ram_I/PLACE_HFSBUF_37_477	0	0.555556
u_sm_ram_Q/U3406	0	1.55556
u_sm_ram_I/U4109	0	0.555556
u_sm_ram_I/mem_reg[38][3]	0	2.55556
u_sm_ram_I/U2985	0	0.555556
u_sm_ram_Q/U585	0	0.555556
u_sm_ram_I/U3461	0	0.555556
u_sm_ram_Q/U3178	0	0.555556
u_sm_ram_I/mem_reg[151][3]	0	0.555556
u_sm_ram_I/U1224	0	0.555556
u_sm_ram_Q/mem_reg[151][2]	0	0.54321
u_sm_ram_Q/U1316	0	0.555556
u_sm_ram_Q/U2509	0	0.555556
u_sm_ram_Q/U3412	0	1.55556
u_sm_ram_I/U713	0	0.555556
u_sm_ram_Q/U592	0	0.555556
u_sm_ram_Q/U1372	0	0.555556
u_sm_ram_I/U3294	0	0.469136
u_sm_ram_Q/U3947	0	0.555556
u_sm_ram_I/mem_reg[228][3]	0	0.555556
u_sm_ram_I/U1222	0	1.55556
u_sm_ram_Q/U248	0	1.55556
u_sm_ram_I/mem_reg[38][0]	0	0.555556
u_sm_ram_Q/mem_reg[242][1]	0	0.555556
u_sm_ram_Q/mem_reg[150][2]	0	0.555556
u_sm_ram_I/U2620	0	0.54321
u_sm_ram_Q/mem_reg[53][2]	0	0.555556
u_sm_ram_Q/U2600	0	0.555556
u_sm_ram_Q/mem_reg[51][1]	0	1.55556
u_sm_ram_I/mem_reg[150][3]	0	0.555556
u_sm_ram_I/U3482	0	0.555556
u_sm_ram_I/U3117	0	0.555556
u_sm_ram_Q/U3432	0	1.55556
u_sm_ram_I/U2185	0	0.555556
u_sm_ram_I/U1422	0	0.555556
u_sm_ram_I/U1036	0	0.555556
u_sm_ram_I/U4118	0	1.55556
u_sm_ram_I/mem_reg[38][1]	0	1.54321
u_sm_ram_I/U1232	0	1.55556
u_sm_ram_I/U641	0	0.555556
u_sm_ram_I/U3347	0	0.555556
u_sm_ram_I/U652	0	2.55556
u_sm_ram_I/mem_reg[215][0]	0	0.555556
u_sm_ram_I/U4112	0	1.55556
u_sm_ram_Q/mem_reg[229][2]	0	0.555556
u_sm_ram_Q/mem_reg[229][1]	0	2.55556
u_sm_ram_I/U1037	0	0.555556
u_sm_ram_I/PLACE_HFSBUF_43_579	0	0.555556
u_sm_ram_Q/U2463	0	0.555556
u_sm_ram_Q/mem_reg[229][3]	0	2.55556
u_sm_ram_Q/U576	0	2.55556
u_sm_ram_Q/mem_reg[150][3]	0	0.555556
u_sm_ram_Q/U1315	0	0.555556
u_sm_ram_Q/PLACE_HFSBUF_38_1128	0	0.555556
u_sm_ram_Q/U3102	0	1.55556
u_sm_ram_I/U903	0	0.555556
u_sm_ram_I/U2407	0	1.55556
u_sm_ram_Q/mem_reg[40][3]	0	0.555556
u_sm_ram_Q/U2685	0	0.555556
u_sm_ram_Q/U973	0	2.53086
u_sm_ram_I/U3563	0	1.55556
u_sm_ram_Q/mem_reg[244][1]	0	0.555556
u_sm_ram_Q/mem_reg[151][0]	0	2.55556
u_sm_ram_I/U3956	0	1.55556
u_sm_ram_Q/mem_reg[243][3]	0	0.555556
u_sm_ram_Q/U3757	0	2.55556
u_sm_ram_Q/U3161	0	0.555556
u_sm_ram_Q/U580	0	2.55556
u_sm_ram_Q/mem_reg[246][0]	0.407407	2.55556
u_sm_ram_Q/U1361	0	2.55556
u_sm_ram_I/U2367	0	0.555556
u_sm_ram_Q/U1373	0	0.555556
u_sm_ram_I/U2962	0	0.555556
u_sm_ram_I/U1110	0	0.555556
u_sm_ram_I/mem_reg[133][1]	0	0.555556
u_sm_ram_Q/U593	0	1.55556
u_sm_ram_Q/mem_reg[244][3]	0	0.555556
u_sm_ram_I/mem_reg[213][3]	0	0.555556
u_sm_ram_I/mem_reg[85][2]	0.407407	1.55556
u_sm_ram_Q/U3162	0	1.55556
u_sm_ram_I/U4031	0	0.555556
u_sm_ram_Q/U2601	0	0.481481
u_sm_ram_I/U1289	0	0.555556
u_sm_ram_I/U1352	0	0.555556
u_sm_ram_I/mem_reg[214][2]	0	2.55556
u_sm_ram_I/U3712	0	0.555556
u_sm_ram_Q/PLACE_HFSBUF_69_829	0	1.55556
u_sm_ram_I/PLACE_HFSBUF_150_573	0	0.555556
u_sm_ram_I/U4119	0	1.55556
u_sm_ram_I/U2371	0	1.55556
u_sm_ram_Q/U3405	0	1.55556
u_sm_ram_I/mem_reg[151][2]	0	0.555556
u_sm_ram_Q/U1362	0	1.55556
u_sm_ram_I/U1287	0	1.53086
u_sm_ram_Q/mem_reg[26][1]	0	1.55556
u_sm_ram_I/mem_reg[87][0]	0	1.55556
u_sm_ram_I/U3326	0	1.55556
u_sm_ram_I/U3308	0	0.555556
u_sm_ram_I/U4117	0	0.555556
u_sm_ram_Q/U3579	0	1.55556
u_sm_ram_Q/PLACE_HFSINV_3804_871	0	0.555556
u_sm_ram_Q/U3411	0	0.518519
u_sm_ram_Q/U2602	0	0.555556
u_sm_ram_Q/mem_reg[86][1]	0	1.55556
u_sm_ram_I/mem_reg[7][1]	0	0.555556
u_sm_ram_I/U2984	0	1.54321
u_sm_ram_Q/U1382	0	0.54321
u_sm_ram_I/U3511	0	1.55556
u_sm_ram_I/U1888	0	0.555556
u_sm_ram_I/U2024	0	0.555556
u_sm_ram_Q/U1381	0	0.555556
u_sm_ram_Q/mem_reg[240][0]	0	0.555556
u_sm_ram_I/mem_reg[133][2]	0	2.55556
u_sm_ram_I/U3162	0	0.555556
u_sm_ram_I/PLACE_HFSBUF_122_922	0	1.55556
u_sm_ram_I/U705	0	2.55556
u_sm_ram_I/U2201	0	0.555556
u_sm_ram_I/U193	0	0.555556
u_sm_ram_I/U638	0	0.555556
u_sm_ram_Q/U2491	0	0.555556
u_sm_ram_I/U4071	0	0.555556
u_sm_ram_I/U2071	0	0.555556
u_sm_ram_Q/U3732	0	1.55556
u_sm_ram_Q/U3230	0	0.555556
u_sm_ram_I/U3826	0	1.55556
u_sm_ram_Q/mem_reg[148][0]	0	0.555556
u_sm_ram_I/U3142	0	0.555556
u_sm_ram_I/U3191	0	0.555556
u_sm_ram_I/U4090	0	1.55556
u_sm_ram_Q/U2180	0	1.55556
u_sm_ram_Q/U597	0	0.555556
u_sm_ram_I/U901	0	0.555556
u_sm_ram_I/U2016	0	1.55556
u_sm_ram_Q/mem_reg[241][1]	0	1.55556
u_sm_ram_I/mem_reg[71][3]	0	0.555556
u_sm_ram_Q/U1984	0.875	0.555556
u_sm_ram_Q/U962	0	0.555556
u_sm_ram_I/U3877	0	0.555556
u_sm_ram_Q/U588	0	0.518519
u_sm_ram_Q/U596	0	0.555556
u_sm_ram_Q/U581	0	2.55556
u_sm_ram_I/PLACE_HFSBUF_8429_652	0	0.555556
u_sm_ram_Q/U3379	0	0.555556
u_sm_ram_Q/U1374	0	0.518519
u_sm_ram_Q/mem_reg[67][3]	0	2.55556
u_sm_ram_I/U3537	0	0.555556
u_sm_ram_I/PLACE_HFSBUF_44_826	0	0.555556
u_sm_ram_I/PLACE_HFSBUF_55_481	0	1.55556
u_sm_ram_I/U2260	0	0.555556
u_sm_ram_Q/U1383	0	0.555556
u_sm_ram_I/U902	0	0.555556
u_sm_ram_I/U4198	0	0.555556
u_sm_ram_Q/U590	0	0.555556
u_sm_ram_I/mem_reg[49][3]	0	0.555556
u_sm_ram_Q/mem_reg[67][1]	0	1.55556
u_sm_ram_I/U1354	0	0.555556
u_sm_ram_I/U1938	0	1.55556
u_sm_ram_Q/U3185	0	1.55556
u_sm_ram_I/mem_reg[231][2]	0	0.555556
u_sm_ram_I/PLACE_HFSBUF_919_980	0	0.555556
u_sm_ram_Q/U1840	0	0.555556
u_sm_ram_Q/U2642	0	0.555556
u_sm_ram_Q/U1955	0	0.555556
u_sm_ram_I/PLACE_HFSBUF_8962_654	0	0.555556
u_sm_ram_I/U4113	0	0.555556
u_sm_ram_Q/U2002	0	1.55556
u_sm_ram_Q/U336	0	0.555556
u_sm_ram_Q/U968	0	0.555556
u_sm_ram_I/mem_reg[55][1]	0	2.50617
u_sm_ram_Q/U2257	0	0.555556
u_sm_ram_I/U1229	0	0.555556
u_sm_ram_Q/U3773	0	0.555556
u_sm_ram_I/U2444	0	0.555556
u_sm_ram_I/PLACE_HFSBUF_124_979	0	0.555556
u_sm_ram_Q/mem_reg[51][3]	0	0.555556
u_sm_ram_I/mem_reg[214][0]	0	0.555556
u_sm_ram_I/PLACE_HFSINV_11959_753	0	1.55556
u_sm_ram_I/U3741	0	0.555556
u_sm_ram_I/U3554	0	0.555556
u_sm_ram_I/PLACE_HFSINV_12094_755	0	0.555556
u_sm_ram_I/U2410	0	0.555556
u_sm_ram_Q/U3159	0	0.555556
u_sm_ram_I/U3146	0	0.555556
u_sm_ram_I/U2008	0	0.555556
u_sm_ram_Q/U360	0	1.55556
u_sm_ram_I/U2384	0	0.555556
u_sm_ram_Q/U3467	0	0.555556
u_sm_ram_Q/U117	0.272727	1.55556
u_sm_ram_Q/U3845	0	1.55556
u_sm_ram_Q/U3117	0	0.555556
u_sm_ram_Q/U2472	0	0.555556
u_sm_ram_Q/U3676	0	1.55556
u_sm_ram_Q/U3104	0	0.555556
u_sm_ram_I/PLACE_HFSBUF_535_978	0	1.55556
u_sm_ram_I/U4246	0	0.555556
u_sm_ram_I/mem_reg[103][1]	0	0.555556
u_sm_ram_Q/U1227	0	2.55556
u_sm_ram_I/U3329	0	0.555556
u_sm_ram_I/mem_reg[231][1]	0	0.555556
u_sm_ram_I/PLACE_HFSBUF_9080_746	0	0.555556
u_sm_ram_I/U3863	0	0.555556
u_sm_ram_I/U3834	0	0.555556
u_sm_ram_Q/U2477	0	1.55556
u_sm_ram_Q/PLACE_HFSBUF_458_1017	0	0.555556
u_sm_ram_Q/U2643	0	0.555556
u_sm_ram_I/U3275	0	0.555556
u_sm_ram_Q/U3385	0	1.55556
u_sm_ram_Q/U495	0	1.55556
u_sm_ram_I/U3175	0	1.55556
u_sm_ram_Q/U3734	0	0.555556
u_sm_ram_I/U3734	0	1.55556
u_sm_ram_Q/U3244	0	1.55556
u_sm_ram_Q/U969	0	0.555556
u_sm_ram_I/PLACE_HFSBUF_442_1059	0	0.555556
u_sm_ram_Q/PLACE_HFSBUF_146_599	0	1.55556
u_sm_ram_Q/U3781	0	0.518519
u_sm_ram_Q/mem_reg[242][2]	0	0.555556
u_sm_ram_I/U1290	0	0.555556
u_sm_ram_I/U2409	0	1.55556
u_sm_ram_Q/U3386	0	1.55556
u_sm_ram_Q/mem_reg[50][2]	0	0.555556
u_sm_ram_Q/U3670	0	1.55556
u_sm_ram_I/U3957	0	1.55556
u_sm_ram_I/U2839	0	0.555556
u_sm_ram_Q/U2165	0	0.555556
u_sm_ram_I/U1353	0	0.555556
u_sm_ram_Q/U911	0	0.555556
u_sm_ram_I/U3558	0	0.555556
u_sm_ram_I/U4095	0	0.555556
u_sm_ram_Q/U1375	0	1.55556
u_sm_ram_I/U2365	0	0.555556
u_sm_ram_Q/U3125	0	0.555556
u_sm_ram_Q/mem_reg[240][1]	0	0.506173
u_sm_ram_I/U2408	0	0.518519
u_sm_ram_Q/U494	0	1.55556
u_sm_ram_Q/U3118	0	0.555556
u_sm_ram_I/PLACE_HFSBUF_78_824	0	0.555556
u_sm_ram_I/U2983	0	0.555556
u_sm_ram_Q/U302	0	0.555556
u_sm_ram_I/U1226	0	0.555556
u_sm_ram_I/U1288	0	1.55556
u_sm_ram_I/U1916	0	0.555556
u_sm_ram_Q/mem_reg[245][1]	0	0.555556
u_sm_ram_Q/U3427	0	0.555556
u_sm_ram_I/U2070	0	0.555556
u_sm_ram_I/PLACE_HFSBUF_218_975	0	1.55556
u_sm_ram_I/U4116	0	0.555556
u_sm_ram_Q/mem_reg[86][0]	0	1.55556
u_sm_ram_Q/U3580	0	0.555556
u_sm_ram_Q/U3609	0	0.555556
u_sm_ram_Q/U594	0	1.55556
u_sm_ram_I/U2545	0	2.55556
u_sm_ram_I/U1937	0	0.555556
u_sm_ram_Q/mem_reg[151][1]	0	0.555556
u_sm_ram_Q/U3615	0	1.55556
u_sm_ram_I/U2472	0	1.55556
u_sm_ram_I/mem_reg[183][1]	0	0.555556
u_sm_ram_Q/U3680	0	0.555556
u_sm_ram_I/U2021	0	1.55556
u_sm_ram_I/U3458	0	1.55556
u_sm_ram_I/U3598	0	0.555556
u_sm_ram_Q/PLACE_HFSBUF_9404_542	0	0.555556
u_sm_ram_Q/mem_reg[64][3]	0	0.555556
u_sm_ram_Q/U3639	0	0.555556
u_sm_ram_I/mem_reg[229][3]	0	0.555556
u_sm_ram_Q/U579	0	0.555556
u_sm_ram_Q/U3082	0	2.51852
u_sm_ram_I/mem_reg[231][0]	0	0.555556
u_sm_ram_Q/mem_reg[67][0]	0	1.55556
u_sm_ram_Q/mem_reg[48][1]	0	1.55556
u_sm_ram_I/U1918	0	0.555556
u_sm_ram_I/mem_reg[100][0]	0	1.55556
u_sm_ram_I/mem_reg[134][1]	0	0.555556
u_sm_ram_Q/U595	0	1.55556
u_sm_ram_Q/U967	0	1.55556
u_sm_ram_I/U3992	0	0.555556
u_sm_ram_Q/U3681	0	0.555556
u_sm_ram_I/U3113	0	0.555556
u_sm_ram_Q/mem_reg[245][3]	0	2.55556
u_sm_ram_I/U3970	0	0.555556
u_sm_ram_Q/mem_reg[52][2]	0	0.555556
u_sm_ram_I/U989	0	0.555556
u_sm_ram_I/mem_reg[37][1]	0	0.555556
u_sm_ram_I/mem_reg[134][0]	0	1.55556
u_sm_ram_Q/U2213	0	0.555556
u_sm_ram_I/mem_reg[134][2]	0	0.555556
u_sm_ram_I/U3813	0	2.55556
u_sm_ram_I/U3562	0	1.55556
u_sm_ram_Q/U3501	0	0.555556
u_sm_ram_I/U640	0	0.555556
u_sm_ram_I/mem_reg[7][2]	0	1.55556
u_sm_ram_Q/mem_reg[149][0]	0	0.555556
u_sm_ram_I/U3724	0	1.55556
u_sm_ram_Q/U1318	0	2.55556
u_sm_ram_Q/U3621	0	1.53086
u_sm_ram_Q/U2179	0.538462	1.54321
u_sm_ram_I/U2081	0	0.555556
u_sm_ram_I/mem_reg[217][3]	0	0.555556
u_sm_ram_I/U3143	0	1.55556
u_sm_ram_Q/PLACE_HFSBUF_3313_516	0	0.555556
u_sm_ram_I/U1227	0	0.555556
u_sm_ram_I/mem_reg[71][1]	0	1.55556
u_sm_ram_I/mem_reg[37][0]	0	1.55556
u_sm_ram_I/U4115	0	0.555556
u_sm_ram_Q/U2259	0	0.555556
u_sm_ram_Q/mem_reg[50][3]	0	0.555556
u_sm_ram_Q/mem_reg[48][3]	0	2.55556
u_sm_ram_I/U1355	0	1.55556
u_sm_ram_Q/U3071	0	0.555556
u_sm_ram_Q/U529	0	1.55556
u_sm_ram_I/U3027	0	0.555556
u_sm_ram_I/U3923	0	2.55556
u_sm_ram_I/mem_reg[166][0]	0	0.555556
u_sm_ram_Q/mem_reg[148][3]	0	2.55556
u_sm_ram_Q/U909	0	0.555556
u_sm_ram_I/mem_reg[55][3]	0	2.55556
u_sm_ram_I/mem_reg[23][1]	0	2.55556
u_sm_ram_I/U708	0	0.555556
u_sm_ram_I/U3664	0	0.555556
u_sm_ram_Q/U3698	0	1.55556
u_sm_ram_Q/U2655	0	0.555556
u_sm_ram_I/U3170	0	1.55556
u_sm_ram_I/U4079	0	0.493827
u_sm_ram_I/mem_reg[167][0]	0	0.555556
u_sm_ram_I/U3512	0	0.555556
u_sm_ram_Q/U3649	0	0.555556
u_sm_ram_I/U3097	0	1.48148
u_sm_ram_I/mem_reg[53][2]	0	1.55556
u_sm_ram_I/mem_reg[85][0]	0	2.55556
u_sm_ram_Q/U1317	0	0.555556
u_sm_ram_Q/U3648	0	0.555556
u_sm_ram_Q/U2001	0	0.555556
u_sm_ram_Q/U974	0	0.555556
u_sm_ram_Q/U599	0	0.555556
u_sm_ram_I/mem_reg[214][3]	0	0.555556
u_sm_ram_Q/U3620	0	0.555556
u_sm_ram_Q/U3636	0	0.555556
u_sm_ram_I/mem_reg[228][1]	0.814815	0.555556
u_sm_ram_I/PLACE_HFSBUF_115_1054	0	0.555556
u_sm_ram_Q/U2654	0	0.555556
u_sm_ram_I/PLACE_HFSBUF_1149_1060	0	0.555556
u_sm_ram_Q/U3034	0	1.55556
u_sm_ram_I/U202	0	0.555556
u_sm_ram_I/U3896	0	1.55556
u_sm_ram_I/U1556	0	0.555556
u_sm_ram_Q/U598	0	0.555556
u_sm_ram_I/U3971	0	0.555556
u_sm_ram_Q/U1901	0	0.555556
u_sm_ram_Q/U3948	0	0.555556
u_sm_ram_Q/U3664	0	1.55556
u_sm_ram_I/PLACE_HFSBUF_871_1058	0	1.55556
u_sm_ram_I/U2412	0	1.55556
u_sm_ram_I/PLACE_HFSBUF_541_1056	0	1.55556
u_sm_ram_Q/U2653	0	1.55556
u_sm_ram_Q/U2497	0	0.555556
u_sm_ram_I/mem_reg[86][1]	0	0.555556
u_sm_ram_I/U2018	0	0.555556
u_sm_ram_I/U2677	0	0.555556
u_sm_ram_Q/U966	0	0.555556
u_sm_ram_Q/U2557	0	0.555556
u_sm_ram_I/U1362	0	2.55556
u_sm_ram_I/U3604	0	0.555556
u_sm_ram_I/U275	0	0.555556
u_sm_ram_I/U835	0	0.555556
u_sm_ram_I/PLACE_HFSBUF_12367_798	0	0.555556
u_sm_ram_I/U3599	0	0.506173
u_sm_ram_I/U1157	0	0.555556
u_sm_ram_Q/mem_reg[242][3]	0.259259	1.55556
u_sm_ram_Q/mem_reg[86][3]	0	0.555556
u_sm_ram_I/mem_reg[6][1]	0	1.55556
PLACE_HFSINV_268_1185	0	1.55556
u_sm_ram_I/PLACE_HFSINV_526_1187	0	0.555556
u_sm_ram_Q/U3689	0	0.555556
u_sm_ram_Q/U971	0	0.555556
u_sm_ram_I/U1674	0	0.555556
u_sm_ram_Q/U977	0	1.55556
u_sm_ram_Q/U3075	0	1.55556
u_sm_ram_Q/U3656	0	0.555556
u_sm_ram_I/mem_reg[86][0]	0	0.555556
u_sm_ram_Q/U1874	0	0.444444
u_sm_ram_Q/U4071	0	1.55556
u_sm_ram_Q/PLACE_HFSBUF_9061_541	0	1.55556
u_sm_ram_I/U2022	0	1.55556
u_sm_ram_I/U3077	0	1.51852
u_sm_ram_Q/U2474	0	0.555556
u_sm_ram_Q/PLACE_HFSBUF_15_951	0	0.555556
u_sm_ram_I/PLACE_HFSBUF_533_1049	0	1.55556
u_sm_ram_Q/U2513	0	2.55556
u_sm_ram_Q/U3052	0	1.55556
u_sm_ram_Q/U3158	0	0.555556
u_sm_ram_Q/U1150	0	1.55556
u_sm_ram_Q/U3823	0	0.555556
u_sm_ram_I/U3144	0	0.555556
u_sm_ram_Q/U583	0	1.55556
u_sm_ram_Q/U1670	0	0.555556
u_sm_ram_I/U3658	0	1.55556
u_sm_ram_Q/U3179	0	0.555556
u_sm_ram_I/PLACE_HFSINV_9085_658	0	1.55556
u_sm_ram_I/U2108	0	0.555556
u_sm_ram_I/mem_reg[183][3]	0	0.555556
u_sm_ram_I/mem_reg[53][0]	0	0.555556
u_sm_ram_I/U2120	0	0.555556
u_sm_ram_Q/U3136	0	1.55556
u_sm_ram_Q/mem_reg[86][2]	0	2.55556
u_sm_ram_Q/U326	0	0.530864
u_sm_ram_I/U3136	0	0.555556
u_sm_ram_I/U833	0	0.555556
u_sm_ram_I/mem_reg[7][0]	0	1.55556
u_sm_ram_I/U2997	0	0.555556
u_sm_ram_Q/U3637	0	0.555556
u_sm_ram_I/U648	0	0.555556
u_sm_ram_Q/mem_reg[150][1]	0	2.55556
u_sm_ram_Q/U3959	0	0.555556
u_sm_ram_I/U3844	0	1.55556
u_sm_ram_Q/mem_reg[241][2]	0	0.555556
u_sm_ram_Q/U1310	0	1.55556
u_sm_ram_Q/mem_reg[64][2]	0	1.55556
u_sm_ram_Q/U3894	0	0.555556
u_sm_ram_Q/U3119	0	0.555556
u_sm_ram_Q/U582	0	0.555556
u_sm_ram_I/U832	0	0.555556
u_sm_ram_I/U3928	0	2.55556
u_sm_ram_I/U4205	0	1.55556
u_sm_ram_I/U2973	0	0.555556
u_sm_ram_I/U3323	0	1.55556
u_sm_ram_Q/mem_reg[66][3]	0	1.55556
u_sm_ram_I/U3432	0	0.555556
u_sm_ram_I/U1917	0	0.555556
u_sm_ram_Q/U3076	0	0.555556
u_sm_ram_I/mem_reg[100][1]	0	1.55556
u_sm_ram_Q/PLACE_HFSBUF_100_841	0	1.55556
u_sm_ram_Q/U2173	0	0.555556
u_sm_ram_Q/U3662	0	1.55556
u_sm_ram_Q/U1312	0	0.555556
u_sm_ram_Q/mem_reg[150][0]	0	0.555556
u_sm_ram_Q/U3663	0	0.555556
u_sm_ram_I/U1206	0	1.55556
u_sm_ram_I/U1032	0	0.555556
u_sm_ram_I/U1169	0	2.55556
u_sm_ram_Q/PLACE_HFSBUF_132_364	0	0.555556
u_sm_ram_I/U1360	0	1.55556
u_sm_ram_I/U2943	0	0.555556
u_sm_ram_Q/U1366	0	0.555556
u_sm_ram_I/U4052	0	1.55556
u_sm_ram_I/mem_reg[180][2]	0	2.55556
u_sm_ram_I/U3295	0	1.55556
u_sm_ram_Q/U2042	0	0.555556
u_sm_ram_I/U1158	0	2.55556
u_sm_ram_Q/U2258	0	1.55556
u_sm_ram_Q/U2501	0.923077	1.55556
u_sm_ram_I/U1561	0	2.55556
u_sm_ram_Q/U3227	0	0.555556
u_sm_ram_Q/U929	0	0.555556
u_sm_ram_I/PLACE_HFSBUF_340_976	0	0.555556
u_sm_ram_I/U1905	0.0625	0.555556
u_sm_ram_I/U3276	0	0.555556
u_sm_ram_I/U2080	0	0.555556
u_sm_ram_I/U3745	0	1.55556
u_sm_ram_Q/U3101	0	0.555556
u_sm_ram_I/U3659	0	0.555556
u_sm_ram_Q/U2068	0	1.55556
u_sm_ram_I/U834	0	0.555556
u_sm_ram_I/U1031	0	0.555556
u_sm_ram_Q/mem_reg[149][1]	0	0.555556
u_sm_ram_I/PLACE_HFSBUF_1408_974	0	1.55556
u_sm_ram_Q/mem_reg[245][2]	0	0.555556
u_sm_ram_I/mem_reg[199][0]	0	0.555556
u_sm_ram_Q/mem_reg[240][3]	0	1.55556
u_sm_ram_Q/U3940	0	1.55556
u_sm_ram_Q/U3506	0	1.55556
u_sm_ram_I/PLACE_HFSBUF_38_1046	0	0.555556
u_sm_ram_I/U1654	0	2.55556
u_sm_ram_Q/U2500	0	1.55556
u_sm_ram_I/U4084	0	0.555556
u_sm_ram_I/U3349	0	1.55556
u_sm_ram_Q/U3719	0	0.555556
u_sm_ram_I/mem_reg[181][1]	0	0.555556
u_sm_ram_Q/U3938	0	0.555556
u_sm_ram_Q/U2174	0	1.55556
u_sm_ram_I/U219	0	0.555556
u_sm_ram_I/U3678	0	1.55556
u_sm_ram_I/mem_reg[247][0]	0	0.555556
u_sm_ram_I/U3553	0	0.555556
u_sm_ram_Q/U2521	0	0.555556
u_sm_ram_I/U2805	0	1.55556
u_sm_ram_I/U3768	0	0.555556
u_sm_ram_I/U3167	0	1.55556
u_sm_ram_Q/PLACE_HFSBUF_145_194	0	0.555556
u_sm_ram_Q/U2863	0	1.55556
u_sm_ram_Q/U1774	0	0.555556
u_sm_ram_Q/U3661	0	0.555556
u_sm_ram_Q/U3595	0	0.555556
u_sm_ram_I/U580	0	0.555556
u_sm_ram_Q/U3079	0	0.555556
u_sm_ram_I/U2156	0	0.555556
u_sm_ram_Q/U1164	0	1.55556
u_sm_ram_I/U2023	0	0.555556
u_sm_ram_I/U716	0	0.555556
u_sm_ram_I/U3795	0	1.55556
u_sm_ram_I/mem_reg[228][0]	0	0.555556
u_sm_ram_Q/U2215	0	1.55556
u_sm_ram_I/U1159	0	1.55556
u_sm_ram_I/PLACE_HFSBUF_1293_973	0	0.555556
u_sm_ram_I/U3171	0	2.55556
u_sm_ram_I/mem_reg[183][2]	0	0.555556
u_sm_ram_I/mem_reg[23][2]	0	0.555556
u_sm_ram_I/U3634	0	1.55556
u_sm_ram_I/U2045	0	1.55556
u_sm_ram_I/U3892	0	0.555556
u_sm_ram_Q/U3626	0	1.55556
u_sm_ram_I/U4181	0	0.555556
u_sm_ram_I/U650	0	1.55556
u_sm_ram_Q/U2260	0	1.55556
u_sm_ram_I/mem_reg[183][0]	0	0.555556
u_sm_ram_I/U3471	0	0.555556
u_sm_ram_Q/mem_reg[65][1]	0	0.555556
u_sm_ram_I/U3605	0	0.555556
u_sm_ram_Q/U1059	0	0.555556
u_sm_ram_I/U3565	0	1.53086
u_sm_ram_Q/U3627	0	0.555556
u_sm_ram_I/U2113	0	0.555556
u_sm_ram_Q/U1939	0	1.55556
u_sm_ram_I/U1426	0	0.555556
u_sm_ram_Q/U3135	0	0.555556
u_sm_ram_I/U3657	0	1.55556
u_sm_ram_Q/U3956	0	1.55556
u_sm_ram_Q/PLACE_HFSBUF_132_319	0	0.555556
u_sm_ram_I/U2988	0	0.555556
u_sm_ram_Q/U3138	0	0.555556
u_sm_ram_Q/mem_reg[170][2]	0	0.555556
u_sm_ram_I/U1425	0	0.555556
u_sm_ram_Q/U2069	0	0.555556
u_sm_ram_I/PLACE_HFSBUF_76_905	0	1.55556
u_sm_ram_I/mem_reg[23][3]	0	0.555556
u_sm_ram_Q/U3745	0	0.555556
u_sm_ram_Q/mem_reg[52][0]	0	0.555556
u_sm_ram_Q/U1365	0	0.555556
u_sm_ram_I/mem_reg[245][0]	0	0.555556
u_sm_ram_I/U2987	0	0.555556
u_sm_ram_Q/mem_reg[148][1]	0	1.55556
u_sm_ram_Q/mem_reg[148][2]	0	0.555556
u_sm_ram_I/U3443	0	1.55556
u_sm_ram_I/U1361	0	0.555556
u_sm_ram_Q/U2515	0	0.555556
u_sm_ram_I/U3462	0	1.55556
u_sm_ram_I/U1160	0	0.555556
u_sm_ram_Q/U3598	0	0.555556
u_sm_ram_I/mem_reg[214][1]	0	0.555556
u_sm_ram_I/U2068	0	0.555556
u_sm_ram_Q/U2799	0	0.555556
u_sm_ram_I/U715	0	0.555556
u_sm_ram_Q/U2075	0	0.555556
u_sm_ram_Q/U970	0	0.555556
u_sm_ram_Q/U3692	0	0.555556
u_sm_ram_I/U1363	0	0.555556
u_sm_ram_Q/U2652	0.692308	1.55556
u_sm_ram_Q/U3291	0	0.555556
u_sm_ram_I/mem_reg[212][2]	0	0.555556
u_sm_ram_Q/U3251	0	1.55556
u_sm_ram_Q/U2214	0	1.55556
u_sm_ram_Q/U3591	0	0.555556
u_sm_ram_I/U707	0	0.555556
u_sm_ram_I/U3602	0	0.54321
u_sm_ram_Q/PLACE_HFSBUF_49_950	0	1.55556
u_sm_ram_I/U3566	0	0.555556
u_sm_ram_I/U575	0	1.55556
u_sm_ram_Q/U3935	0	0.555556
u_sm_ram_I/mem_reg[103][2]	0	2.55556
u_sm_ram_Q/U2070	0	1.55556
u_sm_ram_Q/U3718	0	0.555556
u_sm_ram_I/mem_reg[6][3]	0	0.555556
u_sm_ram_Q/PLACE_HFSBUF_116_317	0	0.555556
u_sm_ram_Q/PLACE_HFSBUF_50_484	0	0.555556
u_sm_ram_I/U1560	0	0.555556
u_sm_ram_I/U3603	0	1.55556
u_sm_ram_I/U2136	0	0.555556
u_sm_ram_Q/mem_reg[52][3]	0	1.55556
u_sm_ram_Q/U3934	0	1.55556
u_sm_ram_I/U709	0	0.555556
u_sm_ram_Q/U497	0	0.555556
u_sm_ram_Q/U3981	0	1.55556
u_sm_ram_I/PLACE_HFSBUF_560_907	0	0.555556
u_sm_ram_Q/U364	0	1.55556
u_sm_ram_I/PLACE_HFSBUF_137_1047	0	0.555556
u_sm_ram_I/U3916	0	0.555556
u_sm_ram_I/U3388	0	0.530864
u_sm_ram_Q/mem_reg[174][3]	0	0.555556
u_sm_ram_I/U2019	0	0.555556
u_sm_ram_I/U649	0	1.55556
u_sm_ram_Q/U2076	0	1.55556
u_sm_ram_I/U3260	0	2.55556
u_sm_ram_I/U3385	0	0.555556
u_sm_ram_I/U714	0	1.55556
u_sm_ram_Q/U3597	0	1.55556
u_sm_ram_Q/U3696	0	0.555556
u_sm_ram_I/U3070	0	2.55556
u_sm_ram_I/U717	0	1.55556
u_sm_ram_I/U2046	0	2.55556
u_sm_ram_I/mem_reg[212][1]	0	0.555556
u_sm_ram_Q/U3903	0	0.555556
u_sm_ram_I/U1170	0	0.555556
u_sm_ram_Q/mem_reg[172][3]	0	0.54321
u_sm_ram_Q/mem_reg[65][3]	0	0.555556
u_sm_ram_Q/U1665	0	0.555556
u_sm_ram_I/U2251	0	0.555556
u_sm_ram_Q/U677	0	1.55556
u_sm_ram_Q/mem_reg[172][1]	0	1.55556
u_sm_ram_I/U822	0	1.55556
u_sm_ram_Q/U3297	0	1.55556
u_sm_ram_I/U279	0	1.55556
u_sm_ram_I/U2069	0	0.555556
u_sm_ram_I/U1428	0.846154	0.555556
u_sm_ram_I/PLACE_HFSBUF_13802_659	0	0.555556
u_sm_ram_I/mem_reg[180][0]	0	0.555556
u_sm_ram_I/U2974	0	1.55556
u_sm_ram_I/mem_reg[135][2]	0	1.50617
u_sm_ram_Q/U2864	0	0.555556
u_sm_ram_Q/U3631	0	0.555556
u_sm_ram_I/mem_reg[212][0]	0	0.555556
u_sm_ram_Q/mem_reg[172][2]	0	2.50617
u_sm_ram_Q/U3585	0	1.55556
u_sm_ram_Q/U3590	0	0.555556
u_sm_ram_I/U847	0	0.555556
u_sm_ram_Q/U1319	0	0.555556
u_sm_ram_I/U1427	0	2.55556
u_sm_ram_I/PLACE_HFSBUF_11447_707	0	0.555556
u_sm_ram_Q/U2604	0	0.555556
u_sm_ram_I/U1171	0	1.55556
u_sm_ram_I/PLACE_HFSBUF_26_906	0	0.555556
u_sm_ram_I/U3116	0.5	0.555556
u_sm_ram_I/mem_reg[100][2]	0	1.55556
u_sm_ram_I/U232	0	0.555556
u_sm_ram_Q/mem_reg[65][0]	0	1.55556
u_sm_ram_Q/mem_reg[66][2]	0	1.55556
u_sm_ram_I/PLACE_HFSBUF_4905_814	0	0.555556
u_sm_ram_Q/U3596	0	0.555556
u_sm_ram_Q/U1844	0	0.555556
u_sm_ram_I/U647	0	0.555556
u_sm_ram_Q/U3780	0	0.555556
u_sm_ram_Q/U1189	0	0.555556
u_sm_ram_Q/U3746	0	0.555556
u_sm_ram_Q/U1254	0	2.55556
u_sm_ram_I/mem_reg[6][0]	0	0.555556
u_sm_ram_I/mem_reg[103][3]	0	0.555556
u_sm_ram_I/U3483	0	1.55556
u_sm_ram_I/U3505	0	1.55556
u_sm_ram_I/U844	0	2.55556
u_sm_ram_Q/U3096	0	0.555556
u_sm_ram_Q/U2503	0	0.555556
u_sm_ram_Q/U41	0	0.555556
u_sm_ram_Q/U2603	0	0.555556
u_sm_ram_I/U3322	0	0.555556
u_sm_ram_I/U3757	0	2.55556
u_sm_ram_Q/U3057	0	0.555556
u_sm_ram_Q/mem_reg[52][1]	0	0.555556
u_sm_ram_Q/U2514	0	0.555556
u_sm_ram_I/U2252	0	0.555556
u_sm_ram_I/U845	0	0.555556
u_sm_ram_Q/mem_reg[105][3]	0	0.555556
u_sm_ram_Q/U3958	0	0.555556
u_sm_ram_I/U3165	0	0.555556
u_sm_ram_I/mem_reg[249][2]	0	0.555556
u_ctrl_fsm/U5	0	1.55556
u_sm_ram_I/U1301	0	1.55556
u_sm_ram_I/mem_reg[37][3]	0	0.555556
u_sm_ram_Q/mem_reg[67][2]	0	0.555556
u_sm_ram_Q/PLACE_HFSBUF_102_840	0	0.555556
u_sm_ram_Q/U3622	0	1.55556
u_sm_ram_Q/mem_reg[240][2]	0	0.555556
u_ctrl_fsm/U4	0	1.55556
u_sm_ram_I/U841	0	1.55556
u_sm_ram_Q/U3717	0	0.555556
u_sm_ram_Q/U1794	0	1.55556
u_sm_ram_Q/mem_reg[65][2]	0	2.55556
u_sm_ram_I/mem_reg[164][2]	0	0.555556
u_sm_ram_Q/mem_reg[25][0]	0	2.55556
u_sm_ram_I/U2020	0.846154	0.555556
u_sm_ram_Q/U1449	0	0.555556
u_sm_ram_I/mem_reg[53][1]	0	0.555556
u_sm_ram_I/U2364	0	0.555556
u_sm_ram_I/U1687	0	0.555556
u_sm_ram_I/U3351	0	0.555556
u_sm_ram_I/U2153	0	1.55556
u_sm_ram_I/U646	0	0.555556
u_sm_ram_Q/U3695	0	0.555556
u_sm_ram_I/U2411	0	1.55556
u_sm_ram_Q/U3779	0	0.555556
u_sm_ram_I/U1172	0	1.55556
u_sm_ram_I/mem_reg[53][3]	0	1.55556
u_sm_ram_I/mem_reg[20][3]	0	0.555556
u_sm_ram_Q/U2546	0	0.555556
u_sm_ram_Q/U3025	0	0.555556
u_sm_ram_I/U2047	0	2.55556
u_sm_ram_I/mem_reg[37][2]	0	2.55556
u_sm_ram_Q/U3084	0	0.555556
u_sm_ram_Q/U3955	0	0.555556
PLACE_HFSINV_636_428	0	0.555556
u_sm_ram_Q/U3716	0	1.55556
u_sm_ram_I/mem_reg[180][1]	0	0.555556
u_sm_ram_Q/U3937	0	1.55556
u_sm_ram_I/mem_reg[7][3]	0	0.555556
u_sm_ram_I/PLACE_HFSBUF_1222_1052	0	0.555556
u_sm_ram_I/U3502	0	0.555556
u_sm_ram_I/U770	0	2.55556
u_sm_ram_Q/U3081	0	0.555556
u_sm_ram_I/PLACE_HFSBUF_249_1055	0	0.555556
u_sm_ram_Q/U3056	0	0.555556
u_sm_ram_Q/U3939	0	0.555556
u_sm_ram_I/mem_reg[245][1]	0	0.555556
u_sm_ram_Q/PLACE_HFSBUF_78_490	0	0.555556
u_sm_ram_Q/U3067	0	0.555556
u_sm_ram_Q/U3650	0	0.555556
u_sm_ram_I/U334	0	0.555556
u_sm_ram_Q/U3688	0	1.55556
u_sm_Q/en_w_reg	0	1.55556
u_sm_ram_I/U3414	0	0.555556
u_sm_ram_I/mem_reg[229][2]	0	0.555556
u_sm_ram_I/U768	0	1.55556
u_sm_ram_Q/U3784	0	0.555556
u_sm_ram_Q/U2867	0	1.55556
u_sm_ram_Q/PLACE_HFSBUF_106_1180	0	0.555556
u_sm_ram_Q/mem_reg[12][1]	0	0.555556
u_sm_ram_Q/PLACE_HFSBUF_4525_451	0	0.555556
u_sm_ram_I/U840	0	0.555556
u_sm_ram_Q/U1675	0	0.555556
u_sm_ram_Q/U3638	0	0.555556
u_sm_ram_I/mem_reg[229][0]	0	0.555556
u_sm_ram_Q/U3026	0	1.55556
u_sm_ram_Q/U3066	0	1.55556
PLACE_HFSINV_182_426	0	1.54321
u_sm_ram_Q/mem_reg[28][1]	0.740741	2.55556
u_sm_ram_I/mem_reg[247][3]	0	2.49383
u_sm_ram_I/mem_reg[56][2]	0	0.555556
u_sm_ram_I/U1893	0	0.555556
u_sm_ram_Q/U3789	0	0.555556
u_sm_ram_Q/PLACE_HFSINV_4830_863	0	0.555556
u_sm_ram_Q/PLACE_HFSBUF_41_483	0	1.55556
u_sm_ram_I/U3321	0	0.555556
u_sm_ram_I/U248	0	0.555556
u_sm_ram_I/mem_reg[180][3]	0	0.555556
u_sm_ram_Q/U3794	0	0.555556
u_sm_ram_I/mem_reg[101][1]	0	0.555556
u_sm_ram_I/PLACE_HFSBUF_11526_812	0	2.55556
u_sm_ram_Q/U3027	0	0.555556
u_sm_ram_I/U33	0	0.555556
u_sm_ram_I/U769	0	0.555556
u_sm_ram_Q/PLACE_HFSBUF_4737_452	0	1.55556
u_sm_ram_Q/mem_reg[201][2]	0	0.555556
u_sm_ram_Q/U3601	0	1.55556
u_sm_ram_I/U4270	0	0.555556
u_sm_ram_Q/PLACE_HFSBUF_49_365	0	0.555556
u_sm_ram_Q/U2441	0	0.555556
u_sm_ram_Q/U2448	0	1.55556
u_sm_ram_I/U3210	0	0.555556
u_sm_ram_Q/mem_reg[13][2]	0	0.555556
u_sm_ram_Q/PLACE_HFSBUF_94_485	0	1.55556
u_sm_ram_I/U2007	0	0.555556
u_sm_ram_I/PLACE_HFSBUF_3700_662	0	0.518519
u_sm_ram_Q/PLACE_HFSBUF_99_318	0	0.555556
u_sm_ram_I/mem_reg[229][1]	0	2.55556
u_sm_ram_Q/mem_reg[28][3]	0	0.555556
u_sm_ram_I/mem_reg[165][2]	0	0.555556
u_sm_ram_I/mem_reg[101][2]	0	0.555556
u_sm_ram_I/U4015	0	0.555556
u_sm_ram_I/mem_reg[100][3]	0	2.55556
u_sm_ram_I/PLACE_HFSBUF_4705_815	0	0.555556
u_sm_ram_I/PLACE_HFSBUF_3903_663	0	0.555556
u_sm_ram_Q/U879	0	1.55556
u_sm_ram_Q/U880	0	1.55556
u_sm_ram_Q/U878	0	1.55556
u_sm_ram_I/mem_reg[199][3]	0	0.555556
u_sm_ram_I/U3166	0	0.555556
u_sm_ram_Q/U3053	0	0.555556
u_sm_ram_Q/U1531	0	1.55556
u_sm_ram_I/U583	0	0.555556
u_sm_ram_I/mem_reg[199][1]	0	3.55556
u_sm_ram_I/U2064	0	0.555556
u_sm_ram_Q/mem_reg[172][0]	0	0.555556
u_sm_ram_I/U2497	0	0.555556
u_sm_ram_Q/PLACE_HFSINV_503_1003	0	0.555556
u_sm_ram_I/mem_reg[6][2]	0	0.555556
u_sm_ram_I/mem_reg[199][2]	0	1.55556
u_sm_ram_Q/U3208	0	1.55556
u_sm_ram_Q/U3708	0	0.555556
u_sm_ram_Q/U3065	0	1.55556
u_sm_ram_Q/U1526	0	1.55556
u_sm_ram_Q/mem_reg[13][0]	0	2.55556
u_sm_ram_Q/mem_reg[201][0]	0	1.55556
u_sm_ram_I/PLACE_HFSBUF_334_970	0	1.55556
u_sm_ram_Q/U3778	0	0.555556
u_sm_ram_I/U2368	0	0.555556
u_sm_ram_I/U767	0	0.555556
u_sm_ram_I/mem_reg[117][2]	0	1.55556
u_sm_ram_I/U3234	0	0.555556
u_sm_ram_I/U1562	0	0.555556
u_sm_ram_I/PLACE_HFSBUF_118_972	0	0.555556
u_sm_ram_Q/U994	0	0.555556
u_sm_ram_I/PLACE_HFSBUF_287_969	0	1.55556
u_sm_ram_Q/mem_reg[50][0]	0	0.555556
u_sm_ram_I/U3213	0	2.55556
u_sm_ram_I/PLACE_HFSINV_13548_762	0	0.555556
u_sm_ram_I/U2370	0	1.55556
u_sm_ram_Q/U327	0	1.55556
u_sm_ram_Q/U3740	0	1.55556
u_sm_ram_Q/U348	0	0.555556
u_sm_ram_Q/U353	0	1.55556
u_sm_ram_Q/U3904	0	0.555556
u_sm_ram_Q/mem_reg[201][1]	0	0.555556
u_sm_ram_Q/U3122	0	0.555556
u_sm_ram_I/PLACE_HFSBUF_386_977	0	0.555556
u_sm_ram_I/PLACE_HFSBUF_447_1050	0	0.555556
u_sm_ram_I/PLACE_HFSBUF_240_968	0	1.55556
u_sm_ram_Q/U297	0	0.555556
u_sm_ram_Q/U4049	0	1.55556
u_sm_ram_Q/mem_reg[40][0]	0	0.555556
u_sm_ram_Q/mem_reg[12][3]	0	0.555556
u_sm_ram_I/mem_reg[181][0]	0	0.555556
u_sm_ram_I/U3962	0	0.555556
u_sm_ram_I/mem_reg[197][0]	0	0.555556
u_sm_ram_I/U776	0	0.555556
u_sm_ram_I/mem_reg[198][1]	0	0.555556
u_sm_ram_I/mem_reg[135][3]	0	0.555556
u_sm_ram_I/U1497	0	0.555556
u_sm_ram_I/U4149	0	0.555556
u_sm_ram_I/PLACE_HFSBUF_822_1051	0	0.518519
u_sm_ram_Q/mem_reg[200][0]	0	0.555556
u_sm_ram_I/PLACE_HFSBUF_203_971	0	0.555556
u_sm_ram_Q/mem_reg[27][2]	0	0.555556
u_sm_ram_I/PLACE_HFSBUF_13295_739	0	0.555556
u_sm_ram_Q/U2608	0	0.555556
u_sm_ram_I/U4241	0	0.555556
u_sm_ram_Q/U3729	0.9	1.50617
u_sm_ram_Q/U3614	0	1.55556
u_sm_ram_I/U843	0	0.555556
u_sm_ram_I/U3218	0	1.55556
u_sm_ram_I/U911	0	1.55556
u_sm_ram_Q/U3128	0	0.555556
u_sm_ram_Q/U3700	0	0.555556
u_sm_ram_I/mem_reg[116][1]	0	0.555556
u_sm_ram_I/PLACE_HFSINV_11241_702	0	0.555556
u_sm_ram_I/U1029	0	1.55556
u_sm_ram_Q/mem_reg[201][3]	0	1.55556
u_sm_ram_Q/U877	0	1.55556
u_sm_ram_I/mem_reg[245][2]	0	0.555556
u_sm_ram_Q/U1813	0	1.55556
u_sm_ram_I/U3524	0	0.555556
u_sm_ram_Q/U1514	0	0.555556
u_sm_ram_I/U305	0	0.555556
u_sm_ram_Q/U3810	0	0.555556
u_sm_ram_I/mem_reg[4][0]	0	0.555556
u_sm_ram_I/mem_reg[245][3]	0	0.555556
u_sm_ram_Q/mem_reg[44][1]	0	0.555556
u_sm_ram_Q/U3957	0	0.555556
u_sm_ram_I/mem_reg[164][3]	0	0.555556
u_sm_ram_I/U3319	0	1.55556
u_sm_ram_I/U3665	0	0.555556
u_sm_ram_I/PLACE_HFSBUF_382_1048	0	1.55556
u_sm_ram_Q/U1463	0	1.55556
u_sm_ram_I/U3786	0	0.555556
u_sm_ram_Q/U3766	0	0.555556
u_sm_ram_Q/U3777	0	0.555556
u_sm_ram_I/mem_reg[197][1]	0	0.555556
u_sm_ram_I/U912	0	1.55556
u_sm_ram_I/U3006	0	1.55556
u_sm_ram_Q/U3108	0	0.555556
u_sm_ram_I/U4178	0	0.555556
u_sm_ram_Q/U2746	0	0.555556
u_sm_ram_Q/U3756	0	0.555556
u_sm_ram_Q/mem_reg[12][2]	0	1.55556
u_sm_ram_I/U3169	0	1.55556
u_sm_ram_Q/U3767	0	0.555556
u_sm_ram_I/PLACE_HFSBUF_8664_740	0	0.555556
u_sm_ram_I/U2662	0	1.54321
u_sm_ram_I/U3561	0	0.555556
u_sm_ram_I/U3560	0	0.555556
u_sm_ram_I/U3829	0	0.555556
u_sm_ram_I/U1166	0	0.555556
u_sm_ram_Q/U3724	0	0.555556
u_sm_ram_Q/mem_reg[51][0]	0	0.555556
u_sm_ram_I/mem_reg[181][3]	0	0.555556
u_sm_ram_I/PLACE_HFSBUF_143_784	0	0.555556
u_sm_ram_I/U3525	0	1.55556
u_sm_ram_I/PLACE_HFSBUF_299_783	0	0.555556
u_sm_ram_Q/U1465	0	0.555556
u_sm_ram_I/U4235	0	1.55556
u_sm_ram_I/mem_reg[36][1]	0	0.555556
u_sm_ram_Q/PLACE_HFSBUF_9253_543	0	1.55556
u_sm_ram_Q/U1673	0	2.55556
u_sm_ram_I/mem_reg[117][3]	0	1.55556
u_sm_ram_Q/PLACE_HFSBUF_73_316	0	1.55556
u_sm_ram_I/PLACE_HFSBUF_656_1057	0	1.55556
u_sm_ram_I/U3441	0	1.55556
u_sm_ram_I/U1570	0	1.55556
u_sm_ram_Q/U3755	0	0.555556
u_sm_ram_I/U4166	0	0.555556
u_sm_ram_Q/mem_reg[173][0]	0	0.555556
u_sm_ram_Q/U1533	0	1.55556
u_sm_ram_I/mem_reg[181][2]	0	1.55556
u_sm_ram_Q/U3793	0	0.555556
u_sm_ram_I/U842	0	2.55556
u_sm_ram_Q/U3078	0	1.55556
u_sm_ram_Q/PLACE_HFSBUF_235_1011	0	1.55556
u_sm_ram_I/U1573	0	1.55556
u_sm_ram_I/U3847	0	1.54321
u_sm_ram_I/U2679	0.692308	0.555556
u_sm_ram_Q/U1527	0	0.555556
u_sm_ram_Q/U2262	0	1.55556
u_sm_ram_I/U908	0	0.555556
u_sm_ram_Q/U3809	0	0.555556
u_sm_ram_I/U4131	0	0.54321
u_sm_ram_I/U3390	0	0.555556
u_sm_ram_I/mem_reg[116][2]	0	1.55556
u_sm_ram_I/U3773	0	0.555556
u_sm_ram_I/U93	0	2.55556
u_sm_ram_Q/U357	0.25	1.50617
u_sm_ram_Q/PLACE_HFSBUF_9891_507	0	1.55556
u_sm_ram_Q/U4004	0	0.555556
u_sm_ram_Q/U300	0	0.506173
u_sm_ram_I/mem_reg[244][3]	0	1.55556
u_sm_ram_Q/PLACE_HFSBUF_112_193	0	0.555556
u_sm_ram_I/U1167	0	2.55556
u_sm_ram_I/U1495	0	0.555556
u_sm_ram_I/mem_reg[4][2]	0	1.55556
u_sm_ram_I/mem_reg[116][3]	0	0.555556
u_sm_ram_I/mem_reg[247][1]	0	0.555556
u_sm_ram_I/U1430	0	1.55556
u_sm_ram_I/PLACE_HFSBUF_110_920	0	0.555556
u_sm_ram_I/U3350	0	0.555556
u_sm_ram_Q/U3058	0	0.555556
u_sm_ram_Q/mem_reg[203][2]	0	0.555556
u_sm_ram_I/U465	0	0.530864
u_sm_ram_Q/mem_reg[173][2]	0.259259	0.555556
u_sm_ram_Q/mem_reg[28][2]	0	0.54321
u_sm_ram_I/U3932	0	0.555556
u_sm_ram_Q/U1416	0	0.555556
u_sm_ram_I/mem_reg[198][3]	0	0.555556
u_sm_ram_I/U3839	0	1.55556
u_sm_ram_I/U3344	0	0.555556
u_sm_ram_Q/U1525	0	1.55556
u_sm_ram_I/U1860	0.125	0.54321
u_sm_ram_Q/U137	0	0.555556
u_sm_ram_Q/U3319	0	0.555556
u_sm_ram_I/mem_reg[149][2]	0	1.55556
u_sm_ram_Q/U1991	0	0.555556
u_sm_ram_I/mem_reg[117][1]	0	1.55556
u_sm_ram_I/PLACE_HFSBUF_8888_747	0	0.555556
u_sm_ram_I/U3345	0	0.555556
u_sm_ram_Q/U3739	0	1.55556
u_sm_ram_Q/U3091	0	0.555556
u_sm_ram_I/U3346	0	1.55556
u_sm_ram_Q/U3707	0	0.555556
u_sm_ram_Q/U1812	0	0.555556
u_sm_ram_I/U1431	0	0.555556
u_sm_ram_I/U3145	0	0.555556
u_sm_ram_I/U3168	0	0.555556
u_sm_ram_Q/PLACE_HFSBUF_52_482	0	0.555556
u_sm_ram_Q/mem_reg[13][3]	0	2.55556
u_sm_ram_Q/U1398	0	1.55556
u_sm_ram_I/mem_reg[4][3]	0	0.555556
u_sm_ram_Q/U873	0	2.55556
u_sm_ram_I/U1505	0	2.55556
u_sm_ram_I/PLACE_HFSBUF_8773_741	0	1.55556
u_sm_ram_I/U1027	0	0.555556
u_sm_ram_Q/U4003	0	0.555556
u_sm_ram_I/U2109	0	0.555556
u_sm_ram_Q/U1829	0	0.555556
u_sm_ram_I/U775	0	0.555556
u_sm_ram_I/PLACE_HFSBUF_8048_650	0	0.493827
u_sm_ram_Q/U759	0	0.555556
u_sm_ram_Q/mem_reg[156][3]	0	1.55556
u_sm_ram_I/U1102	0	1.55556
u_sm_ram_I/U780	0	0.555556
u_sm_ram_Q/U3805	0	0.555556
u_sm_ram_Q/U4000	0	1.55556
u_sm_ram_Q/U2000	0	0.555556
u_sm_ram_Q/U761	0	1.55556
u_sm_ram_I/U2878	0	0.555556
u_sm_ram_I/U2551	0	2.55556
u_sm_ram_Q/U3728	0	1.55556
u_sm_ram_I/U4201	0	0.555556
u_sm_ram_Q/U1698	0	0.555556
u_sm_ram_I/U4180	0	1.55556
u_sm_ram_Q/U22	0	0.555556
u_sm_ram_Q/U1811	0	0.555556
u_sm_ram_Q/U763	0	0.555556
u_sm_ram_I/mem_reg[20][0]	0	0.555556
u_sm_ram_Q/mem_reg[27][1]	0	1.55556
u_sm_ram_Q/U1413	0	0.555556
u_sm_ram_Q/U3827	0	0.555556
u_sm_ram_Q/U3800	0	0.555556
u_sm_ram_Q/U875	0	0.555556
u_sm_ram_I/U3231	0	1.55556
u_sm_ram_I/U1028	0	0.555556
u_sm_ram_I/mem_reg[165][3]	0	0.555556
u_sm_ram_Q/mem_reg[44][2]	0	0.555556
u_sm_ram_Q/U1415	0	0.555556
u_sm_ram_Q/U120	0	1.55556
u_sm_ram_Q/mem_reg[24][3]	0	0.555556
u_sm_ram_I/PLACE_HFSBUF_1466_1053	0	0.555556
u_sm_ram_I/U1105	0	1.54321
u_sm_ram_Q/U1895	0	0.555556
u_sm_ram_I/U906	0	0.555556
u_sm_ram_I/mem_reg[149][3]	0	0.555556
u_sm_ram_I/U3858	0	0.555556
u_sm_ram_Q/PLACE_HFSINV_3565_867	0	0.555556
u_sm_ram_Q/mem_reg[47][1]	0	0.555556
u_sm_ram_I/U3709	0	0.555556
u_sm_ram_I/U910	0	1.55556
u_sm_ram_Q/PLACE_HFSBUF_109_491	0	1.55556
u_sm_ram_I/mem_reg[135][1]	0	0.555556
u_sm_ram_Q/U1528	0	0.555556
u_sm_ram_I/U3126	0	0.555556
u_sm_ram_Q/U2537	0	0.555556
u_sm_ram_Q/U1814	0	1.55556
u_sm_ram_Q/U4002	0	1.55556
u_sm_ram_I/mem_reg[149][1]	0	0.555556
u_sm_ram_I/U84	0.8125	2.55556
u_sm_ram_I/U2054	0	0.555556
u_sm_ram_Q/U1810	0.538462	0.555556
u_sm_ram_I/mem_reg[197][3]	0	0.555556
u_sm_ram_Q/mem_reg[200][2]	0	0.555556
u_sm_ram_I/mem_reg[135][0]	0	2.55556
u_sm_ram_I/U774	0	1.55556
u_sm_ram_I/U3309	0	0.530864
u_sm_ram_I/U1571	0	1.55556
u_sm_ram_I/U4179	0	0.555556
u_sm_ram_I/mem_reg[247][2]	0	0.555556
u_sm_ram_Q/U3364	0	0.555556
u_sm_ram_Q/U760	0	1.55556
u_sm_ram_I/mem_reg[244][2]	0	1.55556
u_sm_ram_I/mem_reg[36][2]	0	0.555556
u_sm_ram_Q/U1467	0	0.555556
u_sm_ram_Q/U3999	0	1.55556
u_sm_ram_Q/U3059	0	0.555556
u_sm_ram_Q/U1399	0	2.55556
u_sm_ram_Q/U2432	0	0.555556
u_sm_ram_Q/U3318	0	0.555556
u_sm_ram_Q/U3129	0	0.555556
u_sm_ram_Q/U3238	0	1.51852
u_sm_ram_I/U1107	0	1.55556
u_sm_ram_I/mem_reg[36][0]	0	2.55556
u_sm_ram_I/U2149	0	0.555556
u_sm_ram_Q/PLACE_HFSINV_4574_865	0	0.555556
u_sm_ram_I/mem_reg[20][2]	0	2.55556
u_sm_ram_Q/PLACE_HFSINV_3436_1109	0	0.555556
u_sm_ram_I/U1106	0	1.55556
u_sm_ram_Q/mem_reg[44][3]	0	0.555556
u_sm_ram_Q/U753	0	0.555556
u_sm_ram_Q/U762	0	1.55556
u_sm_ram_Q/U1530	0	0.555556
u_sm_ram_I/mem_reg[164][1]	0	1.55556
u_sm_ram_I/U3912	0	0.555556
u_sm_ram_Q/U3738	0	0.555556
u_sm_ram_Q/U3750	0	0.555556
u_sm_ram_I/U778	0	2.55556
u_sm_ram_Q/U274	0	0.555556
u_sm_ram_I/U3719	0	0.555556
u_sm_ram_I/U2622	0	1.54321
u_sm_ram_Q/U945	0	2.55556
u_sm_ram_Q/U1468	0	0.555556
u_sm_ram_I/U973	0	1.55556
u_sm_ram_I/U3539	0	1.55556
u_sm_ram_I/U2624	0	0.555556
u_sm_ram_Q/U3723	0	0.555556
u_sm_ram_Q/U4001	0	1.55556
u_sm_ram_I/mem_reg[148][3]	0	1.55556
u_sm_ram_I/U1168	0	0.555556
u_sm_ram_I/U3194	0	0.555556
u_sm_ram_I/U2055	0	0.555556
u_sm_ram_I/U2621	0	1.55556
u_sm_ram_Q/U765	0	1.55556
u_sm_ram_Q/U156	0	1.55556
u_sm_ram_Q/U944	0	0.555556
u_sm_ram_Q/U4085	0	0.555556
u_sm_ram_Q/U3113	0	0.555556
u_sm_ram_I/U3765	0	0.555556
u_sm_ram_Q/U3140	0	0.555556
u_sm_ram_Q/U3561	0	0.555556
u_sm_ram_I/U3630	0	1.55556
u_sm_ram_Q/PLACE_HFSBUF_9617_499	0	1.55556
u_sm_ram_Q/U358	0	0.555556
u_sm_ram_I/U1496	0	0.555556
u_sm_ram_Q/mem_reg[40][1]	0	0.555556
u_sm_ram_I/U1103	0	0.555556
u_sm_ram_Q/mem_reg[168][2]	0	1.55556
u_sm_ram_I/U905	0	2.55556
u_sm_ram_I/U100	0	1.55556
u_sm_ram_Q/U2980	0	1.50617
u_sm_ram_Q/PLACE_HFSBUF_13935_859	0	0.555556
u_sm_ram_I/U3753	0	0.555556
u_sm_ram_Q/U1754	0	1.55556
u_sm_ram_I/mem_reg[86][3]	0	0.555556
u_sm_ram_I/mem_reg[4][1]	0	1.55556
u_sm_ram_Q/U874	0	0.555556
u_sm_ram_I/U2879	0	0.555556
u_sm_ram_Q/U3783	0	0.555556
u_sm_ram_I/U3732	0	1.55556
u_sm_ram_Q/U1080	0	0.555556
u_sm_ram_Q/U3669	0	1.55556
u_sm_ram_Q/U3549	0	1.55556
u_sm_ram_I/U1104	0	0.555556
u_sm_ram_Q/PLACE_HFSBUF_8782_858	0	1.55556
u_sm_ram_Q/U1695	0	0.555556
u_sm_ram_Q/mem_reg[203][0]	0	0.555556
u_sm_ram_Q/U3320	0	0.555556
u_sm_ram_I/U3706	0	0.555556
u_sm_ram_I/U4053	0	0.555556
u_sm_ram_I/U2564	0	0.555556
u_sm_ram_I/U773	0	0.54321
u_sm_ram_Q/U3822	0	0.555556
u_sm_ram_I/U771	0	0.555556
u_sm_ram_I/mem_reg[117][0]	0	2.55556
u_sm_ram_Q/U1464	0	1.55556
u_sm_ram_I/mem_reg[165][1]	0	0.555556
u_sm_ram_I/mem_reg[116][0]	0	1.55556
u_sm_ram_I/U1568	0	0.54321
u_sm_ram_Q/U1078	0	0.555556
u_sm_ram_Q/mem_reg[27][3]	0	0.555556
u_sm_ram_I/mem_reg[101][0]	0	0.555556
u_sm_ram_Q/U3744	0	1.55556
u_sm_ram_I/U3182	0	1.55556
u_sm_ram_Q/U3072	0	2.55556
u_sm_ram_Q/mem_reg[157][3]	0	0.555556
u_sm_ram_I/mem_reg[5][3]	0	1.54321
u_sm_ram_Q/U1668	0	0.555556
u_sm_ram_Q/U3963	0	0.555556
u_sm_ram_I/mem_reg[165][0]	0	2.55556
u_sm_ram_Q/U362	0	0.555556
u_sm_ram_Q/U3307	0	0.555556
u_sm_ram_Q/U3537	0	0.555556
u_sm_ram_I/U777	0	0.555556
u_sm_ram_Q/mem_reg[156][2]	0	0.54321
u_sm_ram_Q/U3008	0	0.555556
u_sm_ram_I/U3714	0	2.55556
u_sm_ram_I/U181	0	1.55556
u_sm_ram_I/U339	0	0.555556
u_sm_ram_I/U4177	0	0.555556
u_sm_ram_I/U584	0	0.555556
u_sm_ram_Q/U1481	0	0.555556
u_sm_ram_Q/U1843	0	0.555556
u_sm_ram_I/mem_reg[198][0]	0	0.555556
u_sm_ram_I/U782	0	1.55556
u_sm_ram_Q/mem_reg[45][0]	0	0.555556
u_sm_ram_Q/U2536	0	1.55556
u_sm_ram_I/U3452	0	0.555556
u_sm_ram_I/U1101	0	1.55556
u_sm_ram_I/mem_reg[101][3]	0	2.55556
u_sm_ram_Q/PLACE_HFSBUF_133_1004	0	0.555556
u_sm_ram_I/U1429	0	0.555556
u_sm_ram_I/PLACE_HFSBUF_731_682	0	0.555556
u_sm_ram_Q/U3355	0	0.555556
u_sm_ram_Q/U3971	0	0.555556
u_sm_ram_I/U3389	0	0.555556
u_sm_ram_I/U3969	0	0.555556
u_sm_ram_Q/mem_reg[29][2]	0	2.55556
u_sm_ram_I/U1259	0	1.55556
u_sm_ram_I/mem_reg[164][0]	0	0.555556
u_sm_ram_Q/U2137	0	0.555556
u_sm_ram_I/U1892	0	0.555556
u_sm_ram_I/U972	0	2.55556
u_sm_ram_I/U3412	0	0.555556
u_sm_ram_Q/mem_reg[41][0]	0	0.555556
u_sm_ram_Q/U2077	0	1.55556
u_sm_ram_I/mem_reg[5][2]	0	0.54321
u_sm_ram_I/U3265	0	0.555556
u_sm_ram_Q/mem_reg[12][0]	0	0.555556
u_sm_ram_I/U2214	0	1.55556
u_sm_ram_I/U2150	0	0.555556
u_sm_ram_Q/U3247	0	0.555556
u_sm_ram_I/U3084	0	2.55556
u_sm_ram_Q/U2265	0	1.55556
u_sm_ram_I/mem_reg[244][0]	0	2.55556
u_sm_ram_I/U1100	0	0.555556
u_sm_ram_Q/U1397	0	1.55556
u_sm_ram_Q/U1414	0	2.55556
u_sm_ram_Q/mem_reg[203][1]	0	0.555556
u_sm_ram_Q/mem_reg[204][2]	0	0.555556
u_sm_ram_Q/U3477	0	1.55556
u_sm_ram_Q/mem_reg[173][1]	0	0.555556
u_sm_ram_I/U1494	0	0.555556
u_sm_ram_I/U4204	0	0.555556
u_sm_ram_I/U3206	0.0625	0.555556
u_sm_ram_Q/PLACE_HFSBUF_399_996	0	1.55556
u_sm_ram_I/mem_reg[198][2]	0	2.55556
u_sm_ram_Q/U3550	0	0.555556
u_sm_ram_Q/U3265	0	0.555556
u_sm_ram_Q/U3029	0	0.555556
u_sm_ram_Q/U1470	0	1.55556
u_sm_ram_I/U971	0	0.555556
u_sm_ram_Q/U1462	0	0.555556
u_sm_ram_Q/U943	0	2.55556
u_sm_ram_I/mem_reg[5][0]	0	0.555556
u_sm_ram_I/U576	0	0.555556
u_sm_ram_Q/U3188	0	0.555556
u_sm_ram_Q/mem_reg[200][1]	0	0.555556
u_sm_ram_Q/mem_reg[45][1]	0	0.555556
u_sm_ram_I/U3141	0	0.555556
u_sm_ram_I/U3968	0	1.55556
u_sm_ram_Q/PLACE_HFSBUF_16855_514	0	0.555556
u_sm_ram_Q/mem_reg[108][2]	0	2.55556
u_sm_ram_I/U3386	0	0.555556
u_sm_ram_I/mem_reg[196][2]	0	0.555556
u_sm_ram_I/U3783	0	0.555556
u_sm_ram_I/U1903	0	0.555556
u_sm_ram_I/U3911	0	1.55556
u_sm_ram_I/U3705	0	1.55556
u_sm_ram_Q/mem_reg[44][0]	0	2.55556
u_sm_ram_I/U3855	0	1.54321
u_sm_ram_Q/U942	0	2.55556
u_sm_ram_I/U2283	0	0.444444
u_sm_ram_Q/U2506	0	0.555556
u_sm_ram_Q/U751	0	1.55556
u_sm_ram_Q/U1842	0	0.555556
u_sm_ram_I/mem_reg[5][1]	0	2.55556
u_sm_ram_Q/U3847	0	0.555556
u_sm_ram_I/U114	0	1.55556
u_sm_ram_Q/U3667	0	1.55556
u_sm_ram_Q/U2740	0	0.555556
u_sm_ram_Q/mem_reg[46][3]	0	0.555556
u_sm_ram_I/U977	0	0.555556
u_sm_ram_Q/mem_reg[45][3]	0	0.555556
u_sm_ram_I/U2375	0	0.555556
u_sm_ram_I/PLACE_HFSBUF_4815_721	0	0.555556
u_sm_ram_I/U2215	0	0.493827
u_sm_ram_I/mem_reg[36][3]	0	0.555556
u_sm_ram_Q/U1469	0	1.55556
u_sm_ram_Q/mem_reg[157][2]	0	1.55556
u_sm_ram_I/mem_reg[196][3]	0	2.55556
u_sm_ram_I/U2374	0	0.555556
u_sm_ram_I/U412	0	0.555556
u_sm_ram_I/U4058	0	0.555556
u_sm_ram_I/mem_reg[197][2]	0	0.555556
u_sm_ram_I/PLACE_HFSBUF_5492_768	0	0.555556
u_sm_ram_I/mem_reg[22][2]	0	0.555556
u_sm_ram_Q/U3803	0	0.555556
u_sm_ram_I/U3174	0	1.55556
u_sm_ram_I/PLACE_HFSINV_13914_708	0	0.555556
u_sm_ram_Q/mem_reg[156][0]	0	1.55556
u_sm_ram_Q/mem_reg[204][3]	0	0.555556
u_sm_ram_I/U2027	0	0.555556
u_sm_ram_I/U1432	0	1.55556
u_sm_ram_I/U463	0	1.55556
u_sm_ram_I/mem_reg[148][1]	0	0.555556
u_sm_ram_Q/mem_reg[25][1]	0.259259	0.54321
u_sm_ram_I/U3002	0	0.555556
u_sm_ram_Q/U752	0	0.555556
u_sm_ram_Q/mem_reg[170][1]	0	1.55556
u_sm_ram_I/U970	0	0.555556
u_sm_ram_Q/U3342	0	0.555556
u_sm_ram_I/mem_reg[244][1]	0	1.55556
u_sm_ram_I/U3853	0	1.55556
u_sm_ram_I/U3209	0	0.518519
u_sm_ram_Q/U1785	0	0.555556
u_sm_ram_I/U3782	0	0.555556
u_sm_ram_Q/PLACE_HFSBUF_11405_512	0	0.555556
u_sm_ram_Q/U3510	0	0.555556
u_sm_ram_I/U169	0	0.555556
u_sm_ram_Q/PLACE_HFSBUF_99_371	0	1.55556
u_sm_ram_I/U1165	0	0.555556
u_sm_ram_I/U852	0	0.555556
u_sm_ram_I/U66	0	0.555556
u_sm_ram_I/U975	0	1.55556
u_sm_ram_I/U1328	0	0.555556
u_sm_ram_Q/PLACE_HFSBUF_489_1114	0	0.555556
u_sm_ram_I/U1488	0	1.55556
u_sm_ram_I/U2053	0	0.555556
u_sm_ram_I/U2284	0	1.55556
u_sm_ram_Q/mem_reg[28][0]	0	0.555556
u_sm_ram_Q/mem_reg[41][2]	0	0.555556
u_sm_ram_Q/U476	0	1.55556
u_sm_ram_I/U1858	0	0.555556
u_sm_ram_Q/PLACE_HFSBUF_141_1001	0	0.555556
u_sm_ram_I/U3474	0	0.555556
u_sm_ram_Q/mem_reg[203][3]	0	0.555556
u_sm_ram_I/mem_reg[88][3]	0	0.555556
u_sm_ram_Q/mem_reg[26][0]	0	2.49383
u_sm_ram_Q/U1466	0	0.555556
u_sm_ram_I/U3953	0	0.555556
u_sm_ram_I/U3942	0	0.555556
u_sm_ram_Q/U511	0	0.555556
u_sm_ram_Q/U3433	0	1.55556
u_sm_ram_I/U267	0	0.555556
u_sm_ram_I/U3967	0	0.555556
u_sm_ram_I/mem_reg[149][0]	0	0.555556
u_sm_ram_Q/mem_reg[156][1]	0	1.55556
u_sm_ram_Q/U3356	0	0.555556
u_sm_ram_Q/U2507	0	1.49383
u_sm_ram_I/PLACE_HFSBUF_3528_661	0	0.555556
u_sm_ram_I/U2097	0	1.55556
u_sm_ram_I/PLACE_HFSBUF_11817_802	0	1.55556
u_sm_ram_I/U3015	0.25	1.50617
u_sm_ram_Q/mem_reg[30][3]	0	1.55556
u_sm_ram_I/U577	0	0.555556
u_sm_ram_I/U3216	0	0.555556
u_sm_ram_I/PLACE_HFSBUF_44_192	0	0.555556
u_sm_ram_Q/U3617	0	2.55556
u_sm_ram_I/U3747	0	0.555556
u_sm_ram_I/U1486	0	1.55556
u_sm_ram_I/U3941	0	0.555556
u_sm_ram_Q/mem_reg[46][0]	0	1.55556
u_sm_ram_Q/U121	0.1875	0.530864
u_sm_ram_Q/U1792	0	0.555556
u_sm_ram_Q/U3812	0	1.55556
u_sm_ram_I/U3961	0	1.55556
u_sm_ram_I/U3011	0	1.53086
u_sm_ram_I/U3083	0	1.55556
u_sm_ram_Q/U3486	0	0.54321
u_sm_ram_Q/U3722	0	2.55556
u_sm_ram_Q/PLACE_HFSBUF_34_830	0	0.555556
u_sm_ram_I/U853	0	0.555556
u_sm_ram_I/U2366	0	0.555556
u_sm_ram_I/U2009	0	1.55556
u_sm_ram_I/U3931	0	1.55556
u_sm_ram_Q/U876	0	1.51852
u_sm_ram_I/U3227	0	1.55556
u_sm_ram_Q/U764	0	0.555556
u_sm_ram_Q/U3345	0	0.555556
u_sm_ram_I/U3225	0	0.555556
u_sm_ram_Q/U3452	0	0.555556
u_sm_ram_Q/PLACE_HFSINV_4351_862	0	0.555556
u_sm_ram_I/U3229	0	1.55556
u_sm_ram_I/U3192	0	0.555556
u_sm_ram_I/U3910	0	0.555556
u_sm_ram_I/U3000	0	1.55556
u_sm_ram_I/mem_reg[169][2]	0	1.55556
u_sm_ram_Q/U1409	0.153846	1.55556
u_sm_ram_Q/U1478	0	1.55556
u_sm_ram_Q/U57	0	0.555556
u_sm_ram_Q/U1480	0	0.555556
u_sm_ram_I/U3885	0	1.55556
u_sm_ram_I/PLACE_HFSBUF_102_360	0	0.555556
u_sm_ram_I/U3453	0	1.55556
u_sm_ram_Q/mem_reg[25][3]	0	0.555556
u_sm_ram_I/U3763	0	0.555556
u_sm_ram_Q/U754	0	2.55556
u_sm_ram_Q/U1460	0	0.555556
u_sm_ram_Q/U925	0.0625	0.555556
u_sm_ram_I/U3220	0	1.55556
u_sm_ram_I/U3868	0	0.555556
u_sm_ram_Q/U532	0	1.53086
u_sm_ram_I/U1208	0	0.555556
u_sm_ram_Q/U1479	0	0.555556
u_sm_ram_Q/mem_reg[200][3]	0	0.555556
u_sm_ram_Q/U2231	0	0.555556
u_sm_ram_I/U3088	0	1.55556
u_sm_ram_Q/mem_reg[41][1]	0	0.555556
u_sm_ram_Q/mem_reg[202][0]	0	1.55556
u_sm_ram_I/U3861	0	0.555556
u_sm_ram_I/mem_reg[246][1]	0	0.555556
u_sm_ram_Q/U1796	0	0.555556
u_sm_ram_I/U3781	0	0.555556
u_sm_ram_I/mem_reg[57][1]	0	1.55556
u_sm_ram_Q/mem_reg[27][0]	0	1.55556
u_sm_ram_I/U974	0	0.555556
u_sm_ram_Q/mem_reg[31][3]	0	0.54321
u_sm_ram_Q/mem_reg[157][0]	0	1.55556
u_sm_ram_I/U3851	0	0.555556
u_sm_ram_I/U3909	0	0.555556
u_sm_ram_Q/U2230	0	1.55556
u_sm_ram_Q/U1410	0	1.55556
u_sm_ram_I/U3926	0	0.555556
u_sm_ram_Q/U141	0	0.555556
u_sm_ram_I/U2363	0	0.555556
u_sm_ram_Q/U2264	0	0.555556
u_sm_ram_Q/mem_reg[24][1]	0	1.55556
u_sm_ram_I/U3172	0	0.555556
u_sm_ram_Q/U1388	0	1.55556
u_sm_ram_I/U191	0	0.555556
u_sm_ram_Q/U3073	0	2.55556
u_sm_ram_Q/U1995	0	2.55556
u_sm_ram_I/U3836	0	0.555556
u_sm_ram_Q/U1475	0	1.55556
u_sm_ram_Q/U89	0	0.555556
u_sm_ram_I/U779	0	0.555556
u_sm_ram_I/U3320	0	0.518519
u_sm_ram_I/U3790	0	0.555556
u_sm_ram_Q/mem_reg[173][3]	0	0.555556
u_sm_ram_I/U3898	0	1.55556
u_sm_ram_I/U3852	0	0.555556
u_sm_ram_I/U2154	0	1.55556
u_sm_ram_I/U3764	0	0.555556
u_sm_ram_I/U3927	0	1.55556
u_sm_ram_I/U3935	0	1.55556
u_sm_ram_I/U3233	0	1.55556
u_sm_ram_I/mem_reg[22][0]	0	0.555556
u_sm_ram_I/U3888	0	1.55556
u_sm_ram_Q/PLACE_HFSBUF_107_1177	0	0.555556
u_sm_ram_Q/U3608	0	0.555556
u_sm_ram_I/U1880	0	1.55556
u_sm_ram_I/mem_reg[246][0]	0	1.55556
u_sm_ram_I/U3908	0	1.55556
u_sm_ram_I/U3952	0	0.555556
u_sm_ram_I/U3837	0	0.555556
u_sm_ram_Q/U1472	0	0.555556
u_sm_ram_Q/mem_reg[29][3]	0	1.55556
u_sm_ram_I/PLACE_HFSBUF_105_313	0	0.555556
u_sm_ram_Q/U1393	0	0.555556
u_sm_ram_I/PLACE_HFSBUF_105_312	0	1.55556
u_sm_ram_I/U3966	0	1.55556
u_sm_ram_Q/mem_reg[205][2]	0	0.555556
u_sm_ram_I/U3857	0	0.555556
u_sm_ram_I/mem_reg[148][0]	0	0.555556
u_sm_ram_Q/PLACE_HFSBUF_554_1112	0	0.555556
u_sm_ram_Q/U90	0	0.555556
u_sm_ram_I/U976	0	2.55556
u_sm_ram_I/U3880	0	0.555556
u_sm_ram_I/mem_reg[57][0]	0	1.55556
u_sm_ram_I/U265	0	0.555556
u_sm_ram_Q/U1454	0	0.555556
u_sm_ram_I/U578	0	1.55556
u_sm_ram_Q/U1699	0	0.555556
u_sm_ram_I/PLACE_HFSBUF_12326_703	0	0.555556
u_sm_ram_Q/U1392	0	2.53086
u_sm_ram_Q/PLACE_HFSBUF_1046_1030	0	1.55556
u_sm_ram_Q/U437	0	0.555556
u_sm_ram_Q/mem_reg[26][2]	0	1.55556
u_sm_ram_I/U3850	0	1.55556
u_sm_ram_I/mem_reg[196][1]	0	0.555556
u_sm_ram_I/U3899	0	1.55556
u_sm_ram_Q/U3976	0	1.55556
u_sm_ram_I/U3823	0	1.55556
u_sm_ram_Q/U1457	0	1.55556
u_sm_ram_Q/U1411	0	1.55556
u_sm_ram_I/mem_reg[118][3]	0	0.555556
u_sm_ram_I/U3731	0	0.555556
u_sm_ram_Q/mem_reg[108][3]	0	0.555556
u_sm_ram_I/mem_reg[57][2]	0	1.55556
u_sm_ram_Q/U2531	0	1.55556
u_sm_ram_I/U3211	0	0.555556
u_sm_ram_I/mem_reg[246][3]	0	0.555556
u_sm_ram_I/U3842	0	0.555556
u_sm_ram_I/mem_reg[196][0]	0	0.54321
u_sm_ram_Q/U3606	0	0.555556
u_sm_ram_I/U3717	0	0.555556
u_sm_ram_I/U3201	0	0.555556
u_sm_ram_Q/U67	0	0.555556
u_sm_ram_I/U3780	0	1.53086
u_sm_ram_I/U3752	0	1.55556
u_sm_ram_Q/U3731	0	0.555556
u_sm_ram_I/U31	0	1.55556
u_sm_ram_I/U3887	0	0.555556
u_sm_ram_Q/mem_reg[24][2]	0	1.55556
u_sm_ram_Q/U3315	0	1.55556
u_sm_ram_I/mem_reg[148][2]	0	0.555556
u_sm_ram_Q/U2569	0	0.555556
u_sm_ram_I/mem_reg[246][2]	0	2.55556
u_sm_ram_Q/PLACE_HFSBUF_57_948	0	0.555556
u_sm_ram_I/U1256	0	0.555556
u_sm_ram_I/U3919	0	0.555556
u_sm_ram_I/mem_reg[119][0]	0	1.55556
u_sm_ram_I/U1503	0	0.555556
u_sm_ram_I/U41	0	0.555556
u_sm_ram_Q/U2053	0	0.555556
u_sm_ram_Q/U3080	0	1.55556
u_sm_ram_Q/U884	0	0.555556
u_sm_ram_Q/mem_reg[107][3]	0	0.555556
u_sm_ram_Q/PLACE_HFSBUF_617_1113	0	0.555556
u_sm_ram_I/U1092	0	1.55556
u_sm_ram_Q/U2324	0	1.55556
u_sm_ram_I/U3822	0	0.555556
u_sm_ram_I/U3013	0	1.55556
u_sm_ram_Q/U766	0	1.55556
u_sm_ram_I/mem_reg[118][0]	0	1.55556
u_sm_ram_I/mem_reg[119][1]	0	0.555556
u_sm_ram_I/U3867	0	0.555556
u_sm_ram_I/mem_reg[185][1]	0	0.555556
u_sm_ram_Q/U1477	0	1.55556
u_sm_ram_I/U303	0	0.555556
u_sm_ram_Q/mem_reg[47][0]	0	0.555556
u_sm_ram_I/U3751	0	0.555556
u_sm_ram_Q/mem_reg[30][0]	0	2.55556
u_sm_ram_Q/U1453	0	1.55556
u_sm_ram_Q/U1389	0	0.54321
u_sm_ram_Q/mem_reg[41][3]	0	0.555556
u_sm_ram_Q/U1773	0	0.555556
u_sm_ram_Q/U3557	0	1.55556
u_sm_ram_I/U2941	0	1.55556
u_sm_ram_I/U3743	0	0.555556
u_sm_ram_I/U3188	0	0.555556
u_sm_ram_I/U3730	0	0.555556
u_sm_ram_I/U1672	0	0.555556
u_sm_ram_I/U332	0	0.555556
u_sm_ram_Q/U2232	0	0.555556
u_sm_ram_I/U3223	0	1.55556
u_sm_ram_I/mem_reg[185][3]	0	2.55556
u_sm_ram_I/U3202	0	1.55556
u_sm_ram_Q/PLACE_HFSBUF_357_1119	0	0.555556
u_sm_ram_Q/U3325	0	1.55556
u_sm_ram_Q/mem_reg[24][0]	0	0.555556
u_sm_ram_Q/mem_reg[202][3]	0	0.555556
u_sm_ram_I/U3771	0	0.555556
u_sm_ram_Q/U3285	0	1.55556
u_sm_ram_I/U3807	0	0.555556
u_sm_ram_Q/PLACE_HFSBUF_1162_1008	0	1.55556
u_sm_ram_Q/U1456	0	0.555556
u_sm_ram_I/U3004	0	0.555556
u_sm_ram_I/mem_reg[249][3]	0	1.55556
u_sm_ram_Q/mem_reg[47][3]	0	2.55556
u_sm_ram_I/U35	0	0.555556
u_sm_ram_I/U3806	0	1.55556
u_sm_ram_Q/U1790	0	1.55556
u_sm_ram_I/mem_reg[8][2]	0	1.55556
u_sm_ram_I/U1652	0	0.555556
u_sm_ram_Q/U1455	0	1.55556
u_sm_ram_Q/U2145	0	0.555556
u_sm_ram_Q/U3678	0	1.55556
u_sm_ram_I/mem_reg[102][1]	0	0.555556
u_sm_ram_I/U410	0	0.555556
u_sm_ram_Q/PLACE_HFSBUF_6123_524	0	1.54321
u_sm_ram_Q/U3804	0	1.55556
u_sm_ram_Q/U758	0	2.55556
u_sm_ram_Q/U1139	0	0.555556
u_sm_ram_I/U1096	0	1.55556
u_sm_ram_I/U11	0	0.555556
u_sm_ram_I/mem_reg[169][1]	0	1.55556
u_sm_ram_I/U2995	0	1.55556
u_sm_ram_Q/U3668	0	0.555556
u_sm_ram_Q/U938	0	1.55556
u_sm_ram_I/mem_reg[249][1]	0	0.555556
u_sm_ram_Q/PLACE_HFSBUF_931_538	0	0.555556
u_sm_ram_I/U217	0	0.555556
u_sm_ram_Q/U3791	0	0.555556
u_sm_ram_Q/U3324	0	0.555556
u_sm_ram_Q/U3524	0	1.55556
u_sm_ram_Q/U1474	0	0.555556
u_sm_ram_Q/U1658	0	0.555556
u_sm_ram_Q/U3498	0	0.555556
u_sm_ram_Q/PLACE_HFSBUF_947_1028	0	1.55556
u_sm_ram_Q/U1450	0	0.555556
u_sm_ram_Q/U745	0	0.555556
u_sm_ram_I/U1345	0	1.55556
u_sm_ram_I/U337	0	1.55556
u_sm_ram_Q/U3645	0	0.555556
u_sm_ram_I/mem_reg[217][0]	0	1.55556
u_sm_ram_I/mem_reg[137][3]	0	0.555556
u_sm_ram_I/PLACE_HFSBUF_4677_725	0.666667	1.55556
u_sm_ram_Q/mem_reg[106][3]	0	0.555556
u_sm_ram_I/U179	0	0.555556
u_sm_ram_Q/U436	0	0.555556
u_sm_ram_Q/U1412	0	1.55556
u_sm_ram_Q/PLACE_HFSBUF_3155_523	0	1.55556
u_sm_ram_Q/PLACE_HFSBUF_48_838	0	1.55556
u_sm_ram_I/mem_reg[56][1]	0	0.555556
u_sm_ram_Q/U3607	0	1.55556
u_sm_ram_Q/mem_reg[46][2]	0	0.555556
u_sm_ram_Q/U1669	0	1.55556
u_sm_ram_I/U3816	0	0.555556
u_sm_ram_Q/mem_reg[30][1]	0	0.555556
u_sm_ram_I/U3196	0	0.555556
u_sm_ram_Q/U3363	0	0.555556
u_sm_ram_I/mem_reg[137][2]	0	2.55556
u_sm_ram_Q/U3711	0	0.555556
u_sm_ram_I/mem_reg[73][1]	0	0.555556
u_sm_ram_Q/U2871	0	1.55556
u_sm_ram_I/mem_reg[185][0]	0	0.555556
u_sm_ram_I/PLACE_HFSBUF_6562_719	0	1.55556
u_sm_ram_I/U3915	0	1.55556
u_sm_ram_Q/mem_reg[47][2]	0	0.555556
u_sm_ram_Q/U1390	0	0.555556
u_sm_ram_Q/U755	0	0.555556
u_sm_ram_I/U1489	0	0.555556
u_sm_ram_Q/U1391	0	1.55556
u_sm_ram_I/U825	0	1.55556
u_sm_ram_Q/mem_reg[45][2]	0	1.55556
u_sm_ram_Q/mem_reg[29][1]	0	1.55556
u_sm_ram_Q/U1476	0	0.555556
u_sm_ram_I/mem_reg[8][0]	0	0.555556
u_sm_ram_I/U573	0	0.555556
u_sm_ram_I/U2261	0	1.55556
u_sm_ram_Q/U1458	0	1.55556
u_sm_ram_I/U1380	0	1.55556
u_sm_ram_I/U3793	0	0.555556
u_sm_ram_I/U3750	0	0.555556
u_sm_ram_Q/U385	0	0.555556
u_sm_ram_Q/mem_reg[30][2]	0	2.55556
u_sm_ram_I/U1344	0	0.555556
u_sm_ram_Q/mem_reg[106][0]	0	2.55556
u_sm_ram_I/mem_reg[22][3]	0	0.555556
u_sm_ram_Q/U1404	0.25	0.555556
u_sm_ram_I/mem_reg[201][0]	0	0.555556
u_sm_ram_Q/U2022	0	1.55556
u_sm_ram_I/PLACE_HFSBUF_6020_717	0	1.55556
u_sm_ram_Q/mem_reg[170][3]	0	1.55556
u_sm_ram_I/U3357	0	1.55556
u_sm_ram_I/U3738	0	0.555556
u_sm_ram_Q/PLACE_HFSBUF_760_1029	0	0.555556
u_sm_ram_Q/mem_reg[46][1]	0	0.555556
u_sm_ram_I/U3722	0	1.55556
u_sm_ram_I/U1346	0	2.55556
u_sm_ram_I/U697	0	0.555556
u_sm_ram_Q/mem_reg[31][0]	0	0.555556
u_sm_ram_I/U1487	0	0.555556
u_sm_ram_I/U1093	0	0.555556
u_sm_ram_I/PLACE_HFSBUF_6374_718	0	0.555556
u_sm_ram_Q/U3210	0	0.555556
u_sm_ram_I/mem_reg[248][2]	0	0.555556
u_sm_ram_Q/U3175	0	1.55556
u_sm_ram_I/mem_reg[23][0]	0	1.55556
u_sm_ram_Q/PLACE_HFSBUF_3015_515	0	1.55556
u_sm_ram_Q/U3183	0	1.55556
u_sm_ram_Q/mem_reg[205][1]	0	0.555556
u_sm_ram_Q/mem_reg[206][1]	0	2.55556
u_sm_ram_I/U2653	0	2.55556
u_sm_ram_Q/PLACE_HFSBUF_709_539	0	0.555556
u_sm_ram_I/mem_reg[119][2]	0	1.55556
u_sm_ram_I/U1099	0	0.555556
u_sm_ram_I/U3204	0	0.555556
u_sm_ram_I/mem_reg[118][1]	0.814815	1.55556
u_sm_ram_Q/mem_reg[104][0]	0	0.555556
u_sm_ram_I/mem_reg[57][3]	0	0.555556
u_sm_ram_Q/mem_reg[29][0]	0	0.555556
u_sm_ram_Q/U1138	0	0.555556
u_sm_ram_I/U3336	0	0.555556
u_sm_ram_Q/U2157	0	1.55556
u_sm_ram_I/mem_reg[25][2]	0	0.555556
u_sm_ram_Q/U1459	0	0.555556
u_sm_ram_I/mem_reg[22][1]	0	0.555556
u_sm_ram_Q/U3978	0	0.555556
u_sm_ram_Q/U2841	0	2.55556
u_sm_ram_Q/U1153	0.153846	0.54321
u_sm_ram_I/U2591	0	0.555556
u_sm_ram_I/mem_reg[8][3]	0	0.555556
u_sm_ram_I/U1552	0	0.555556
u_sm_ram_I/U3009	0	1.55556
u_sm_ram_I/U2592	0	0.555556
u_sm_ram_I/U566	0	0.555556
u_sm_ram_I/U565	0	0.555556
u_sm_ram_Q/U1140	0	0.555556
u_sm_ram_Q/PLACE_HFSBUF_880_526	0	0.555556
u_sm_ram_Q/U1385	0	0.555556
u_sm_ram_I/U1094	0	1.55556
u_sm_ram_Q/U468	0	1.55556
u_sm_ram_I/U695	0	0.555556
u_sm_ram_Q/mem_reg[174][0]	0	2.55556
u_sm_ram_I/U1097	0	1.55556
u_sm_ram_Q/mem_reg[25][2]	0	0.555556
u_sm_ram_Q/PLACE_HFSINV_3380_891	0	0.555556
u_sm_ram_I/mem_reg[102][3]	0	0.555556
u_sm_ram_I/mem_reg[185][2]	0	0.555556
u_sm_ram_I/U570	0	1.55556
u_sm_ram_I/mem_reg[134][3]	0	1.55556
u_sm_ram_Q/mem_reg[207][3]	0	0.555556
u_sm_ram_I/U1280	0	1.55556
u_sm_ram_Q/U1834	0	1.54321
u_sm_ram_Q/U872	0	0.555556
u_sm_ram_I/PLACE_HFSBUF_473_681	0	1.55556
u_sm_ram_I/mem_reg[217][2]	0	0.555556
u_sm_ram_I/U567	0	0.555556
u_sm_ram_Q/U3189	0	0.555556
u_sm_ram_I/PLACE_HFSINV_179_479	0	0.555556
u_sm_ram_I/U3302	0	0.506173
u_sm_ram_Q/U3322	0	1.55556
u_sm_ram_I/U1655	0	1.55556
u_sm_ram_Q/mem_reg[108][1]	0	0.555556
u_sm_ram_I/U2099	0	1.55556
u_sm_ram_I/PLACE_HFSBUF_34_480	0	0.555556
u_sm_ram_Q/U1387	0	1.55556
u_sm_ram_Q/U3704	0	0.555556
u_sm_ram_I/U2841	0	0.555556
u_sm_ram_Q/U2663	0	0.555556
u_sm_ram_I/U1162	0	2.55556
u_sm_ram_I/U3367	0	0.555556
u_sm_ram_Q/U3028	0	0.555556
u_sm_ram_I/PLACE_HFSBUF_156_919	0	1.55556
u_sm_ram_I/mem_reg[9][1]	0	1.55556
u_sm_ram_Q/U1144	0	0.555556
u_sm_ram_Q/mem_reg[105][1]	0	0.555556
u_sm_ram_I/U3399	0	0.555556
u_sm_ram_I/mem_reg[217][1]	0	0.555556
u_sm_ram_I/U3532	0	1.55556
u_sm_ram_I/mem_reg[73][2]	0	2.55556
u_sm_ram_Q/mem_reg[26][3]	0	0.555556
u_sm_ram_Q/U1452	0	0.555556
u_sm_ram_Q/mem_reg[104][3]	0	1.55556
u_sm_ram_I/U3195	0	0.555556
u_sm_ram_I/U1738	0	1.48148
u_sm_ram_I/U3647	0	0.555556
u_sm_ram_I/mem_reg[249][0]	0	0.555556
u_sm_ram_Q/PLACE_HFSBUF_44_597	0	0.555556
u_sm_ram_Q/U757	0	1.55556
u_sm_ram_Q/U3475	0	1.55556
u_sm_ram_I/mem_reg[184][1]	0	0.555556
u_sm_ram_Q/mem_reg[202][2]	0	2.55556
u_sm_ram_I/U1022	0	2.55556
u_sm_ram_Q/mem_reg[125][1]	0	0.555556
u_sm_ram_I/U3473	0	1.53086
u_sm_ram_Q/U163	0	0.555556
u_sm_ram_Q/U1451	0	1.54321
u_sm_ram_Q/U2596	0.307692	1.55556
u_sm_ram_I/U4096	0	0.555556
u_sm_ram_I/U1098	0	1.55556
u_sm_ram_Q/U3282	0	1.55556
u_sm_ram_I/U3368	0	0.555556
u_sm_ram_I/U820	0	1.53086
u_sm_ram_Q/mem_reg[66][1]	0	0.555556
u_sm_ram_I/U3515	0	0.555556
u_sm_ram_Q/PLACE_HFSBUF_1664_1010	0	0.555556
u_sm_ram_I/mem_reg[248][1]	0	1.55556
u_sm_ram_I/U1021	0	0.555556
u_sm_ram_I/U564	0	2.55556
u_sm_ram_Q/U1145	0	1.55556
u_sm_ram_I/U3430	0	1.55556
u_sm_ram_Q/U3496	0	1.55556
u_sm_ram_Q/PLACE_HFSBUF_3133_1108	0	0.555556
u_sm_ram_I/U1095	0	2.54321
u_sm_ram_Q/U3965	0	1.55556
u_sm_ram_Q/U500	0	2.55556
u_sm_ram_Q/mem_reg[175][0]	0	0.555556
u_sm_ram_Q/U3321	0	0.555556
u_sm_ram_I/mem_reg[233][3]	0	0.555556
u_sm_ram_I/U571	0	1.55556
u_sm_ram_I/U1348	0	0.555556
u_sm_ram_Q/U1386	0	2.55556
u_sm_ram_Q/mem_reg[157][1]	0	0.555556
u_sm_ram_I/U182	0	2.55556
u_sm_ram_Q/U368	0	2.55556
u_sm_ram_Q/mem_reg[175][1]	0	2.49383
u_sm_ram_Q/PLACE_HFSBUF_99_586	0	0.555556
u_sm_ram_I/U1675	0	2.55556
u_sm_ram_I/U1163	0	0.555556
u_sm_ram_I/U4207	0	0.555556
u_sm_ram_Q/U1154	0	1.55556
u_sm_ram_I/U1550	0	0.555556
u_sm_ram_Q/mem_reg[204][1]	0	0.555556
u_sm_ram_I/U2550	0	2.55556
u_sm_ram_Q/U2836	0	0.555556
u_sm_ram_I/mem_reg[8][1]	0	0.555556
u_sm_ram_I/U1933	0	0.555556
u_sm_ram_Q/U3147	0	0.555556
u_sm_ram_Q/mem_reg[76][1]	0	1.53086
u_sm_ram_I/U763	0	0.555556
u_sm_ram_I/U1282	0	0.555556
u_sm_ram_I/U3575	0	1.55556
u_sm_ram_Q/U2673	0	0.555556
u_sm_ram_I/PLACE_HFSBUF_95_474	0	1.55556
u_sm_ram_I/U2548	0	1.55556
u_sm_ram_I/U2072	0	1.55556
u_sm_ram_I/U3285	0	1.55556
u_sm_ram_Q/U3449	0	0.555556
u_sm_ram_Q/U871	0	0.555556
u_sm_ram_Q/mem_reg[170][0]	0	1.55556
u_sm_ram_Q/mem_reg[124][1]	0	0.555556
u_sm_ram_Q/U3430	0	0.555556
u_sm_ram_I/mem_reg[24][2]	0	0.555556
u_sm_ram_Q/mem_reg[253][2]	0	0.555556
u_sm_ram_Q/mem_reg[31][1]	0	1.55556
u_sm_ram_Q/U740	0	0.555556
u_sm_ram_Q/U1146	0	0.555556
u_sm_ram_I/U466	0.0625	2.55556
u_sm_ram_I/U692	0	0.555556
u_sm_ram_I/mem_reg[248][3]	0	0.555556
u_sm_ram_I/U2936	0	1.55556
u_sm_ram_Q/PLACE_HFSBUF_227_1178	0	1.51852
u_sm_ram_I/mem_reg[25][1]	0	1.50617
u_sm_ram_I/mem_reg[25][3]	0	1.55556
u_sm_ram_I/mem_reg[73][3]	0	0.555556
u_sm_ram_Q/U2672	0	1.55556
u_sm_ram_Q/mem_reg[14][1]	0	0.555556
u_sm_ram_I/mem_reg[102][2]	0	1.55556
u_sm_ram_Q/U870	0	0.555556
u_sm_ram_I/mem_reg[201][1]	0	0.555556
u_sm_ram_Q/U3203	0	0.555556
u_sm_ram_I/PLACE_HFSBUF_1379_1077	0	1.54321
u_sm_ram_Q/U1155	0	0.555556
u_sm_ram_Q/U2542	0	0.555556
u_sm_ram_I/U1890	0	1.55556
u_sm_ram_I/mem_reg[24][3]	0	2.55556
u_sm_ram_I/U103	0	2.55556
u_sm_ram_I/U1347	0	0.555556
u_sm_ram_Q/U3798	0.428571	0.555556
u_sm_ram_I/mem_reg[118][2]	0	1.55556
u_sm_ram_I/U3917	0	0.555556
u_sm_ram_I/U1551	0	1.55556
u_sm_ram_I/U3522	0	1.55556
u_sm_ram_I/mem_reg[102][0]	0	1.55556
u_sm_ram_I/U759	0	0.555556
u_sm_ram_Q/U3434	0	0.555556
u_sm_ram_Q/U3139	0	1.55556
u_sm_ram_I/U220	0	0.555556
u_sm_ram_I/mem_reg[119][3]	0	0.555556
u_sm_ram_I/U3207	0	0.555556
u_sm_ram_Q/U3897	0	1.55556
u_sm_ram_I/U3293	0	1.54321
u_sm_ram_I/U3279	0	0.555556
u_sm_ram_I/mem_reg[56][0]	0	2.55556
u_sm_ram_Q/mem_reg[206][2]	0	0.555556
u_sm_ram_Q/U2593	0	0.555556
u_sm_ram_Q/U2010	0	0.555556
u_sm_ram_I/U2597	0	1.53086
u_sm_ram_Q/mem_reg[31][2]	0	1.51852
u_sm_ram_Q/mem_reg[104][2]	0	1.55556
u_sm_ram_Q/U741	0	1.55556
u_sm_ram_I/U1553	0	1.55556
u_sm_ram_Q/PLACE_HFSBUF_1054_462	0	0.555556
u_sm_ram_Q/U3263	0	1.55556
u_sm_ram_I/mem_reg[20][1]	0	0.555556
u_sm_ram_Q/mem_reg[216][3]	0	1.48148
u_sm_ram_I/U4059	0	0.555556
u_sm_ram_I/PLACE_HFSBUF_232_1161	0	0.555556
u_sm_ram_I/U830	0	0.555556
u_sm_ram_I/mem_reg[216][2]	0	0.54321
u_sm_ram_Q/mem_reg[107][0]	0	1.55556
u_sm_ram_Q/mem_reg[125][3]	0	0.555556
u_sm_ram_Q/U3394	0	0.555556
u_sm_ram_I/PLACE_HFSBUF_177_1160	0	0.555556
u_sm_ram_I/U3219	0	1.55556
u_sm_ram_I/U1349	0	0.555556
u_sm_ram_Q/U3539	0	0.555556
u_sm_ram_Q/U3455	0	0.555556
u_sm_ram_I/U470	0	0.555556
u_sm_ram_Q/U3207	0	0.555556
u_sm_ram_I/U1350	0	1.55556
u_sm_ram_Q/U2662	0	0.555556
u_sm_ram_I/PLACE_HFSBUF_6198_720	0	0.555556
u_sm_ram_I/mem_reg[89][1]	0	0.54321
u_sm_ram_Q/mem_reg[106][1]	0	0.555556
u_sm_ram_Q/U2664	0	1.55556
u_sm_ram_I/PLACE_HFSBUF_1270_1076	0	0.555556
u_sm_ram_I/U3791	0	1.55556
u_sm_ram_Q/U2674	0	0.555556
u_sm_ram_Q/PLACE_HFSBUF_33_999	0	0.555556
u_sm_ram_I/PLACE_HFSBUF_1114_1083	0	0.555556
u_sm_ram_Q/U3236	0	1.55556
u_sm_ram_Q/mem_reg[104][1]	0	0.555556
u_sm_ram_I/mem_reg[9][3]	0	0.555556
u_sm_ram_I/U1474	0	0.555556
u_sm_ram_I/U2505	0	0.555556
u_sm_ram_I/U3280	0	1.55556
u_sm_ram_Q/U140	0	1.55556
u_sm_ram_I/U2998	0	0.555556
u_sm_ram_I/mem_reg[89][3]	0	1.51852
u_sm_ram_Q/mem_reg[207][1]	0	1.55556
u_sm_ram_I/mem_reg[235][2]	0	0.555556
u_sm_ram_I/mem_reg[136][3]	0	2.55556
u_sm_ram_Q/PLACE_HFSBUF_228_833	0	0.555556
u_sm_ram_I/U3544	0	0.555556
u_sm_ram_Q/U748	0	0.555556
u_sm_ram_Q/U3523	0	1.55556
u_sm_ram_I/U1545	0	1.55556
u_sm_ram_Q/U3132	0	1.55556
u_sm_ram_I/U2157	0	1.55556
u_sm_ram_Q/U2594	0	0.555556
u_sm_ram_Q/mem_reg[202][1]	0	0.555556
u_sm_ram_I/U1475	0	1.50617
u_sm_ram_Q/U3763	0	1.55556
u_sm_ram_Q/PLACE_HFSBUF_870_463	0	0.555556
u_sm_ram_I/U1546	0	0.555556
u_sm_ram_I/U1476	0	0.555556
u_sm_ram_I/U3221	0	0.555556
u_sm_ram_Q/mem_reg[174][2]	0	1.55556
u_sm_ram_Q/U1996	0	0.555556
u_sm_ram_Q/U869	0	2.55556
u_sm_ram_I/U1351	0	2.55556
u_sm_ram_I/mem_reg[73][0]	0	0.555556
u_sm_ram_I/U3418	0	0.555556
u_sm_ram_I/U3542	0	0.555556
u_sm_ram_Q/U3892	0	0.555556
u_sm_ram_I/U1906	0	0.555556
u_sm_ram_I/U829	0	0.555556
u_sm_ram_Q/U2983	0	0.555556
u_sm_ram_I/mem_reg[137][1]	0	0.555556
u_sm_ram_Q/PLACE_HFSBUF_12213_504	0	1.55556
u_sm_ram_Q/U2671	0	0.555556
u_sm_ram_Q/U756	0	2.55556
u_sm_ram_I/U831	0	0.555556
u_sm_ram_I/U568	0	0.555556
u_sm_ram_Q/U867	0	0.555556
u_sm_ram_Q/U3658	0	1.55556
u_sm_ram_Q/PLACE_HFSINV_12170_513	0	1.51852
u_sm_ram_Q/U868	0	1.55556
u_sm_ram_Q/mem_reg[124][2]	0	0.555556
u_sm_ram_I/U3214	0	2.48148
u_sm_ram_Q/mem_reg[217][2]	0	0.555556
u_sm_ram_Q/U1833	0	1.55556
u_sm_ram_I/U760	0	0.555556
u_sm_ram_Q/U1142	0	1.55556
u_sm_ram_Q/U3287	0	0.555556
u_sm_ram_Q/U1069	0	1.55556
u_sm_ram_I/U569	0	0.555556
u_sm_ram_I/U2042	0	1.55556
u_sm_ram_Q/mem_reg[188][3]	0	0.555556
u_sm_ram_Q/mem_reg[171][2]	0	1.55556
u_sm_ram_I/U3840	0	0.555556
u_sm_ram_Q/U351	0.0625	2.55556
u_sm_ram_Q/U2451	0	1.55556
u_sm_ram_Q/mem_reg[216][2]	0	1.55556
u_sm_ram_Q/mem_reg[106][2]	0	1.55556
u_sm_ram_Q/U1073	0	2.55556
u_sm_ram_I/mem_reg[11][0]	0	1.55556
u_sm_ram_I/U2089	0	0.555556
u_sm_ram_Q/U3344	0	1.55556
u_sm_ram_I/PLACE_HFSBUF_117_1159	0	1.55556
u_sm_ram_I/U3720	0	2.55556
u_sm_ram_I/U699	0	0.555556
u_sm_ram_Q/PLACE_HFSBUF_5031_449	0	0.481481
u_sm_ram_Q/mem_reg[105][2]	0	0.555556
u_sm_ram_Q/U865	0	1.55556
u_sm_ram_Q/U524	0	1.55556
u_sm_ram_I/mem_reg[200][1]	0	1.55556
u_sm_ram_I/mem_reg[120][2]	0	0.555556
u_sm_ram_Q/U1780	0	0.555556
u_sm_ram_Q/U3209	0	1.55556
u_sm_ram_I/U1547	0	0.555556
u_sm_ram_Q/U3124	0	0.555556
u_sm_ram_I/U632	0	1.55556
u_sm_ram_Q/U1521	0	0.555556
u_sm_ram_I/U2041	0	1.55556
u_sm_ram_I/U2594	0	0.555556
u_sm_ram_I/U4102	0	0.555556
u_sm_ram_I/U3494	0	0.555556
u_sm_ram_I/U1480	0	0.555556
u_sm_ram_Q/U3497	0	0.555556
u_sm_ram_I/mem_reg[25][0]	0.185185	2.55556
u_sm_ram_I/mem_reg[88][0]	0	1.55556
u_sm_ram_Q/U2423	0	0.555556
u_sm_ram_Q/U3222	0	0.555556
u_sm_ram_I/U1220	0	1.55556
u_sm_ram_I/mem_reg[216][1]	0	0.555556
u_sm_ram_I/U3198	0	0.555556
u_sm_ram_I/U3959	0	1.55556
u_sm_ram_I/U1548	0	0.555556
u_sm_ram_Q/PLACE_HFSBUF_4332_453	0	1.55556
u_sm_ram_I/U636	0	1.55556
u_sm_ram_Q/mem_reg[216][1]	0	0.555556
u_sm_ram_I/PLACE_HFSINV_5401_819	0	1.55556
u_sm_ram_Q/U866	0	1.48148
u_sm_ram_Q/U2031	0	1.48148
u_sm_ram_Q/U2597	0	0.555556
u_sm_ram_Q/U3396	0	0.555556
u_sm_ram_I/mem_reg[232][1]	0	0.555556
u_sm_ram_I/mem_reg[56][3]	0	0.555556
u_sm_ram_Q/U1143	0	1.55556
u_sm_ram_I/mem_reg[88][1]	0	0.555556
u_sm_ram_I/U1477	0.230769	1.51852
u_sm_ram_Q/PLACE_HFSBUF_5179_450	0	1.51852
u_sm_ram_Q/PLACE_HFSBUF_12007_548	0	1.55556
u_sm_ram_I/mem_reg[9][2]	0	2.55556
u_sm_ram_I/U3629	0	1.55556
u_sm_ram_Q/U3283	0	1.55556
u_sm_ram_Q/U2891	0	0.555556
u_sm_ram_I/U306	0	1.55556
u_sm_ram_I/U3481	0	0.555556
u_sm_ram_I/U3814	0	0.555556
u_sm_ram_I/U4066	0	0.555556
u_sm_ram_I/U335	0	1.55556
u_sm_ram_I/U1481	0	0.555556
u_sm_ram_Q/PLACE_HFSBUF_182_596	0	0.555556
u_sm_ram_Q/mem_reg[207][0]	0	0.555556
u_sm_ram_Q/U3294	0	0.555556
u_sm_ram_Q/U742	0	1.55556
u_sm_ram_Q/mem_reg[14][3]	0	0.54321
u_sm_ram_Q/mem_reg[189][0]	0	0.555556
u_sm_ram_I/mem_reg[184][2]	0	0.555556
u_sm_ram_Q/U815	0	2.55556
u_sm_ram_Q/U750	0	0.555556
u_sm_ram_Q/U1523	0	0.555556
u_sm_ram_Q/U1793	0	0.555556
u_sm_ram_I/U700	0	0.54321
u_sm_ram_I/U3410	0	0.555556
u_sm_ram_Q/U1071	0	1.55556
u_sm_ram_I/U2406	0	1.55556
u_sm_ram_Q/mem_reg[207][2]	0	2.55556
u_sm_ram_Q/U699	0	2.55556
u_sm_ram_Q/PLACE_HFSINV_1706_991	0	1.55556
u_sm_ram_Q/PLACE_HFSBUF_12649_500	0	1.55556
u_sm_ram_I/mem_reg[24][0]	0	0.555556
u_sm_ram_I/mem_reg[168][3]	0	2.55556
u_sm_ram_Q/mem_reg[14][0]	0	0.555556
u_sm_ram_Q/U1137	0	1.55556
u_sm_ram_I/U3929	0	1.55556
u_sm_ram_Q/mem_reg[105][0]	0	1.55556
u_sm_ram_I/PLACE_HFSBUF_2559_732	0	0.54321
u_sm_ram_I/PLACE_HFSBUF_4466_816	0	0.555556
u_sm_ram_I/U3314	0	0.555556
u_sm_ram_Q/U4080	0	2.55556
u_sm_ram_I/U1478	0	1.55556
u_sm_ram_Q/mem_reg[107][2]	0	1.55556
u_sm_ram_Q/U3983	0	0.555556
u_sm_ram_I/U4085	0	0.555556
u_sm_ram_I/U3993	0	0.518519
u_sm_ram_Q/U701	0	0.555556
u_sm_ram_I/PLACE_HFSBUF_390_1155	0	0.555556
u_sm_ram_I/U2091	0	0.555556
u_sm_ram_I/U958	0	2.55556
u_sm_ram_Q/PLACE_HFSBUF_6318_873	0	0.555556
u_sm_ram_I/U3879	0	0.555556
u_sm_ram_Q/U3149	0	1.55556
u_sm_ram_Q/mem_reg[107][1]	0	1.55556
u_sm_ram_I/U3625	0	0.555556
u_sm_ram_Q/mem_reg[189][2]	0	0.555556
u_sm_ram_I/U3616	0	0.555556
u_sm_ram_I/U3189	0	0.555556
u_sm_ram_I/mem_reg[216][0]	0	1.55556
u_sm_ram_I/PLACE_HFSBUF_478_1156	0	0.555556
u_sm_ram_Q/U262	0	0.555556
u_sm_ram_Q/U739	0	0.555556
u_sm_ram_I/U3356	0	1.55556
u_sm_ram_I/mem_reg[248][0]	0	0.555556
u_sm_ram_I/PLACE_HFSBUF_4294_813	0	0.555556
u_sm_ram_Q/U1847	0	0.555556
u_sm_ram_I/PLACE_HFSBUF_155_1082	0	0.555556
u_sm_ram_I/U1215	0	0.555556
u_sm_ram_I/U194	0	2.55556
u_sm_ram_I/mem_reg[153][0]	0	2.55556
u_sm_ram_Q/PLACE_HFSBUF_125_997	0	1.55556
u_sm_ram_Q/U3879	0	0.555556
u_sm_ram_I/U3431	0	0.555556
u_sm_ram_Q/U1522	0	1.55556
u_sm_ram_I/U3623	0	1.55556
u_sm_ram_I/U579	0	0.555556
u_sm_ram_I/PLACE_HFSINV_15289_820	0	1.55556
u_sm_ram_I/mem_reg[136][2]	0	1.55556
u_sm_ram_Q/U3878	0	0.555556
u_sm_ram_Q/U1070	0	2.55556
u_sm_ram_Q/mem_reg[169][2]	0	1.55556
u_sm_ram_I/U3933	0	1.55556
u_sm_ram_Q/U743	0	0.555556
u_sm_ram_Q/mem_reg[187][1]	0	0.555556
u_sm_ram_I/U1479	0.384615	0.555556
u_sm_ram_Q/mem_reg[189][1]	0	1.55556
u_sm_ram_Q/U814	0	0.555556
u_sm_ram_Q/mem_reg[189][3]	0	2.55556
u_sm_ram_I/PLACE_HFSBUF_60_361	0	1.55556
u_sm_ram_I/U235	0.75	1.55556
u_sm_ram_Q/mem_reg[205][3]	0	1.55556
u_sm_ram_I/U1217	0	0.555556
u_sm_ram_Q/U1758	0	0.555556
u_sm_ram_I/U764	0	0.555556
u_sm_ram_Q/PLACE_HFSBUF_11995_505	0	1.55556
u_sm_ram_Q/mem_reg[186][2]	0	2.55556
u_sm_ram_I/U634	0	1.55556
u_sm_ram_Q/PLACE_HFSBUF_11853_503	0	0.555556
u_sm_ram_I/mem_reg[233][2]	0	0.481481
u_sm_ram_Q/U247	0	1.55556
u_sm_ram_Q/U1904	0	0.555556
u_sm_ram_I/U3501	0	1.55556
u_sm_ram_I/U3668	0	0.555556
u_sm_ram_Q/U3253	0	1.55556
u_sm_ram_Q/U1678	0	1.55556
u_sm_ram_I/PLACE_HFSBUF_5708_818	0	0.555556
u_sm_ram_I/U3226	0	0.555556
u_sm_ram_Q/mem_reg[124][3]	0	0.555556
u_sm_ram_Q/U3369	0	0.555556
u_sm_ram_Q/mem_reg[92][3]	0	0.555556
u_sm_ram_I/U3648	0	1.55556
u_sm_ram_Q/U882	0	0.555556
u_sm_ram_I/U3516	0	0.555556
u_sm_ram_Q/U1674	0	1.45679
u_sm_ram_Q/PLACE_HFSBUF_443_1000	0	0.555556
u_sm_ram_I/U2710	0	0.555556
u_sm_ram_I/U3313	0	1.55556
u_sm_ram_I/mem_reg[184][0]	0	1.55556
u_sm_ram_I/U1219	0	1.55556
u_sm_ram_Q/U700	0	0.555556
u_sm_ram_Q/PLACE_HFSBUF_76_938	0	0.555556
u_sm_ram_I/U629	0	0.555556
u_sm_ram_I/U3715	0	0.555556
u_sm_ram_Q/U893	0	0.555556
u_sm_ram_I/U3581	0	1.53086
u_sm_ram_I/PLACE_HFSBUF_1024_679	0	1.55556
u_sm_ram_Q/mem_reg[171][1]	0	1.55556
u_sm_ram_I/U1088	0	0.555556
u_sm_ram_I/mem_reg[72][3]	0	0.555556
u_sm_ram_I/mem_reg[137][0]	0	1.55556
u_sm_ram_I/U1260	0	1.51852
u_sm_ram_I/mem_reg[120][3]	0	1.55556
u_sm_ram_I/U630	0	0.555556
u_sm_ram_I/U698	0	2.55556
u_sm_ram_I/mem_reg[9][0]	0	0.555556
u_sm_ram_I/U1221	0	0.555556
u_sm_ram_Q/mem_reg[206][0]	0	0.555556
u_sm_ram_Q/mem_reg[188][2]	0	0.555556
u_sm_ram_I/U1090	0	1.51852
u_sm_ram_I/U3610	0	0.555556
u_sm_ram_I/mem_reg[152][0]	0	0.555556
u_sm_ram_Q/mem_reg[168][1]	0	0.555556
u_sm_ram_Q/U813	0	1.55556
u_sm_ram_Q/U3654	0	1.55556
u_sm_ram_I/U896	0	0.555556
u_sm_ram_Q/U1832	0	1.55556
u_sm_ram_I/mem_reg[233][0]	0	0.555556
u_sm_ram_I/U3621	0	0.555556
u_sm_ram_I/PLACE_HFSBUF_229_1080	0	0.555556
u_sm_ram_I/PLACE_HFSBUF_830_1081	0	0.555556
u_sm_ram_Q/PLACE_HFSBUF_6675_875	0	0.555556
u_sm_ram_I/mem_reg[72][1]	0	0.555556
u_sm_ram_I/U631	0	1.55556
u_sm_ram_I/mem_reg[106][0]	0	1.55556
u_sm_ram_I/U633	0	0.555556
u_sm_ram_I/U1861	0	1.55556
u_sm_ram_Q/U883	0	0.555556
u_sm_ram_I/U3435	0	1.55556
u_sm_ram_I/PLACE_HFSBUF_1198_680	0	1.55556
u_sm_ram_Q/mem_reg[125][2]	0	2.55556
u_sm_ram_Q/mem_reg[216][0]	0	0.555556
u_sm_ram_I/U1214	0	0.555556
u_sm_ram_Q/U3972	0	0.555556
u_sm_ram_I/mem_reg[120][0]	0	0.555556
u_sm_ram_Q/U812	0	1.55556
u_sm_ram_I/U895	0	1.55556
u_sm_ram_Q/mem_reg[92][0]	0	0.555556
u_sm_ram_I/mem_reg[24][1]	0	0.555556
u_sm_ram_I/U762	0	0.555556
u_sm_ram_Q/mem_reg[108][0]	0	2.50617
u_sm_ram_Q/PLACE_HFSBUF_508_461	0	1.55556
u_sm_ram_Q/PLACE_HFSBUF_645_464	0	0.555556
u_sm_ram_I/U3394	0	0.555556
u_sm_ram_I/U1091	0	1.55556
u_sm_ram_Q/U1520	0	0.555556
u_sm_ram_I/U761	0	1.55556
u_sm_ram_Q/U1779	0	0.555556
u_sm_ram_I/U1286	0	2.55556
u_sm_ram_I/U3607	0	1.55556
u_sm_ram_Q/U3064	0	1.55556
u_sm_ram_I/U3674	0	0.555556
u_sm_ram_Q/mem_reg[169][1]	0	0.555556
u_sm_ram_Q/U809	0	1.55556
u_sm_ram_I/U3409	0	1.55556
u_sm_ram_I/U635	0	0.555556
u_sm_ram_I/U3366	0	1.55556
u_sm_ram_Q/U808	0	0.555556
u_sm_ram_I/U1025	0	1.55556
u_sm_ram_Q/PLACE_HFSBUF_105_949	0	0.555556
u_sm_ram_I/U3003	0	0.555556
u_sm_ram_I/PLACE_HFSBUF_618_1157	0	1.54321
u_sm_ram_Q/U376	0	1.55556
u_sm_ram_Q/U895	0	2.55556
u_sm_ram_I/PLACE_HFSBUF_244_678	0	0.555556
u_sm_ram_I/U1089	0	1.55556
u_sm_ram_I/U766	0	0.555556
u_sm_ram_I/U1173	0	0.555556
u_sm_ram_Q/U3814	0	0.555556
u_sm_ram_I/U3332	0	0.555556
u_sm_ram_I/mem_reg[168][2]	0	0.555556
u_sm_ram_I/U1218	0	0.555556
u_sm_ram_I/PLACE_HFSBUF_12008_801	0	0.555556
u_sm_ram_I/mem_reg[232][2]	0	1.55556
u_sm_ram_Q/mem_reg[42][2]	0	0.555556
u_sm_ram_Q/U3031	0	0.555556
u_sm_ram_Q/U2266	0	1.55556
u_sm_ram_I/U701	0	0.555556
u_sm_ram_I/U3392	0	0.530864
u_sm_ram_I/U1024	0	0.555556
u_sm_ram_I/PLACE_HFSBUF_2382_731	0	0.555556
u_sm_ram_I/U3574	0	1.53086
u_sm_ram_I/U1216	0	0.555556
u_sm_ram_I/U765	0	1.51852
u_sm_ram_Q/mem_reg[205][0]	0	1.55556
u_sm_ram_I/mem_reg[233][1]	0	0.555556
u_sm_ram_Q/PLACE_HFSBUF_818_1111	0	1.55556
u_sm_ram_Q/mem_reg[187][2]	0	0.555556
u_sm_ram_I/PLACE_HFSBUF_8775_797	0	1.55556
u_sm_ram_Q/U810	0	0.555556
u_sm_ram_Q/U891	0	2.55556
u_sm_ram_I/mem_reg[216][3]	0	0.555556
u_sm_ram_I/PLACE_HFSBUF_2235_733	0	1.55556
u_sm_ram_I/mem_reg[123][2]	0	0.555556
u_sm_ram_Q/U3641	0	0.555556
u_sm_ram_I/PLACE_HFSBUF_2101_730	0	0.555556
u_sm_ram_I/U3788	0	0.555556
u_sm_ram_I/U954	0	0.555556
u_sm_ram_I/U4175	0	0.555556
u_sm_ram_I/U3569	0	1.55556
u_sm_ram_I/mem_reg[201][3]	0	2.55556
u_sm_ram_Q/U1461	0	1.55556
u_sm_ram_Q/mem_reg[188][1]	0	0.555556
u_sm_ram_I/PLACE_HFSBUF_3316_664	0	1.55556
u_sm_ram_I/mem_reg[152][3]	0	1.55556
u_sm_ram_Q/mem_reg[92][1]	0	0.555556
u_sm_ram_I/mem_reg[232][0]	0	2.55556
u_sm_ram_Q/U335	0	1.55556
u_sm_ram_Q/U3127	0	0.555556
u_sm_ram_I/mem_reg[136][1]	0	0.555556
u_sm_ram_I/mem_reg[88][2]	0	0.555556
u_sm_ram_Q/U2840	0	2.55556
u_sm_ram_Q/U2579	0	0.555556
u_sm_ram_I/U3735	0	0.555556
u_sm_ram_I/U3748	0.571429	1.55556
u_sm_ram_Q/U822	0	0.555556
u_sm_ram_I/mem_reg[201][2]	0	0.555556
u_sm_ram_Q/mem_reg[188][0]	0	2.55556
u_sm_ram_I/mem_reg[89][2]	0	1.49383
u_sm_ram_I/mem_reg[152][2]	0	0.555556
u_sm_ram_I/U2061	0	0.555556
u_sm_ram_Q/PLACE_HFSBUF_428_1176	0	0.555556
u_sm_ram_I/mem_reg[72][0]	0	0.555556
u_sm_ram_I/U3012	0	1.55556
u_sm_ram_I/mem_reg[250][0]	0	0.555556
u_sm_ram_I/mem_reg[250][2]	0	0.555556
u_sm_ram_Q/mem_reg[217][1]	0	0.555556
u_sm_ram_I/U3913	0	0.555556
u_sm_ram_Q/U698	0	1.55556
u_sm_ram_Q/U2436	0	0.555556
u_sm_ram_I/U4072	0	0.54321
u_sm_ram_Q/U3675	0	0.555556
u_sm_ram_I/U1023	0	0.555556
u_sm_ram_Q/U3245	0	1.55556
u_sm_ram_I/U340	0	2.55556
u_sm_ram_Q/U2587	0	0.555556
u_sm_ram_Q/U2155	0	0.555556
u_sm_ram_I/U3411	0	0.555556
u_sm_ram_Q/U2591	0	0.555556
u_sm_ram_I/mem_reg[200][2]	0	2.55556
u_sm_ram_I/PLACE_HFSBUF_526_1158	0	1.48148
u_sm_ram_I/mem_reg[136][0]	0	1.55556
u_sm_ram_Q/U4050	0	0.555556
u_sm_ram_I/U2991	0	0.555556
u_sm_ram_Q/PLACE_HFSBUF_566_1170	0	1.55556
u_sm_ram_I/U3856	0	0.555556
u_sm_ram_Q/mem_reg[171][0]	0	1.55556
u_sm_ram_I/U1366	0	0.555556
u_sm_ram_Q/U817	0	0.555556
u_sm_ram_I/mem_reg[120][1]	0	0.555556
u_sm_ram_Q/U1862	0	2.55556
u_sm_ram_Q/mem_reg[93][0]	0	1.55556
u_sm_ram_Q/U890	0	0.530864
u_sm_ram_Q/mem_reg[191][3]	0	0.555556
u_sm_ram_I/U3179	0	1.55556
u_sm_ram_I/mem_reg[219][3]	0	2.55556
u_sm_ram_I/U894	0	1.55556
u_sm_ram_Q/U3256	0	0.555556
u_sm_ram_Q/U881	0	2.55556
u_sm_ram_I/mem_reg[138][2]	0	2.55556
u_sm_ram_I/U1153	0	1.55556
u_sm_ram_Q/U821	0	0.555556
u_sm_ram_Q/U894	0	0.555556
u_sm_ram_Q/U1994	0	0.555556
u_sm_ram_Q/U889	0	1.55556
u_sm_ram_Q/U2154	0	1.55556
u_sm_ram_Q/mem_reg[185][1]	0.222222	2.55556
u_sm_ram_Q/U280	0	1.55556
u_sm_ram_I/PLACE_HFSBUF_323_1079	0	0.555556
u_sm_ram_I/U893	0	0.555556
u_sm_ram_I/mem_reg[104][0]	0	0.555556
u_sm_ram_Q/mem_reg[92][2]	0	1.55556
u_sm_ram_Q/U818	0	0.555556
u_sm_ram_I/U1413	0.384615	0.555556
u_sm_ram_I/U3437	0	0.555556
u_sm_ram_I/mem_reg[121][0]	0	0.555556
u_sm_ram_Q/U3235	0	0.555556
u_sm_ram_I/PLACE_HFSBUF_374_1078	0.666667	1.55556
u_sm_ram_I/mem_reg[40][1]	0	0.555556
u_sm_ram_Q/U1068	0	0.555556
u_sm_ram_Q/U3116	0.25	0.555556
u_sm_ram_Q/PLACE_HFSBUF_249_998	0	0.555556
u_sm_ram_Q/U1959	0	0.555556
u_sm_ram_Q/U3213	0	0.555556
u_sm_ram_Q/mem_reg[168][0]	0	0.555556
u_sm_ram_I/U2057	0	0.555556
u_sm_ram_Q/U1407	0	0.555556
u_sm_ram_Q/U1515	0	0.555556
u_sm_ram_Q/mem_reg[186][0]	0	2.51852
u_sm_ram_Q/U1518	0	1.55556
u_sm_ram_Q/U3468	0	0.555556
u_sm_ram_I/mem_reg[251][1]	0	0.555556
u_sm_ram_Q/mem_reg[43][2]	0	1.55556
u_sm_ram_Q/U1845	0	1.55556
u_sm_ram_Q/U3754	0	0.555556
u_sm_ram_Q/U3848	0	0.555556
u_sm_ram_Q/U937	0	1.55556
u_sm_ram_Q/mem_reg[159][0]	0	0.555556
u_sm_ram_Q/U2765	0	0.555556
u_sm_ram_I/mem_reg[59][0]	0	0.555556
u_sm_ram_Q/mem_reg[143][3]	0	0.555556
u_sm_ram_I/U2074	0	2.55556
u_sm_ram_I/U3828	0	0.555556
u_sm_ram_Q/U2540	0	1.55556
u_sm_ram_I/mem_reg[200][3]	0.296296	1.55556
u_sm_ram_Q/PLACE_HFSBUF_741_527	0	1.55556
u_sm_ram_Q/mem_reg[15][3]	0	2.51852
u_sm_ram_Q/mem_reg[190][3]	0	0.555556
u_sm_ram_Q/PLACE_HFSBUF_1552_1009	0	1.55556
u_sm_ram_I/U2006	0	1.55556
u_sm_ram_I/mem_reg[251][0]	0	1.55556
u_sm_ram_Q/mem_reg[42][0]	0	0.555556
u_sm_ram_Q/U803	0	1.55556
u_sm_ram_I/U688	0	1.55556
u_sm_ram_I/U957	0	1.54321
u_sm_ram_I/U4215	0	1.55556
u_sm_ram_I/U889	0	0.555556
u_sm_ram_Q/U2030	0	0.555556
u_sm_ram_I/U1084	0	2.55556
u_sm_ram_Q/PLACE_HFSBUF_672_1007	0	1.55556
u_sm_ram_I/U960	0	1.55556
u_sm_ram_I/U34	0	0.555556
u_sm_ram_I/U1155	0	1.55556
u_sm_ram_I/U4005	0	1.55556
u_sm_ram_Q/U4062	0	0.555556
u_sm_ram_I/mem_reg[219][1]	0	0.555556
u_sm_ram_Q/U1427	0	1.55556
u_sm_ram_Q/PLACE_HFSBUF_10170_545	0	0.555556
u_sm_ram_Q/U3249	0	0.54321
u_sm_ram_I/U891	0	0.555556
u_sm_ram_I/U4216	0	1.55556
u_sm_ram_Q/U896	0	0.555556
u_sm_ram_I/mem_reg[59][3]	0	1.55556
u_sm_ram_I/U689	0	1.51852
u_sm_ram_I/mem_reg[40][0]	0	1.55556
u_sm_ram_I/U1414	0	1.55556
u_sm_ram_Q/U2156	0	0.555556
u_sm_ram_Q/mem_reg[169][0]	0	0.555556
u_sm_ram_Q/U1945	0	0.555556
u_sm_ram_Q/U3060	0	0.555556
u_sm_ram_I/U961	0	0.555556
u_sm_ram_Q/mem_reg[187][0]	0	0.555556
u_sm_ram_Q/U1203	0	0.555556
u_sm_ram_Q/U892	0	2.55556
u_sm_ram_Q/U3944	0	0.555556
u_sm_ram_I/U3339	0	1.55556
u_sm_ram_I/U268	0	0.555556
u_sm_ram_I/U3235	0	0.555556
u_sm_ram_I/mem_reg[251][2]	0	0.555556
u_sm_ram_I/U956	0	0.555556
u_sm_ram_I/mem_reg[104][3]	0	0.555556
u_sm_ram_I/mem_reg[89][0]	0	0.555556
u_sm_ram_I/U3085	0	1.55556
u_sm_ram_I/U413	0	0.555556
u_sm_ram_Q/mem_reg[43][0]	0	1.55556
u_sm_ram_Q/U3376	0	0.555556
u_sm_ram_I/U3396	0	0.555556
u_sm_ram_Q/mem_reg[15][0]	0	0.555556
u_sm_ram_I/mem_reg[153][3]	0	1.55556
u_sm_ram_Q/U3254	0	1.55556
u_sm_ram_I/mem_reg[72][2]	0	0.555556
u_sm_ram_I/mem_reg[219][0]	0	0.555556
u_sm_ram_I/U4182	0	0.555556
u_sm_ram_Q/U3890	0	1.55556
u_sm_ram_Q/mem_reg[127][2]	0	2.55556
u_sm_ram_I/U955	0	0.555556
u_sm_ram_I/U3292	0	0.555556
u_sm_ram_I/U3016	0	1.55556
u_sm_ram_I/PLACE_HFSBUF_174_967	0	0.555556
u_sm_ram_Q/U3373	0	0.555556
u_sm_ram_I/mem_reg[250][1]	0	0.555556
u_sm_ram_Q/U3377	0	0.555556
u_sm_ram_I/U1087	0	1.55556
u_sm_ram_I/U3848	0	0.555556
u_sm_ram_I/U3455	0	0.555556
u_sm_ram_Q/U3111	0.125	2.55556
u_sm_ram_Q/U340	0	1.55556
u_sm_ram_I/U2645	0	0.555556
u_sm_ram_I/U1635	0	1.55556
u_sm_ram_I/PLACE_HFSBUF_6328_766	0	0.555556
u_sm_ram_Q/U2178	0	1.55556
u_sm_ram_Q/U3570	0	0.555556
u_sm_ram_Q/U3765	0	0.555556
u_sm_ram_I/U312	0	1.55556
u_sm_ram_Q/U1835	0	0.555556
u_sm_ram_Q/U820	0	0.555556
u_sm_ram_I/U892	0	0.555556
u_sm_ram_I/U3007	0	0.555556
u_sm_ram_Q/U3278	0	0.555556
u_sm_ram_Q/U3647	0	0.555556
u_sm_ram_Q/U802	0	0.555556
u_sm_ram_I/PLACE_HFSBUF_5718_769	0	0.555556
u_sm_ram_I/mem_reg[169][0]	0	0.555556
u_sm_ram_I/mem_reg[219][2]	0	0.555556
u_sm_ram_Q/U2177	0	1.55556
u_sm_ram_I/mem_reg[186][2]	0	2.55556
u_sm_ram_Q/mem_reg[15][1]	0	1.55556
u_sm_ram_Q/U3743	0	0.555556
u_sm_ram_Q/U3494	0	0.555556
u_sm_ram_I/mem_reg[168][1]	0	2.54321
u_sm_ram_Q/U800	0	0.555556
u_sm_ram_Q/mem_reg[169][3]	0	0.555556
u_sm_ram_Q/mem_reg[171][3]	0	1.55556
u_sm_ram_I/mem_reg[153][1]	0	0.555556
u_sm_ram_I/mem_reg[138][0]	0	0.555556
u_sm_ram_Q/U3687	0	1.55556
u_sm_ram_I/U1086	0	1.55556
u_sm_ram_I/U3758	0	2.55556
u_sm_ram_Q/U3758	0.538462	1.55556
u_sm_ram_I/mem_reg[152][1]	0	2.55556
u_sm_ram_Q/mem_reg[191][0]	0	0.555556
u_sm_ram_Q/U930	0	1.55556
u_sm_ram_Q/U816	0	2.55556
u_sm_ram_Q/mem_reg[168][3]	0	2.55556
u_sm_ram_Q/mem_reg[77][2]	0	0.555556
u_sm_ram_I/U2401	0	2.55556
u_sm_ram_Q/U3492	0	0.555556
u_sm_ram_I/U4176	0	1.55556
u_sm_ram_Q/mem_reg[127][3]	0	0.555556
u_sm_ram_Q/U1201	0	1.55556
u_sm_ram_Q/PLACE_HFSBUF_300_1006	0	1.55556
u_sm_ram_I/U1415	0	0.555556
u_sm_ram_I/mem_reg[169][3]	0	0.555556
u_sm_ram_Q/U3252	0	0.555556
u_sm_ram_I/U3417	0	0.555556
u_sm_ram_I/U3365	0	0.555556
u_sm_ram_Q/U1198	0	0.555556
u_sm_ram_Q/mem_reg[190][2]	0	0.555556
u_sm_ram_Q/U3706	0	1.55556
u_sm_ram_I/mem_reg[104][2]	0.518519	1.55556
u_sm_ram_I/PLACE_HFSBUF_614_779	0	0.555556
u_sm_ram_Q/U3484	0	1.49383
u_sm_ram_I/mem_reg[58][0]	0	0.555556
u_sm_ram_I/U2845	0	0.555556
u_sm_ram_I/U3779	0	0.555556
u_sm_ram_I/mem_reg[153][2]	0	1.55556
u_sm_ram_I/U3893	0	0.555556
u_sm_ram_I/U557	0	0.555556
u_sm_ram_Q/U801	0	1.55556
u_sm_ram_Q/U3526	0	0.555556
u_sm_ram_I/U1156	0	0.555556
u_sm_ram_Q/U807	0	0.555556
u_sm_ram_Q/U823	0	0.555556
u_sm_ram_Q/U1401	0	1.55556
u_sm_ram_Q/U3571	0	0.555556
u_sm_ram_I/mem_reg[40][3]	0	0.555556
u_sm_ram_I/PLACE_HFSBUF_30_1063	0	1.55556
u_sm_ram_Q/PLACE_HFSBUF_11137_550	0	1.55556
u_sm_ram_Q/PLACE_HFSBUF_10386_546	0	0.555556
u_sm_ram_I/mem_reg[121][3]	0	2.55556
u_sm_ram_I/U1085	0	0.555556
u_sm_ram_Q/mem_reg[152][2]	0	1.55556
u_sm_ram_Q/U3483	0	0.555556
u_sm_ram_Q/mem_reg[185][2]	0	0.555556
u_sm_ram_Q/mem_reg[185][0]	0	0.555556
u_sm_ram_Q/U806	0	0.555556
u_sm_ram_Q/U1403	0	1.55556
u_sm_ram_Q/U1400	0	2.55556
u_sm_ram_Q/U804	0	1.55556
u_sm_ram_Q/U3509	0	0.506173
u_sm_ram_Q/mem_reg[124][0]	0	2.55556
u_sm_ram_I/U558	0	0.555556
u_sm_ram_I/mem_reg[41][1]	0	0.555556
u_sm_ram_Q/U169	0	1.55556
u_sm_ram_Q/mem_reg[186][3]	0	0.555556
u_sm_ram_I/U1411	0	2.55556
u_sm_ram_I/U1154	0	0.555556
u_sm_ram_I/U3521	0	0.555556
u_sm_ram_I/PLACE_HFSBUF_1114_986	0	0.555556
u_sm_ram_Q/U1836	0	0.555556
u_sm_ram_I/PLACE_HFSBUF_1698_694	0	1.55556
u_sm_ram_I/U1017	0	0.555556
u_sm_ram_Q/U3482	0	0.555556
u_sm_ram_Q/U3106	0	2.55556
u_sm_ram_I/U3274	0	0.555556
u_sm_ram_Q/PLACE_HFSBUF_37_489	0	0.555556
u_sm_ram_I/mem_reg[203][2]	0	1.55556
u_sm_ram_Q/U1943	0	1.55556
u_sm_ram_Q/PLACE_HFSBUF_85_1118	0	1.55556
u_sm_ram_Q/mem_reg[158][2]	0	0.530864
u_sm_ram_I/mem_reg[121][2]	0	0.555556
u_sm_ram_Q/mem_reg[159][2]	0	0.555556
u_sm_ram_I/mem_reg[251][3]	0	0.555556
u_sm_ram_Q/mem_reg[152][1]	0	1.55556
u_sm_ram_Q/U3567	0	1.55556
u_sm_ram_I/U686	0	0.555556
u_sm_ram_Q/U3749	0	0.555556
u_sm_ram_I/U4245	0	0.555556
u_sm_ram_I/U687	0	2.55556
u_sm_ram_Q/PLACE_HFSBUF_11820_547	0	0.555556
u_sm_ram_I/U1410	0	2.55556
u_sm_ram_I/U2824	0	0.555556
u_sm_ram_Q/U3438	0	0.555556
u_sm_ram_I/U1151	0	0.555556
u_sm_ram_Q/mem_reg[76][0]	0	0.555556
u_sm_ram_I/U3831	0	0.555556
u_sm_ram_Q/U1941	0	0.555556
u_sm_ram_I/U3613	0	0.555556
u_sm_ram_Q/U3323	0	0.555556
u_sm_ram_I/U3637	0	1.53086
u_sm_ram_Q/U3313	0	1.55556
u_sm_ram_I/U3939	0	0.555556
u_sm_ram_I/U1338	0	0.555556
u_sm_ram_Q/mem_reg[191][2]	0	0.555556
u_sm_ram_Q/U3248	0	1.55556
u_sm_ram_I/U1514	0	0.555556
u_sm_ram_I/U1412	0	0.555556
u_sm_ram_I/U1015	0	0.555556
u_sm_ram_I/mem_reg[41][2]	0	0.555556
u_sm_ram_I/U1416	0	1.55556
u_sm_ram_Q/U3316	0	0.555556
u_sm_ram_Q/U3699	0	0.555556
u_sm_ram_I/mem_reg[154][0]	0	0.555556
u_sm_ram_Q/U1861	0	2.55556
u_sm_ram_I/U2823	0	1.55556
u_sm_ram_I/U556	0	1.55556
u_sm_ram_I/mem_reg[105][2]	0	0.555556
u_sm_ram_Q/U1199	0	0.555556
u_sm_ram_Q/U2263	0	0.555556
u_sm_ram_Q/U1516	0	0.555556
u_sm_ram_Q/mem_reg[77][1]	0	0.555556
u_sm_ram_Q/U819	0	0.555556
u_sm_ram_I/mem_reg[200][0]	0	0.555556
u_sm_ram_Q/U1406	0	0.555556
u_sm_ram_I/U890	0	0.555556
u_sm_ram_Q/U1062	0	0.555556
u_sm_ram_Q/U1517	0	1.55556
u_sm_ram_Q/mem_reg[93][2]	0	1.55556
u_sm_ram_I/U2822	0	1.51852
u_sm_ram_Q/U1828	0	0.555556
u_sm_ram_Q/mem_reg[153][1]	0	0.555556
u_sm_ram_Q/U1200	0	1.55556
u_sm_ram_I/mem_reg[40][2]	0.185185	2.55556
u_sm_ram_Q/U932	0	1.55556
u_sm_ram_I/U3728	0	1.55556
u_sm_ram_I/U3403	0	0.555556
u_sm_ram_I/U1336	0	1.55556
u_sm_ram_I/U4249	0	0.555556
u_sm_ram_I/U3091	0	0.555556
u_sm_ram_Q/U2872	0	0.555556
u_sm_ram_Q/U931	0	1.55556
u_sm_ram_Q/mem_reg[190][0]	0	0.555556
u_sm_ram_Q/U3306	0	1.55556
u_sm_ram_Q/mem_reg[187][3]	0	1.55556
u_sm_ram_I/U753	0	1.55556
u_sm_ram_Q/mem_reg[190][1]	0	2.55556
u_sm_ram_I/U2778	0	0.555556
u_sm_ram_I/mem_reg[154][2]	0	2.55556
u_sm_ram_I/U3159	0	0.555556
u_sm_ram_I/PLACE_HFSBUF_1931_734	0	0.555556
u_sm_ram_I/mem_reg[59][2]	0	0.555556
u_sm_ram_I/mem_reg[11][3]	0	0.555556
u_sm_ram_Q/mem_reg[184][1]	0	2.55556
u_sm_ram_Q/mem_reg[218][3]	0	0.555556
u_sm_ram_I/mem_reg[170][3]	0	2.55556
u_sm_ram_I/U3827	0	1.55556
u_sm_ram_Q/mem_reg[43][3]	0	1.55556
u_sm_ram_I/PLACE_HFSBUF_1066_987	0	0.555556
u_sm_ram_Q/PLACE_HFSINV_14767_860	0	0.555556
u_sm_ram_Q/mem_reg[175][3]	0	0.555556
u_sm_ram_I/mem_reg[11][1]	0	2.50617
u_sm_ram_I/U3284	0	0.555556
u_sm_ram_I/U3769	0	2.55556
u_sm_ram_I/PLACE_HFSBUF_8175_770	0	0.555556
u_sm_ram_Q/U281	0	0.555556
u_sm_ram_I/U3480	0	0.555556
u_sm_ram_I/mem_reg[105][1]	0	2.55556
u_sm_ram_I/U3181	0	0.555556
u_sm_ram_Q/mem_reg[217][3]	0	0.555556
u_sm_ram_Q/U2612	0	0.555556
u_sm_ram_Q/mem_reg[184][0]	0	1.55556
u_sm_ram_Q/U1402	0	0.555556
u_sm_ram_Q/U1783	0	0.555556
u_sm_ram_I/U559	0	0.555556
u_sm_ram_I/PLACE_HFSBUF_26_988	0	0.555556
u_sm_ram_I/U2838	0	0.555556
u_sm_ram_I/U3626	0	0.555556
u_sm_ram_Q/U3177	0	1.55556
u_sm_ram_Q/U1265	0	0.555556
u_sm_ram_Q/mem_reg[77][3]	0	1.55556
u_sm_ram_I/U2534	0	0.555556
u_sm_ram_I/mem_reg[232][3]	0	2.55556
u_sm_ram_Q/U3630	0	1.55556
u_sm_ram_Q/U2019	0	2.55556
u_sm_ram_I/U3901	0	0.555556
u_sm_ram_Q/mem_reg[15][2]	0	2.55556
u_sm_ram_I/U3776	0	0.555556
u_sm_ram_I/mem_reg[104][1]	0	1.55556
u_sm_ram_I/PLACE_HFSBUF_101_966	0	0.555556
u_sm_ram_I/U3950	0	0.555556
u_sm_ram_Q/U936	0	0.555556
u_sm_ram_I/U4174	0	0.555556
u_sm_ram_I/U2944	0	1.54321
u_sm_ram_Q/mem_reg[76][2]	0	0.555556
u_sm_ram_Q/mem_reg[185][3]	0	0.555556
u_sm_ram_I/mem_reg[121][1]	0	0.555556
u_sm_ram_Q/U1797	0	1.55556
u_sm_ram_I/U952	0	0.555556
u_sm_ram_Q/U1405	0	0.555556
u_sm_ram_I/U754	0	0.555556
u_sm_ram_Q/U3782	0	0.530864
u_sm_ram_I/mem_reg[59][1]	0	0.555556
u_sm_ram_I/U3377	0	1.55556
u_sm_ram_Q/U361	0	0.555556
u_sm_ram_Q/U3257	0	0.555556
u_sm_ram_I/U2482	0	0.555556
u_sm_ram_Q/U2435	0	1.55556
u_sm_ram_I/U1409	0	0.555556
u_sm_ram_I/U3583	0	0.555556
u_sm_ram_Q/U1408	0	1.55556
u_sm_ram_I/U1150	0	0.555556
u_sm_ram_I/U2568	0	0.555556
u_sm_ram_I/U3158	0	1.55556
u_sm_ram_Q/U958	0	0.555556
u_sm_ram_Q/mem_reg[152][3]	0	0.555556
u_sm_ram_I/mem_reg[27][3]	0	0.555556
u_sm_ram_Q/U3131	0	0.555556
u_sm_ram_I/U3584	0	0.555556
u_sm_ram_I/PLACE_HFSBUF_26_924	0	0.555556
u_sm_ram_I/U1011	0	1.55556
u_sm_ram_Q/mem_reg[159][1]	0	0.555556
u_sm_ram_Q/mem_reg[152][0]	0	0.555556
u_sm_ram_I/U3157	0	0.555556
u_sm_ram_Q/U1905	0	0.555556
u_sm_ram_I/U2616	0	1.55556
u_sm_ram_I/U3180	0	1.55556
u_sm_ram_I/U1337	0	2.55556
u_sm_ram_Q/mem_reg[174][1]	0	1.55556
u_sm_ram_Q/PLACE_HFSBUF_11628_506	0	1.55556
u_sm_ram_I/mem_reg[218][3]	0	0.555556
u_sm_ram_I/PLACE_HFSBUF_275_963	0	0.555556
u_sm_ram_I/mem_reg[41][0]	0	0.555556
u_sm_ram_Q/mem_reg[221][2]	0	0.555556
u_sm_ram_I/mem_reg[11][2]	0	2.55556
u_sm_ram_I/mem_reg[41][3]	0.37037	0.555556
u_sm_ram_Q/PLACE_HFSBUF_546_537	0	1.55556
u_sm_ram_I/mem_reg[58][1]	0	0.555556
u_sm_ram_Q/U2539	0	0.555556
u_sm_ram_I/U1469	0	2.55556
u_sm_ram_I/U623	0	0.555556
u_sm_ram_Q/U2352	0	0.555556
u_sm_ram_I/U2312	0	0.555556
u_sm_ram_Q/PLACE_HFSBUF_5820_872	0	0.555556
u_sm_ram_I/U3160	0.538462	0.555556
u_sm_ram_I/U3903	0	0.555556
u_sm_ram_I/mem_reg[155][1]	0	0.555556
u_sm_ram_Q/U2869	0	0.555556
u_sm_ram_I/U2095	0	0.555556
u_sm_ram_Q/mem_reg[158][0]	0	0.555556
u_sm_ram_I/U946	0	0.555556
u_sm_ram_I/U233	0	1.55556
u_sm_ram_Q/U1263	0	0.555556
u_sm_ram_I/mem_reg[235][0]	0	0.555556
u_sm_ram_I/U3586	0	0.555556
u_sm_ram_I/U1340	0	2.55556
u_sm_ram_I/mem_reg[250][3]	0	2.55556
u_sm_ram_I/mem_reg[203][1]	0	1.55556
u_sm_ram_I/U3845	0	2.55556
u_sm_ram_Q/U2351	0	0.555556
u_sm_ram_I/PLACE_HFSBUF_121_985	0	0.555556
u_sm_ram_Q/mem_reg[43][1]	0	0.555556
u_sm_ram_I/U2004	0	0.555556
u_sm_ram_Q/mem_reg[79][1]	0	0.555556
u_sm_ram_Q/U3211	0	0.555556
u_sm_ram_I/U644	0	0.555556
u_sm_ram_I/U3371	0	0.555556
u_sm_ram_Q/mem_reg[42][1]	0	0.555556
u_sm_ram_I/mem_reg[139][0]	0	0.555556
u_sm_ram_Q/U2018	0	0.555556
u_sm_ram_I/PLACE_HFSBUF_172_981	0.5	1.55556
u_sm_ram_I/U1012	0	0.555556
u_sm_ram_I/mem_reg[139][1]	0	1.55556
u_sm_ram_Q/U1060	0	1.55556
u_sm_ram_Q/PLACE_HFSINV_7869_877	0	1.55556
u_sm_ram_I/mem_reg[106][1]	0	0.555556
u_sm_ram_I/U1018	0	0.555556
u_sm_ram_Q/U829	0	0.555556
u_sm_ram_Q/U933	0	0.555556
u_sm_ram_Q/mem_reg[219][3]	0	1.55556
u_sm_ram_I/mem_reg[203][3]	0	1.50617
u_sm_ram_I/U622	0	0.555556
u_sm_ram_Q/mem_reg[219][1]	0	1.55556
u_sm_ram_Q/PLACE_HFSBUF_16161_878	0	2.55556
u_sm_ram_Q/U2595	0	0.555556
u_sm_ram_Q/U313	0	0.555556
u_sm_ram_Q/U352	0	0.555556
u_sm_ram_I/U2003	0	1.55556
u_sm_ram_Q/U1853	0	1.55556
u_sm_ram_I/mem_reg[106][2]	0	0.555556
u_sm_ram_Q/U3336	0	0.555556
u_sm_ram_Q/U961	0	1.55556
u_sm_ram_Q/PLACE_HFSBUF_344_1175	0	0.555556
u_sm_ram_I/U888	0	0.555556
u_sm_ram_I/mem_reg[105][0]	0.185185	2.55556
u_sm_ram_I/U1538	0	0.555556
u_sm_ram_I/U3801	0	0.555556
u_sm_ram_I/U2945	0	1.55556
u_sm_ram_I/U2776	0	0.555556
u_sm_ram_Q/mem_reg[184][3]	0	0.555556
u_sm_ram_Q/U3270	0	1.55556
u_sm_ram_Q/mem_reg[127][1]	0	0.555556
u_sm_ram_Q/mem_reg[42][3]	0	1.55556
u_sm_ram_I/U2313	0	0.555556
u_sm_ram_I/U3787	0	0.555556
u_sm_ram_I/PLACE_HFSBUF_237_982	0	1.55556
u_sm_ram_Q/U955	0	0.555556
u_sm_ram_I/mem_reg[171][0]	0	0.555556
u_sm_ram_Q/U3846	0	0.555556
u_sm_ram_I/U1467	0	0.555556
u_sm_ram_Q/mem_reg[220][0]	0	0.555556
u_sm_ram_I/U4237	0	0.555556
u_sm_ram_Q/U1266	0	0.555556
u_sm_ram_I/mem_reg[218][1]	0	0.555556
u_sm_ram_Q/U693	0	2.55556
u_sm_ram_I/U2820	0	0.555556
u_sm_ram_Q/mem_reg[220][3]	0	0.555556
u_sm_ram_I/mem_reg[218][2]	0	2.55556
u_sm_ram_Q/U828	0	2.55556
u_sm_ram_Q/mem_reg[221][0]	0	1.55556
u_sm_ram_Q/U3425	0	1.55556
u_sm_ram_I/U3447	0	0.555556
u_sm_ram_Q/mem_reg[76][3]	0	0.555556
u_sm_ram_I/U2634	0	1.55556
u_sm_ram_I/mem_reg[105][3]	0	1.55556
u_sm_ram_Q/U1942	0.5625	0.555556
u_sm_ram_Q/U912	0	0.555556
u_sm_ram_I/U1468	0	0.555556
u_sm_ram_Q/mem_reg[77][0]	0	2.55556
u_sm_ram_Q/mem_reg[59][1]	0	0.555556
u_sm_ram_I/U621	0	1.55556
u_sm_ram_I/mem_reg[123][0]	0	0.555556
u_sm_ram_Q/U691	0	0.555556
u_sm_ram_Q/PLACE_HFSBUF_767_1110	0	1.55556
u_sm_ram_I/mem_reg[184][3]	0	0.555556
u_sm_ram_I/U2646	0	1.55556
u_sm_ram_I/U1014	0	0.555556
u_sm_ram_I/mem_reg[58][3]	0	0.555556
u_sm_ram_I/U1013	0	1.55556
u_sm_ram_Q/U1264	0	0.555556
u_sm_ram_I/mem_reg[235][1]	0	0.555556
u_sm_ram_I/U947	0	1.55556
u_sm_ram_I/PLACE_HFSBUF_6169_767	0	1.55556
u_sm_ram_Q/U3528	0	0.555556
u_sm_ram_I/U2093	0	0.555556
u_sm_ram_I/U624	0	0.555556
u_sm_ram_I/U3373	0	1.55556
u_sm_ram_Q/U3272	0	0.555556
u_sm_ram_Q/mem_reg[218][1]	0	0.555556
u_sm_ram_Q/U3563	0	0.555556
u_sm_ram_I/U3266	0	1.55556
u_sm_ram_Q/mem_reg[56][1]	0	0.555556
u_sm_ram_Q/U3374	0	0.555556
u_sm_ram_I/U3370	0	1.55556
u_sm_ram_Q/U3193	0	0.555556
u_sm_ram_Q/mem_reg[184][2]	0	0.555556
u_sm_ram_I/U3725	0	0.555556
u_sm_ram_I/U3660	0	1.55556
u_sm_ram_Q/U3565	0	0.555556
u_sm_ram_I/U2819	0	0.555556
u_sm_ram_Q/mem_reg[127][0]	0.481481	0.555556
u_sm_ram_I/mem_reg[171][2]	0	1.55556
u_sm_ram_I/U953	0	0.555556
u_sm_ram_I/PLACE_HFSBUF_350_984	0	0.555556
u_sm_ram_I/mem_reg[27][2]	0	0.555556
u_sm_ram_I/U3921	0	1.55556
u_sm_ram_Q/U2584	0	0.555556
u_sm_ram_Q/mem_reg[153][3]	0	0.555556
u_sm_ram_Q/mem_reg[153][0]	0	0.555556
u_sm_ram_Q/U2363	0	0.555556
u_sm_ram_Q/U3371	0	0.555556
u_sm_ram_I/mem_reg[138][3]	0	0.555556
u_sm_ram_I/U2775	0	0.555556
u_sm_ram_I/U1536	0	2.55556
u_sm_ram_I/mem_reg[155][3]	0	0.555556
u_sm_ram_I/U3451	0	1.55556
u_sm_ram_I/U4227	0	0.555556
u_sm_ram_Q/PLACE_HFSBUF_623_1174	0	1.55556
u_sm_ram_I/U2415	0	1.55556
u_sm_ram_Q/U1679	0	1.55556
u_sm_ram_Q/mem_reg[159][3]	0	0.555556
u_sm_ram_I/U2227	0	0.555556
u_sm_ram_I/PLACE_HFSINV_3484_788	0	1.55556
u_sm_ram_I/U1537	0	2.55556
u_sm_ram_Q/mem_reg[158][3]	0	0.555556
u_sm_ram_I/U751	0	1.55556
u_sm_ram_I/mem_reg[202][0]	0.037037	0.555556
u_sm_ram_I/U3490	0	0.555556
u_sm_ram_I/PLACE_HFSBUF_196_1062	0	0.555556
u_sm_ram_I/U3878	0	0.555556
u_sm_ram_Q/U1815	0	0.555556
u_sm_ram_I/U3178	0	0.555556
u_sm_ram_I/PLACE_HFSBUF_23_582	0	1.55556
u_sm_ram_I/U3381	0	0.555556
u_sm_ram_Q/U2641	0	1.55556
u_sm_ram_I/mem_reg[235][3]	0	2.55556
u_sm_ram_Q/PLACE_HFSBUF_86_1026	0	0.555556
u_sm_ram_Q/U678	0	1.55556
u_sm_ram_Q/U3566	0	0.555556
u_sm_ram_I/mem_reg[43][0]	0	0.555556
u_sm_ram_Q/U312	0	0.555556
u_sm_ram_Q/U1323	0	0.555556
u_sm_ram_Q/U1322	0	0.555556
u_sm_ram_Q/mem_reg[79][3]	0	0.555556
u_sm_ram_I/mem_reg[234][3]	0	0.555556
u_sm_ram_Q/U550	0	1.55556
u_sm_ram_Q/U934	0	2.55556
u_sm_ram_Q/U831	0	2.55556
u_sm_ram_I/U1147	0	0.555556
u_sm_ram_Q/U3182	0	0.555556
u_sm_ram_I/PLACE_HFSBUF_1777_785	0	0.555556
u_sm_ram_I/U3500	0	1.55556
u_sm_ram_Q/mem_reg[175][2]	0	2.55556
u_sm_ram_I/mem_reg[154][1]	0	2.55556
u_sm_ram_Q/U3952	0	0.555556
u_sm_ram_I/U1341	0	0.555556
u_sm_ram_I/U3947	0	2.51852
u_sm_ram_I/mem_reg[139][3]	0	2.55556
u_sm_ram_I/mem_reg[234][0]	0	0.555556
u_sm_ram_Q/mem_reg[252][1]	0	0.555556
u_sm_ram_I/PLACE_HFSBUF_47_581	0	0.54321
u_sm_ram_Q/mem_reg[153][2]	0	0.555556
u_sm_ram_I/U2005	0	0.555556
u_sm_ram_I/mem_reg[218][0]	0	0.555556
u_sm_ram_I/U3161	0	1.55556
u_sm_ram_Q/mem_reg[79][2]	0	0.555556
u_sm_ram_I/PLACE_HFSBUF_149_1061	0	0.555556
u_sm_ram_I/U3994	0	0.555556
u_sm_ram_I/U3666	0	0.555556
u_sm_ram_I/U1146	0	0.555556
u_sm_ram_Q/PLACE_HFSINV_2125_1022	0	0.555556
u_sm_ram_I/U3944	0	0.555556
u_sm_ram_Q/U3970	0	0.555556
u_sm_ram_Q/U827	0	1.55556
u_sm_ram_I/U2226	0	0.54321
u_sm_ram_Q/U679	0	1.55556
u_sm_ram_I/mem_reg[154][3]	0	0.555556
u_sm_ram_Q/PLACE_HFSBUF_102_947	0	0.555556
u_sm_ram_I/U3924	0	0.555556
u_sm_ram_Q/U687	0	0.555556
u_sm_ram_I/U1466	0	0.555556
u_sm_ram_Q/PLACE_HFSBUF_14600_568	0	0.555556
u_sm_ram_I/mem_reg[170][1]	0	0.555556
u_sm_ram_I/U2484	0	0.555556
u_sm_ram_Q/U1831	0	0.555556
u_sm_ram_I/U752	0	1.55556
u_sm_ram_Q/U3485	0	0.555556
u_sm_ram_Q/U2086	0	0.555556
u_sm_ram_Q/U673	0	1.55556
u_sm_ram_Q/PLACE_HFSBUF_4129_448	0	0.555556
u_sm_ram_I/mem_reg[139][2]	0	2.55556
u_sm_ram_Q/U935	0	0.555556
u_sm_ram_I/U3445	0	1.55556
u_sm_ram_Q/mem_reg[59][3]	0	1.55556
u_sm_ram_I/U2094	0	0.555556
u_sm_ram_I/U227	0	2.55556
u_sm_ram_I/PLACE_HFSBUF_477_965	0	0.555556
u_sm_ram_I/U2487	0	0.555556
u_sm_ram_Q/U3062	0	1.55556
u_sm_ram_I/mem_reg[203][0]	0	2.55556
u_sm_ram_I/U883	0	1.55556
u_sm_ram_Q/mem_reg[56][3]	0	0.555556
u_sm_ram_Q/U824	0	1.55556
u_sm_ram_I/U1535	0	0.555556
u_sm_ram_Q/PLACE_HFSBUF_6701_458	0	1.55556
u_sm_ram_I/U881	0	0.555556
u_sm_ram_I/U1342	0	1.55556
u_sm_ram_I/mem_reg[202][2]	0	0.555556
u_sm_ram_Q/mem_reg[61][1]	0	2.54321
u_sm_ram_I/mem_reg[27][0]	0	1.55556
u_sm_ram_I/PLACE_HFSBUF_292_983	0	1.55556
u_sm_ram_I/U3375	0	1.55556
u_sm_ram_Q/mem_reg[249][3]	0	0.555556
u_sm_ram_Q/U2356	0	0.555556
u_sm_ram_I/U2821	0	0.555556
u_sm_ram_I/mem_reg[234][2]	0	2.55556
u_sm_ram_Q/U830	0	0.530864
u_sm_ram_I/U3796	0	0.555556
u_sm_ram_Q/mem_reg[220][2]	0	0.555556
u_sm_ram_Q/mem_reg[252][2]	0	0.555556
u_sm_ram_I/mem_reg[170][0]	0	0.555556
u_sm_ram_Q/U681	0	0.555556
u_sm_ram_Q/U4084	0	1.55556
u_sm_ram_Q/U3568	0	1.55556
u_sm_ram_Q/mem_reg[63][3]	0	0.555556
u_sm_ram_I/PLACE_HFSBUF_853_780	0	0.555556
u_sm_ram_Q/PLACE_HFSBUF_3131_454	0	0.555556
u_sm_ram_Q/U3951	0	1.55556
u_sm_ram_I/mem_reg[106][3]	0	1.55556
u_sm_ram_Q/U682	0	0.555556
u_sm_ram_Q/U683	0	1.55556
u_sm_ram_Q/U3368	0	1.55556
u_sm_ram_Q/U600	0	0.555556
u_sm_ram_I/U3882	0	0.555556
u_sm_ram_I/U1401	0	1.55556
u_sm_ram_Q/mem_reg[186][1]	0	0.555556
u_sm_ram_Q/PLACE_HFSBUF_100_314	0	1.55556
u_sm_ram_I/U885	0	0.555556
u_sm_ram_Q/U3488	0	1.55556
u_sm_ram_Q/U1321	0	1.55556
u_sm_ram_I/U3886	0	0.555556
u_sm_ram_Q/PLACE_HFSBUF_1695_881	0	0.555556
u_sm_ram_Q/PLACE_HFSBUF_90_370	0	1.55556
u_sm_ram_I/U2486	0	0.54321
u_sm_ram_Q/U686	0	1.55556
u_sm_ram_Q/U3479	0	0.555556
u_sm_ram_Q/U1258	0	1.55556
u_sm_ram_Q/mem_reg[78][1]	0	1.51852
u_sm_ram_Q/U2365	0	0.555556
u_sm_ram_I/U3593	0	1.55556
u_sm_ram_Q/mem_reg[218][2]	0	0.555556
u_sm_ram_Q/U3397	0	0.555556
u_sm_ram_Q/U1823	0	0.555556
u_sm_ram_I/mem_reg[75][2]	0	0.555556
u_sm_ram_Q/U2270	0	0.555556
u_sm_ram_I/U4236	0	0.555556
u_sm_ram_Q/PLACE_HFSBUF_2728_1107	0	0.555556
u_sm_ram_Q/U3372	0	1.55556
u_sm_ram_I/U3958	0	0.555556
u_sm_ram_I/U3640	0	0.555556
u_sm_ram_I/U3818	0	0.555556
u_sm_ram_I/U1148	0	2.55556
u_sm_ram_Q/U1782	0	0.506173
u_sm_ram_Q/U3546	0	0.555556
u_sm_ram_Q/mem_reg[206][3]	0	0.555556
u_sm_ram_Q/U688	0	0.555556
u_sm_ram_Q/U1329	0	0.555556
u_sm_ram_Q/PLACE_HFSBUF_601_1027	0	0.555556
u_sm_ram_I/U2440	0	0.555556
u_sm_ram_I/mem_reg[58][2]	0	1.55556
u_sm_ram_Q/PLACE_HFSBUF_23_939	0	0.555556
u_sm_ram_Q/U553	0	0.555556
u_sm_ram_I/U1829	0	0.555556
u_sm_ram_I/mem_reg[91][0]	0	1.54321
u_sm_ram_I/U2438	0	1.53086
u_sm_ram_I/U3864	0	0.555556
u_sm_ram_Q/U3950	0	0.555556
u_sm_ram_I/U628	0	0.555556
u_sm_ram_Q/PLACE_HFSBUF_1505_882	0	0.555556
u_sm_ram_I/U948	0	0.555556
u_sm_ram_Q/mem_reg[63][2]	0	0.555556
u_sm_ram_Q/mem_reg[63][0]	0	0.555556
u_sm_ram_Q/mem_reg[223][3]	0.925926	0.54321
u_sm_ram_Q/mem_reg[221][1]	0	0.555556
u_sm_ram_Q/U684	0	2.55556
u_sm_ram_I/U1076	0	0.555556
u_sm_ram_Q/U2366	0	0.555556
u_sm_ram_Q/mem_reg[72][3]	0	1.55556
u_sm_ram_I/U2476	0	0.555556
u_sm_ram_I/U1753	0	1.54321
u_sm_ram_I/U1914	0	2.55556
u_sm_ram_I/mem_reg[234][1]	0	0.555556
u_sm_ram_I/U3651	0	1.45679
u_sm_ram_Q/U110	0	2.55556
u_sm_ram_Q/U1257	0	1.55556
u_sm_ram_I/U2483	0	1.55556
u_sm_ram_I/mem_reg[221][0]	0	0.555556
u_sm_ram_I/U887	0	2.55556
u_sm_ram_I/U3872	0	1.55556
u_sm_ram_I/mem_reg[155][2]	0	0.555556
u_sm_ram_Q/mem_reg[220][1]	0	0.555556
u_sm_ram_I/U3438	0	1.55556
u_sm_ram_I/mem_reg[122][2]	0	0.555556
u_sm_ram_I/mem_reg[221][2]	0	2.55556
u_sm_ram_Q/mem_reg[58][1]	0	0.555556
u_sm_ram_I/mem_reg[221][1]	0	1.55556
u_sm_ram_Q/U692	0	2.55556
u_sm_ram_Q/U3737	0	1.55556
u_sm_ram_I/PLACE_HFSBUF_407_964	0	0.555556
u_sm_ram_Q/U3352	0	1.55556
u_sm_ram_I/mem_reg[186][0]	0	0.555556
u_sm_ram_Q/PLACE_HFSBUF_528_1106	0	1.55556
u_sm_ram_Q/mem_reg[78][3]	0	0.555556
u_sm_ram_Q/mem_reg[158][1]	0	0.555556
u_sm_ram_I/U755	0	1.55556
u_sm_ram_Q/U2590	0	2.55556
u_sm_ram_Q/U3655	0	2.55556
u_sm_ram_Q/U3635	0	0.555556
u_sm_ram_I/U2392	0	2.55556
u_sm_ram_I/U3835	0	0.555556
u_sm_ram_I/PLACE_HFSBUF_6592_790	0	0.555556
u_sm_ram_Q/U2710	0	0.54321
u_sm_ram_I/mem_reg[43][3]	0	0.555556
u_sm_ram_Q/mem_reg[219][0]	0	2.55556
u_sm_ram_Q/mem_reg[222][3]	0	2.55556
u_sm_ram_I/PLACE_HFSBUF_1055_782	0	1.55556
u_sm_ram_Q/U949	0	0.555556
u_sm_ram_Q/U1256	0	0.469136
u_sm_ram_I/mem_reg[186][3]	0	0.555556
u_sm_ram_Q/mem_reg[58][2]	0	0.555556
u_sm_ram_I/mem_reg[43][2]	0	0.555556
u_sm_ram_Q/mem_reg[63][1]	0	2.55556
u_sm_ram_I/mem_reg[236][2]	0	0.555556
u_sm_ram_I/U757	0	0.555556
u_sm_ram_I/U3670	0	0.555556
u_sm_ram_Q/U3378	0	0.555556
u_sm_ram_I/U3508	0	1.55556
u_sm_ram_I/mem_reg[43][1]	0	1.55556
u_sm_ram_Q/U1597	0	1.55556
u_sm_ram_I/U2531	0	0.555556
u_sm_ram_I/PLACE_HFSBUF_458_691	0	1.55556
u_sm_ram_Q/mem_reg[221][3]	0	1.51852
u_sm_ram_I/U2726	0	0.493827
u_sm_ram_I/U3592	0	1.55556
u_sm_ram_Q/mem_reg[219][2]	0	0.555556
u_sm_ram_Q/U1595	0	1.55556
u_sm_ram_I/U756	0	0.555556
u_sm_ram_I/U2633	0	0.555556
u_sm_ram_I/U1830	0	0.555556
u_sm_ram_I/U625	0	0.506173
u_sm_ram_Q/mem_reg[79][0]	0	2.55556
u_sm_ram_I/U3963	0	0.555556
u_sm_ram_I/PLACE_HFSBUF_15512_771	0	2.55556
u_sm_ram_I/U886	0	0.555556
u_sm_ram_I/mem_reg[220][1]	0	1.55556
u_sm_ram_I/mem_reg[186][1]	0	0.555556
u_sm_ram_Q/U591	0	0.555556
u_sm_ram_Q/mem_reg[59][2]	0	1.55556
u_sm_ram_I/mem_reg[170][2]	0	0.555556
u_sm_ram_I/mem_reg[202][1]	0	0.555556
u_sm_ram_Q/U676	0	2.55556
u_sm_ram_I/U3509	0	1.55556
u_sm_ram_I/U627	0	0.555556
u_sm_ram_I/U2485	0	0.555556
u_sm_ram_Q/U2243	0	0.555556
u_sm_ram_Q/U3769	0	0.555556
u_sm_ram_I/U2500	0	1.55556
u_sm_ram_I/mem_reg[90][2]	0.666667	0.555556
u_sm_ram_Q/mem_reg[72][0]	0	0.555556
u_sm_ram_I/U758	0	0.54321
u_sm_ram_I/U3582	0	1.55556
u_sm_ram_Q/U690	0	2.55556
u_sm_ram_I/mem_reg[236][1]	0	2.55556
u_sm_ram_Q/U2559	0	0.555556
u_sm_ram_Q/mem_reg[72][2]	0	2.55556
u_sm_ram_Q/mem_reg[204][0]	0	0.555556
u_sm_ram_I/mem_reg[26][3]	0	2.55556
u_sm_ram_Q/U3269	0	1.55556
u_sm_ram_I/U2199	0	0.555556
u_sm_ram_I/PLACE_HFSBUF_6859_794	0	0.555556
u_sm_ram_Q/mem_reg[217][0]	0	2.55556
u_sm_ram_I/mem_reg[122][0]	0	0.555556
u_sm_ram_Q/mem_reg[93][3]	0	0.555556
u_sm_ram_I/U3423	0	0.555556
u_sm_ram_I/U2212	0	1.55556
u_sm_ram_I/U1078	0	0.555556
u_sm_ram_Q/U3267	0	2.55556
u_sm_ram_Q/PLACE_HFSBUF_193_1116	0	1.55556
u_sm_ram_Q/PLACE_HFSBUF_5660_876	0	1.55556
u_sm_ram_Q/mem_reg[237][1]	0	0.555556
u_sm_ram_Q/U674	0	0.555556
u_sm_ram_Q/PLACE_HFSBUF_141_540	0	0.555556
u_sm_ram_Q/mem_reg[56][2]	0	1.55556
u_sm_ram_Q/mem_reg[88][0]	0	0.555556
u_sm_ram_Q/mem_reg[61][2]	0	0.555556
u_sm_ram_I/PLACE_HFSBUF_59_923	0	0.555556
u_sm_ram_I/mem_reg[90][0]	0	1.55556
u_sm_ram_Q/U3799	0	0.555556
u_sm_ram_Q/U1260	0	1.51852
u_sm_ram_Q/mem_reg[56][0]	0	1.55556
u_sm_ram_Q/PLACE_HFSBUF_6178_874	0	1.41975
u_sm_ram_I/mem_reg[221][3]	0	0.555556
u_sm_ram_Q/U1261	0	0.555556
u_sm_ram_Q/mem_reg[14][2]	0	0.555556
u_sm_ram_I/PLACE_HFSINV_16838_772	0	0.555556
u_sm_ram_I/U1272	0	1.55556
u_sm_ram_Q/PLACE_HFSBUF_368_536	0	1.55556
u_sm_ram_I/U2346	0	0.555556
u_sm_ram_Q/PLACE_HFSBUF_124_837	0	0.555556
u_sm_ram_I/U2289	0	2.55556
u_sm_ram_I/U2002	0	0.555556
u_sm_ram_Q/U2581	0	0.555556
u_sm_ram_Q/U1262	0	0.555556
u_sm_ram_I/U3364	0	0.555556
u_sm_ram_Q/U3515	0	0.493827
u_sm_ram_I/U1896	0	0.555556
u_sm_I/data_out_reg[0]	0	0.555556
u_sm_ram_I/U1857	0	1.55556
u_sm_ram_Q/U3152	0	2.48148
u_sm_ram_I/mem_reg[220][0]	0	2.55556
u_sm_ram_Q/U3271	0	1.55556
u_sm_ram_Q/mem_reg[93][1]	0	1.55556
u_sm_ram_Q/U1341	0	0.555556
u_sm_ram_I/U2761	0	0.555556
u_sm_ram_Q/U3530	0	0.555556
u_sm_ram_Q/U3982	0	0.555556
u_sm_ram_I/U1891	0	1.54321
u_sm_ram_Q/U2285	0	1.55556
u_sm_ram_Q/U2560	0	2.55556
u_sm_ram_I/U2241	0	0.555556
u_sm_ram_I/U2190	0	1.55556
u_sm_ram_I/U4234	0	0.555556
u_sm_ram_I/U3369	0	0.555556
u_sm_ram_I/U3379	0	0.555556
u_sm_ram_Q/PLACE_HFSBUF_129_369	0	1.50617
u_sm_ram_Q/U3030	0	1.53086
u_sm_ram_I/mem_reg[140][2]	0	1.55556
u_sm_ram_Q/U3679	0	0.555556
u_sm_ram_I/U2104	0	1.55556
u_sm_ram_Q/U2245	0	1.55556
u_sm_ram_Q/mem_reg[222][0]	0.148148	0.555556
u_sm_ram_Q/U618	0	2.55556
u_sm_ram_I/PLACE_HFSBUF_5949_763	0	1.55556
u_sm_ram_I/U619	0	1.55556
u_sm_ram_I/U3585	0	0.555556
u_sm_ram_I/mem_reg[75][3]	0	0.555556
u_sm_ram_Q/U3366	0	0.555556
u_sm_ram_I/mem_reg[237][1]	0	0.555556
u_sm_ram_Q/U2248	0	1.50617
u_sm_ram_I/mem_reg[42][0]	0	0.555556
u_sm_ram_Q/PLACE_HFSBUF_792_1172	0	0.555556
u_sm_ram_I/U1824	0	0.555556
u_sm_ram_Q/PLACE_HFSBUF_183_836	0	0.555556
u_sm_ram_I/U2347	0	2.55556
u_sm_ram_Q/U1985	0	0.555556
u_sm_ram_Q/U3300	0	0.493827
u_sm_ram_I/U2682	0	1.55556
u_sm_ram_I/U1082	0	0.555556
u_sm_ram_Q/PLACE_HFSBUF_685_1173	0	1.55556
u_sm_ram_I/mem_reg[202][3]	0	0.555556
u_sm_ram_Q/U3367	0	1.55556
u_sm_ram_I/U3965	0	2.55556
u_sm_ram_Q/mem_reg[78][2]	0	0.555556
u_sm_ram_I/PLACE_HFSINV_3354_738	0	0.555556
u_sm_ram_Q/mem_reg[62][1]	0	0.555556
u_sm_ram_I/U2481	0	0.555556
u_sm_ram_Q/mem_reg[223][0]	0	2.54321
u_sm_ram_Q/U3069	0	0.555556
u_sm_ram_I/mem_reg[75][1]	0	1.55556
u_sm_ram_I/U2762	0	0.555556
u_sm_ram_Q/U3547	0	0.481481
u_sm_ram_Q/U3068	0	0.555556
u_sm_ram_Q/U3736	0	1.55556
u_sm_ram_Q/U1349	0	2.55556
u_sm_ram_I/U3372	0	0.555556
u_sm_ram_I/U3337	0	0.555556
u_sm_ram_Q/U2249	0.846154	0.555556
u_sm_ram_I/U1271	0	0.555556
u_sm_ram_Q/U1342	0	0.555556
u_sm_ram_Q/PLACE_HFSBUF_108_486	0	1.55556
u_sm_ram_Q/mem_reg[78][0]	0	0.555556
u_sm_ram_I/U2073	0	0.555556
u_sm_ram_I/U1404	0	0.555556
u_sm_ram_Q/mem_reg[222][2]	0	1.55556
u_sm_ram_I/U1080	0	0.555556
u_sm_ram_Q/U3560	0	0.555556
u_sm_ram_I/U2348	0	0.555556
u_sm_ram_Q/PLACE_HFSBUF_10912_551	0	0.555556
u_sm_ram_Q/U3694	0	0.555556
u_sm_ram_I/U2495	0	0.555556
u_sm_ram_Q/U3632	0	0.555556
u_sm_ram_Q/mem_reg[125][0]	0	0.555556
u_sm_ram_Q/U2580	0	0.555556
u_sm_ram_I/U3496	0	0.555556
u_sm_ram_Q/U1848	0	1.55556
u_sm_ram_Q/mem_reg[95][0]	0	1.55556
u_sm_ram_I/mem_reg[236][3]	0	0.555556
u_sm_ram_I/mem_reg[42][3]	0	1.55556
u_sm_ram_Q/U2242	0	0.555556
u_sm_ram_I/mem_reg[168][0]	0	1.55556
u_sm_ram_I/U2625	0	1.55556
u_sm_ram_Q/U1284	0	1.55556
u_sm_ram_I/mem_reg[75][0]	0	0.555556
u_sm_ram_I/U1403	0	1.55556
u_sm_ram_Q/U3562	0	1.55556
u_sm_ram_I/U950	0	0.555556
u_sm_ram_I/U1402	0	1.55556
u_sm_ram_I/mem_reg[140][1]	0	0.555556
u_sm_ram_I/U3652	0	0.555556
u_sm_ram_I/U816	0	2.55556
u_sm_ram_I/PLACE_HFSBUF_281_692	0	1.55556
u_sm_ram_I/U2647	0	0.555556
u_sm_ram_Q/PLACE_HFSBUF_51_487	0	0.555556
u_sm_ram_I/U817	0	0.555556
u_sm_ram_I/U3429	0	0.555556
u_sm_ram_I/PLACE_HFSBUF_6622_764	0	0.555556
u_sm_ram_I/U2285	0	0.555556
u_sm_ram_I/U2840	0	0.555556
u_sm_ram_Q/U1255	0	2.55556
u_sm_ram_I/U614	0	0.555556
u_sm_ram_I/U882	0	0.555556
u_sm_ram_Q/mem_reg[111][0]	0	0.555556
u_sm_ram_Q/U2009	0	0.555556
u_sm_ram_Q/U3241	0	1.55556
u_sm_ram_Q/U3748	0	0.493827
u_sm_ram_Q/U675	0	0.555556
u_sm_ram_I/U3579	0	0.555556
u_sm_ram_I/mem_reg[122][1]	0	0.555556
u_sm_ram_Q/U3946	0	0.493827
u_sm_ram_Q/mem_reg[73][2]	0	1.55556
u_sm_ram_I/U1213	0	0.555556
u_sm_ram_Q/U3353	0	0.555556
u_sm_ram_I/U620	0	2.55556
u_sm_ram_Q/mem_reg[59][0]	0	1.55556
u_sm_ram_Q/PLACE_HFSBUF_1167_1105	0	1.54321
u_sm_ram_Q/U1283	0	2.55556
u_sm_ram_I/U1081	0	1.55556
u_sm_ram_I/mem_reg[236][0]	0	0.54321
u_sm_ram_Q/U3507	0	0.555556
u_sm_ram_I/U3306	0	0.555556
u_sm_ram_I/U3360	0	0.555556
u_sm_ram_I/U1473	0	0.555556
u_sm_ram_Q/U1286	0	0.555556
u_sm_ram_Q/U1325	0.538462	0.555556
u_sm_ram_Q/U1986	0	0.555556
u_sm_ram_Q/U3984	0	0.555556
u_sm_ram_I/U1212	0	0.555556
u_sm_ram_I/mem_reg[171][1]	0	0.555556
u_sm_ram_I/U2288	0	2.55556
u_sm_ram_Q/mem_reg[61][3]	0.703704	0.555556
u_sm_ram_I/PLACE_HFSBUF_6364_789	0	1.55556
u_sm_ram_I/PLACE_HFSBUF_86_683	0	1.55556
u_sm_ram_Q/U1285	0	1.49383
u_sm_ram_I/PLACE_HFSBUF_1834_677	0	0.555556
u_sm_ram_I/U1750	0	1.55556
u_sm_ram_I/U2777	0	0.555556
u_sm_ram_Q/mem_reg[252][3]	0	0.555556
u_sm_ram_Q/mem_reg[57][0]	0	2.55556
u_sm_ram_I/mem_reg[90][1]	0	0.555556
u_sm_ram_I/PLACE_HFSBUF_1672_676	0	0.555556
u_sm_ram_Q/mem_reg[155][2]	0	0.555556
u_sm_ram_Q/mem_reg[61][0]	0	2.55556
u_sm_ram_I/U2383	0	0.555556
u_sm_ram_I/mem_reg[91][3]	0	1.55556
u_sm_ram_I/mem_reg[143][1]	0	0.555556
u_sm_ram_I/U819	0	0.555556
u_sm_ram_I/U1525	0	0.555556
u_sm_ram_I/U818	0	0.555556
u_sm_ram_Q/mem_reg[155][0]	0	0.555556
u_sm_ram_I/U122	0.125	0.555556
u_sm_ram_Q/U3752	0	0.555556
u_sm_ram_I/mem_reg[122][3]	0	0.555556
u_sm_ram_I/PLACE_HFSBUF_109_473	0	1.55556
u_sm_ram_Q/U3437	0	0.493827
u_sm_ram_I/U617	0	2.55556
u_sm_ram_I/U3930	0	0.555556
u_sm_ram_I/U1676	0	0.555556
u_sm_ram_Q/U2007	0	0.555556
u_sm_ram_Q/U1340	0	2.55556
u_sm_ram_Q/PLACE_HFSBUF_357_835	0	0.555556
u_sm_ram_I/U2194	0	1.55556
u_sm_ram_Q/U2362	0	2.55556
u_sm_ram_Q/PLACE_HFSBUF_47_595	0	1.55556
u_sm_ram_Q/U1259	0	0.555556
u_sm_ram_Q/U2284	0	1.55556
u_sm_ram_Q/mem_reg[62][3]	0	0.555556
u_sm_ram_Q/U1344	0	0.555556
u_sm_ram_I/PLACE_HFSBUF_3070_660	0	0.54321
u_sm_ram_I/mem_reg[171][3]	0	0.555556
u_sm_ram_Q/U2241	0	0.555556
u_sm_ram_Q/U1125	0	1.55556
u_sm_ram_I/U2258	0	2.55556
u_sm_ram_Q/U3735	0	0.54321
u_sm_ram_I/mem_reg[237][2]	0	0.555556
u_sm_ram_I/U1529	0	0.555556
u_sm_ram_I/U3594	0	1.55556
u_sm_ram_I/PLACE_HFSBUF_1190_693	0	0.555556
u_sm_ram_Q/U2357	0	1.55556
u_sm_ram_Q/mem_reg[57][1]	0	0.555556
u_sm_ram_I/U2345	0	1.55556
u_sm_I/data_out_reg[1]	0	0.555556
u_sm_ram_I/U2390	0	0.555556
u_sm_ram_I/U1083	0.769231	1.55556
u_sm_ram_Q/U998	0	0.555556
u_sm_ram_I/mem_reg[187][2]	0	1.55556
u_sm_ram_I/U1614	0	1.55556
u_sm_ram_I/mem_reg[74][2]	0	1.55556
u_sm_ram_Q/U3216	0	0.555556
u_sm_ram_Q/U3990	0	0.555556
u_sm_ram_Q/PLACE_HFSBUF_272_834	0	1.55556
u_sm_ram_Q/U995	0	0.555556
u_sm_ram_I/mem_reg[187][1]	0	0.555556
u_sm_ram_I/mem_reg[91][2]	0	0.555556
u_sm_ram_Q/U670	0	1.55556
u_sm_ram_Q/mem_reg[58][0]	0	0.555556
u_sm_ram_I/U3422	0.0625	1.55556
u_sm_ram_Q/mem_reg[222][1]	0	0.555556
u_sm_ram_Q/U3710	0	1.55556
u_sm_ram_I/U1278	0	2.55556
u_sm_ram_Q/mem_reg[72][1]	0	1.55556
u_sm_ram_I/U1470	0	0.555556
u_sm_ram_Q/U3686	0	0.555556
u_sm_ram_I/U1472	0	0.555556
u_sm_ram_Q/PLACE_HFSBUF_355_1005	0	1.55556
u_sm_ram_I/U1145	0	0.555556
u_sm_ram_I/PLACE_HFSBUF_55_899	0	1.55556
u_sm_ram_I/U3491	0	1.55556
u_sm_ram_I/U1471	0	0.54321
u_sm_ram_Q/PLACE_HFSBUF_862_1102	0	1.55556
u_sm_ram_Q/mem_reg[62][0]	0	0.555556
u_sm_ram_Q/mem_reg[74][2]	0	0.555556
u_sm_ram_Q/U3826	0	0.555556
u_sm_ram_Q/PLACE_HFSBUF_10586_552	0	0.555556
u_sm_ram_I/mem_reg[204][0]	0	0.555556
u_sm_ram_Q/PLACE_HFSBUF_10762_549	0	1.55556
u_sm_ram_I/U1408	0	1.55556
u_sm_ram_I/mem_reg[10][3]	0	2.55556
u_sm_ram_I/U3439	0	0.555556
u_sm_ram_Q/U1789	0	2.55556
u_sm_ram_Q/U3625	0	1.49383
u_sm_ram_I/mem_reg[220][3]	0	0.555556
u_sm_ram_I/U685	0	1.55556
u_sm_ram_I/U615	0	2.55556
u_sm_ram_I/U2948	0	0.555556
u_sm_ram_Q/U996	0	0.555556
u_sm_ram_I/mem_reg[204][2]	0	2.55556
u_sm_ram_Q/PLACE_HFSBUF_527_528	0	0.555556
u_sm_ram_I/U3536	0	1.53086
u_sm_ram_Q/U3250	0	0.555556
u_sm_ram_Q/U1364	0	2.55556
u_sm_ram_Q/U672	0	0.555556
u_sm_ram_I/U1079	0	0.555556
u_sm_ram_Q/U3629	0	0.555556
u_sm_ram_Q/U3217	0	1.55556
u_sm_ram_Q/mem_reg[62][2]	0	0.555556
u_sm_ram_I/U3596	0	0.555556
u_sm_ram_I/U3318	0	0.555556
u_sm_ram_Q/U1327	0	0.555556
u_sm_ram_I/U684	0	0.530864
u_sm_ram_Q/PLACE_HFSBUF_3317_457	0	0.555556
u_sm_ram_Q/U671	0.846154	0.555556
u_sm_ram_I/U2999	0	1.55556
u_sm_ram_I/PLACE_HFSBUF_829_892	0	0.555556
u_sm_ram_Q/U984	0	1.55556
u_sm_ram_I/U1077	0	1.55556
u_sm_ram_I/mem_reg[237][3]	0	1.55556
u_sm_ram_Q/U1273	0.692308	2.55556
u_sm_ram_Q/U997	0	0.555556
u_sm_ram_Q/U551	0	0.555556
u_sm_ram_Q/U3619	0	1.55556
u_sm_ram_I/mem_reg[74][1]	0	0.555556
u_sm_ram_I/U1406	0	0.555556
u_sm_ram_Q/U3541	0	1.55556
u_sm_ram_I/mem_reg[26][2]	0	1.55556
u_sm_ram_I/mem_reg[26][1]	0	0.555556
u_sm_ram_I/mem_reg[123][1]	0	1.55556
u_sm_ram_Q/U3556	0	1.55556
u_sm_ram_Q/mem_reg[154][2]	0	2.55556
u_sm_ram_Q/PLACE_HFSBUF_12793_502	0	0.555556
u_sm_ram_I/U3470	0.166667	1.50617
u_sm_ram_I/mem_reg[173][0]	0	1.55556
u_sm_ram_Q/U3572	0	0.555556
u_sm_ram_I/U4032	0	0.555556
u_sm_ram_I/U1009	0	0.555556
u_sm_ram_I/mem_reg[78][1]	0	1.55556
u_sm_ram_Q/mem_reg[111][1]	0	0.555556
u_sm_ram_Q/U1127	0	2.55556
u_sm_ram_Q/U1368	0	0.555556
u_sm_ram_Q/U2208	0	0.555556
u_sm_ram_Q/U1126	0	0.54321
u_sm_ram_Q/mem_reg[143][0]	0	0.555556
u_sm_ram_I/mem_reg[42][1]	0	0.555556
u_sm_ram_I/U1008	0	1.55556
u_sm_ram_Q/mem_reg[143][1]	0	0.555556
u_sm_ram_I/U2759	0	0.555556
u_sm_ram_I/U3382	0	0.555556
u_sm_ram_I/U2290	0	2.55556
u_sm_ram_Q/U3540	0	0.555556
u_sm_ram_Q/U3464	0	1.51852
u_sm_ram_I/U616	0	1.55556
u_sm_I/U23	0	1.55556
u_sm_ram_Q/U2170	0	1.55556
u_sm_ram_Q/U1324	0	1.55556
u_sm_ram_I/mem_reg[26][0]	0.185185	2.55556
u_sm_ram_I/mem_reg[90][3]	0	0.555556
u_sm_ram_Q/mem_reg[75][2]	0	1.55556
u_sm_ram_Q/mem_reg[253][1]	0	1.55556
u_sm_ram_Q/U3532	0	0.555556
u_sm_ram_I/mem_reg[173][2]	0	1.55556
u_sm_ram_I/U1405	0	2.55556
u_sm_ram_I/U3224	0	0.555556
u_sm_ram_I/U1907	0	1.55556
u_sm_ram_Q/mem_reg[223][1]	0	0.555556
u_sm_ram_I/mem_reg[74][0]	0	2.55556
u_sm_ram_I/PLACE_HFSBUF_909_781	0	0.555556
u_sm_ram_I/mem_reg[155][0]	0	1.55556
u_sm_ram_I/U3632	0	0.555556
u_sm_ram_Q/U3424	0	0.555556
u_sm_ram_Q/mem_reg[74][0]	0	0.555556
u_sm_ram_Q/PLACE_HFSBUF_12973_501	0	1.55556
u_sm_ram_I/mem_reg[252][0]	0	0.555556
u_sm_ram_Q/U2203	0	0.555556
u_sm_ram_Q/PLACE_HFSBUF_146_1117	0	0.555556
u_sm_ram_Q/U3577	0	0.555556
u_sm_ram_Q/U2207	0	0.555556
u_sm_ram_Q/mem_reg[155][1]	0	0.555556
u_sm_ram_Q/U3742	0	0.555556
u_sm_ram_I/mem_reg[140][3]	0	0.555556
u_sm_ram_I/U1543	0	0.555556
u_sm_ram_I/U1542	0	1.55556
u_sm_ram_Q/U3489	0	0.555556
u_sm_ram_I/U1211	0	2.55556
u_sm_ram_I/U1615	0	0.555556
u_sm_ram_I/mem_reg[220][2]	0	0.555556
u_sm_ram_I/mem_reg[123][3]	0	1.53086
u_sm_ram_Q/U3495	0	1.55556
u_sm_ram_I/mem_reg[157][0]	0	0.555556
u_sm_ram_Q/U3693	0.461538	1.55556
u_sm_ram_I/mem_reg[107][3]	0	1.55556
u_sm_ram_Q/mem_reg[255][2]	0	0.555556
u_sm_ram_Q/U2283	0	0.555556
u_sm_ram_I/mem_reg[156][3]	0	0.555556
u_sm_ram_Q/mem_reg[57][3]	0	2.55556
u_sm_ram_Q/U3337	0	0.555556
u_sm_ram_Q/U3176	0	1.53086
u_sm_ram_Q/mem_reg[253][0]	0	1.55556
u_sm_ram_I/U3208	0	0.555556
u_sm_ram_I/U3289	0	1.55556
u_sm_ram_Q/U1770	0	1.55556
u_sm_ram_Q/U3787	0	1.55556
u_sm_ram_Q/mem_reg[223][2]	0	2.55556
u_sm_ram_I/U336	0	0.555556
u_sm_ram_Q/U26	0	2.55556
u_sm_ram_Q/U501	0	0.555556
u_sm_ram_Q/U3788	0	1.55556
u_sm_ram_I/U1541	0	1.55556
u_sm_ram_Q/U3284	0	0.555556
u_sm_ram_Q/U534	0	0.555556
u_sm_ram_Q/U1839	0	0.555556
u_sm_ram_Q/U2003	0	1.55556
u_sm_I/data_out_reg[3]	0	0.555556
u_sm_ram_I/U1143	0	0.555556
u_sm_ram_I/PLACE_HFSINV_5190_778	0	0.555556
u_sm_ram_I/PLACE_HFSBUF_178_773	0	0.555556
u_sm_ram_Q/mem_reg[95][1]	0	0.555556
u_sm_ram_Q/mem_reg[88][2]	0	1.55556
u_sm_ram_I/U2152	0	0.555556
u_sm_ram_I/PLACE_HFSBUF_15799_727	0	2.55556
u_sm_ram_Q/U1279	0	1.55556
u_sm_ram_I/U1007	0	2.55556
u_sm_ram_Q/U1326	0	0.555556
u_sm_I/U21	0	2.54321
u_sm_ram_I/mem_reg[138][1]	0	2.55556
u_sm_ram_Q/U1999	0	2.55556
u_sm_ram_Q/U1757	0	2.55556
u_sm_ram_Q/mem_reg[111][2]	0	0.555556
u_sm_ram_Q/PLACE_HFSBUF_810_994	0	0.555556
u_sm_ram_I/U1540	0	0.555556
u_sm_ram_I/PLACE_HFSBUF_1344_695	0	0.555556
u_sm_ram_Q/U2317	0	0.555556
u_sm_ram_I/mem_reg[91][1]	0	1.55556
u_sm_ram_I/mem_reg[172][0]	0	1.55556
u_sm_ram_I/PLACE_HFSINV_2496_697	0	0.555556
u_sm_ram_Q/mem_reg[57][2]	0	0.555556
u_sm_ram_I/mem_reg[10][0]	0	1.55556
u_sm_ram_Q/mem_reg[73][0]	0	1.55556
u_sm_ram_Q/U1347	0	2.46914
u_sm_ram_I/U4229	0	1.55556
u_sm_ram_Q/mem_reg[253][3]	0	1.50617
u_sm_ram_Q/U1887	0	0.555556
u_sm_ram_Q/U2171	0	1.54321
u_sm_ram_I/U1261	0	0.555556
u_sm_ram_Q/U1656	0	0.555556
u_sm_ram_I/mem_reg[44][0]	0	0.555556
u_sm_ram_Q/U3431	0	0.555556
u_sm_ram_Q/U2589	0	0.555556
u_sm_ram_I/U613	0	0.555556
u_sm_ram_Q/U3061	0	1.55556
u_sm_ram_Q/PLACE_HFSBUF_224_946	0	0.555556
u_sm_ram_Q/U3103	0	1.55556
u_sm_ram_I/U552	0	0.555556
u_sm_ram_I/PLACE_HFSBUF_5341_668	0	0.555556
u_sm_ram_Q/U3807	0	0.555556
u_sm_ram_Q/U3453	0	1.55556
u_sm_ram_I/mem_reg[107][1]	0	0.555556
u_sm_ram_I/mem_reg[10][1]	0	0.555556
u_sm_ram_Q/PLACE_HFSBUF_725_1171	0	0.555556
u_sm_ram_I/mem_reg[93][2]	0	0.555556
u_sm_ram_I/PLACE_HFSBUF_6660_672	0	1.55556
u_sm_ram_Q/U1346	0	2.55556
u_sm_ram_I/mem_reg[42][2]	0	0.555556
u_sm_ram_I/mem_reg[140][0]	0	0.555556
u_sm_ram_I/mem_reg[157][3]	0	0.555556
u_sm_ram_I/U749	0	0.555556
u_sm_ram_I/U183	0	1.55556
u_sm_ram_Q/mem_reg[237][3]	0	0.555556
u_sm_ram_Q/mem_reg[238][3]	0	1.55556
u_sm_ram_Q/U1281	0	1.55556
u_sm_ram_I/U1685	0	1.55556
u_sm_ram_I/mem_reg[156][0]	0	0.555556
u_sm_ram_Q/U3703	0	0.555556
u_sm_ram_Q/mem_reg[252][0]	0	0.555556
u_sm_ram_Q/U306	0	0.555556
u_sm_ram_Q/U2167	0	0.555556
u_sm_ram_Q/U3231	0	1.55556
u_sm_ram_I/mem_reg[253][3]	0	0.555556
u_sm_ram_I/U3232	0	1.53086
u_sm_ram_I/PLACE_HFSBUF_3450_712	0	0.54321
u_sm_ram_Q/PLACE_HFSBUF_156_944	0	1.55556
u_sm_ram_Q/U2184	0	1.54321
u_sm_ram_Q/U2049	0	0.555556
u_sm_ram_I/mem_reg[44][1]	0	1.55556
u_sm_ram_Q/PLACE_HFSBUF_710_995	0	0.555556
u_sm_ram_Q/PLACE_HFSBUF_322_525	0	0.555556
u_sm_ram_I/mem_reg[45][0]	0	2.55556
u_sm_ram_I/PLACE_HFSBUF_1769_728	0	0.555556
u_sm_ram_Q/U331	0	0.555556
u_sm_ram_Q/U3206	0	0.555556
u_sm_I/U22	0	0.555556
u_sm_ram_Q/mem_reg[191][1]	0	0.555556
u_sm_ram_I/U2145	0	1.55556
u_sm_I/U19	0.846154	0.555556
u_sm_ram_I/U221	0	0.555556
u_sm_ram_Q/U3151	0	0.555556
u_sm_ram_Q/U2169	0	0.555556
u_sm_ram_I/U1407	0	1.55556
u_sm_ram_I/U3995	0	0.555556
u_sm_ram_I/U4140	0	1.55556
u_sm_ram_I/U549	0	0.555556
u_sm_ram_Q/mem_reg[141][3]	0	1.55556
u_sm_ram_I/mem_reg[10][2]	0	2.55556
u_sm_ram_I/U1010	0	0.555556
u_sm_ram_Q/U1130	0	0.555556
u_sm_ram_I/mem_reg[252][1]	0	1.55556
u_sm_ram_I/U750	0	2.55556
u_sm_ram_I/U3538	0	0.555556
u_sm_ram_I/mem_reg[107][0]	0	0.555556
u_sm_ram_Q/U3640	0	0.555556
u_sm_ram_Q/mem_reg[75][0]	0	1.55556
u_sm_ram_Q/mem_reg[73][1]	0	0.555556
u_sm_ram_Q/U1271	0	2.55556
u_sm_ram_I/PLACE_HFSBUF_3302_711	0	0.54321
u_sm_ram_I/U748	0	0.419753
u_sm_ram_I/U875	0	0.54321
u_sm_ram_Q/mem_reg[143][2]	0	0.555556
u_sm_ram_Q/PLACE_HFSBUF_237_1023	0	0.555556
u_sm_I/U26	0	1.55556
u_sm_ram_Q/U4081	0	0.555556
u_sm_ram_Q/U3964	0	1.55556
u_sm_ram_I/PLACE_HFSBUF_6061_669	0	0.555556
u_sm_ram_I/PLACE_HFSBUF_2152_786	0	0.555556
u_sm_ram_I/PLACE_HFSBUF_2892_667	0	1.55556
u_sm_ram_I/PLACE_HFSINV_7549_675	0	0.555556
u_sm_ram_Q/mem_reg[110][1]	0	0.555556
u_sm_ram_Q/U3298	0	1.55556
u_sm_ram_Q/U3184	0	0.555556
u_sm_ram_I/PLACE_HFSBUF_54_362	0	1.55556
u_sm_I/U24	0	1.55556
u_sm_ram_Q/mem_reg[238][2]	0	1.55556
u_sm_ram_Q/mem_reg[141][1]	0	0.555556
u_sm_ram_Q/PLACE_HFSBUF_349_460	0	0.555556
u_sm_ram_Q/U3383	0	0.555556
u_sm_ram_I/PLACE_HFSBUF_55_1136	0	0.555556
u_sm_ram_I/U873	0	1.55556
u_sm_ram_Q/mem_reg[248][3]	0	0.555556
u_sm_ram_I/mem_reg[108][2]	0	1.55556
u_sm_ram_Q/U3063	0	2.55556
u_sm_ram_I/U941	0	0.555556
u_sm_ram_I/U551	0	1.55556
u_sm_ram_Q/U1192	0	0.555556
u_sm_ram_Q/U3825	0	1.55556
u_sm_ram_I/U3307	0	0.555556
u_sm_ram_I/U187	0	1.55556
u_sm_ram_Q/mem_reg[60][0]	0	1.55556
u_sm_ram_Q/U1280	0	1.55556
u_sm_ram_Q/mem_reg[111][3]	0	0.555556
u_sm_ram_I/U945	0	0.555556
u_sm_ram_Q/mem_reg[120][2]	0	0.555556
u_sm_ram_Q/U3762	0	1.55556
u_sm_ram_I/U553	0	0.555556
u_sm_ram_I/mem_reg[61][2]	0	0.555556
u_sm_ram_I/U562	0	1.51852
u_sm_I/U42	0	1.55556
u_sm_ram_Q/PLACE_HFSBUF_270_945	0	0.555556
u_sm_ram_Q/U1128	0	1.51852
u_sm_ram_Q/PLACE_HFSBUF_1306_880	0	1.55556
u_sm_ram_Q/U4063	0	0.555556
u_sm_ram_Q/mem_reg[73][3]	0	1.55556
u_sm_ram_Q/mem_reg[155][3]	0	1.55556
PLACE_HFSINV_3136_376	0	0.555556
u_sm_ram_I/U3934	0	0.555556
u_sm_ram_Q/U1274	0	0.555556
u_sm_ram_I/U548	0	1.55556
u_sm_ram_I/U1200	0	1.55556
u_sm_ram_I/U2329	0	0.555556
u_sm_ram_Q/U3559	0	1.55556
u_sm_ram_I/mem_reg[188][0]	0	0.54321
u_sm_ram_Q/U2892	0	0.555556
u_sm_ram_I/U1729	0	1.55556
u_sm_ram_Q/mem_reg[121][2]	0	2.55556
u_sm_ram_Q/U1335	0	1.55556
u_sm_ram_Q/U1997	0	0.555556
u_sm_ram_Q/U311	0	1.55556
u_sm_ram_I/U4097	0	0.54321
u_sm_ram_I/U1334	0	0.54321
u_sm_ram_I/mem_reg[188][3]	0	1.55556
u_sm_ram_I/U2146	0	2.55556
u_sm_ram_I/PLACE_HFSBUF_2772_684	0	0.555556
u_sm_ram_I/U2147	0	1.55556
u_sm_ram_Q/U3032	0	0.555556
u_sm_ram_I/mem_reg[205][0]	0	1.55556
u_sm_ram_Q/U3531	0	0.555556
u_sm_ram_I/U877	0	0.555556
u_sm_ram_I/U3374	0	1.55556
u_sm_ram_I/mem_reg[141][1]	0	0.555556
u_sm_ram_Q/U2209	0	0.555556
u_sm_ram_I/U1198	0	0.555556
u_sm_ram_Q/mem_reg[248][0]	0	0.555556
u_sm_ram_I/mem_reg[253][1]	0	0.555556
u_sm_ram_I/U815	0	1.55556
u_sm_ram_I/U1397	0	1.54321
u_sm_ram_I/U1141	0	2.55556
u_sm_ram_Q/mem_reg[95][2]	0	0.555556
u_sm_ram_Q/mem_reg[250][3]	0	0.555556
u_sm_ram_Q/U3224	0	1.55556
u_sm_ram_Q/U3643	0	1.55556
u_sm_ram_Q/U1657	0	1.55556
u_sm_ram_I/U876	0	0.54321
u_sm_ram_I/mem_reg[60][2]	0	0.555556
u_sm_ram_I/PLACE_HFSBUF_114_689	0	1.55556
u_sm_I/data_out_reg[2]	0	0.555556
u_sm_ram_Q/mem_reg[74][1]	0	0.555556
u_sm_ram_I/mem_reg[205][1]	0	0.555556
u_sm_ram_I/U1927	0	0.555556
u_sm_ram_I/U942	0	0.555556
u_sm_ram_I/mem_reg[93][0]	0	0.555556
u_sm_ram_I/U1928	0	0.555556
u_sm_ram_I/mem_reg[156][2]	0	0.555556
u_sm_ram_I/mem_reg[204][3]	0	0.555556
u_sm_ram_Q/U612	0	2.53086
u_sm_ram_I/PLACE_HFSBUF_1592_729	0	0.555556
u_sm_ram_I/U3340	0	0.518519
u_sm_ram_Q/U4012	0	0.555556
u_sm_ram_I/U1142	0	0.555556
u_sm_ram_I/mem_reg[60][3]	0	0.555556
u_sm_ram_I/mem_reg[12][2]	0	2.55556
u_sm_ram_I/U1144	0	1.55556
u_sm_ram_I/U1335	0	1.55556
u_sm_ram_I/U938	0	0.555556
u_sm_ram_Q/mem_reg[154][1]	0	1.55556
u_sm_ram_I/U1004	0	1.55556
u_sm_ram_Q/U2052	0	2.55556
u_sm_ram_I/U550	0	0.54321
u_sm_ram_I/U554	0	0.555556
u_sm_ram_Q/mem_reg[140][0]	0	1.55556
u_sm_ram_Q/mem_reg[110][3]	0	1.55556
u_sm_I/U20	0	1.55556
u_sm_ram_I/U3472	0	0.555556
u_sm_ram_Q/mem_reg[75][3]	0	2.55556
u_sm_ram_Q/U2865	0	2.55556
u_sm_ram_Q/U568	0	0.555556
u_sm_ram_I/U3914	0	1.55556
u_sm_ram_I/U555	0	0.555556
u_sm_ram_Q/U611	0	0.555556
u_sm_ram_I/mem_reg[204][1]	0	2.55556
u_sm_ram_I/mem_reg[27][1]	0	0.555556
u_sm_ram_I/PLACE_HFSBUF_120_1130	0	0.555556
u_sm_ram_Q/U1272	0	2.55556
u_sm_ram_Q/U1332	0	1.55556
u_sm_ram_Q/PLACE_HFSBUF_364_937	0	0.555556
u_sm_ram_I/U3413	0	0.555556
u_sm_ram_Q/mem_reg[95][3]	0	1.55556
u_sm_ram_I/mem_reg[44][3]	0	1.55556
u_sm_ram_Q/U1334	0	1.55556
u_sm_ram_I/mem_reg[253][0]	0	0.555556
u_sm_ram_I/U2325	0	2.55556
u_sm_ram_Q/mem_reg[141][0]	0	1.55556
u_sm_ram_Q/U3100	0	0.555556
u_sm_ram_Q/U2870	0.125	1.55556
u_sm_ram_Q/U1367	0	1.55556
u_sm_ram_I/U1398	0	0.555556
u_sm_ram_I/U1862	0	0.555556
u_sm_ram_I/U1138	0	0.555556
u_sm_ram_I/U812	0	1.53086
u_sm_ram_Q/U616	0	1.55556
u_sm_ram_Q/U1132	0	1.48148
u_sm_ram_Q/U1006	0	0.54321
u_sm_ram_Q/mem_reg[142][1]	0	0.555556
u_sm_ram_I/mem_reg[141][0]	0	0.555556
u_sm_ram_I/U879	0	2.55556
u_sm_ram_Q/U563	0	2.55556
u_sm_ram_I/mem_reg[45][3]	0	0.555556
u_sm_ram_I/U3269	0	1.55556
u_sm_ram_Q/U1369	0	1.55556
u_sm_ram_I/mem_reg[45][1]	0	2.55556
u_sm_ram_I/mem_reg[252][2]	0	0.555556
u_sm_ram_I/mem_reg[61][1]	0	0.555556
u_sm_ram_I/U2324	0	2.55556
u_sm_ram_I/U1567	0	1.55556
u_sm_ram_I/U3468	0	0.555556
PLACE_HFSINV_4898_377	0	1.55556
u_sm_ram_Q/U1282	0	0.555556
u_sm_ram_I/U3475	0	0.555556
u_sm_ram_I/U874	0	0.555556
u_sm_ram_Q/U561	0	1.55556
u_sm_I/U39	0	0.555556
u_sm_ram_Q/mem_reg[154][3]	0	2.55556
u_sm_ram_Q/U3335	0	1.55556
u_sm_ram_I/U3645	0	0.555556
u_sm_I/bit_cnt_reg[0]	0	0.555556
u_sm_ram_I/U813	0	1.55556
u_sm_ram_I/mem_reg[93][1]	0	0.555556
u_sm_ram_I/U1003	0	1.55556
u_sm_ram_Q/U3095	0	1.55556
u_sm_ram_I/U3479	0	0.555556
u_sm_ram_I/mem_reg[253][2]	0	2.55556
u_sm_I/U25	0	1.55556
u_sm_ram_Q/U1004	0	1.55556
u_sm_ram_I/mem_reg[95][3]	0	1.55556
u_sm_ram_I/U1333	0	2.55556
u_sm_ram_I/U944	0	1.55556
u_sm_ram_Q/U3997	0	0.555556
u_sm_ram_I/U2011	0	0.555556
u_sm_ram_I/U1400	0	0.555556
u_sm_ram_I/U1329	0	0.555556
u_sm_ram_I/U3328	0	0.555556
u_sm_ram_I/U606	0	0.555556
u_sm_ram_Q/U3148	0	1.55556
u_sm_ram_I/U2161	0	1.55556
u_sm_ram_I/mem_reg[205][3]	0	0.555556
u_sm_ram_I/mem_reg[252][3]	0	0.555556
u_sm_ram_Q/U3821	0	0.555556
u_sm_ram_I/U1139	0	0.555556
u_sm_ram_I/U3236	0.0625	0.555556
u_sm_ram_Q/mem_reg[74][3]	0	0.555556
u_sm_ram_I/U3428	0	1.55556
u_sm_ram_Q/mem_reg[60][2]	0	0.555556
u_sm_I/U27	0	0.555556
u_sm_ram_I/U880	0	0.555556
u_sm_ram_I/mem_reg[239][0]	0	0.555556
u_sm_ram_Q/mem_reg[250][0]	0	0.555556
u_sm_ram_Q/U1086	0	0.555556
u_sm_ram_I/U4067	0	1.55556
u_sm_ram_I/PLACE_HFSBUF_127_363	0	0.555556
u_sm_ram_Q/U1131	0	0.555556
u_sm_ram_I/U1656	0	1.55556
u_sm_ram_I/U3288	0	0.555556
u_sm_ram_I/PLACE_HFSINV_9841_688	0	1.54321
u_sm_ram_Q/U3435	0	0.555556
u_sm_ram_Q/U2029	0	0.555556
u_sm_ram_Q/mem_reg[248][1]	0	0.555556
u_sm_ram_Q/mem_reg[120][0]	0	0.555556
u_sm_ram_Q/mem_reg[88][1]	0	0.555556
u_sm_ram_Q/U570	0	0.555556
u_sm_ram_Q/U3772	0	0.555556
u_sm_ram_I/U2323	0	0.555556
u_sm_ram_I/mem_reg[205][2]	0	1.55556
u_sm_ram_Q/U610	0	0.555556
u_sm_ram_I/mem_reg[141][2]	0	0.555556
u_sm_ram_Q/U1003	0	0.555556
u_sm_ram_I/mem_reg[172][3]	0	0.555556
u_sm_ram_Q/U3481	0	0.555556
u_sm_ram_Q/U3685	0	1.55556
u_sm_ram_Q/mem_reg[88][3]	0	1.55556
u_sm_ram_Q/U1875	0	0.555556
u_sm_ram_Q/U2028	0	1.55556
u_sm_ram_Q/mem_reg[250][1]	0	1.55556
u_sm_ram_I/mem_reg[172][1]	0	0.555556
u_sm_ram_Q/mem_reg[248][2]	0	2.55556
u_sm_ram_I/U814	0	1.55556
u_sm_ram_I/mem_reg[173][1]	0	0.555556
u_sm_ram_Q/mem_reg[60][1]	0	1.55556
u_sm_ram_Q/U1129	0	0.54321
u_sm_ram_Q/U3713	0	1.55556
u_sm_ram_Q/U3456	0	0.555556
u_sm_ram_Q/U1005	0	0.555556
u_sm_ram_Q/U3436	0	0.555556
u_sm_ram_I/U2159	0	2.55556
u_sm_ram_I/U878	0	2.55556
u_sm_ram_I/U3449	0	0.555556
u_sm_ram_Q/U1007	0	1.55556
u_sm_ram_Q/U3288	0	0.555556
u_sm_ram_I/mem_reg[206][1]	0	0.555556
u_sm_ram_I/mem_reg[239][1]	0	2.55556
u_sm_ram_Q/U2576	0	1.55556
u_sm_ram_I/mem_reg[188][1]	0	0.555556
u_sm_ram_I/U2063	0	1.55556
u_sm_ram_Q/U3121	0	1.55556
u_sm_ram_I/U1330	0	1.53086
u_sm_ram_Q/U157	0.125	2.55556
u_sm_ram_I/U383	0	0.555556
u_sm_ram_I/mem_reg[44][2]	0	0.555556
u_sm_ram_Q/U951	0	0.530864
u_sm_ram_I/mem_reg[93][3]	0	0.555556
u_sm_ram_I/U821	0	0.555556
u_sm_ram_I/U1332	0	0.555556
u_sm_ram_Q/U3190	0	0.555556
u_sm_ram_Q/U3989	0	1.55556
u_sm_ram_Q/U3454	0	1.55556
u_sm_ram_I/mem_reg[78][3]	0	3.55556
u_sm_I/U31	0	1.55556
u_sm_ram_Q/U1000	0	0.555556
u_sm_ram_Q/mem_reg[110][2]	0	0.555556
u_sm_ram_Q/U3487	0	0.555556
u_sm_ram_I/mem_reg[255][1]	0	0.555556
u_sm_ram_I/mem_reg[156][1]	0	2.55556
u_sm_I/shift_reg_reg[1]	0	0.555556
u_sm_ram_Q/mem_reg[58][3]	0	2.55556
u_sm_ram_I/U3777	0	1.55556
u_sm_ram_I/mem_reg[60][1]	0.962963	1.55556
u_sm_ram_Q/U3192	0	0.555556
u_sm_ram_I/U943	0	2.55556
u_sm_ram_Q/mem_reg[237][2]	0	0.555556
u_sm_ram_Q/mem_reg[126][2]	0.814815	0.555556
u_sm_I/U40	0	1.55556
u_sm_ram_Q/U2544	0	1.49383
u_sm_ram_I/mem_reg[45][2]	0	0.555556
u_sm_I/U38	0	0.555556
u_sm_ram_Q/U3395	0	1.55556
u_sm_ram_I/U3549	0	1.55556
u_sm_ram_I/U1201	0	0.555556
u_sm_ram_I/U341	0	0.555556
u_sm_ram_Q/U999	0	1.55556
u_sm_ram_I/PLACE_HFSINV_17273_685	0	2.55556
u_sm_ram_Q/U614	0	0.555556
u_sm_ram_Q/U3462	0	0.555556
u_sm_I/U32	0	0.555556
u_sm_ram_I/U467	0.375	0.555556
u_sm_ram_I/U1929	0	1.55556
u_sm_ram_Q/U569	0	1.55556
u_sm_ram_I/U237	0	1.55556
u_sm_ram_Q/mem_reg[122][2]	0	0.555556
u_sm_ram_Q/U3480	0	0.555556
u_sm_ram_I/U1367	0	1.55556
u_sm_ram_I/U102	0	1.55556
u_sm_ram_I/U2275	0	0.555556
u_sm_ram_Q/U613	0	0.555556
u_sm_I/U30	0	2.55556
u_sm_ram_I/U2947	0	0.555556
u_sm_ram_I/U541	0	2.55556
u_sm_ram_Q/mem_reg[123][2]	0	2.55556
u_sm_ram_Q/U3465	0	0.555556
u_sm_ram_Q/PLACE_HFSBUF_3479_456	0	0.555556
u_sm_ram_Q/U1002	0	0.555556
u_sm_ram_I/U3008	0	2.55556
u_sm_ram_I/U1005	0	1.55556
u_sm_ram_I/U3283	0	0.555556
u_sm_ram_Q/mem_reg[250][2]	0	1.55556
u_sm_ram_I/U3624	0	1.55556
u_sm_ram_I/U1399	0	0.555556
u_sm_ram_Q/mem_reg[141][2]	0	0.555556
u_sm_ram_I/mem_reg[108][1]	0	0.555556
u_sm_ram_I/U3918	0	2.55556
u_sm_ram_I/PLACE_HFSBUF_5716_674	0	1.55556
u_sm_ram_I/U3341	0	1.55556
u_sm_ram_Q/mem_reg[110][0]	0	2.55556
u_sm_ram_Q/U609	0	0.555556
u_sm_I/U41	0	0.555556
u_sm_ram_Q/U1008	0	0.555556
u_sm_ram_Q/U2166	0	0.555556
u_sm_ram_I/PLACE_HFSBUF_6767_765	0	1.55556
u_sm_ram_Q/PLACE_HFSBUF_15067_459	0	1.55556
u_sm_ram_Q/mem_reg[238][1]	0	0.555556
u_sm_ram_Q/U560	0	0.555556
u_sm_ram_I/U195	0	1.55556
u_sm_ram_I/PLACE_HFSBUF_185_1131	0	0.555556
u_sm_ram_Q/U2168	0	1.55556
u_sm_ram_I/mem_reg[207][3]	0	0.530864
u_sm_ram_I/mem_reg[206][3]	0	0.555556
u_sm_ram_Q/U3150	0	0.555556
u_sm_ram_I/mem_reg[108][3]	0	1.55556
u_sm_ram_I/mem_reg[61][3]	0	0.555556
u_sm_ram_I/U605	0	0.555556
u_sm_ram_Q/PLACE_HFSBUF_3632_455	0	0.555556
u_sm_ram_Q/U1186	0	1.55556
u_sm_ram_I/mem_reg[92][3]	0	1.55556
u_sm_ram_Q/U1001	0	0.555556
u_sm_ram_I/U3905	0	1.55556
u_sm_ram_I/U3541	0	0.555556
u_sm_ram_I/U4230	0	0.555556
u_sm_ram_I/U2148	0	0.555556
u_sm_ram_Q/U1822	0	0.555556
u_sm_ram_I/mem_reg[92][1]	0	2.55556
u_sm_ram_I/U1331	0	0.555556
u_sm_ram_I/U959	0	2.55556
u_sm_ram_Q/U314	0	0.469136
u_sm_ram_I/mem_reg[239][2]	0	0.555556
u_sm_ram_I/U372	0	0.555556
u_sm_ram_Q/U1089	0	0.555556
u_sm_ram_I/mem_reg[188][2]	0	0.555556
u_sm_ram_I/U3849	0	1.55556
u_sm_ram_Q/U2578	0	0.555556
u_sm_ram_I/U1006	0	0.555556
u_sm_I/bit_cnt_reg[1]	0	0.555556
u_sm_ram_I/mem_reg[77][3]	0	0.555556
u_sm_ram_Q/U3502	0	0.555556
u_sm_ram_I/PLACE_HFSBUF_5534_673	0	1.55556
u_sm_ram_Q/U615	0	1.55556
u_sm_ram_I/U3937	0	1.55556
u_sm_ram_I/U3996	0	0.555556
u_sm_ram_I/U3240	0	0.555556
u_sm_ram_Q/PLACE_HFSBUF_2034_465	0	0.555556
u_sm_ram_I/U1140	0	0.555556
u_sm_ram_I/U3311	0.5	0.555556
u_sm_ram_I/U1727	0	0.555556
u_sm_ram_Q/PLACE_HFSBUF_1888_466	0	0.555556
u_sm_ram_I/U2296	0	0.555556
u_sm_ram_I/U3991	0	0.555556
u_sm_ram_I/mem_reg[254][3]	0	1.55556
u_sm_ram_Q/mem_reg[140][1]	0	0.555556
u_sm_ram_Q/mem_reg[120][1]	0	1.55556
u_sm_I/U28	0	0.555556
u_sm_ram_I/U3550	0	0.555556
u_sm_ram_I/mem_reg[77][2]	0	0.555556
u_sm_ram_Q/mem_reg[154][0]	0	0.555556
u_sm_ram_Q/U3255	0	0.555556
u_sm_ram_Q/mem_reg[236][3]	0	0.555556
u_sm_ram_I/mem_reg[207][1]	0	2.55556
u_sm_ram_I/PLACE_HFSBUF_531_893	0	0.555556
u_sm_ram_I/U3940	0	0.555556
u_sm_ram_Q/U1958	0	0.555556
u_sm_ram_Q/mem_reg[255][3]	0	2.55556
u_sm_ram_I/U2563	0	0.555556
u_sm_ram_Q/U562	0	0.555556
u_sm_ram_Q/PLACE_HFSBUF_510_884	0	1.55556
u_sm_ram_I/U939	0	0.555556
u_sm_ram_Q/U2806	0	0.555556
u_sm_ram_Q/U2023	0	0.555556
u_sm_ram_Q/mem_reg[142][3]	0	1.55556
u_sm_ram_Q/mem_reg[238][0]	0	2.55556
u_sm_ram_Q/U2575	0	0.555556
u_sm_ram_I/PLACE_HFSBUF_232_1135	0	1.55556
u_sm_ram_I/U2114	0	1.55556
u_sm_ram_I/U940	0	0.555556
u_sm_ram_Q/U626	0	0.555556
u_sm_ram_I/mem_reg[141][3]	0	0.555556
u_sm_ram_Q/U377	0	1.49383
u_sm_ram_I/U607	0	2.55556
u_sm_ram_Q/U3574	0	0.555556
u_sm_ram_Q/U2543	0	1.55556
u_sm_ram_Q/mem_reg[232][1]	0	0.555556
u_sm_ram_I/U3520	0	0.555556
u_sm_ram_I/mem_reg[77][1]	0	0.555556
u_sm_I/U29	0.0769231	0.555556
u_sm_ram_I/PLACE_HFSBUF_638_894	0	0.555556
u_sm_ram_Q/mem_reg[255][0]	0	1.55556
u_sm_ram_I/U3467	0	0.555556
u_sm_ram_Q/mem_reg[234][1]	0	0.555556
u_sm_ram_I/mem_reg[60][0]	0	2.51852
u_sm_ram_I/U3600	0	0.555556
u_sm_ram_I/U2842	0	0.555556
u_sm_ram_I/U2462	0.125	0.530864
u_sm_ram_Q/U2026	0	0.555556
u_sm_ram_Q/U181	0	0.555556
u_sm_ram_I/U4103	0	0.555556
u_sm_ram_Q/U3988	0	0.555556
u_sm_ram_Q/U2025	0	1.55556
u_sm_ram_I/mem_reg[76][1]	0	2.55556
u_sm_ram_I/U3573	0	0.555556
u_sm_ram_I/U3631	0	0.555556
u_sm_ram_Q/U1187	0	0.555556
u_sm_ram_I/U608	0	0.555556
u_sm_ram_I/U2160	0	0.555556
u_sm_ram_I/U4073	0	1.55556
u_sm_ram_Q/U3133	0	0.555556
u_sm_ram_I/mem_reg[29][1]	0	0.555556
u_sm_ram_Q/mem_reg[237][0]	0	2.55556
u_sm_ram_Q/U3083	0	2.55556
u_sm_ram_I/U4091	0	0.555556
u_sm_ram_Q/U2807	0	1.55556
u_sm_ram_I/U1203	0	0.555556
u_sm_ram_I/U3960	0	1.55556
u_sm_ram_I/mem_reg[29][3]	0	0.555556
u_sm_ram_I/U3622	0	0.555556
u_sm_ram_I/U3656	0	0.555556
u_sm_ram_I/mem_reg[239][3]	0	0.555556
u_sm_ram_Q/U523	0	0.555556
u_sm_ram_Q/U3380	0	1.55556
u_sm_ram_I/U609	0	0.555556
u_sm_ram_I/U3551	0	0.555556
u_sm_ram_I/U314	0.125	1.55556
u_sm_ram_Q/U367	0	1.55556
u_sm_ram_Q/PLACE_HFSBUF_1699_467	0	0.555556
u_payload_ram/mem_reg[103][3]	0.37037	0.555556
u_sm_ram_Q/mem_reg[236][2]	0	0.555556
u_sm_ram_Q/mem_reg[142][0]	0	3.55556
u_sm_ram_I/mem_reg[157][1]	0	0.555556
u_sm_ram_I/U307	0	1.55556
u_sm_ram_Q/U1010	0	1.55556
u_sm_ram_I/U808	0	1.55556
u_sm_ram_I/U1483	0	0.555556
u_sm_ram_Q/mem_reg[249][1]	0	2.55556
u_sm_ram_Q/U3476	0	1.55556
u_sm_ram_I/PLACE_HFSBUF_1573_1149	0	1.55556
u_sm_ram_I/U542	0	0.555556
u_sm_ram_I/U3841	0	1.55556
u_sm_ram_I/U1463	0	0.555556
u_sm_ram_Q/U3634	0	2.55556
u_sm_ram_I/U3663	0	0.555556
u_sm_ram_Q/U3478	0	0.555556
u_sm_ram_Q/U2369	0	0.555556
u_sm_ram_Q/U4021	0	0.555556
u_sm_ram_Q/mem_reg[218][0]	0	0.555556
u_sm_ram_I/U740	0	1.55556
u_sm_ram_I/mem_reg[189][2]	0	1.55556
u_sm_ram_I/U543	0	0.555556
u_sm_ram_I/mem_reg[28][3]	0	0.555556
u_sm_ram_Q/PLACE_HFSBUF_1298_1104	0	0.555556
u_sm_ram_I/mem_reg[28][1]	0	1.55556
u_sm_ram_Q/U433	0	0.555556
u_sm_ram_I/U612	0	0.555556
u_sm_ram_I/U3742	0	1.55556
u_sm_ram_I/U3530	0	0.555556
u_sm_ram_Q/U1888	0	1.55556
u_sm_ram_Q/mem_reg[122][0]	0	1.55556
u_sm_ram_I/PLACE_HFSBUF_402_898	0	0.555556
u_sm_ram_I/mem_reg[157][2]	0	2.55556
u_sm_ram_I/U387	0	0.555556
u_sm_ram_Q/U3529	0	0.555556
u_sm_ram_I/PLACE_HFSBUF_1403_1148	0	0.555556
u_sm_ram_I/U1461	0	1.46914
u_sm_ram_Q/U3522	0	1.55556
u_sm_ram_Q/mem_reg[142][2]	0	0.555556
u_payload_ram/mem_reg[86][7]	0	0.555556
u_sm_ram_I/U3514	0.666667	0.555556
u_sm_ram_Q/U2020	0	2.55556
u_sm_ram_I/U101	0	0.555556
u_sm_ram_I/U949	0	0.555556
u_sm_ram_I/mem_reg[46][1]	0	0.555556
u_sm_ram_Q/U2024	0	0.555556
u_sm_ram_I/U2617	0	0.555556
u_sm_ram_Q/U3450	0	0.555556
u_sm_ram_I/mem_reg[255][2]	0	0.555556
u_sm_ram_I/U742	0	0.555556
u_sm_ram_I/U1757	0	1.55556
u_sm_ram_Q/U3451	0	0.555556
u_payload_ram/mem_reg[102][7]	0	1.55556
u_sm_ram_I/U547	0	1.55556
u_sm_ram_Q/U1990	0	0.555556
u_sm_ram_Q/U1009	0	0.555556
u_sm_ram_Q/mem_reg[126][1]	0	0.555556
u_sm_ram_I/U1204	0	1.55556
u_sm_ram_I/mem_reg[108][0]	0	1.55556
u_sm_ram_I/U3457	0	1.55556
u_sm_ram_I/U3543	0	1.53086
u_payload_ram/mem_reg[87][7]	0	0.555556
u_sm_ram_Q/mem_reg[126][3]	0	0.555556
u_sm_ram_I/mem_reg[125][2]	0	1.55556
u_sm_ram_I/mem_reg[61][0]	0	0.555556
u_sm_ram_Q/mem_reg[120][3]	0	0.555556
u_sm_ram_Q/mem_reg[90][2]	0	0.555556
u_sm_ram_I/U611	0	0.555556
u_sm_ram_I/U736	0	1.55556
u_sm_ram_Q/U928	0	0.555556
u_sm_ram_Q/U3280	0	0.555556
u_payload_ram/mem_reg[103][1]	0	1.55556
u_sm_ram_Q/mem_reg[121][1]	0	0.555556
u_sm_ram_I/mem_reg[238][0]	0	0.555556
u_sm_ram_I/mem_reg[187][3]	0	0.555556
u_sm_ram_I/U3427	0	1.55556
u_sm_ram_I/U3815	0	1.55556
u_sm_ram_I/U546	0	0.555556
u_sm_ram_I/U540	0	0.555556
u_payload_ram/mem_reg[86][0]	0	2.55556
u_sm_ram_I/U809	0	0.555556
u_sm_ram_Q/U3520	0	1.55556
u_sm_ram_Q/U3536	0	0.555556
u_sm_ram_I/U269	0	0.555556
u_sm_ram_I/U3548	0	0.555556
u_sm_ram_I/PLACE_HFSBUF_3658_713	0	1.55556
u_sm_ram_I/U738	0	0.555556
u_sm_ram_I/U21	0	0.555556
u_sm_ram_I/U545	0	0.555556
u_sm_ram_I/PLACE_HFSINV_1331_1147	0	1.55556
u_sm_ram_I/U2158	0	0.469136
u_sm_ram_Q/U3775	0	1.55556
u_sm_ram_I/U3407	0	0.555556
u_sm_ram_I/U2377	0	0.555556
u_sm_ram_I/PLACE_HFSBUF_115_895	0	0.555556
u_sm_ram_I/PLACE_HFSBUF_180_897	0	1.55556
u_sm_ram_I/U3440	0	0.555556
u_sm_ram_I/U1922	0	1.55556
u_sm_ram_Q/mem_reg[9][3]	0	1.55556
u_sm_ram_Q/mem_reg[239][2]	0	0.555556
u_sm_ram_I/U3737	0	1.55556
u_sm_ram_I/U663	0	0.54321
u_sm_ram_Q/mem_reg[249][2]	0	1.55556
u_sm_ram_I/mem_reg[77][0]	0	2.53086
u_sm_ram_I/PLACE_HFSBUF_238_896	0	1.55556
u_sm_ram_Q/U2125	0	0.555556
u_sm_ram_Q/U3503	0	0.555556
u_sm_ram_Q/U3538	0	0.555556
u_sm_ram_Q/U1084	0.923077	1.49383
u_sm_ram_I/mem_reg[207][2]	0	0.555556
u_sm_ram_Q/U2390	0	0.555556
u_sm_ram_I/U1268	0	1.53086
u_sm_ram_Q/mem_reg[140][3]	0	1.55556
u_sm_ram_I/U1519	0	1.55556
u_sm_ram_I/U675	0	1.55556
u_sm_ram_I/U1202	0	0.555556
u_sm_ram_Q/U2533	0	0.555556
u_sm_ram_Q/mem_reg[10][3]	0	0.555556
u_sm_ram_Q/U2205	0	0.555556
u_sm_ram_I/mem_reg[189][0]	0	0.555556
u_sm_ram_Q/U2391	0	2.55556
u_payload_ram/mem_reg[102][3]	0	0.555556
u_sm_ram_I/U1756	0	0.555556
u_sm_ram_I/U1205	0	0.555556
u_sm_ram_I/PLACE_HFSBUF_416_1133	0	0.555556
u_sm_ram_Q/mem_reg[232][0]	0	0.555556
u_sm_ram_I/U3278	0	1.55556
u_sm_ram_I/U1460	0	0.481481
u_sm_ram_Q/U634	0	2.55556
u_sm_ram_Q/mem_reg[140][2]	0	0.555556
u_sm_ram_Q/U2130	0	1.55556
u_sm_ram_Q/mem_reg[90][0]	0	0.555556
u_sm_ram_I/PLACE_HFSINV_7654_726	0	1.55556
u_payload_ram/mem_reg[87][0]	0	0.555556
u_sm_ram_I/U2010	0	0.555556
u_sm_ram_I/U2062	0	2.55556
u_sm_ram_Q/U3575	0	1.55556
u_sm_ram_I/U3406	0	0.555556
u_sm_ram_I/U3420	0	0.555556
u_sm_ram_Q/U565	0	1.55556
u_sm_ram_I/U1874	0	1.55556
u_sm_ram_I/PLACE_HFSBUF_338_1134	0	1.55556
u_sm_ram_I/U3324	0	1.55556
u_sm_ram_I/PLACE_HFSBUF_467_1132	0	0.555556
u_sm_ram_Q/U2532	0	0.555556
u_sm_ram_Q/U3399	0	1.55556
u_sm_ram_I/mem_reg[158][2]	0	0.555556
u_sm_ram_Q/mem_reg[239][3]	0	0.555556
u_sm_ram_Q/U2813	0	1.55556
u_sm_ram_I/mem_reg[76][3]	0	0.555556
u_sm_ram_Q/U3715	0	0.555556
u_sm_ram_I/U3312	0	1.55556
u_sm_ram_I/U1265	0	0.555556
u_sm_ram_Q/U2172	0	1.45679
u_sm_ram_I/mem_reg[187][0]	0	0.555556
u_sm_ram_I/mem_reg[189][1]	0	2.55556
u_sm_ram_I/U544	0	0.555556
u_sm_ram_Q/mem_reg[236][0]	0	0.555556
u_sm_ram_I/U1886	0	0.555556
u_payload_ram/mem_reg[103][0]	0	0.555556
u_sm_ram_I/U3017	0	1.55556
u_sm_ram_I/mem_reg[174][2]	0	1.55556
u_sm_ram_I/U2449	0	0.555556
u_sm_ram_I/PLACE_HFSINV_3005_710	0	0.506173
u_sm_ram_I/mem_reg[158][3]	0	2.55556
u_sm_ram_I/mem_reg[255][0]	0	0.555556
u_sm_ram_Q/U1212	0	2.55556
u_sm_ram_I/U2830	0	0.555556
u_sm_ram_I/mem_reg[222][1]	0	0.555556
u_sm_ram_Q/U3293	0	0.555556
u_payload_ram/mem_reg[86][1]	0	0.555556
u_sm_ram_I/U1465	0	0.555556
u_sm_ram_I/U2121	0	0.555556
u_sm_ram_I/mem_reg[254][1]	0	2.55556
u_sm_ram_I/U2721	0	0.555556
u_sm_ram_Q/U3011	0	1.55556
u_sm_ram_I/U3644	0	0.555556
u_sm_ram_I/U1464	0	0.555556
u_sm_ram_Q/U2538	0	2.55556
u_sm_ram_Q/U3776	0	0.555556
u_sm_ram_I/U1136	0	0.555556
u_sm_ram_Q/U2127	0	0.555556
u_sm_ram_Q/U3314	0	0.555556
u_sm_ram_Q/U3268	0	0.555556
u_sm_Q/shift_reg_reg[1]	0	1.55556
u_sm_ram_I/U3355	0	0.555556
u_sm_ram_Q/U3242	0	0.555556
u_sm_ram_I/U737	0	1.55556
u_payload_ram/mem_reg[102][1]	0.444444	0.555556
u_sm_ram_I/U610	0	0.555556
u_sm_ram_I/U2626	0	2.55556
u_sm_ram_I/mem_reg[28][2]	0	0.555556
u_sm_ram_I/U3642	0	0.555556
u_payload_ram/mem_reg[86][2]	0	0.555556
u_sm_ram_Q/U2204	0	1.55556
u_sm_ram_Q/U1197	0	0.555556
u_sm_ram_I/mem_reg[74][3]	0	0.555556
u_sm_ram_I/mem_reg[92][0]	0	0.555556
u_sm_ram_Q/U3239	0	0.555556
u_sm_ram_I/PLACE_HFSBUF_54_828	0	1.55556
u_sm_ram_Q/PLACE_HFSBUF_1739_533	0	0.555556
u_sm_ram_Q/PLACE_HFSBUF_1909_535	0	0.555556
u_sm_ram_I/mem_reg[109][2]	0	0.555556
u_sm_ram_I/U2297	0	1.51852
u_sm_ram_I/mem_reg[206][2]	0	2.55556
u_sm_ram_I/mem_reg[92][2]	0	1.55556
u_sm_ram_Q/U1384	0	0.555556
u_sm_ram_Q/U1784	0	0.555556
u_sm_ram_I/U3716	0	0.555556
u_sm_ram_Q/U1846	0	0.555556
u_sm_ram_I/U2105	0	0.555556
u_sm_ram_I/mem_reg[107][2]	0	1.55556
u_sm_ram_Q/U2051	0	1.55556
u_sm_ram_Q/U3326	0	0.555556
u_payload_ram/U2151	0	2.55556
u_sm_ram_Q/U2314	0	1.55556
u_sm_ram_Q/U2021	0	0.555556
u_sm_ram_I/U3609	0	1.55556
u_sm_ram_Q/U533	0	2.55556
u_sm_ram_Q/PLACE_HFSBUF_406_1025	0	0.555556
u_payload_ram/mem_reg[102][0]	0	1.55556
u_sm_ram_I/mem_reg[29][2]	0	1.55556
u_sm_ram_I/U4098	0	1.55556
u_sm_ram_Q/PLACE_HFSBUF_2057_534	0	0.555556
u_sm_ram_Q/U607	0	0.555556
u_sm_ram_I/U1887	0	1.55556
u_sm_ram_Q/U1195	0	2.55556
u_sm_ram_Q/U541	0	0.555556
u_sm_ram_I/mem_reg[12][0]	0	0.555556
u_sm_ram_Q/mem_reg[94][2]	0	1.55556
u_sm_ram_I/U389	0	1.55556
u_sm_ram_I/PLACE_HFSINV_5_900	0	1.55556
u_sm_ram_Q/U567	0	0.555556
u_sm_ram_I/U4086	0	1.55556
u_sm_ram_I/U2059	0	1.55556
u_sm_ram_I/mem_reg[254][2]	0	0.555556
u_sm_ram_Q/mem_reg[90][1]	0.851852	0.555556
u_sm_ram_I/mem_reg[238][3]	0	1.55556
u_payload_ram/U4221	0	0.555556
u_sm_ram_I/U3643	0	1.55556
u_sm_ram_Q/mem_reg[121][0]	0	0.555556
u_payload_ram/mem_reg[54][0]	0	0.555556
u_sm_ram_Q/U3408	0	0.555556
u_sm_ram_I/PLACE_HFSINV_4467_716	0	0.555556
u_sm_ram_Q/U356	0	0.555556
u_sm_ram_I/U3499	0	1.40741
u_sm_ram_Q/U444	0	0.555556
u_sm_ram_I/U2292	0	0.555556
u_sm_ram_I/U1462	0	0.555556
u_sm_ram_Q/U1380	0	0.555556
u_sm_ram_Q/U566	0	1.55556
u_sm_ram_I/mem_reg[28][0]	0	1.55556
u_sm_ram_Q/mem_reg[9][1]	0	0.555556
u_sm_ram_Q/U2541	0	0.555556
u_payload_ram/mem_reg[64][0]	0	1.55556
u_sm_ram_Q/U1394	0	0.555556
u_sm_ram_I/U735	0	0.555556
u_sm_ram_I/PLACE_HFSBUF_6397_670	0	0.555556
u_sm_ram_Q/mem_reg[251][0]	0	0.555556
u_payload_ram/mem_reg[102][6]	0.740741	0.555556
u_sm_ram_I/U3587	0	1.55556
u_sm_ram_I/U1133	0	2.55556
u_sm_ram_I/U3300	0	0.555556
u_sm_ram_Q/U2192	0	2.55556
u_sm_ram_Q/U1079	0	0.555556
u_sm_ram_I/PLACE_HFSBUF_4152_715	0	1.55556
u_sm_ram_I/U1530	0	1.55556
u_sm_ram_I/U4068	0	0.555556
u_sm_ram_I/U936	0	1.55556
u_sm_ram_Q/U3674	0	1.55556
u_sm_ram_I/U3667	0	0.555556
u_sm_ram_I/mem_reg[158][0]	0	0.555556
u_sm_ram_Q/mem_reg[94][1]	0.333333	0.555556
u_sm_ram_I/mem_reg[159][3]	0	2.55556
u_sm_ram_Q/U1087	0	2.55556
u_sm_ram_I/mem_reg[29][0]	0	0.555556
u_sm_ram_I/U55	0	0.555556
u_sm_ram_I/U2116	0	1.55556
u_sm_ram_I/mem_reg[159][1]	0	0.555556
u_sm_ram_Q/mem_reg[123][3]	0	2.55556
u_sm_ram_Q/U2128	0	1.55556
u_sm_ram_Q/U2008	0	0.555556
u_sm_ram_Q/U3264	0	0.555556
u_sm_ram_I/U2100	0	1.55556
u_sm_ram_I/U3342	0	0.555556
u_sm_ram_I/U2189	0	1.55556
u_sm_ram_I/U2627	0	0.555556
u_sm_ram_I/mem_reg[207][0]	0	1.55556
u_sm_ram_I/U3774	0	1.55556
u_sm_ram_Q/mem_reg[109][1]	0	0.555556
u_sm_ram_Q/PLACE_HFSBUF_559_936	0	0.555556
u_payload_ram/U604	0	0.555556
u_sm_ram_I/U2376	0	0.555556
u_payload_ram/U2150	0	0.555556
u_sm_ram_I/mem_reg[79][1]	0	0.555556
u_sm_ram_I/mem_reg[78][2]	0	1.55556
u_sm_ram_I/mem_reg[79][2]	0	0.555556
u_sm_ram_Q/mem_reg[232][3]	0	0.555556
u_sm_ram_Q/mem_reg[234][0]	0	0.555556
u_sm_ram_I/mem_reg[142][1]	0	1.55556
u_payload_ram/U479	0	0.555556
u_sm_ram_Q/mem_reg[89][3]	0	0.555556
u_payload_ram/U468	0	1.55556
u_payload_ram/mem_reg[54][4]	0	1.55556
u_sm_ram_Q/mem_reg[249][0]	0	0.555556
u_sm_ram_I/mem_reg[76][0]	0	1.55556
u_payload_ram/U608	0	1.55556
u_payload_ram/U612	0	0.555556
u_sm_ram_I/mem_reg[255][3]	0	1.55556
u_sm_ram_Q/U608	0	0.555556
u_sm_ram_I/mem_reg[13][0]	0	0.555556
u_sm_ram_I/PLACE_HFSBUF_6209_671	0	0.555556
u_sm_ram_I/mem_reg[109][0]	0	0.555556
u_sm_ram_Q/U1543	0	1.55556
u_sm_ram_Q/mem_reg[90][3]	0	1.55556
u_sm_ram_I/mem_reg[143][3]	0	2.55556
u_sm_ram_Q/mem_reg[91][0]	0	0.555556
u_sm_ram_Q/U2129	0	1.51852
u_sm_ram_I/U3454	0	1.55556
u_sm_ram_I/mem_reg[30][2]	0	0.555556
u_sm_ram_I/U2609	0	2.51852
u_sm_ram_Q/PLACE_HFSBUF_1983_531	0	0.555556
u_sm_ram_I/U2318	0	0.555556
u_sm_ram_I/U1135	0	1.50617
u_sm_ram_I/mem_reg[95][2]	0	1.55556
u_sm_ram_Q/U2227	0	0.555556
u_sm_ram_Q/U3232	0	0.555556
u_payload_ram/mem_reg[103][6]	0	0.555556
u_sm_ram_Q/mem_reg[236][1]	0	2.55556
u_sm_ram_I/PLACE_HFSBUF_148_585	0	1.55556
u_payload_ram/U469	0	1.55556
u_payload_ram/U3509	0	1.55556
u_sm_ram_Q/U605	0	0.555556
u_sm_ram_Q/U2126	0	0.555556
u_sm_ram_Q/U3099	0	1.55556
u_payload_ram/U477	0	0.555556
u_payload_ram/U3429	0	0.555556
u_sm_ram_I/U1149	0	0.555556
u_sm_ram_Q/PLACE_HFSINV_15060_569	0	1.55556
u_sm_ram_I/mem_reg[13][2]	0	2.55556
u_sm_ram_I/U2293	0	0.555556
u_payload_ram/U870	0	1.55556
u_sm_ram_I/mem_reg[12][1]	0	0.555556
u_sm_ram_Q/U1546	0	0.555556
u_sm_ram_I/U1192	0	0.555556
u_sm_ram_Q/mem_reg[94][3]	0	1.55556
u_sm_ram_Q/PLACE_HFSBUF_1676_1103	0	0.555556
u_payload_ram/U3510	0	0.555556
u_payload_ram/U4209	0	1.55556
u_sm_ram_I/mem_reg[254][0]	0	0.555556
u_sm_ram_I/U3860	0	1.55556
u_sm_ram_Q/mem_reg[121][3]	0	0.555556
u_payload_ram/U3511	0	1.55556
u_sm_ram_Q/U1217	0	0.555556
u_sm_ram_I/U2079	0	1.51852
u_sm_ram_Q/U606	0	0.555556
u_payload_ram/U597	0	0.555556
u_sm_ram_I/mem_reg[109][3]	0	1.55556
u_sm_ram_Q/PLACE_HFSINV_3155_888	0	0.555556
u_sm_ram_Q/U3361	0	1.55556
u_sm_ram_I/U2188	0	0.555556
u_payload_ram/U609	0	1.55556
u_payload_ram/U475	0	1.55556
u_payload_ram/mem_reg[66][0]	0	0.555556
u_sm_ram_I/U2628	0	2.55556
u_sm_ram_Q/mem_reg[122][3]	0	0.555556
u_sm_ram_I/U2509	0	1.55556
u_sm_ram_Q/mem_reg[239][0]	0	0.555556
u_sm_ram_I/U3164	0	0.555556
u_sm_ram_I/mem_reg[12][3]	0	1.55556
u_sm_ram_Q/mem_reg[91][2]	0	1.55556
u_sm_ram_I/U739	0	0.555556
u_payload_ram/mem_reg[103][4]	0	0.555556
u_sm_ram_I/mem_reg[237][0]	0	0.555556
u_sm_ram_I/U3770	0	1.55556
u_sm_ram_Q/PLACE_HFSBUF_1184_883	0	0.555556
u_sm_ram_Q/U2131	0	0.555556
u_sm_ram_Q/PLACE_HFSBUF_969_992	0	0.555556
u_sm_ram_Q/U2135	0	2.55556
u_sm_ram_I/mem_reg[95][0]	0	1.55556
u_sm_ram_Q/mem_reg[94][0]	0	2.51852
u_sm_ram_I/PLACE_HFSBUF_75_584	0	0.555556
u_sm_ram_I/U674	0	1.55556
u_payload_ram/mem_reg[87][2]	0	2.55556
u_sm_ram_I/mem_reg[13][3]	0	1.55556
u_sm_ram_I/U935	0	0.555556
u_sm_ram_I/U2524	0	0.555556
u_payload_ram/U474	0	2.55556
u_sm_ram_Q/U1208	0	1.55556
u_payload_ram/mem_reg[22][6]	0	0.555556
u_sm_ram_I/PLACE_HFSBUF_109_901	0	0.555556
u_sm_ram_Q/U330	0	0.555556
u_payload_ram/PLACE_HFSINV_637_78	0	1.55556
u_sm_ram_I/U1190	0	1.53086
u_sm_ram_I/mem_reg[79][0]	0	0.555556
u_sm_ram_I/U2940	0	0.555556
u_sm_ram_I/mem_reg[94][0]	0	1.55556
u_sm_ram_I/U2078	0	1.55556
u_sm_ram_I/PLACE_HFSBUF_243_902	0	1.55556
u_sm_ram_Q/mem_reg[89][1]	0	0.555556
u_sm_ram_Q/mem_reg[122][1]	0	2.55556
u_payload_ram/U2646	0	0.555556
u_payload_ram/U863	0	0.555556
u_sm_ram_Q/mem_reg[254][2]	0	0.555556
u_payload_ram/U3551	0	2.55556
u_sm_ram_Q/mem_reg[10][0]	0	1.55556
u_sm_ram_I/U933	0	0.555556
u_payload_ram/PLACE_HFSINV_417_272	0	0.555556
u_sm_ram_I/U934	0	2.55556
u_payload_ram/U3516	0	0.555556
u_sm_ram_Q/mem_reg[123][0]	0	2.55556
u_sm_ram_Q/U3727	0	0.555556
u_sm_ram_Q/mem_reg[232][2]	0	0.555556
u_sm_ram_Q/mem_reg[234][2]	0	2.55556
u_sm_ram_I/U1531	0	0.555556
u_payload_ram/U306	0	0.555556
u_sm_ram_Q/U2206	0	1.55556
u_sm_ram_I/U741	0	1.55556
u_payload_ram/U3611	0	1.55556
u_sm_ram_I/U931	0	0.555556
u_sm_ram_I/U3601	0	0.555556
u_sm_ram_I/mem_reg[173][3]	0	0.555556
u_sm_ram_Q/mem_reg[239][1]	0	1.55556
u_sm_ram_I/U1134	0.846154	1.55556
u_sm_ram_Q/mem_reg[234][3]	0	1.55556
u_sm_ram_I/U677	0	0.555556
u_sm_ram_I/U1926	0	0.555556
u_sm_ram_I/U2526	0	0.555556
u_sm_ram_Q/U2085	0	0.555556
u_sm_ram_I/mem_reg[223][0]	0	0.555556
u_sm_ram_I/U15	0	0.555556
u_payload_ram/U476	0	0.555556
u_sm_ram_Q/U1134	0	0.555556
u_sm_ram_I/U3792	0.571429	0.555556
u_sm_ram_I/U1925	0	1.55556
u_sm_ram_Q/mem_reg[9][2]	0	2.55556
u_sm_ram_I/U47	0	1.55556
u_sm_ram_I/mem_reg[172][2]	0	1.55556
u_sm_ram_I/U1923	0	1.55556
u_sm_ram_Q/mem_reg[91][3]	0	1.55556
u_sm_ram_Q/U2191	0	1.55556
u_sm_ram_I/U670	0	0.555556
u_sm_ram_I/U3890	0	0.555556
u_sm_ram_I/mem_reg[126][2]	0	2.55556
u_payload_ram/U2638	0	1.55556
u_payload_ram/U867	0	0.555556
u_sm_ram_Q/PLACE_HFSBUF_1026_993	0	0.555556
u_payload_ram/mem_reg[54][6]	0	0.555556
u_payload_ram/mem_reg[103][7]	0	0.555556
u_payload_ram/mem_reg[71][2]	0.407407	1.55556
u_sm_ram_Q/U1786	0	0.555556
u_sm_ram_I/mem_reg[79][3]	0	0.555556
u_sm_ram_Q/PLACE_HFSBUF_463_1024	0	1.55556
u_sm_ram_I/U3291	0	0.555556
u_sm_ram_Q/mem_reg[89][0]	0	2.55556
u_payload_ram/U1127	0	1.55556
u_payload_ram/PLACE_HFSINV_593_349	0	1.55556
u_sm_ram_I/U1000	0	1.55556
u_payload_ram/U610	0	0.555556
u_payload_ram/U4095	0	0.555556
u_sm_ram_Q/U3274	0	1.55556
u_sm_ram_I/U672	0	0.555556
u_payload_ram/PLACE_HFSINV_483_68	0	1.55556
u_sm_ram_I/U3436	0	0.555556
u_sm_ram_I/mem_reg[158][1]	0	0.555556
u_sm_ram_Q/U1898	0	2.55556
u_sm_ram_Q/U3613	0	1.55556
u_sm_ram_I/U1533	0	0.555556
u_payload_ram/mem_reg[71][4]	0	0.555556
u_sm_ram_I/U2107	0	1.55556
u_payload_ram/U2641	0	0.555556
u_payload_ram/mem_reg[86][6]	0	0.555556
u_sm_ram_I/U3434	0	1.55556
u_sm_ram_I/U3163	0	0.555556
u_sm_ram_I/mem_reg[222][3]	0.037037	0.555556
u_sm_ram_Q/U2530	0	1.55556
u_sm_ram_I/PLACE_HFSBUF_4248_737	0.166667	1.55556
u_sm_ram_I/PLACE_HFSBUF_37_1150	0	0.555556
u_sm_ram_Q/U1133	0	0.555556
u_sm_ram_I/U37	0	1.55556
u_sm_ram_I/U2115	0	1.55556
u_sm_ram_I/PLACE_HFSBUF_4600_665	0	1.55556
u_payload_ram/U602	0	0.555556
u_payload_ram/U601	0	1.55556
u_payload_ram/U3567	0	0.555556
u_sm_ram_Q/U3191	0	0.555556
u_sm_ram_I/U1128	0	0.555556
u_sm_ram_I/mem_reg[143][2]	0	0.555556
u_sm_Q/data_out_reg[0]	0	1.55556
u_sm_ram_I/U3476	0	0.493827
u_sm_ram_Q/U3094	0	0.555556
u_sm_ram_I/U930	0	0.555556
u_sm_ram_I/U3531	0	1.55556
u_payload_ram/mem_reg[54][5]	0	1.55556
u_sm_ram_I/mem_reg[206][0]	0	0.555556
u_sm_ram_I/U2395	0	0.555556
u_sm_ram_Q/mem_reg[60][3]	0	0.555556
u_payload_ram/U3532	0	0.555556
u_sm_ram_Q/U2190	0	1.55556
u_payload_ram/U2645	0	1.55556
u_sm_ram_I/U3387	0	1.55556
u_sm_ram_Q/U1209	0	2.55556
u_sm_ram_I/U3301	0	0.45679
u_sm_ram_I/mem_reg[222][0]	0	1.55556
u_sm_ram_I/mem_reg[109][1]	0	1.55556
u_sm_ram_I/mem_reg[223][2]	0	0.555556
u_zp/counter_reg[2]	0	0.555556
u_sm_ram_Q/mem_reg[11][3]	0	0.555556
u_sm_ram_I/U3155	0	0.555556
u_sm_ram_I/U1193	0	0.555556
u_sm_ram_Q/U1540	0	1.55556
u_sm_ram_Q/mem_reg[137][1]	0	2.51852
u_sm_ram_I/U1686	0	0.555556
u_sm_ram_Q/U2089	0	0.555556
u_payload_ram/mem_reg[22][0]	0	0.555556
u_sm_ram_I/PLACE_HFSBUF_7327_793	0	0.555556
u_sm_ram_I/mem_reg[46][2]	0	0.555556
u_payload_ram/U3729	0	2.55556
u_sm_ram_I/U2291	0	0.555556
u_payload_ram/U1121	0	2.55556
u_sm_ram_I/U1454	0	0.555556
u_payload_ram/PLACE_HFSINV_631_298	0	1.55556
u_sm_ram_I/U3620	0	0.555556
u_sm_ram_I/PLACE_HFSBUF_6134_795	0	1.55556
u_sm_ram_I/U1532	0	0.555556
u_payload_ram/U1128	0	0.555556
u_sm_ram_Q/U1135	0	0.555556
u_sm_ram_I/mem_reg[159][2]	0	1.55556
u_sm_ram_I/U2714	0	0.555556
u_payload_ram/mem_reg[86][5]	0	0.555556
u_sm_ram_I/U3736	0	0.555556
u_sm_ram_I/PLACE_HFSBUF_6008_796	0	0.555556
u_sm_ram_Q/U1207	0	0.555556
u_payload_ram/U599	0	0.555556
u_sm_ram_I/U932	0	2.55556
u_sm_ram_I/PLACE_HFSBUF_477_776	0	0.555556
u_sm_ram_I/U2044	0	1.55556
u_payload_ram/mem_reg[70][4]	0	1.55556
u_sm_ram_Q/U3305	0	0.555556
u_sm_ram_I/PLACE_HFSBUF_6961_791	0	0.555556
u_sm_ram_I/U2525	0	0.555556
u_payload_ram/mem_reg[87][1]	0	0.555556
u_sm_ram_Q/PLACE_HFSINV_18145_532	0	1.55556
u_sm_ram_I/mem_reg[30][0]	0	0.555556
u_sm_ram_I/PLACE_HFSBUF_7110_792	0	1.55556
u_sm_ram_Q/PLACE_HFSBUF_138_885	0	0.555556
u_sm_ram_Q/mem_reg[8][3]	0	0.555556
u_sm_ram_I/U3408	0	1.55556
u_payload_ram/mem_reg[55][6]	0	0.555556
u_payload_ram/U3593	0	2.55556
u_sm_ram_I/U1195	0	0.555556
u_sm_ram_I/mem_reg[159][0]	0	0.555556
u_payload_ram/mem_reg[55][5]	0	2.55556
u_sm_ram_Q/U3204	0	0.555556
u_sm_ram_Q/PLACE_HFSBUF_921_886	0	1.55556
u_payload_ram/PLACE_HFSBUF_630_605	0	1.55556
u_sm_ram_I/U1924	0	2.55556
u_sm_ram_I/U3925	0	0.555556
u_sm_ram_I/U2715	0	0.555556
u_sm_ram_Q/mem_reg[9][0]	0	0.555556
u_sm_ram_Q/U1136	0	0.555556
u_sm_ram_I/mem_reg[78][0]	0	0.555556
u_sm_ram_Q/U1215	0	0.555556
u_sm_ram_Q/U1542	0	1.55556
u_sm_ram_I/mem_reg[46][3]	0	0.555556
u_payload_ram/mem_reg[71][3]	0	0.555556
u_sm_ram_Q/U2535	0	1.55556
u_payload_ram/U3578	0	0.555556
u_sm_ram_I/PLACE_HFSBUF_88_908	0	1.55556
u_payload_ram/mem_reg[22][7]	0	0.555556
u_sm_ram_I/U2060	0	0.555556
u_payload_ram/U857	0	2.55556
u_sm_ram_Q/U3771	0	0.555556
u_sm_ram_Q/PLACE_HFSBUF_1041_879	0	0.555556
u_sm_ram_Q/mem_reg[75][1]	0	2.55556
u_sm_ram_Q/U2303	0	0.555556
u_payload_ram/U478	0	0.555556
u_sm_ram_Q/U2087	0	1.55556
u_sm_ram_I/PLACE_HFSBUF_270_825	0	0.555556
u_payload_ram/U470	0	1.55556
u_sm_ram_I/U999	0	0.555556
u_sm_ram_I/U414	0	1.55556
u_sm_ram_I/U671	0	0.555556
u_sm_ram_Q/U2261	0	1.55556
u_sm_ram_I/U2344	0	0.555556
u_sm_ram_Q/U1214	0	1.55556
u_sm_ram_I/mem_reg[13][1]	0	0.555556
u_payload_ram/mem_reg[22][2]	0	1.54321
u_sm_ram_Q/mem_reg[233][3]	0	0.555556
u_sm_ram_Q/mem_reg[109][3]	0	0.555556
u_sm_ram_I/U2499	0	0.555556
u_payload_ram/U473	0	1.55556
u_sm_ram_I/U3580	0	0.555556
u_sm_ram_I/U1066	0	2.55556
u_sm_ram_I/U4074	0	0.555556
u_sm_ram_Q/U3702	0	1.55556
u_payload_ram/U1122	0	1.54321
u_sm_ram_Q/PLACE_HFSBUF_168_529	0	0.555556
u_sm_ram_I/U2398	0	2.55556
u_payload_ram/U2674	0	0.555556
u_sm_ram_Q/mem_reg[254][1]	0	1.55556
u_sm_ram_I/U1191	0	0.555556
u_sm_ram_Q/U2046	0	0.555556
u_payload_ram/mem_reg[54][3]	0	0.555556
u_payload_ram/U603	0	2.55556
u_sm_ram_I/U3154	0	0.555556
u_sm_ram_Q/mem_reg[233][0]	0	1.55556
u_sm_ram_Q/U1787	0	0.555556
u_payload_ram/mem_reg[70][0]	0	1.55556
u_sm_ram_Q/U2088	0	0.555556
u_sm_ram_I/PLACE_HFSBUF_664_775	0	0.555556
u_sm_ram_I/U3673	0	0.555556
u_payload_ram/mem_reg[71][0]	0	1.55556
u_sm_ram_I/U2528	0	0.555556
u_sm_ram_I/U3335	0	0.555556
u_sm_ram_I/U3493	0	0.555556
u_sm_ram_I/U381	0	0.555556
u_payload_ram/U611	0	2.55556
u_sm_ram_I/U3821	0	1.55556
u_payload_ram/mem_reg[102][2]	0	0.555556
u_sm_ram_Q/U3346	0	0.555556
u_sm_ram_I/U2141	0	0.555556
u_payload_ram/U869	0	0.555556
u_sm_ram_I/mem_reg[30][3]	0	1.55556
u_sm_ram_Q/U1022	0	1.55556
u_payload_ram/PLACE_HFSINV_371_66	0	1.55556
u_payload_ram/mem_reg[57][6]	0	0.555556
u_sm_ram_I/U1638	0	2.55556
u_sm_ram_I/U1194	0	0.555556
u_sm_ram_I/U2106	0.846154	1.53086
u_sm_ram_I/U4104	0	1.55556
u_payload_ram/mem_reg[22][1]	0	0.555556
u_sm_ram_Q/mem_reg[109][2]	0	0.555556
u_sm_ram_Q/U1018	0	0.555556
u_payload_ram/mem_reg[57][1]	0	0.555556
u_payload_ram/U600	0	0.555556
u_sm_ram_Q/PLACE_HFSBUF_1730_530	0	1.55556
u_sm_ram_Q/U1016	0	0.555556
u_sm_ram_Q/U1015	0	1.55556
u_sm_ram_Q/U1216	0	0.555556
u_sm_ram_I/U1002	0	0.555556
u_payload_ram/mem_reg[102][5]	0	0.555556
u_sm_ram_Q/mem_reg[123][1]	0	1.55556
u_sm_ram_Q/mem_reg[137][3]	0	0.555556
u_sm_ram_Q/U1998	0	0.555556
u_sm_ram_I/mem_reg[223][1]	0	0.555556
u_sm_ram_I/PLACE_HFSBUF_4008_714	0	0.555556
u_payload_ram/U868	0	2.55556
u_sm_ram_I/U1065	0	0.555556
u_sm_ram_I/U3762	0	0.555556
u_payload_ram/mem_reg[103][2]	0	2.55556
u_sm_ram_I/U3606	0	1.55556
u_sm_ram_Q/PLACE_HFSINV_16041_469	0	0.555556
u_sm_ram_I/U3897	0	0.555556
u_sm_ram_I/U1365	0	0.555556
u_sm_ram_Q/U1553	0	0.555556
u_sm_ram_I/U3156	0	1.55556
u_sm_ram_Q/U1017	0	1.55556
u_sm_ram_I/mem_reg[111][2]	0	1.55556
u_payload_ram/mem_reg[66][4]	0	0.555556
u_sm_ram_Q/PLACE_HFSBUF_201_468	0	0.555556
u_sm_ram_Q/U1020	0	2.55556
u_sm_ram_I/mem_reg[223][3]	0	1.55556
u_sm_ram_Q/U1536	0	0.555556
u_sm_ram_I/PLACE_HFSBUF_4411_666	0	0.555556
u_payload_ram/mem_reg[103][5]	0	2.55556
u_sm_ram_I/U2337	0	1.53086
u_sm_ram_I/U2043	0.0769231	0.555556
u_payload_ram/mem_reg[54][1]	0	0.555556
u_sm_ram_I/U2581	0	0.555556
u_sm_ram_I/U900	0	1.55556
u_sm_ram_I/U1391	0	0.555556
u_sm_ram_I/mem_reg[125][1]	0	1.55556
u_sm_ram_Q/U1863	0	1.55556
u_sm_ram_I/U3330	0	1.55556
u_sm_ram_I/U3128	0	1.55556
u_sm_ram_I/U1064	0	0.555556
u_sm_ram_Q/U3347	0	1.55556
u_sm_ram_Q/mem_reg[89][2]	0	0.555556
u_sm_ram_I/U2529	0	1.50617
u_sm_ram_Q/U2293	0	0.555556
u_sm_ram_I/mem_reg[142][3]	0	0.555556
u_sm_ram_Q/mem_reg[91][1]	0	0.555556
u_payload_ram/U1429	0	0.555556
u_payload_ram/U2678	0	0.555556
u_sm_ram_Q/U3761	0	0.555556
SpareCell_3_3	0	0.555556
u_sm_ram_I/U3883	0	0.555556
u_sm_ram_Q/U3223	0	0.555556
u_sm_ram_I/U2389	0	1.54321
u_payload_ram/U187	0	0.555556
u_sm_ram_I/U3129	0	0.555556
u_sm_ram_I/U872	0	0.54321
u_payload_ram/U1165	0	1.55556
u_payload_ram/U3651	0	0.555556
u_payload_ram/U4227	0	1.55556
u_sm_ram_I/mem_reg[191][2]	0	0.555556
u_sm_ram_Q/U3281	0	0.555556
u_sm_ram_I/PLACE_HFSBUF_3599_736	0	0.555556
u_sm_ram_Q/U305	0	1.50617
u_sm_ram_I/U1196	0	0.530864
u_payload_ram/PLACE_HFSBUF_478_1357	0	0.555556
u_sm_ram_Q/mem_reg[11][1]	0	0.555556
u_payload_ram/mem_reg[71][5]	0	2.55556
u_sm_ram_I/PLACE_HFSBUF_182_1154	0	1.55556
u_sm_ram_I/U802	0	0.555556
u_sm_ram_I/mem_reg[30][1]	0	0.555556
u_sm_ram_I/U3612	0	0.555556
u_sm_ram_I/U2399	0	0.555556
u_sm_ram_I/mem_reg[94][3]	0	0.555556
u_sm_ram_Q/U2090	0	0.555556
u_payload_ram/U598	0	0.555556
u_sm_ram_I/mem_reg[95][1]	0	0.555556
u_sm_ram_I/mem_reg[47][2]	0	1.55556
u_sm_ram_I/mem_reg[142][2]	0	2.55556
u_sm_ram_Q/mem_reg[10][2]	0	2.55556
u_payload_ram/U2675	0	0.555556
u_payload_ram/mem_reg[55][1]	0	1.55556
u_sm_ram_Q/mem_reg[254][0]	0	0.555556
u_sm_ram_Q/mem_reg[254][3]	0	0.555556
u_sm_ram_Q/U1552	0	2.55556
u_payload_ram/mem_reg[22][4]	0	0.555556
u_payload_ram/mem_reg[70][5]	0	0.555556
u_sm_ram_I/mem_reg[191][3]	0	0.555556
u_sm_ram_I/U801	0	0.555556
u_sm_ram_Q/U1019	0	0.555556
u_sm_ram_I/PLACE_HFSBUF_3777_735	0	0.555556
u_sm_ram_I/U3425	0	0.555556
u_payload_ram/PLACE_HFSINV_345_228	0	0.555556
u_sm_ram_I/U1392	0	0.555556
u_sm_ram_I/mem_reg[126][1]	0	2.55556
u_sm_ram_Q/mem_reg[251][1]	0.518519	1.55556
u_sm_ram_Q/U442	0	1.55556
u_payload_ram/U143	0	0.555556
u_sm_ram_Q/mem_reg[138][2]	0	0.555556
u_sm_ram_Q/U25	0	0.555556
u_sm_ram_Q/U2292	0	0.555556
u_sm_ram_I/mem_reg[174][1]	0	0.555556
u_payload_ram/U738	0	0.555556
u_payload_ram/U1123	0	2.55556
u_payload_ram/U3564	0	0.555556
u_payload_ram/PLACE_HFSINV_240_1226	0	0.555556
u_sm_ram_Q/mem_reg[138][3]	0	0.555556
u_payload_ram/U840	0	1.55556
u_payload_ram/PLACE_HFSBUF_274_1228	0	0.555556
u_sm_ram_Q/U632	0	1.55556
u_payload_ram/mem_reg[55][3]	0	0.555556
u_sm_ram_I/U382	0	2.53086
u_sm_ram_I/U2397	0	1.55556
u_sm_ram_I/U1127	0	1.55556
u_sm_ram_I/mem_reg[126][0]	0	0.555556
u_sm_ram_I/mem_reg[191][1]	0	0.555556
u_sm_ram_I/U1067	0	1.55556
u_sm_Q/U23	0	1.55556
u_sm_ram_Q/mem_reg[139][2]	0	2.55556
u_payload_ram/mem_reg[57][5]	0	0.555556
u_sm_ram_I/mem_reg[125][3]	0	0.555556
u_sm_ram_I/mem_reg[142][0]	0	2.55556
u_sm_ram_Q/U629	0	0.555556
u_payload_ram/mem_reg[102][4]	0	0.555556
u_payload_ram/U734	0	0.555556
u_sm_ram_I/U2388	0	2.55556
u_sm_ram_I/mem_reg[174][3]	0	2.55556
u_payload_ram/U726	0	0.555556
u_sm_ram_Q/U1550	0	0.555556
u_payload_ram/mem_reg[39][0]	0	2.55556
u_payload_ram/mem_reg[57][3]	0	0.555556
u_sm_ram_I/U3749	0	2.55556
u_payload_ram/mem_reg[70][1]	0	1.55556
u_sm_ram_I/U3568	0	1.55556
u_payload_ram/U2672	0	1.51852
u_sm_ram_Q/mem_reg[8][2]	0	0.555556
u_payload_ram/U866	0	0.555556
u_payload_ram/U2639	0	0.555556
u_payload_ram/U2010	0	1.55556
u_payload_ram/mem_reg[23][2]	0	0.555556
u_payload_ram/PLACE_HFSBUF_423_1355	0	0.555556
u_payload_ram/U730	0	0.555556
u_payload_ram/PLACE_HFSINV_2313_1353	0	0.555556
u_sm_ram_I/U1137	0	0.555556
u_payload_ram/U1125	0	1.55556
u_sm_ram_Q/U1021	0	0.555556
u_sm_ram_I/U1913	0	0.555556
u_sm_ram_I/U2273	0	0.506173
u_sm_ram_I/U793	0	0.555556
u_sm_ram_Q/U1551	0	0.555556
u_payload_ram/mem_reg[86][3]	0	1.55556
u_payload_ram/U1124	0	1.51852
u_sm_Q/data_out_reg[2]	0	1.55556
u_sm_ram_Q/mem_reg[138][0]	0	1.55556
u_payload_ram/U3530	0	1.55556
u_payload_ram/mem_reg[43][7]	0	1.55556
u_sm_ram_I/mem_reg[126][3]	0	0.555556
u_sm_ram_Q/mem_reg[139][1]	0	0.555556
u_sm_ram_Q/U2302	0	0.555556
u_sm_ram_I/U3948	0	0.555556
PLACE_optlc_1407	0	0.493827
u_payload_ram/U2644	0	0.555556
u_payload_ram/mem_reg[57][0]	0	1.55556
u_payload_ram/mem_reg[39][2]	0	0.555556
u_payload_ram/mem_reg[42][0]	0	1.55556
u_sm_ram_I/mem_reg[94][2]	0	0.555556
u_sm_ram_Q/mem_reg[137][0]	0	0.555556
u_sm_ram_I/U2144	0	1.55556
u_payload_ram/mem_reg[43][2]	0	1.55556
u_sm_ram_Q/U3266	0	0.555556
u_sm_ram_Q/U631	0	0.555556
u_payload_ram/U1126	0	2.55556
u_sm_ram_I/mem_reg[110][1]	0	1.48148
u_payload_ram/mem_reg[38][5]	0.296296	0.555556
SpareCell_3_1	0	1.55556
u_payload_ram/U843	0	2.55556
u_payload_ram/U4133	0	0.555556
u_sm_ram_I/U3721	0	1.55556
u_sm_ram_Q/U630	0	1.55556
u_sm_Q/data_out_reg[1]	0	0.555556
u_payload_ram/mem_reg[55][2]	0	1.55556
u_payload_ram/mem_reg[70][7]	0	0.555556
u_sm_ram_I/U3819	0	1.55556
u_payload_ram/PLACE_HFSBUF_377_1354	0	0.555556
u_payload_ram/U864	0	1.55556
u_sm_ram_I/U2754	0	0.555556
u_sm_ram_Q/mem_reg[11][0]	0	2.55556
u_sm_ram_I/U2560	0	1.55556
u_payload_ram/U4129	0	1.55556
PLACE_optlc_1405	0	1.55556
u_sm_ram_I/U1069	0	2.55556
u_sm_ram_I/U3636	0	1.55556
u_sm_ram_I/U1390	0	0.555556
u_payload_ram/U3534	0	1.55556
u_sm_ram_Q/mem_reg[10][1]	0	1.55556
u_sm_ram_I/U3797	0	0.555556
u_payload_ram/mem_reg[38][0]	0	1.55556
u_sm_ram_I/mem_reg[191][0]	0	0.555556
u_payload_ram/U845	0	0.555556
u_sm_ram_Q/U3234	0	1.55556
u_sm_ram_I/U355	0	0.555556
u_payload_ram/U1116	0	0.506173
u_payload_ram/mem_reg[71][1]	0	0.555556
u_payload_ram/U2677	0	0.555556
u_payload_ram/mem_reg[57][2]	0	1.55556
u_sm_ram_I/U3615	0	0.555556
u_sm_ram_I/U3518	0	0.555556
u_sm_ram_I/U2118	0	0.555556
u_sm_ram_I/mem_reg[127][1]	0	1.55556
u_sm_ram_I/U3513	0	0.555556
u_sm_ram_Q/U1024	0	0.555556
u_sm_ram_Q/U1026	0	1.55556
u_sm_ram_I/U870	0	1.55556
u_payload_ram/mem_reg[70][3]	0	2.54321
u_sm_ram_I/U4092	0	0.555556
u_payload_ram/mem_reg[38][2]	0	0.555556
u_payload_ram/U3798	0	0.555556
u_sm_ram_I/U3127	0	0.555556
u_payload_ram/U3685	0	0.555556
u_payload_ram/U3969	0	0.555556
u_payload_ram/mem_reg[55][4]	0	1.55556
u_payload_ram/U3587	0	1.55556
u_sm_ram_I/PLACE_HFSBUF_518_903	0	0.555556
u_payload_ram/U865	0	0.555556
u_sm_ram_I/mem_reg[15][0]	0	0.555556
u_sm_ram_Q/mem_reg[136][3]	0	1.55556
u_sm_ram_I/U804	0	0.555556
u_payload_ram/mem_reg[48][6]	0	2.55556
u_payload_ram/U1598	0	0.555556
u_sm_ram_Q/U1012	0	0.555556
u_payload_ram/PLACE_HFSBUF_1487_1359	0	0.555556
u_sm_ram_I/PLACE_HFSBUF_584_1153	0	0.555556
u_sm_ram_Q/mem_reg[8][1]	0	0.555556
u_sm_ram_I/U1001	0	0.555556
u_sm_ram_Q/mem_reg[233][1]	0	0.555556
u_sm_ram_I/mem_reg[190][1]	0	0.555556
u_payload_ram/mem_reg[59][2]	0	0.555556
u_sm_I/shift_reg_reg[0]	0.962963	1.55556
u_sm_ram_Q/mem_reg[11][2]	0	0.555556
u_sm_ram_I/mem_reg[189][3]	0	0.555556
u_payload_ram/U4131	0	0.555556
u_sm_ram_Q/mem_reg[126][0]	0	0.555556
PLACE_optlc_1390	0	0.555556
u_sm_ram_I/U3177	0	0.555556
u_sm_ram_Q/mem_reg[138][1]	0	1.55556
u_sm_ram_Q/U3341	0	0.555556
u_sm_ram_I/mem_reg[62][1]	0	0.555556
u_payload_ram/mem_reg[59][1]	0	2.55556
u_payload_ram/mem_reg[22][3]	0	0.54321
u_sm_ram_I/U4087	0	0.555556
u_sm_ram_Q/U3343	0	1.54321
u_sm_ram_I/U2593	0	0.555556
u_sm_ram_I/U1071	0	1.55556
u_payload_ram/mem_reg[22][5]	0	0.555556
u_sm_ram_Q/U1014	0	0.555556
u_payload_ram/mem_reg[39][5]	0	1.55556
u_payload_ram/PLACE_HFSBUF_810_383	0	0.555556
u_sm_ram_I/U3239	0	0.555556
u_payload_ram/mem_reg[64][7]	0	0.555556
u_sm_ram_I/U3572	0	0.555556
u_sm_ram_Q/U1013	0	1.55556
u_sm_ram_I/PLACE_HFSBUF_612_904	0	0.555556
u_sm_ram_I/U3859	0	0.555556
u_sm_ram_I/U1068	0	0.555556
u_sm_ram_Q/mem_reg[136][1]	0	0.555556
u_payload_ram/U3642	0	0.555556
u_sm_ram_I/U3803	0	0.555556
u_sm_ram_I/U3894	0	0.555556
u_sm_ram_I/U3866	0	0.555556
u_payload_ram/PLACE_HFSINV_136_153	0	0.555556
u_sm_ram_I/mem_reg[175][1]	0	0.555556
u_sm_ram_I/U3391	0	1.55556
u_payload_ram/mem_reg[23][3]	0	2.55556
u_sm_ram_I/PLACE_HFSBUF_365_1151	0	0.555556
u_payload_ram/U3581	0	1.54321
u_payload_ram/U2434	0	0.555556
u_payload_ram/U844	0	1.55556
u_sm_ram_I/U386	0	0.555556
u_sm_ram_I/U3789	0	0.555556
u_payload_ram/U842	0	0.555556
u_sm_ram_I/U1126	0	0.555556
u_sm_Q/U20	0	1.55556
u_payload_ram/U2081	0	1.55556
u_payload_ram/U1245	0	0.555556
u_sm_ram_I/PLACE_HFSBUF_300_1152	0	1.55556
u_sm_ram_I/U805	0	0.555556
u_sm_ram_I/U1389	0	0.555556
u_sm_ram_Q/mem_reg[136][0]	0	1.55556
u_sm_ram_Q/mem_reg[8][0]	0	1.55556
u_payload_ram/U2673	0	1.55556
u_payload_ram/mem_reg[54][2]	0	0.555556
u_sm_ram_Q/U1011	0	1.55556
u_payload_ram/U4111	0	0.555556
u_payload_ram/mem_reg[86][4]	0	0.555556
u_sm_ram_I/U3361	0	0.555556
u_sm_ram_Q/U622	0	0.555556
u_sm_ram_I/U3426	0	1.55556
u_payload_ram/U2653	0	2.55556
u_payload_ram/U984	0	0.555556
u_sm_ram_I/U1912	0	1.55556
u_sm_ram_Q/mem_reg[235][1]	0	0.555556
u_sm_ram_I/U871	0	1.55556
u_payload_ram/PLACE_HFSINV_611_167	0	0.555556
u_payload_ram/U739	0	0.555556
u_payload_ram/mem_reg[42][2]	0	0.555556
u_payload_ram/mem_reg[48][2]	0	0.555556
u_sm_ram_Q/U1023	0	0.555556
PLACE_optlc_1391	0.4	1.55556
u_sm_ram_Q/U2415	0	0.555556
u_payload_ram/U986	0	1.55556
u_payload_ram/mem_reg[56][6]	0	0.555556
u_payload_ram/PLACE_HFSINV_538_278	0	1.55556
u_payload_ram/U846	0	1.55556
u_payload_ram/U735	0	0.555556
u_sm_ram_Q/U2301	0	1.55556
u_sm_ram_I/mem_reg[31][3]	0	0.555556
u_payload_ram/mem_reg[43][1]	0	0.555556
PLACE_optlc_1413	0	0.555556
u_sm_ram_I/mem_reg[15][3]	0	0.555556
u_sm_ram_I/U3478	0	0.555556
u_sm_ram_Q/U623	0	0.555556
u_payload_ram/mem_reg[63][1]	0	1.48148
u_sm_ram_I/U2580	0	0.555556
u_sm_ram_I/U3362	0	0.555556
u_sm_Q/U21	0	0.555556
u_sm_ram_I/U1060	0	2.55556
u_sm_ram_Q/U1025	0	1.55556
u_sm_ram_Q/mem_reg[233][2]	0	1.55556
u_sm_ram_Q/U557	0	1.55556
u_sm_ram_Q/mem_reg[139][3]	0	0.555556
u_sm_ram_Q/U3381	0	1.55556
u_sm_ram_I/mem_reg[125][0]	0	0.555556
u_payload_ram/U997	0	0.555556
u_sm_ram_I/mem_reg[190][0]	0	0.555556
u_payload_ram/U841	0	1.55556
u_sm_ram_I/U806	0.153846	0.555556
u_sm_ram_I/U807	0	1.55556
u_sm_ram_I/U3726	0	0.555556
PLACE_optlc_1412	0	0.493827
u_payload_ram/U741	0	0.555556
u_sm_ram_I/U1130	0	0.555556
u_sm_ram_I/U1518	0	1.55556
u_sm_ram_I/U1515	0	0.555556
u_payload_ram/mem_reg[57][7]	0	1.55556
u_payload_ram/U737	0	1.55556
u_payload_ram/U2561	0	0.518519
u_sm_ram_I/U1070	0	0.555556
u_sm_ram_I/U1063	0	0.555556
u_payload_ram/mem_reg[64][6]	0	1.55556
u_payload_ram/mem_reg[43][0]	0	1.55556
u_payload_ram/U1113	0	0.555556
u_sm_ram_Q/mem_reg[251][2]	0	0.555556
u_payload_ram/U3523	0	2.55556
u_payload_ram/U2679	0	0.555556
u_payload_ram/PLACE_HFSBUF_693_1257	0	0.555556
u_sm_ram_Q/U558	0	1.55556
u_sm_ram_I/U3277	0.5	0.555556
u_payload_ram/mem_reg[56][0]	0	1.55556
u_payload_ram/U3774	0	1.55556
u_payload_ram/U994	0	1.55556
u_payload_ram/U3634	0	0.555556
u_payload_ram/PLACE_HFSINV_712_351	0	1.55556
u_payload_ram/U727	0	0.555556
u_sm_ram_I/U1325	0	1.55556
u_payload_ram/mem_reg[48][7]	0	1.55556
u_sm_ram_I/U3282	0	0.555556
u_sm_ram_I/U869	0	0.555556
u_sm_ram_I/U3477	0	0.555556
u_payload_ram/mem_reg[54][7]	0	1.55556
u_sm_ram_Q/U556	0	2.55556
u_payload_ram/mem_reg[58][2]	0	0.555556
u_payload_ram/mem_reg[59][6]	0	0.555556
u_sm_ram_Q/U2102	0	0.555556
u_sm_Q/U25	0	0.555556
u_payload_ram/mem_reg[59][0]	0.111111	0.555556
u_payload_ram/U3576	0	1.55556
u_payload_ram/mem_reg[71][7]	0	0.555556
u_sm_ram_I/mem_reg[238][2]	0	0.555556
u_sm_ram_I/mem_reg[31][1]	0	1.55556
u_payload_ram/mem_reg[23][4]	0	0.555556
u_payload_ram/U985	0	0.555556
u_sm_ram_I/U3946	0	0.555556
u_sm_ram_I/U866	0	0.555556
u_sm_Q/U26	0	1.55556
u_sm_ram_I/mem_reg[190][2]	0	0.555556
u_sm_ram_Q/U621	0	0.555556
u_payload_ram/U992	0	1.55556
u_sm_ram_I/mem_reg[15][2]	0	0.555556
u_sm_ram_Q/mem_reg[235][2]	0	1.55556
u_payload_ram/U736	0	2.55556
u_payload_ram/PLACE_HFSINV_517_274	0	0.555556
u_sm_ram_Q/U559	0	0.555556
u_payload_ram/U31	0	0.555556
u_sm_ram_I/U1385	0	0.555556
u_payload_ram/mem_reg[55][0]	0	0.555556
u_sm_ram_I/U1074	0	0.555556
u_sm_Q/U24	0	1.55556
u_sm_Q/U43	0	1.55556
u_payload_ram/U2676	0	2.55556
u_payload_ram/mem_reg[23][0]	0	1.55556
u_payload_ram/U1115	0	1.55556
u_payload_ram/U3556	0	1.49383
u_sm_ram_I/U2614	0	0.555556
u_sm_Q/U22	0	0.555556
u_payload_ram/U3528	0	0.555556
u_sm_ram_Q/mem_reg[251][3]	0	0.54321
u_payload_ram/U2652	0	0.555556
u_sm_ram_I/mem_reg[47][1]	0	2.55556
u_payload_ram/U996	0	0.555556
u_payload_ram/U3547	0	0.555556
u_sm_ram_I/mem_reg[190][3]	0	2.53086
u_payload_ram/mem_reg[50][5]	0.37037	0.555556
u_payload_ram/mem_reg[70][2]	0	0.555556
u_payload_ram/U2200	0	1.54321
u_payload_ram/U918	0	1.55556
u_payload_ram/U3628	0	1.55556
u_payload_ram/U2426	0	0.555556
u_sm_ram_I/mem_reg[124][3]	0	0.555556
u_sm_ram_I/U907	0	2.55556
u_payload_ram/mem_reg[64][2]	0	0.555556
u_payload_ram/mem_reg[58][6]	0	1.55556
u_sm_Q/U27	0	0.54321
u_payload_ram/PLACE_HFSBUF_613_1356	0	0.530864
u_payload_ram/mem_reg[64][4]	0	3.55556
u_sm_Q/U40	0	0.555556
u_sm_ram_I/U868	0	0.555556
u_payload_ram/PLACE_HFSBUF_1615_30	0	1.55556
u_payload_ram/U4180	0	2.55556
u_demux/o_Q_reg	0	1.55556
u_sm_ram_I/U3951	0	1.55556
u_sm_ram_I/U3290	0	0.555556
u_sm_ram_Q/mem_reg[139][0]	0	0.555556
u_payload_ram/PLACE_HFSBUF_296_1358	0	0.555556
u_payload_ram/mem_reg[58][1]	0	0.555556
u_payload_ram/U954	0	1.55556
u_sm_ram_Q/mem_reg[255][1]	0	2.55556
u_payload_ram/mem_reg[40][1]	0	0.555556
u_sm_ram_I/U865	0	0.555556
u_payload_ram/mem_reg[53][2]	0	1.55556
u_sm_ram_I/mem_reg[46][0]	0	0.555556
u_payload_ram/mem_reg[38][4]	0	0.555556
u_sm_ram_I/U1324	0	0.555556
u_payload_ram/U691	0	2.55556
u_payload_ram/mem_reg[56][1]	0	0.555556
u_sm_ram_I/mem_reg[127][0]	0	0.555556
u_sm_ram_I/U867	0	0.555556
u_payload_ram/U690	0	1.53086
u_sm_ram_I/U3729	0.307692	2.55556
u_payload_ram/mem_reg[51][0]	0	1.55556
u_sm_ram_Q/U624	0	2.55556
u_payload_ram/mem_reg[39][1]	0	0.555556
u_sm_ram_I/mem_reg[127][3]	0	2.55556
u_sm_ram_I/mem_reg[222][2]	0	0.555556
u_sm_ram_I/mem_reg[62][0]	0	0.555556
u_payload_ram/U2120	0	0.555556
u_payload_ram/mem_reg[23][6]	0	0.555556
u_sm_ram_I/U1453	0	1.55556
u_payload_ram/U1119	0	1.55556
u_sm_ram_I/U1129	0	0.555556
u_sm_ram_I/U2946	0	0.555556
u_payload_ram/U4110	0	0.555556
u_sm_ram_I/U1075	0	2.55556
u_payload_ram/mem_reg[46][3]	0	0.555556
u_payload_ram/U993	0	0.555556
u_payload_ram/U3560	0	2.55556
u_sm_ram_I/mem_reg[175][3]	0	1.55556
u_sm_ram_I/mem_reg[238][1]	0	2.55556
u_sm_Q/U31	0	0.54321
u_sm_ram_I/U1327	0	1.55556
u_payload_ram/U788	0	0.54321
u_sm_ram_I/mem_reg[174][0]	0	0.555556
u_sm_Q/U19	0	1.55556
u_payload_ram/PLACE_HFSBUF_153_420	0	0.555556
u_sm_ram_Q/mem_reg[235][0]	0	1.55556
u_payload_ram/mem_reg[64][1]	0	0.555556
u_sm_ram_I/mem_reg[110][0]	0	1.48148
u_payload_ram/U740	0	1.55556
u_payload_ram/mem_reg[56][3]	0	1.55556
u_payload_ram/mem_reg[70][6]	0	1.55556
u_demux/even_bit_reg	0	0.555556
u_payload_ram/mem_reg[51][2]	0	1.55556
u_sm_Q/U28	0	0.555556
u_payload_ram/mem_reg[52][2]	0	0.555556
u_sm_ram_I/U1451	0	1.55556
u_sm_ram_I/U1517	0	1.55556
u_payload_ram/U3723	0	1.55556
u_sm_ram_Q/mem_reg[235][3]	0.518519	1.49383
u_sm_ram_I/mem_reg[127][2]	0	0.555556
u_payload_ram/mem_reg[60][6]	0	0.555556
u_payload_ram/mem_reg[48][5]	0	1.55556
u_payload_ram/U952	0	2.55556
u_payload_ram/U3661	0	0.555556
u_payload_ram/U917	0	0.555556
u_sm_ram_I/U1452	0	0.555556
u_payload_ram/U848	0	0.555556
u_payload_ram/U825	0	0.555556
u_payload_ram/U732	0	0.555556
u_payload_ram/U962	0	0.555556
u_sm_ram_I/U3416	0	0.555556
u_payload_ram/U976	0	0.54321
u_payload_ram/U2388	0	1.55556
u_payload_ram/mem_reg[52][6]	0	0.555556
u_payload_ram/U833	0	1.55556
u_payload_ram/U4109	0	1.55556
u_payload_ram/U913	0	1.55556
u_payload_ram/mem_reg[67][3]	0	0.54321
u_payload_ram/mem_reg[40][0]	0	0.555556
u_payload_ram/U824	0	2.55556
u_payload_ram/mem_reg[71][6]	0	1.55556
u_payload_ram/U2671	0	0.555556
u_payload_ram/mem_reg[58][3]	0	1.53086
u_payload_ram/mem_reg[51][5]	0	0.555556
u_payload_ram/mem_reg[38][1]	0	1.55556
u_sm_Q/U41	0	0.555556
u_sm_ram_I/U1516	0	1.55556
u_payload_ram/U957	0	1.55556
u_payload_ram/U823	0	0.555556
u_payload_ram/mem_reg[39][7]	0	0.555556
u_payload_ram/U1114	0	0.555556
u_sm_ram_I/mem_reg[124][2]	0	1.55556
u_payload_ram/mem_reg[50][2]	0	1.55556
u_sm_ram_I/U3363	0	0.555556
u_payload_ram/U847	0	0.555556
u_sm_Q/U39	0	0.555556
u_payload_ram/U1117	0	1.55556
u_sm_ram_I/U326	0	0.555556
u_payload_ram/U786	0	2.55556
u_sm_ram_I/mem_reg[175][2]	0	1.55556
u_sm_ram_I/U3354	0	1.55556
u_payload_ram/U885	0	0.555556
u_payload_ram/mem_reg[39][4]	0	0.54321
u_payload_ram/U3709	0	0.555556
u_demux/o_valid_Q_reg	0	1.55556
u_payload_ram/U999	0	1.55556
u_sm_ram_I/U1072	0	1.55556
u_sm_ram_I/mem_reg[47][0]	0	0.555556
u_sm_ram_I/U1132	0	0.555556
u_payload_ram/PLACE_HFSBUF_52_1362	0	0.555556
u_payload_ram/mem_reg[38][6]	0.148148	1.49383
u_payload_ram/PLACE_HFSINV_815_155	0	1.55556
u_payload_ram/U2382	0	1.55556
u_sm_ram_I/U2527	0	1.55556
u_sm_Q/shift_reg_reg[0]	0	1.55556
u_payload_ram/U1120	0	1.55556
u_sm_ram_I/U1326	0	1.55556
u_sm_ram_I/mem_reg[31][2]	0	0.555556
u_sm_ram_I/U1131	0	0.555556
u_payload_ram/U2670	0	0.555556
u_sm_Q/U42	0	0.555556
u_payload_ram/mem_reg[119][6]	0	1.49383
u_sm_ram_I/U1073	0	1.55556
u_payload_ram/U2213	0	0.555556
u_payload_ram/mem_reg[40][2]	0	1.55556
u_sm_ram_I/mem_reg[175][0]	0	0.555556
u_sm_Q/U32	0	0.555556
u_demux/o_I_reg	0	1.55556
u_sm_ram_Q/mem_reg[109][0]	0	0.555556
u_sm_ram_I/U1450	0	0.555556
u_sm_ram_I/mem_reg[76][2]	0	1.55556
u_payload_ram/U998	0	2.55556
u_sm_Q/U29	0	2.55556
u_sm_ram_I/mem_reg[15][1]	0	0.555556
u_payload_ram/PLACE_HFSBUF_23_1230	0	1.55556
u_payload_ram/PLACE_HFSINV_468_183	0	0.555556
u_payload_ram/U3648	0	0.555556
u_sm_Q/U30	0	1.53086
u_payload_ram/U832	0	0.555556
u_payload_ram/U829	0	0.555556
u_payload_ram/mem_reg[118][5]	0	1.55556
u_payload_ram/U837	0	1.55556
u_payload_ram/PLACE_HFSBUF_403_1229	0	0.555556
u_payload_ram/U1576	0	0.54321
u_sm_ram_I/U1520	0	2.55556
u_payload_ram/U2349	0	0.555556
u_payload_ram/mem_reg[60][0]	0	1.55556
u_sm_ram_I/U3398	0	1.55556
u_sm_ram_I/U1521	0	2.55556
u_sm_ram_I/U1320	0	1.55556
u_payload_ram/mem_reg[59][3]	0	0.555556
u_payload_ram/mem_reg[23][1]	0	0.555556
u_payload_ram/U4163	0	0.555556
u_payload_ram/mem_reg[96][0]	0.222222	0.555556
u_payload_ram/U3645	0	0.555556
u_payload_ram/mem_reg[50][7]	0.666667	0.555556
u_payload_ram/U961	0	0.555556
u_payload_ram/PLACE_HFSINV_423_137	0	0.555556
u_sm_ram_I/U90	0	0.493827
u_payload_ram/mem_reg[49][5]	0	0.555556
u_payload_ram/U1118	0	0.555556
u_payload_ram/mem_reg[87][6]	0	0.555556
u_payload_ram/mem_reg[56][2]	0	0.555556
u_payload_ram/mem_reg[49][6]	0	0.555556
u_payload_ram/U2211	0	2.54321
u_payload_ram/mem_reg[96][2]	0	2.55556
u_payload_ram/U3644	0	0.555556
u_payload_ram/U4113	0	1.55556
u_payload_ram/U2393	0	1.55556
u_payload_ram/U2642	0	0.555556
u_sm_ram_I/mem_reg[63][0]	0	0.555556
u_payload_ram/U892	0	1.55556
u_payload_ram/mem_reg[60][4]	0	0.555556
u_payload_ram/PLACE_HFSBUF_450_632	0	0.555556
u_payload_ram/U2794	0	1.51852
u_payload_ram/U880	0	0.555556
u_sm_ram_I/U1523	0	1.55556
u_payload_ram/U916	0	1.55556
u_payload_ram/PLACE_HFSBUF_1714_28	0	1.55556
u_demux/o_valid_I_reg	0	0.555556
u_payload_ram/mem_reg[66][2]	0	2.55556
u_payload_ram/U3275	0	1.55556
u_payload_ram/U960	0	0.555556
u_payload_ram/mem_reg[60][1]	0	2.55556
u_payload_ram/mem_reg[53][7]	0	1.55556
u_payload_ram/U2158	0	1.55556
u_sm_ram_I/U2561	0	0.555556
u_payload_ram/U190	0	1.55556
u_sm_ram_I/mem_reg[62][3]	0	0.555556
u_payload_ram/U834	0	0.555556
u_payload_ram/U3772	0	0.555556
u_payload_ram/mem_reg[23][7]	0	2.53086
u_payload_ram/mem_reg[52][1]	0	1.55556
u_payload_ram/mem_reg[23][5]	0	0.555556
u_sm_ram_I/mem_reg[47][3]	0	1.55556
u_sm_ram_I/U1522	0	1.55556
u_payload_ram/mem_reg[87][4]	0	0.555556
u_sm_ram_I/mem_reg[94][1]	0	1.48148
u_payload_ram/U900	0	0.555556
u_payload_ram/U881	0	1.55556
u_demux/U8	0	1.55556
u_payload_ram/mem_reg[56][4]	0	0.555556
u_sm_ram_I/mem_reg[124][0]	0	0.555556
u_payload_ram/U1970	0	0.555556
u_payload_ram/mem_reg[87][3]	0	1.55556
u_payload_ram/U887	0	0.555556
u_payload_ram/U1682	0	1.55556
u_payload_ram/mem_reg[67][5]	0	0.555556
u_payload_ram/U909	0	2.55556
u_payload_ram/mem_reg[60][5]	0	1.55556
u_sm_ram_I/mem_reg[124][1]	0	1.55556
u_payload_ram/U2205	0	1.55556
u_sm_ram_I/U3268	0	0.555556
u_payload_ram/mem_reg[52][7]	0	0.555556
u_sm_ram_I/mem_reg[143][0]	0	0.555556
u_payload_ram/mem_reg[118][6]	0	0.506173
u_payload_ram/PLACE_HFSBUF_1501_204	0	0.555556
u_sm_ram_I/U1322	0	1.55556
u_sm_Q/bit_cnt_reg[1]	0	0.555556
u_payload_ram/mem_reg[61][0]	0	1.55556
u_payload_ram/mem_reg[42][1]	0	2.55556
u_payload_ram/PLACE_HFSINV_638_270	0	0.555556
u_payload_ram/mem_reg[50][0]	0	1.55556
u_sm_ram_I/mem_reg[62][2]	0	1.55556
u_sm_Q/bit_cnt_reg[0]	0	1.55556
u_payload_ram/PLACE_HFSBUF_563_633	0	0.555556
u_payload_ram/U873	0	2.46914
u_payload_ram/U850	0	0.555556
u_payload_ram/U3515	0	1.55556
u_payload_ram/U995	0	1.55556
u_payload_ram/mem_reg[39][6]	0	0.555556
u_payload_ram/U4229	0	0.555556
u_payload_ram/U2607	0	1.55556
u_payload_ram/mem_reg[38][7]	0	1.55556
u_payload_ram/mem_reg[58][4]	0	0.555556
u_payload_ram/U2011	0	0.555556
u_payload_ram/PLACE_HFSINV_694_147	0	1.55556
u_payload_ram/U78	0	0.555556
u_sm_ram_I/mem_reg[14][0]	0	0.555556
u_demux/U10	0	0.555556
u_payload_ram/mem_reg[66][5]	0	1.55556
u_payload_ram/U897	0	0.555556
u_payload_ram/U827	0	0.555556
u_sm_ram_I/U1321	0	0.555556
u_payload_ram/mem_reg[119][5]	0	0.555556
u_payload_ram/mem_reg[38][3]	0	1.55556
u_payload_ram/U978	0	0.555556
u_payload_ram/U3776	0	0.54321
u_payload_ram/U889	0	0.555556
u_payload_ram/U787	0	1.55556
u_sm_ram_I/mem_reg[110][3]	0	0.555556
u_payload_ram/mem_reg[40][3]	0	1.55556
u_sm_ram_I/U1323	0	0.555556
u_payload_ram/U1022	0	2.46914
u_payload_ram/U902	0	0.555556
u_payload_ram/PLACE_HFSINV_327_258	0	0.555556
u_payload_ram/mem_reg[87][5]	0	1.49383
u_payload_ram/mem_reg[60][2]	0	0.555556
u_demux/U4	0	0.555556
u_payload_ram/U1816	0	1.55556
u_demux/U6	0	0.530864
u_payload_ram/U895	0	0.555556
u_sm_Q/data_out_reg[3]	0	1.55556
u_sm_ram_I/mem_reg[63][2]	0	0.555556
u_payload_ram/mem_reg[58][0]	0	0.555556
u_payload_ram/mem_reg[53][6]	0	1.55556
u_payload_ram/U3686	0	2.51852
u_payload_ram/mem_reg[42][3]	0	0.555556
u_payload_ram/U3684	0	0.555556
u_payload_ram/mem_reg[64][5]	0	0.555556
u_zp/o_serial_reg	0	0.555556
u_payload_ram/U826	0	1.55556
u_payload_ram/PLACE_HFSINV_361_118	0	0.493827
u_payload_ram/U3643	0	1.55556
u_payload_ram/mem_reg[59][4]	0	0.555556
u_payload_ram/U3583	0	1.55556
u_payload_ram/PLACE_HFSINV_357_353	0	1.55556
u_payload_ram/U908	0	0.555556
u_sm_ram_I/mem_reg[14][3]	0	0.555556
u_payload_ram/mem_reg[64][3]	0	0.555556
u_payload_ram/U878	0	1.55556
u_payload_ram/U849	0	0.555556
u_payload_ram/U821	0	0.555556
u_payload_ram/mem_reg[63][7]	0	2.55556
u_demux/U11	0	1.55556
u_demux/U5	0	0.555556
u_payload_ram/U524	0	1.55556
u_payload_ram/U4162	0	0.555556
u_payload_ram/U1681	0	1.53086
u_payload_ram/PLACE_HFSINV_660_159	0	1.55556
u_payload_ram/U831	0	2.55556
u_payload_ram/U874	0	0.555556
u_sm_ram_I/mem_reg[63][3]	0	1.54321
u_payload_ram/U172	0	0.555556
u_payload_ram/U2241	0	0.555556
u_payload_ram/U2148	0	1.55556
u_payload_ram/U2209	0	0.555556
u_payload_ram/U344	0	1.55556
u_payload_ram/U2408	0	0.555556
u_payload_ram/U3529	0	0.555556
u_payload_ram/U3599	0	0.54321
u_payload_ram/mem_reg[51][7]	0	1.55556
u_payload_ram/U346	0	1.55556
u_payload_ram/mem_reg[49][7]	0.111111	0.54321
u_payload_ram/U3615	0	0.555556
u_payload_ram/U526	0	2.55556
u_payload_ram/mem_reg[62][7]	0	0.555556
u_payload_ram/U2245	0	0.555556
u_payload_ram/U2436	0	0.555556
u_demux/U9	0	0.555556
u_payload_ram/U1680	0	1.55556
u_payload_ram/mem_reg[61][7]	0	0.555556
u_sm_ram_I/mem_reg[31][0]	0	1.55556
u_payload_ram/U529	0	0.555556
u_payload_ram/mem_reg[49][2]	0	0.555556
u_payload_ram/U816	0	0.555556
u_payload_ram/PLACE_HFSBUF_334_1256	0	0.555556
u_payload_ram/U3833	0	1.55556
u_payload_ram/mem_reg[57][4]	0	0.555556
u_payload_ram/U3619	0	0.555556
u_payload_ram/mem_reg[60][7]	0	1.55556
u_payload_ram/mem_reg[61][5]	0	1.55556
u_payload_ram/U1817	0	0.555556
u_payload_ram/U819	0	0.555556
u_payload_ram/U2122	0	0.555556
u_payload_ram/U835	0.769231	1.55556
u_demux/U12	0	0.555556
u_payload_ram/U3688	0	0.555556
u_payload_ram/mem_reg[43][4]	0	0.555556
u_payload_ram/U820	0	1.55556
u_payload_ram/U3689	0	1.55556
u_payload_ram/mem_reg[63][5]	0	1.48148
u_payload_ram/U3513	0	1.55556
u_payload_ram/mem_reg[7][4]	0	0.555556
u_payload_ram/mem_reg[42][4]	0	0.54321
u_payload_ram/U836	0	0.555556
u_payload_ram/U191	0	1.55556
u_payload_ram/mem_reg[63][3]	0.703704	0.555556
u_payload_ram/U3641	0	1.55556
u_payload_ram/mem_reg[118][7]	0	2.54321
u_payload_ram/U1577	0	0.530864
u_demux/U3	0	0.555556
u_payload_ram/U4096	0	1.55556
u_payload_ram/U883	0	0.555556
u_payload_ram/PLACE_HFSBUF_1520_4	0	0.555556
u_zp/counter_reg[3]	0	1.55556
u_payload_ram/U886	0	0.555556
u_payload_ram/mem_reg[61][6]	0	0.555556
u_payload_ram/mem_reg[52][5]	0	0.555556
u_payload_ram/U815	0	2.55556
u_payload_ram/U3683	0	0.555556
u_payload_ram/PLACE_HFSINV_595_104	0	1.55556
u_payload_ram/PLACE_HFSBUF_195_1259	0	0.555556
u_payload_ram/PLACE_HFSBUF_593_608	0	0.555556
u_zp/U95	0	0.555556
u_payload_ram/mem_reg[67][0]	0	0.555556
u_payload_ram/PLACE_HFSBUF_2256_618	0	0.555556
u_payload_ram/U1678	0.0625	0.555556
u_payload_ram/U838	0	0.555556
u_payload_ram/U85	0	1.54321
u_payload_ram/U3647	0	0.555556
u_payload_ram/mem_reg[62][2]	0	0.555556
u_payload_ram/U2147	0	1.55556
u_payload_ram/U1408	0	1.55556
u_payload_ram/U132	0	0.555556
u_payload_ram/U877	0	1.55556
u_payload_ram/U3156	0	0.555556
u_payload_ram/mem_reg[44][7]	0	1.55556
u_payload_ram/PLACE_HFSBUF_224_1267	0	0.555556
PLACE_HFSINV_301_380	0	1.55556
u_payload_ram/mem_reg[65][0]	0	1.55556
u_payload_ram/PLACE_HFSBUF_1555_205	0	0.555556
u_payload_ram/PLACE_HFSINV_5_1293	0	0.555556
u_sm_ram_I/mem_reg[63][1]	0	0.555556
u_payload_ram/mem_reg[41][2]	0	0.555556
u_zp/o_invalid_bit_reg	0	0.555556
u_payload_ram/U3692	0	2.55556
u_payload_ram/U1815	0	0.54321
u_payload_ram/U1427	0	0.555556
u_payload_ram/mem_reg[50][4]	0	0.555556
u_payload_ram/PLACE_HFSBUF_85_1227	0	0.555556
u_payload_ram/U813	0	0.555556
u_payload_ram/U3700	0	0.555556
u_payload_ram/U3633	0	1.55556
u_payload_ram/U807	0	0.555556
u_payload_ram/U4112	0	0.54321
u_payload_ram/mem_reg[52][4]	0	1.55556
u_payload_ram/PLACE_HFSBUF_283_16	0	0.555556
u_payload_ram/U345	0	0.555556
u_payload_ram/PLACE_HFSINV_190_1261	0	0.555556
u_payload_ram/mem_reg[51][6]	0	2.55556
u_payload_ram/mem_reg[6][7]	0	0.555556
u_payload_ram/U776	0	1.55556
u_payload_ram/mem_reg[58][7]	0	0.555556
u_payload_ram/U1832	0	0.555556
u_payload_ram/mem_reg[62][6]	0	1.55556
u_payload_ram/mem_reg[65][4]	0	0.555556
u_payload_ram/U2244	0	2.55556
u_payload_ram/U3687	0	0.555556
u_payload_ram/U2121	0	2.55556
u_payload_ram/PLACE_HFSINV_496_264	0	0.555556
u_payload_ram/U894	0	0.555556
u_payload_ram/U830	0	2.55556
u_payload_ram/mem_reg[56][7]	0	0.555556
u_zp/state_reg[0]	0	2.55556
u_zp/U96	0	0.54321
u_payload_ram/U3594	0	0.555556
u_zp/counter_reg[0]	0	1.55556
u_payload_ram/U763	0	0.555556
u_payload_ram/U987	0	0.555556
u_payload_ram/U983	0	1.55556
u_payload_ram/mem_reg[39][3]	0	1.55556
u_payload_ram/PLACE_HFSBUF_1327_391	0	1.55556
u_payload_ram/U518	0	1.55556
u_payload_ram/U2087	0	1.55556
u_payload_ram/U963	0	1.55556
u_payload_ram/PLACE_HFSBUF_1195_1303	0	1.55556
u_payload_ram/mem_reg[96][5]	0	2.55556
u_payload_ram/mem_reg[62][3]	0.185185	0.555556
u_payload_ram/mem_reg[7][7]	0	0.555556
u_payload_ram/U1670	0	0.555556
u_payload_ram/U3571	0	1.44444
u_payload_ram/mem_reg[53][5]	0	0.555556
u_payload_ram/PLACE_HFSINV_1409_1260	0	0.555556
u_payload_ram/U884	0	0.555556
u_payload_ram/U3646	0	1.55556
u_payload_ram/U472	0	1.55556
u_payload_ram/U828	0	2.55556
u_payload_ram/mem_reg[59][5]	0	0.555556
u_payload_ram/U1854	0	1.53086
u_payload_ram/U3617	0	1.55556
u_payload_ram/mem_reg[46][2]	0.037037	2.55556
u_payload_ram/PLACE_HFSINV_742_163	0	0.555556
u_payload_ram/U910	0	1.55556
u_payload_ram/U2357	0	2.55556
u_zp/U205	0	0.555556
u_payload_ram/mem_reg[44][0]	0	1.55556
u_payload_ram/U353	0	1.55556
u_payload_ram/U798	0	1.55556
u_payload_ram/U2149	0	0.555556
u_payload_ram/U2204	0	0.555556
u_payload_ram/mem_reg[65][1]	0	1.55556
u_payload_ram/U905	0	0.555556
u_payload_ram/U2500	0	0.555556
u_payload_ram/U3582	0	0.555556
u_payload_ram/U822	0	0.555556
u_payload_ram/U1818	0	0.555556
u_payload_ram/U4232	0	0.555556
u_zp/U114	0	0.555556
u_payload_ram/U758	0	0.555556
u_payload_ram/U2381	0	1.55556
u_payload_ram/U2006	0	1.55556
u_payload_ram/U811	0	0.555556
u_payload_ram/mem_reg[56][5]	0	0.555556
u_payload_ram/U3565	0	1.55556
u_payload_ram/U1684	0	1.55556
u_payload_ram/mem_reg[105][5]	0	0.555556
u_payload_ram/mem_reg[119][7]	0	0.555556
u_payload_ram/U773	0	0.54321
u_payload_ram/PLACE_HFSBUF_141_1340	0	0.555556
u_payload_ram/mem_reg[65][5]	0	0.555556
u_payload_ram/mem_reg[48][4]	0	1.55556
u_payload_ram/U2373	0	1.55556
u_payload_ram/mem_reg[58][5]	0	0.555556
u_payload_ram/U817	0	1.55556
u_payload_ram/U2243	0	1.55556
u_payload_ram/U814	0	0.555556
u_zp/U62	0	1.55556
u_zp/U97	0	0.555556
u_payload_ram/mem_reg[59][7]	0	2.55556
u_payload_ram/PLACE_HFSINV_621_114	0	0.555556
u_payload_ram/U1671	0	1.55556
u_payload_ram/U343	0	0.555556
u_payload_ram/U3585	0	1.55556
u_payload_ram/mem_reg[66][7]	0	1.55556
u_payload_ram/PLACE_HFSBUF_51_600	0	0.555556
u_payload_ram/mem_reg[66][6]	0	0.555556
u_payload_ram/U806	0	1.55556
u_payload_ram/U349	0	0.555556
u_payload_ram/U1400	0	0.555556
u_payload_ram/U955	0	1.55556
u_payload_ram/mem_reg[107][0]	0	0.555556
u_payload_ram/U1622	0	0.555556
u_sm_ram_I/mem_reg[111][1]	0	1.48148
u_payload_ram/U1255	0	2.55556
u_payload_ram/mem_reg[45][0]	0	0.555556
u_payload_ram/U1289	0	0.555556
u_payload_ram/PLACE_HFSBUF_301_1339	0	0.555556
u_payload_ram/U1672	0	0.555556
u_payload_ram/U808	0	0.555556
u_payload_ram/mem_reg[48][1]	0	0.555556
u_payload_ram/U1256	0	0.555556
u_payload_ram/U3640	0	0.555556
u_payload_ram/U882	0	0.555556
u_payload_ram/mem_reg[50][1]	0	2.55556
u_payload_ram/U1254	0	0.555556
u_payload_ram/PLACE_HFSBUF_93_1302	0	0.555556
u_payload_ram/PLACE_HFSINV_609_151	0	0.555556
u_payload_ram/U2202	0	1.55556
u_payload_ram/mem_reg[44][2]	0	0.555556
u_payload_ram/U2206	0	1.55556
u_payload_ram/U3731	0	0.555556
u_payload_ram/mem_reg[62][4]	0	1.55556
u_payload_ram/U796	0	2.55556
u_payload_ram/mem_reg[61][3]	0	2.55556
u_payload_ram/U792	0	0.555556
u_payload_ram/mem_reg[46][0]	0	2.55556
u_payload_ram/mem_reg[107][7]	0	0.555556
u_payload_ram/U3584	0	0.555556
u_payload_ram/U3316	0	0.530864
u_payload_ram/U733	0	1.55556
u_payload_ram/mem_reg[65][2]	0	0.555556
u_payload_ram/mem_reg[60][3]	0	1.55556
u_payload_ram/mem_reg[118][4]	0	0.555556
u_payload_ram/mem_reg[41][0]	0	0.555556
u_payload_ram/mem_reg[7][6]	0.851852	0.555556
u_payload_ram/U574	0	0.555556
u_payload_ram/U1257	0	0.555556
u_payload_ram/U1266	0	2.55556
u_payload_ram/U2693	0	1.55556
u_payload_ram/U1253	0	0.555556
u_zp/U112	0	0.555556
u_payload_ram/mem_reg[119][4]	0	0.555556
u_payload_ram/U3974	0	1.55556
u_payload_ram/U1390	0	0.555556
u_payload_ram/U1984	0	0.555556
u_payload_ram/U970	0	2.55556
u_zp/U94	0	0.555556
u_payload_ram/U2355	0	0.555556
u_payload_ram/U2108	0	0.555556
u_payload_ram/U893	0	0.555556
u_payload_ram/mem_reg[118][2]	0	2.55556
u_payload_ram/U2400	0	0.555556
u_zp/U206	0	0.555556
u_payload_ram/mem_reg[47][0]	0	1.55556
u_payload_ram/PLACE_HFSBUF_153_960	0	0.555556
u_payload_ram/PLACE_HFSINV_134_304	0	0.555556
u_payload_ram/mem_reg[67][4]	0	0.555556
u_payload_ram/mem_reg[6][5]	0	2.55556
u_payload_ram/mem_reg[50][6]	0	2.55556
u_payload_ram/U812	0	1.55556
u_zp/U220	0	0.54321
u_payload_ram/U778	0	1.55556
u_payload_ram/PLACE_HFSINV_894_357	0	1.55556
u_zp/U228	0	0.555556
u_payload_ram/U3717	0	0.555556
u_zp/U93	0	0.555556
u_payload_ram/U2369	0	0.555556
u_zp/U110	0	0.555556
u_payload_ram/mem_reg[61][4]	0	1.55556
SpareCell_2_3	0	1.51852
u_payload_ram/mem_reg[7][3]	0	0.555556
u_payload_ram/U4108	0	0.555556
u_payload_ram/U2175	0	0.555556
u_payload_ram/mem_reg[40][7]	0	0.555556
u_zp/U113	0	0.555556
u_payload_ram/U762	0	0.555556
u_payload_ram/U2227	0	1.55556
u_payload_ram/U871	0	0.555556
u_payload_ram/U901	0	1.55556
u_payload_ram/U899	0	1.55556
u_payload_ram/U809	0	2.55556
u_zp/U120	0	0.555556
u_payload_ram/U795	0	1.53086
u_payload_ram/mem_reg[62][5]	0	0.555556
u_payload_ram/PLACE_HFSINV_338_106	0	1.55556
u_payload_ram/mem_reg[105][2]	0	0.555556
u_payload_ram/mem_reg[53][3]	0	0.555556
PLACE_optlc_1378	0	1.50617
u_payload_ram/mem_reg[52][3]	0	2.55556
u_payload_ram/U4103	0	0.555556
u_payload_ram/U876	0	2.55556
u_zp/U222	0	1.55556
u_payload_ram/U4072	0	0.555556
u_payload_ram/mem_reg[6][4]	0	0.555556
u_zp/U217	0	0.555556
u_payload_ram/U1090	0	0.555556
u_payload_ram/PLACE_HFSBUF_1243_609	0	0.555556
u_payload_ram/U3607	0	0.555556
u_payload_ram/U912	0.230769	1.55556
u_payload_ram/U3099	0	1.55556
u_payload_ram/U2472	0	1.55556
u_payload_ram/U4101	0	0.555556
u_payload_ram/U775	0	0.530864
u_payload_ram/mem_reg[63][4]	0	1.55556
u_zp/U229	0	0.555556
u_payload_ram/mem_reg[73][7]	0	0.555556
u_payload_ram/U951	0	1.55556
u_payload_ram/U2404	0	0.555556
SpareCell_2_1	0	0.555556
u_payload_ram/mem_reg[106][1]	0	0.555556
PLACE_optlc_1384	0	1.55556
u_payload_ram/mem_reg[61][2]	0	0.555556
u_payload_ram/U779	0	0.555556
u_zp/U92	0	1.55556
u_payload_ram/U3034	0	0.555556
u_payload_ram/U2451	0	2.54321
u_payload_ram/mem_reg[73][3]	0	1.55556
u_payload_ram/PLACE_HFSINV_471_282	0	0.555556
u_payload_ram/U4179	0	0.506173
u_payload_ram/mem_reg[61][1]	0	0.518519
u_payload_ram/U4064	0	1.55556
PLACE_optlc_1387	0	0.506173
u_payload_ram/U810	0	2.55556
u_payload_ram/PLACE_HFSBUF_1757_29	0	1.55556
u_payload_ram/U3541	0	1.55556
u_payload_ram/U968	0	2.55556
u_payload_ram/U3274	0	0.555556
u_payload_ram/U801	0	2.55556
u_payload_ram/U3580	0	1.55556
u_payload_ram/mem_reg[106][0]	0	1.55556
u_payload_ram/U3559	0	0.555556
u_payload_ram/mem_reg[105][7]	0	2.55556
u_payload_ram/mem_reg[119][3]	0	0.555556
u_payload_ram/U4031	0	0.506173
u_payload_ram/U793	0	1.55556
u_zp/U218	0	1.55556
u_payload_ram/mem_reg[49][4]	0	0.555556
u_zp/U221	0	1.55556
u_payload_ram/mem_reg[109][2]	0	2.55556
u_payload_ram/PLACE_HFSBUF_115_1288	0	1.55556
SpareCell_1	0	1.51852
u_payload_ram/U915	0	1.55556
u_payload_ram/U2234	0	0.555556
u_payload_ram/U4065	0	0.555556
u_payload_ram/PLACE_HFSBUF_214_419	0	0.555556
u_payload_ram/mem_reg[107][1]	0	1.53086
u_zp/state_reg[1]	0	0.555556
u_payload_ram/U436	0	1.55556
u_payload_ram/U69	0	0.555556
u_payload_ram/U1262	0	0.555556
u_zp/U224	0	0.555556
u_payload_ram/U805	0	0.555556
u_payload_ram/U3721	0	0.555556
SpareCell_3	0	0.506173
u_payload_ram/PLACE_HFSINV_631_100	0	0.555556
u_payload_ram/U802	0	0.555556
u_zp/counter_reg[1]	0	1.55556
u_payload_ram/U1506	0	0.555556
u_payload_ram/mem_reg[107][5]	0	2.55556
u_payload_ram/PLACE_HFSINV_699_62	0	1.55556
u_zp/U121	0	1.55556
u_payload_ram/U2630	0	1.55556
u_payload_ram/mem_reg[44][4]	0	1.55556
u_payload_ram/U944	0	0.555556
u_payload_ram/U875	0	0.555556
u_payload_ram/U903	0	1.55556
u_payload_ram/mem_reg[53][0]	0	0.555556
u_payload_ram/U70	0	0.530864
u_payload_ram/mem_reg[63][6]	0	1.48148
SpareCell_1_3	0	1.55556
u_payload_ram/mem_reg[109][7]	0	2.55556
SpareCell_1_1	0	0.555556
u_zp/U194	0	0.555556
u_payload_ram/U2229	0.692308	1.55556
u_zp/U212	0	0.555556
u_payload_ram/mem_reg[6][3]	0	1.55556
u_payload_ram/PLACE_HFSINV_900_169	0	0.555556
u_payload_ram/mem_reg[105][0]	0	0.555556
u_payload_ram/mem_reg[51][1]	0.666667	0.555556
u_payload_ram/U907	0	1.51852
u_payload_ram/U3307	0	0.555556
u_payload_ram/U4079	0	0.555556
u_payload_ram/mem_reg[49][0]	0	0.555556
u_payload_ram/U3603	0	1.45679
u_payload_ram/U804	0	1.55556
u_payload_ram/U4037	0	0.555556
u_sm_ram_Q/mem_reg[137][2]	0	0.555556
u_payload_ram/U803	0	0.555556
u_payload_ram/U3558	0	0.555556
u_payload_ram/U928	0	0.555556
u_payload_ram/U4034	0	0.54321
u_payload_ram/PLACE_HFSINV_741_254	0	0.555556
PLACE_optlc_1385	0	0.506173
u_payload_ram/U936	0	1.55556
u_payload_ram/U729	0	0.555556
u_payload_ram/U891	0	0.555556
u_payload_ram/PLACE_HFSBUF_933_22	0	1.55556
u_payload_ram/PLACE_HFSBUF_1435_206	0	1.55556
u_payload_ram/U2459	0	1.55556
u_payload_ram/U2453	0	0.555556
u_payload_ram/U350	0	0.555556
u_payload_ram/mem_reg[67][2]	0	1.55556
u_payload_ram/U3157	0	0.555556
u_payload_ram/U341	0	0.555556
u_payload_ram/mem_reg[106][6]	0	0.555556
u_payload_ram/U1265	0	0.555556
u_zp/U115	0	0.555556
u_payload_ram/U3631	0	0.555556
u_payload_ram/mem_reg[109][0]	0	0.555556
u_payload_ram/U946	0	0.555556
u_payload_ram/mem_reg[118][3]	0	2.55556
u_payload_ram/mem_reg[65][7]	0	1.55556
PLACE_optlc_1376	0	0.555556
u_payload_ram/mem_reg[53][4]	0	0.555556
u_payload_ram/mem_reg[47][2]	0	1.55556
u_payload_ram/PLACE_HFSINV_347_246	0	0.555556
u_payload_ram/U898	0	0.555556
u_payload_ram/mem_reg[37][2]	0	0.555556
u_payload_ram/U797	0	1.55556
u_payload_ram/PLACE_HFSBUF_586_330	0	1.55556
u_payload_ram/mem_reg[119][2]	0	0.555556
u_payload_ram/U444	0	2.55556
SpareCell_0_3	0	0.506173
u_zp/U223	0	0.555556
u_payload_ram/U454	0	0.555556
u_payload_ram/U2384	0	1.55556
u_zp/U197	0	0.555556
SpareCell_0_1	0	1.54321
u_payload_ram/mem_reg[76][0]	0	0.555556
u_payload_ram/mem_reg[104][1]	0	0.555556
u_payload_ram/mem_reg[7][2]	0	0.555556
u_zp/U195	0	0.555556
u_payload_ram/mem_reg[42][5]	0.037037	2.55556
PLACE_optlc_1380	0	0.555556
u_payload_ram/U342	0	0.555556
u_payload_ram/U896	0	1.55556
u_payload_ram/U872	0	1.55556
u_payload_ram/U443	0	1.55556
u_payload_ram/mem_reg[96][6]	0	0.555556
u_payload_ram/U3574	0	2.55556
u_payload_ram/mem_reg[46][5]	0	2.55556
u_payload_ram/U1264	0	1.55556
u_payload_ram/mem_reg[51][4]	0	1.55556
u_zp/U188	0	0.555556
u_payload_ram/U1870	0	1.55556
u_payload_ram/U914	0	2.55556
u_zp/U193	0	0.555556
u_payload_ram/mem_reg[109][1]	0	1.55556
u_payload_ram/U403	0	0.555556
u_payload_ram/PLACE_HFSINV_393_252	0	1.55556
u_payload_ram/U4143	0	1.55556
u_payload_ram/PLACE_HFSBUF_165_601	0	0.555556
u_payload_ram/mem_reg[50][3]	0	1.55556
u_payload_ram/U2460	0	1.49383
u_payload_ram/PLACE_HFSBUF_2054_409	0	0.555556
u_payload_ram/U1522	0	0.555556
u_payload_ram/PLACE_HFSBUF_91_604	0	0.555556
u_payload_ram/U1859	0	2.55556
u_payload_ram/PLACE_HFSBUF_104_418	0	0.555556
u_payload_ram/U2686	0	1.55556
u_payload_ram/mem_reg[67][7]	0	0.555556
u_payload_ram/mem_reg[46][4]	0	1.55556
u_payload_ram/U764	0	1.55556
u_payload_ram/PLACE_HFSBUF_179_1360	0	0.555556
PLACE_optlc_1382	0	0.530864
PLACE_optlc_1375	0	1.55556
u_payload_ram/U799	0	0.555556
u_zp/U117	0	0.555556
u_zp/U211	0	0.555556
u_payload_ram/mem_reg[106][2]	0	0.555556
u_sm_ram_I/mem_reg[14][2]	0	0.555556
u_payload_ram/mem_reg[66][3]	0	0.555556
u_payload_ram/U1263	0	1.55556
u_payload_ram/mem_reg[53][1]	0	0.555556
u_payload_ram/U791	0	1.55556
u_payload_ram/U964	0	0.555556
u_zp/U123	0	0.555556
u_payload_ram/U2685	0	1.54321
u_payload_ram/PLACE_HFSBUF_1488_610	0	1.55556
u_payload_ram/mem_reg[62][1]	0	0.555556
u_zp/U213	0	0.555556
u_payload_ram/U3668	0	2.55556
u_payload_ram/mem_reg[6][6]	0	0.555556
u_payload_ram/mem_reg[55][7]	0	1.55556
u_payload_ram/U437	0	0.555556
u_zp/U196	0	1.55556
u_payload_ram/U930	0	1.55556
u_payload_ram/mem_reg[6][0]	0	1.55556
u_payload_ram/PLACE_HFSBUF_230_1361	0	1.55556
u_zp/U119	0	0.555556
u_payload_ram/U717	0	0.555556
u_zp/U230	0	1.55556
u_payload_ram/mem_reg[96][7]	0	0.555556
u_payload_ram/mem_reg[110][0]	0	1.55556
u_zp/U190	0	1.55556
u_payload_ram/U934	0	1.55556
u_payload_ram/U1421	0	0.555556
u_payload_ram/U1976	0	2.50617
u_zp/U219	0	1.55556
u_payload_ram/mem_reg[108][1]	0	0.555556
u_payload_ram/U933	0	1.55556
u_payload_ram/U948	0	0.555556
u_payload_ram/U3730	0	0.555556
u_payload_ram/U888	0	0.54321
u_payload_ram/mem_reg[104][7]	0	1.55556
u_payload_ram/U2437	0	0.555556
u_payload_ram/U340	0	0.555556
u_payload_ram/U452	0	2.55556
u_payload_ram/mem_reg[37][1]	0	0.555556
u_payload_ram/U932	0	1.55556
u_payload_ram/U911	0	0.555556
u_payload_ram/U765	0	1.55556
u_payload_ram/U3543	0	1.55556
u_payload_ram/U938	0	1.55556
u_payload_ram/U890	0	1.55556
u_payload_ram/U445	0	0.555556
u_payload_ram/U455	0	1.55556
u_payload_ram/U451	0	0.555556
u_payload_ram/mem_reg[37][0]	0	2.55556
u_payload_ram/U2203	0	0.555556
u_payload_ram/PLACE_HFSINV_287_177	0	0.555556
u_payload_ram/U2194	0	1.55556
u_payload_ram/mem_reg[65][6]	0	2.55556
u_payload_ram/mem_reg[107][2]	0	0.555556
u_payload_ram/mem_reg[45][4]	0	0.555556
u_payload_ram/mem_reg[106][7]	0	2.55556
u_zp/U245	0	1.55556
u_payload_ram/U427	0	0.555556
u_payload_ram/PLACE_HFSBUF_507_334	0	0.555556
u_payload_ram/U3552	0	1.55556
u_sm_ram_I/mem_reg[111][0]	0	1.48148
u_payload_ram/U457	0	0.555556
u_payload_ram/PLACE_HFSINV_341_238	0	1.55556
u_zp/U242	0	0.555556
u_payload_ram/U461	0.846154	0.518519
u_zp/U214	0	0.555556
u_payload_ram/mem_reg[48][3]	0	1.55556
u_payload_ram/U467	0	2.55556
u_payload_ram/U3722	0	1.55556
u_payload_ram/U943	0	1.55556
u_payload_ram/PLACE_HFSBUF_1556_623	0	0.555556
u_payload_ram/U800	0	2.55556
u_payload_ram/U339	0	1.55556
u_payload_ram/mem_reg[67][6]	0	0.555556
u_zp/U200	0	0.555556
u_payload_ram/U1420	0	1.55556
u_payload_ram/PLACE_HFSBUF_226_1279	0	0.555556
u_zp/U199	0	1.55556
u_payload_ram/U446	0	2.55556
u_payload_ram/PLACE_HFSINV_439_165	0	0.555556
u_payload_ram/U447	0.461538	0.555556
u_payload_ram/U2512	0	1.55556
u_payload_ram/mem_reg[107][4]	0	0.555556
u_payload_ram/PLACE_HFSBUF_1463_5	0	1.55556
u_payload_ram/U108	0	1.55556
u_payload_ram/PLACE_HFSBUF_340_1249	0	0.555556
u_payload_ram/U3563	0	1.55556
u_payload_ram/PLACE_HFSBUF_1217_1241	0	1.55556
u_zp/U246	0	1.55556
u_payload_ram/U4055	0	0.555556
u_payload_ram/U1003	0.384615	0.555556
u_zp/U244	0	0.555556
u_payload_ram/U2146	0	1.49383
u_payload_ram/U450	0	0.555556
u_payload_ram/mem_reg[45][2]	0	0.555556
u_payload_ram/U712	0	0.555556
u_zp/U207	0	0.555556
u_payload_ram/U441	0	1.55556
u_zp/U243	0	0.555556
u_payload_ram/mem_reg[101][0]	0	0.555556
u_payload_ram/PLACE_HFSINV_331_92	0	0.555556
u_payload_ram/U4216	0	1.55556
u_payload_ram/PLACE_HFSINV_489_248	0	0.555556
u_zp/U111	0	0.555556
u_payload_ram/U2475	0	1.55556
u_payload_ram/U2110	0	0.555556
u_payload_ram/U958	0	1.55556
u_payload_ram/PLACE_HFSINV_367_121	0	1.55556
u_payload_ram/U904	0	0.555556
u_payload_ram/U906	0	1.55556
u_payload_ram/mem_reg[46][6]	0	0.555556
u_payload_ram/U420	0	0.555556
u_payload_ram/U759	0	0.54321
u_payload_ram/U966	0	0.555556
u_payload_ram/U4219	0	0.555556
u_zp/U124	0	0.555556
u_payload_ram/mem_reg[37][3]	0	0.555556
u_payload_ram/U348	0	1.55556
u_payload_ram/U430	0	0.555556
u_payload_ram/U931	0	0.555556
u_payload_ram/U4052	0	0.555556
u_payload_ram/PLACE_HFSINV_443_145	0	1.55556
u_payload_ram/U1252	0	1.55556
u_zp/U87	0	1.55556
u_payload_ram/U1679	0	1.55556
u_payload_ram/U1857	0	1.55556
u_payload_ram/mem_reg[105][4]	0	0.555556
u_payload_ram/mem_reg[119][0]	0	0.555556
u_payload_ram/PLACE_HFSBUF_329_1280	0	1.55556
u_payload_ram/U4121	0	0.555556
u_payload_ram/U422	0	0.555556
u_payload_ram/mem_reg[106][4]	0	0.555556
u_payload_ram/mem_reg[97][0]	0	0.555556
u_payload_ram/mem_reg[104][0]	0	1.55556
u_payload_ram/U1023	0	1.55556
u_payload_ram/U421	0	0.555556
u_payload_ram/U1002	0	0.555556
u_payload_ram/PLACE_HFSBUF_647_11	0	2.55556
u_payload_ram/U1860	0	0.555556
u_payload_ram/U4056	0	0.555556
u_zp/U247	0	0.555556
u_payload_ram/mem_reg[6][1]	0	0.555556
u_zp/U116	0	1.55556
u_payload_ram/U761	0	0.555556
u_payload_ram/mem_reg[62][0]	0	0.555556
u_payload_ram/mem_reg[119][1]	0	0.555556
u_sm_ram_Q/mem_reg[136][2]	0	1.55556
u_payload_ram/mem_reg[73][0]	0	0.555556
u_zp/U122	0	0.555556
u_zp/U179	0	1.54321
u_payload_ram/mem_reg[7][1]	0	0.555556
u_payload_ram/PLACE_HFSBUF_93_1350	0	0.555556
u_payload_ram/U425	0	0.555556
u_payload_ram/U4226	0	0.555556
u_payload_ram/U2473	0	0.555556
u_payload_ram/mem_reg[110][2]	0	0.555556
u_payload_ram/PLACE_HFSBUF_986_21	0	1.55556
u_payload_ram/U1418	0	0.555556
u_payload_ram/U448	0	2.51852
u_payload_ram/mem_reg[73][2]	0	0.555556
u_payload_ram/U935	0	0.555556
u_payload_ram/U3531	0	0.555556
u_payload_ram/PLACE_HFSBUF_406_1248	0	0.555556
u_payload_ram/U347	0	1.55556
u_payload_ram/mem_reg[48][0]	0	0.555556
u_payload_ram/U4126	0	0.555556
u_payload_ram/PLACE_HFSINV_327_250	0	0.555556
u_payload_ram/U1856	0	0.555556
u_payload_ram/U1586	0	2.55556
u_zp/U210	0	1.55556
u_payload_ram/U4069	0	0.555556
u_payload_ram/U2474	0	1.50617
u_payload_ram/PLACE_HFSBUF_336_1317	0	0.555556
u_payload_ram/PLACE_HFSBUF_657_332	0	0.555556
u_payload_ram/U460	0	0.555556
u_payload_ram/U4120	0	0.555556
u_payload_ram/U442	0	1.55556
u_payload_ram/U1858	0	1.55556
u_payload_ram/mem_reg[6][2]	0	0.555556
u_payload_ram/PLACE_HFSBUF_1267_1240	0	1.54321
u_payload_ram/U1677	0	0.555556
u_payload_ram/U929	0	2.55556
u_payload_ram/PLACE_HFSBUF_263_32	0	1.55556
u_zp/U192	0	1.55556
u_zp/o_ram_address_reg[0]	0	0.555556
u_payload_ram/PLACE_HFSBUF_1702_321	0	0.555556
u_payload_ram/PLACE_HFSBUF_352_635	0	1.55556
u_payload_ram/U940	0	1.55556
u_payload_ram/U404	0	2.55556
u_payload_ram/mem_reg[46][7]	0	0.555556
u_payload_ram/U4132	0	1.54321
u_payload_ram/mem_reg[45][7]	0	1.55556
u_payload_ram/PLACE_HFSBUF_1416_3	0	0.555556
u_payload_ram/U4087	0	0.555556
u_payload_ram/mem_reg[65][3]	0	0.555556
u_payload_ram/U3728	0	0.555556
u_payload_ram/U2458	0	0.555556
u_payload_ram/U3575	0	1.55556
u_payload_ram/U3601	0	1.55556
u_payload_ram/U1251	0	2.55556
u_payload_ram/mem_reg[74][0]	0	0.555556
u_payload_ram/mem_reg[7][0]	0	0.555556
u_payload_ram/U4086	0	0.555556
u_payload_ram/U1250	0	1.55556
u_payload_ram/U2246	0	1.49383
u_payload_ram/U3884	0	1.55556
u_zp/U232	0	1.55556
u_payload_ram/mem_reg[98][0]	0	0.555556
u_payload_ram/U2390	0	0.555556
u_zp/U127	0	2.55556
u_zp/U72	0	0.555556
u_payload_ram/U1649	0	0.555556
u_payload_ram/U972	0	1.55556
u_payload_ram/U1480	0	0.555556
u_payload_ram/U438	0	0.555556
u_payload_ram/PLACE_HFSBUF_270_1365	0	1.51852
u_zp_mux/U14	0	1.55556
u_payload_ram/U1521	0	2.55556
u_payload_ram/U449	0	0.555556
u_payload_ram/U429	0	0.555556
u_payload_ram/PLACE_HFSBUF_1310_1304	0	0.555556
u_payload_ram/mem_reg[105][1]	0	0.555556
u_payload_ram/U423	0	0.555556
u_payload_ram/U1650	0	0.555556
u_payload_ram/U426	0	0.555556
u_payload_ram/U3544	0	1.55556
u_payload_ram/mem_reg[111][0]	0	1.48148
u_payload_ram/mem_reg[107][3]	0	2.55556
u_payload_ram/U2190	0	0.555556
u_payload_ram/PLACE_HFSBUF_728_12	0	0.555556
u_zp/U198	0	1.55556
u_payload_ram/U1520	0	1.55556
u_payload_ram/U1260	0	1.55556
u_payload_ram/U2003	0	0.555556
u_payload_ram/U692	0	1.55556
u_payload_ram/U2189	0	0.555556
u_payload_ram/PLACE_HFSBUF_711_333	0	1.55556
u_payload_ram/mem_reg[73][1]	0	0.555556
u_payload_ram/mem_reg[49][3]	0	0.555556
u_zp/U178	0	0.555556
u_payload_ram/U1986	0	0.555556
u_payload_ram/U4061	0	0.555556
u_zp/U187	0	0.530864
u_payload_ram/PLACE_HFSBUF_181_33	0	0.555556
u_payload_ram/mem_reg[118][0]	0	0.555556
u_payload_ram/PLACE_HFSBUF_37_1268	0	0.555556
u_payload_ram/PLACE_HFSBUF_249_1329	0	0.555556
u_payload_ram/U4100	0	0.555556
u_zp/U231	0	1.55556
u_payload_ram/U2654	0	1.55556
u_payload_ram/U2837	0	0.555556
u_payload_ram/U439	0	0.555556
u_payload_ram/U456	0	1.55556
u_payload_ram/U4046	0	0.555556
u_payload_ram/U3638	0	1.55556
u_payload_ram/U1675	0	1.55556
u_payload_ram/PLACE_HFSBUF_207_1328	0	0.555556
u_payload_ram/U1523	0	0.555556
u_payload_ram/U462	0	0.555556
u_payload_ram/mem_reg[98][7]	0	2.55556
u_payload_ram/PLACE_HFSBUF_1531_27	0	0.555556
u_payload_ram/PLACE_HFSBUF_1753_320	0	0.555556
u_payload_ram/U4125	0	0.555556
u_payload_ram/U3612	0	0.555556
u_payload_ram/PLACE_HFSBUF_618_331	0	0.555556
u_payload_ram/mem_reg[44][1]	0	1.55556
u_payload_ram/U406	0	0.555556
u_payload_ram/U440	0	0.555556
u_payload_ram/mem_reg[46][1]	0	0.555556
u_payload_ram/U4051	0	0.555556
u_zp/U233	0	0.555556
u_payload_ram/mem_reg[36][0]	0	0.555556
u_payload_ram/mem_reg[107][6]	0	1.55556
u_payload_ram/PLACE_HFSBUF_46_1351	0	0.555556
u_payload_ram/U4136	0	1.55556
u_payload_ram/U924	0	1.55556
u_payload_ram/U2497	0	1.55556
u_payload_ram/mem_reg[67][1]	0	1.55556
u_payload_ram/PLACE_HFSINV_354_125	0	1.55556
u_payload_ram/mem_reg[96][4]	0	0.555556
u_zp_mux/U19	0	1.55556
u_payload_ram/U950	0.692308	2.55556
u_payload_ram/U2135	0	0.555556
u_payload_ram/mem_reg[47][6]	0	2.55556
u_zp/U118	0	0.555556
u_payload_ram/U3665	0	0.555556
u_zp/U91	0	0.555556
u_payload_ram/mem_reg[108][0]	0	0.555556
u_payload_ram/PLACE_HFSBUF_118_1327	0	0.555556
u_payload_ram/mem_reg[99][7]	0	0.555556
u_payload_ram/mem_reg[109][5]	0	0.555556
u_payload_ram/mem_reg[66][1]	0	1.49383
u_payload_ram/U4128	0.333333	1.55556
u_payload_ram/U4130	0	0.555556
u_payload_ram/U2643	0	0.555556
u_zp/o_ram_address_reg[1]	0	0.555556
u_payload_ram/mem_reg[47][3]	0	0.555556
u_payload_ram/U3799	0	1.55556
u_payload_ram/mem_reg[98][2]	0	0.555556
u_payload_ram/U3536	0	1.55556
u_payload_ram/U484	0	0.555556
u_payload_ram/U3348	0	0.555556
u_zp/U70	0	1.55556
u_payload_ram/U2066	0	0.555556
u_payload_ram/PLACE_HFSBUF_26_959	0	0.518519
u_zp/U88	0	1.55556
u_payload_ram/U464	0	0.555556
u_payload_ram/mem_reg[118][1]	0	0.555556
u_payload_ram/mem_reg[109][6]	0	2.55556
u_payload_ram/mem_reg[74][3]	0	0.555556
u_payload_ram/U1139	0	0.555556
u_payload_ram/PLACE_HFSBUF_112_1275	0	1.55556
u_zp/U71	0	1.55556
u_payload_ram/mem_reg[69][0]	0	0.555556
u_payload_ram/mem_reg[73][4]	0	0.555556
u_payload_ram/mem_reg[97][7]	0.666667	2.55556
u_payload_ram/U525	0	0.555556
u_payload_ram/mem_reg[47][4]	0	0.555556
u_payload_ram/PLACE_HFSBUF_98_1338	0	0.555556
u_payload_ram/mem_reg[69][4]	0	0.555556
u_payload_ram/U243	0	0.555556
u_payload_ram/U710	0	2.55556
u_zp/U208	0	1.55556
u_payload_ram/U1010	0	0.555556
u_payload_ram/mem_reg[111][1]	0	1.55556
u_payload_ram/mem_reg[104][2]	0	0.555556
u_payload_ram/mem_reg[69][1]	0	1.55556
u_payload_ram/mem_reg[72][0]	0	0.555556
u_payload_ram/mem_reg[36][1]	0	0.555556
u_payload_ram/mem_reg[36][2]	0	0.555556
u_payload_ram/mem_reg[36][3]	0	1.55556
u_payload_ram/U412	0	0.555556
PLACE_HFSBUF_5030_f_382	0	1.55556
u_payload_ram/mem_reg[100][0]	0	1.55556
u_sm_ram_I/mem_reg[111][3]	0	1.55556
u_payload_ram/mem_reg[106][5]	0	2.55556
u_payload_ram/U711	0	0.555556
u_payload_ram/U56	0.1875	0.555556
u_payload_ram/mem_reg[44][6]	0	0.555556
u_zp/U51	0	0.555556
u_payload_ram/PLACE_HFSBUF_50_1366	0	0.555556
u_payload_ram/U969	0	0.555556
u_zp/U209	0	1.54321
u_payload_ram/PLACE_HFSINV_207_1286	0	0.555556
u_payload_ram/U435	0	2.55556
u_payload_ram/U1648	0	1.45679
u_payload_ram/U742	0	2.55556
u_payload_ram/U527	0	1.55556
u_payload_ram/mem_reg[75][3]	0	0.555556
u_payload_ram/U453	0	1.55556
u_payload_ram/mem_reg[100][2]	0	2.55556
u_zp/U63	0	1.54321
u_payload_ram/U4192	0	1.54321
u_payload_ram/mem_reg[47][7]	0	1.55556
u_payload_ram/U1464	0	0.555556
u_zp/U11	0	1.55556
u_payload_ram/U515	0	0.555556
u_payload_ram/U3677	0	0.555556
u_payload_ram/U257	0	0.555556
u_payload_ram/U424	0	0.555556
u_payload_ram/mem_reg[68][0]	0	0.555556
u_payload_ram/U4182	0	1.55556
u_payload_ram/mem_reg[101][4]	0	0.555556
u_payload_ram/U2347	0	0.555556
u_zp/U90	0	1.55556
u_zp/U69	0	1.54321
u_payload_ram/mem_reg[41][1]	0	0.555556
u_payload_ram/U411	0	1.48148
u_payload_ram/U434	0	1.55556
u_payload_ram/U414	0	1.55556
u_payload_ram/U2454	0	0.555556
u_zp/U234	0	1.55556
u_payload_ram/U507	0	1.55556
u_payload_ram/U927	0	2.55556
u_payload_ram/PLACE_HFSBUF_30_1292	0	0.555556
u_zp/latched_no_of_zeros_reg[2]	0	1.55556
u_payload_ram/PLACE_HFSBUF_582_1367	0	0.555556
u_payload_ram/U2374	0	1.55556
u_payload_ram/PLACE_HFSBUF_2006_410	0	0.555556
u_zp/add_101/U1	0	0.555556
u_payload_ram/U432	0	1.55556
u_zp/U225	0	0.555556
u_payload_ram/U4091	0	1.55556
u_sm_ram_I/mem_reg[110][2]	0	1.48148
u_payload_ram/U1646	0	0.555556
u_payload_ram/mem_reg[96][3]	0	1.55556
u_zp/U98	0	0.555556
u_payload_ram/PLACE_HFSINV_667_98	0	1.55556
u_payload_ram/PLACE_HFSBUF_1631_624	0	0.555556
u_payload_ram/mem_reg[96][1]	0	1.55556
u_payload_ram/mem_reg[75][0]	0	0.555556
u_payload_ram/mem_reg[97][6]	0.333333	0.555556
u_zp/add_101/U1_1_1	0	0.555556
u_payload_ram/U1091	0	0.555556
u_payload_ram/U1647	0	0.555556
u_zp/U235	0	0.555556
u_payload_ram/PLACE_HFSBUF_303_1250	0	0.555556
u_zp/o_ram_address_reg[2]	0	0.555556
u_payload_ram/U705	0	1.55556
u_payload_ram/U714	0	0.555556
u_payload_ram/mem_reg[98][1]	0	0.555556
u_payload_ram/mem_reg[108][3]	0	0.555556
u_payload_ram/U2235	0	0.555556
u_payload_ram/mem_reg[110][7]	0	0.555556
u_payload_ram/PLACE_HFSBUF_776_414	0	0.555556
u_payload_ram/PLACE_HFSBUF_868_415	0	0.555556
u_payload_ram/U57	0	0.555556
u_payload_ram/U858	0	0.555556
u_payload_ram/mem_reg[104][3]	0	0.54321
u_payload_ram/U1490	0	0.555556
u_payload_ram/U926	0	0.555556
u_payload_ram/PLACE_HFSBUF_463_1318	0	0.555556
u_payload_ram/U2538	0	1.55556
u_payload_ram/U262	0	2.55556
u_payload_ram/U959	0	1.51852
u_payload_ram/mem_reg[108][7]	0	0.555556
u_payload_ram/U1855	0.125	1.55556
u_payload_ram/mem_reg[98][5]	0	0.555556
u_payload_ram/U1945	0.375	1.55556
u_payload_ram/U3679	0	1.55556
u_payload_ram/U709	0	2.55556
u_payload_ram/U2004	0	0.555556
u_payload_ram/PLACE_HFSBUF_295_634	0	0.555556
u_zp/U153	0	0.555556
u_payload_ram/U410	0	0.555556
u_payload_ram/mem_reg[98][6]	0	0.555556
u_zp/PLACE_HFSINV_280_430	0	0.555556
u_payload_ram/U3199	0	0.555556
u_payload_ram/U2000	0	0.555556
u_payload_ram/U428	0	2.55556
u_zp/latched_payload_length_reg[0]	0	0.555556
u_payload_ram/U3196	0	0.555556
u_payload_ram/U419	0	1.55556
u_payload_ram/PLACE_HFSBUF_317_1299	0	0.555556
u_payload_ram/U2232	0	0.555556
u_payload_ram/U925	0	0.555556
u_payload_ram/U945	0	0.555556
u_zp/latched_payload_length_reg[1]	0	2.49383
u_payload_ram/mem_reg[97][5]	0	0.555556
u_payload_ram/PLACE_HFSINV_800_225	0	0.555556
u_payload_ram/mem_reg[72][4]	0	1.55556
u_payload_ram/U942	0	0.555556
u_payload_ram/U3194	0	0.555556
u_zp/U236	0	0.555556
u_payload_ram/U1111	0	0.555556
u_payload_ram/U2191	0	1.55556
u_payload_ram/mem_reg[43][3]	0	1.55556
u_payload_ram/U722	0	0.555556
u_zp_mux/U11	0	1.55556
u_payload_ram/U4168	0	1.55556
u_payload_ram/U1240	0	0.555556
u_payload_ram/U2456	0	1.55556
u_payload_ram/U3315	0	0.555556
u_payload_ram/mem_reg[99][0]	0	0.555556
u_payload_ram/U2419	0	1.55556
u_payload_ram/U2581	0	0.530864
u_payload_ram/mem_reg[78][0]	0	0.555556
u_payload_ram/mem_reg[109][4]	0	0.555556
u_payload_ram/U2669	0	0.555556
u_payload_ram/U697	0	1.55556
u_payload_ram/U3202	0	2.55556
u_payload_ram/mem_reg[100][4]	0	1.55556
u_payload_ram/mem_reg[98][3]	0	1.55556
u_payload_ram/U1853	0.818182	1.55556
u_payload_ram/mem_reg[7][5]	0	0.555556
u_payload_ram/U4194	0	1.55556
u_payload_ram/U4093	0	0.555556
u_zp/U100	0	0.555556
u_payload_ram/mem_reg[74][1]	0	0.555556
u_payload_ram/PLACE_HFSBUF_111_401	0	1.55556
u_payload_ram/U2187	0	0.555556
u_payload_ram/mem_reg[108][4]	0	0.555556
u_sm_ram_I/mem_reg[14][1]	0	1.55556
u_payload_ram/PLACE_HFSINV_437_72	0	0.555556
u_payload_ram/PLACE_HFSINV_665_302	0	1.55556
u_payload_ram/mem_reg[36][4]	0	0.555556
u_payload_ram/U2582	0	1.51852
u_payload_ram/U3678	0	0.555556
u_payload_ram/mem_reg[98][4]	0	1.55556
u_payload_ram/U941	0	1.55556
u_payload_ram/U2002	0	1.54321
u_payload_ram/U2389	0	2.55556
u_payload_ram/U2034	0	0.555556
u_payload_ram/U1177	0	0.555556
u_payload_ram/PLACE_HFSBUF_78_1255	0	1.55556
u_payload_ram/U418	0	1.55556
u_payload_ram/U718	0	0.555556
u_payload_ram/U2452	0	0.555556
u_payload_ram/PLACE_HFSBUF_244_631	0	1.55556
u_payload_ram/U2455	0	1.55556
u_payload_ram/U1261	0	1.55556
u_payload_ram/U750	0	0.555556
u_payload_ram/U3197	0	1.55556
u_payload_ram/mem_reg[104][6]	0.259259	0.555556
u_payload_ram/U3499	0	0.555556
u_payload_ram/mem_reg[45][5]	0	0.555556
u_payload_ram/U3308	0	0.555556
u_payload_ram/U431	0	1.53086
u_payload_ram/U743	0	0.555556
u_payload_ram/U2370	0	2.51852
u_zp/PLACE_HFSBUF_169_311	0	0.555556
u_payload_ram/U2366	0	0.555556
u_payload_ram/U2576	0	1.55556
u_payload_ram/U2217	0	1.55556
u_payload_ram/PLACE_HFSINV_388_306	0	1.55556
u_payload_ram/U3203	0	1.55556
u_zp/add_101/U1_1_2	0	0.555556
u_payload_ram/PLACE_HFSINV_488_292	0	1.55556
u_payload_ram/PLACE_HFSBUF_707_1319	0	0.555556
u_payload_ram/U486	0	1.55556
u_payload_ram/mem_reg[110][6]	0	0.555556
u_payload_ram/U488	0	1.55556
u_payload_ram/mem_reg[111][6]	0	0.555556
u_payload_ram/U746	0	0.555556
u_payload_ram/U2851	0	2.55556
u_payload_ram/U2059	0	0.555556
u_payload_ram/mem_reg[43][5]	0	1.55556
u_payload_ram/U433	0	1.55556
u_payload_ram/U719	0	0.555556
u_payload_ram/PLACE_HFSBUF_1528_615	0	0.555556
u_zp/U68	0	1.55556
u_payload_ram/U3613	0	0.54321
u_payload_ram/U715	0	1.55556
u_payload_ram/U3198	0	0.555556
u_zp/U216	0	0.555556
u_payload_ram/U3305	0	1.55556
u_payload_ram/U3637	0	0.555556
u_payload_ram/mem_reg[111][7]	0	2.55556
u_payload_ram/PLACE_HFSBUF_98_1266	0	1.55556
u_payload_ram/mem_reg[69][2]	0	0.555556
u_payload_ram/U2338	0	0.555556
u_payload_ram/mem_reg[77][1]	0	0.555556
u_payload_ram/U3533	0	1.55556
u_payload_ram/U744	0	1.55556
u_payload_ram/U258	0	2.55556
u_payload_ram/mem_reg[104][5]	0	0.555556
u_payload_ram/U1012	0	0.555556
u_payload_ram/PLACE_HFSBUF_108_1253	0	1.55556
u_payload_ram/U3317	0	1.55556
u_zp/PLACE_HFSINV_934_310	0	0.555556
u_payload_ram/U1021	0	1.51852
u_payload_ram/mem_reg[78][7]	0	0.555556
u_payload_ram/U703	0	0.555556
u_payload_ram/U694	0	1.55556
u_payload_ram/mem_reg[69][3]	0	0.555556
u_payload_ram/U3357	0	0.555556
u_payload_ram/U1335	0.0625	1.55556
u_payload_ram/U1841	0	1.55556
u_zp/U237	0	0.555556
u_payload_ram/U2339	0	1.50617
u_payload_ram/mem_reg[97][3]	0	1.55556
u_zp/latched_payload_length_reg[2]	0	2.55556
u_payload_ram/U701	0	0.555556
u_payload_ram/U949	0	0.555556
u_zp/U104	0	0.555556
u_payload_ram/PLACE_HFSBUF_2174_1285	0	0.555556
u_zp/U226	0	1.55556
u_payload_ram/mem_reg[105][6]	0	1.55556
u_payload_ram/U3306	0	1.55556
u_payload_ram/mem_reg[75][7]	0	0.555556
u_payload_ram/U2414	0	1.54321
u_payload_ram/U2183	0	0.555556
u_payload_ram/PLACE_HFSINV_656_56	0	0.555556
u_payload_ram/mem_reg[45][1]	0	2.55556
u_payload_ram/mem_reg[75][2]	0	0.555556
u_payload_ram/U2133	0	1.55556
u_payload_ram/mem_reg[68][4]	0	0.555556
u_payload_ram/U745	0	0.555556
u_payload_ram/mem_reg[108][5]	0	2.55556
u_payload_ram/U4228	0	0.555556
u_payload_ram/U3302	0	1.55556
u_payload_ram/U3579	0	0.555556
u_payload_ram/U2852	0	0.555556
u_payload_ram/U1172	0	1.55556
u_payload_ram/PLACE_HFSBUF_1056_1310	0	0.555556
u_payload_ram/U2107	0	0.555556
u_payload_ram/PLACE_HFSBUF_147_1345	0	0.555556
u_payload_ram/U1004	0	1.55556
u_payload_ram/mem_reg[72][1]	0	0.555556
u_payload_ram/U3676	0	1.48148
u_payload_ram/U264	0	1.55556
u_payload_ram/U485	0	0.555556
u_zp/latched_payload_length_reg[7]	0	0.555556
u_payload_ram/U3356	0	0.555556
u_payload_ram/U696	0	2.55556
u_payload_ram/U2343	0	0.555556
u_payload_ram/U3500	0	0.555556
u_payload_ram/U3680	0	1.55556
u_payload_ram/U752	0	1.55556
u_payload_ram/U754	0	1.55556
u_zp_mux/U3	0	1.55556
u_payload_ram/U4047	0	0.555556
u_payload_ram/U1288	0	1.55556
u_payload_ram/U2457	0	0.555556
u_payload_ram/U3304	0	0.555556
u_payload_ram/mem_reg[72][5]	0	1.55556
u_payload_ram/U4223	0	0.555556
u_payload_ram/mem_reg[76][4]	0	1.55556
u_zp/U103	0	0.555556
u_payload_ram/U3725	0	0.555556
u_payload_ram/mem_reg[73][5]	0	1.55556
u_zp/U238	0	0.555556
u_zp_mux/PLACE_HFSINV_161_1210	0	1.55556
u_payload_ram/PLACE_HFSBUF_1609_611	0	0.555556
u_payload_ram/U2073	0	0.555556
u_payload_ram/mem_reg[99][5]	0	0.555556
u_zp/U128	0	1.55556
u_payload_ram/U3577	0	1.55556
u_payload_ram/U1835	0	0.506173
u_payload_ram/U1287	0	0.555556
u_payload_ram/U3349	0	0.555556
u_payload_ram/mem_reg[101][3]	0	0.555556
u_payload_ram/mem_reg[68][3]	0	0.555556
u_payload_ram/U2094	0	0.555556
u_payload_ram/U3561	0	0.555556
u_payload_ram/PLACE_HFSINV_379_185	0	0.555556
u_payload_ram/U1141	0	1.55556
u_payload_ram/U1389	0	1.55556
u_payload_ram/U2391	0	0.555556
u_payload_ram/mem_reg[110][3]	0	0.555556
u_payload_ram/U3295	0	0.555556
u_payload_ram/U3545	0	1.55556
u_payload_ram/U1840	0	1.55556
u_payload_ram/U676	0	0.555556
u_payload_ram/U159	0	0.555556
u_payload_ram/mem_reg[63][2]	0	0.555556
u_payload_ram/mem_reg[41][4]	0	0.555556
u_payload_ram/U2429	0	0.555556
u_payload_ram/mem_reg[101][2]	0	0.555556
u_payload_ram/U2399	0	0.555556
u_payload_ram/U683	0	0.555556
u_payload_ram/mem_reg[78][3]	0	0.555556
u_payload_ram/mem_reg[79][3]	0	1.55556
u_payload_ram/PLACE_HFSBUF_165_400	0	0.555556
u_payload_ram/U1112	0	0.54321
u_payload_ram/PLACE_HFSBUF_151_1246	0	0.555556
u_payload_ram/U2731	0	0.555556
u_payload_ram/PLACE_HFSBUF_1601_1284	0	1.55556
u_payload_ram/U3512	0	0.555556
u_payload_ram/U1928	0	1.55556
u_zp/o_ram_address_reg[3]	0	2.55556
u_payload_ram/mem_reg[36][7]	0	0.555556
u_payload_ram/U192	0	0.555556
u_zp/U241	0	1.55556
u_zp/latched_payload_length_reg[3]	0	0.555556
u_payload_ram/U670	0	0.555556
u_payload_ram/U3297	0	1.55556
u_payload_ram/U753	0	1.55556
u_payload_ram/mem_reg[75][6]	0	0.555556
u_zp/U109	0	1.55556
u_payload_ram/PLACE_HFSBUF_217_1276	0	0.555556
u_payload_ram/U4166	0	1.55556
u_payload_ram/PLACE_HFSINV_870_1332	0	1.55556
u_payload_ram/U1486	0	2.55556
u_payload_ram/PLACE_HFSBUF_452_1269	0	0.555556
u_payload_ram/PLACE_HFSBUF_579_1322	0	0.555556
u_payload_ram/U2376	0	2.55556
u_payload_ram/U256	0	0.555556
u_payload_ram/U3201	0	1.55556
u_payload_ram/mem_reg[37][4]	0	2.55556
u_payload_ram/U3610	0	0.555556
u_zp/U7	0	1.55556
u_payload_ram/mem_reg[111][4]	0	1.55556
u_payload_ram/U3681	0	0.555556
u_payload_ram/U4212	0	0.555556
u_payload_ram/U3420	0.125	0.555556
u_payload_ram/U1943	0	0.555556
u_payload_ram/U3726	0	1.55556
u_payload_ram/U140	0	0.555556
u_payload_ram/U2109	0	1.55556
u_payload_ram/U702	0	0.555556
u_payload_ram/U466	0	0.555556
u_payload_ram/U3184	0	0.555556
u_payload_ram/U677	0	1.55556
u_payload_ram/U3338	0	2.55556
u_payload_ram/mem_reg[68][2]	0	0.555556
u_payload_ram/U3639	0	0.555556
u_payload_ram/PLACE_HFSBUF_55_1321	0	0.555556
u_payload_ram/U1473	0	0.555556
u_payload_ram/U259	0	1.55556
u_payload_ram/U407	0	1.51852
u_payload_ram/U3514	0	0.555556
u_payload_ram/mem_reg[41][3]	0	1.55556
u_payload_ram/mem_reg[111][2]	0	0.555556
u_payload_ram/U2031	0	1.55556
u_zp/add_101/U1_1_3	0	0.555556
u_payload_ram/U3358	0	0.555556
u_zp/U156	0	1.55556
u_payload_ram/U3309	0	0.555556
u_payload_ram/U939	0	0.555556
u_payload_ram/U2018	0	0.555556
u_payload_ram/U1991	0	1.55556
u_payload_ram/U2301	0	1.55556
u_payload_ram/PLACE_HFSBUF_1878_1337	0	0.555556
u_payload_ram/mem_reg[97][1]	0	1.55556
u_payload_ram/U3635	0	0.555556
u_payload_ram/U3674	0	1.55556
u_payload_ram/U487	0	0.555556
u_payload_ram/U3347	0	0.555556
u_payload_ram/PLACE_HFSBUF_53_1245	0	0.555556
u_payload_ram/U2314	0	1.55556
u_payload_ram/U4053	0	0.555556
u_payload_ram/U1823	0	1.55556
u_payload_ram/U2096	0	0.555556
u_payload_ram/mem_reg[111][3]	0	0.555556
u_payload_ram/U937	0	1.55556
u_payload_ram/U2085	0	1.55556
u_payload_ram/U1501	0	0.555556
u_payload_ram/U3732	0	0.555556
u_payload_ram/mem_reg[44][5]	0	0.555556
u_payload_ram/U3421	0.272727	0.555556
u_payload_ram/U3727	0	0.555556
u_payload_ram/mem_reg[101][1]	0	0.555556
u_payload_ram/mem_reg[72][3]	0	2.55556
u_payload_ram/U2182	0	0.555556
u_payload_ram/U2635	0	0.555556
u_zp/U67	0	0.54321
u_payload_ram/U2515	0	1.55556
u_payload_ram/U673	0	1.55556
u_payload_ram/U2080	0	1.55556
u_payload_ram/U49	0	0.518519
u_zp/U227	0	0.555556
u_payload_ram/PLACE_HFSINV_228_1043	0	0.555556
u_payload_ram/U2236	0	0.555556
u_payload_ram/PLACE_HFSBUF_241_1225	0	1.55556
u_payload_ram/U4175	0	1.55556
u_payload_ram/PLACE_HFSBUF_805_1341	0	1.55556
u_payload_ram/U3419	0	0.555556
u_payload_ram/U2668	0	0.555556
u_payload_ram/U1834	0	0.555556
u_payload_ram/U628	0	0.555556
u_payload_ram/U1407	0	1.55556
u_payload_ram/mem_reg[80][2]	0	0.555556
u_zp/U239	0	1.55556
u_zp_mux/U16	0	1.55556
u_payload_ram/U700	0	2.55556
u_payload_ram/U4152	0	1.55556
u_payload_ram/PLACE_HFSINV_410_280	0	1.55556
u_payload_ram/mem_reg[100][3]	0	2.55556
u_payload_ram/U3976	0	1.49383
u_payload_ram/U465	0	0.555556
u_payload_ram/U707	0	0.555556
u_payload_ram/U684	0	0.555556
u_payload_ram/U3416	0	0.555556
u_zp_mux/U8	0	0.555556
u_payload_ram/U2105	0	0.555556
u_payload_ram/U704	0	0.555556
u_payload_ram/mem_reg[97][4]	0	0.555556
u_zp/U240	0	0.555556
u_payload_ram/mem_reg[75][1]	0	0.555556
u_payload_ram/PLACE_HFSBUF_55_1044	0	0.555556
u_payload_ram/U679	0	0.555556
u_payload_ram/mem_reg[74][4]	0	3.55556
u_payload_ram/U2137	0	0.555556
u_payload_ram/PLACE_HFSINV_366_181	0	0.530864
u_zp_mux/U22	0	1.55556
u_payload_ram/mem_reg[76][1]	0	1.55556
u_payload_ram/PLACE_HFSBUF_334_1343	0	0.555556
u_payload_ram/mem_reg[76][3]	0	0.555556
u_payload_ram/U1587	0	0.555556
u_payload_ram/U3724	0	0.555556
u_payload_ram/U1370	0	0.555556
u_payload_ram/mem_reg[44][3]	0	1.55556
u_payload_ram/PLACE_HFSBUF_333_15	0	0.555556
u_payload_ram/U3629	0	0.555556
u_payload_ram/U2648	0	0.555556
u_payload_ram/U947	0	1.51852
u_payload_ram/U706	0	1.55556
u_payload_ram/mem_reg[110][4]	0	0.555556
u_payload_ram/U2237	0	0.555556
u_payload_ram/U2084	0	0.555556
u_payload_ram/mem_reg[106][3]	0	0.555556
u_payload_ram/U1040	0	1.55556
u_payload_ram/mem_reg[99][6]	0	0.555556
u_payload_ram/U671	0	0.555556
u_payload_ram/U1015	0	1.55556
u_payload_ram/mem_reg[99][1]	0	0.555556
u_payload_ram/PLACE_HFSINV_1618_1235	0	1.50617
u_zp/latched_payload_length_reg[4]	0.148148	0.555556
u_payload_ram/mem_reg[76][6]	0	0.555556
u_payload_ram/U723	0	0.555556
u_payload_ram/PLACE_HFSBUF_1823_621	0	0.555556
u_payload_ram/U2240	0	0.555556
u_payload_ram/U1424	0	0.555556
u_payload_ram/mem_reg[77][6]	0	0.555556
u_zp/latched_payload_length_reg[6]	0	0.555556
u_payload_ram/PLACE_HFSBUF_1559_1242	0	1.55556
u_zp/U13	0	0.555556
u_payload_ram/U2521	0	0.555556
u_payload_ram/mem_reg[99][4]	0	0.555556
u_payload_ram/U3955	0	1.55556
u_payload_ram/U1019	0	0.555556
u_payload_ram/U2405	0	0.555556
u_zp_mux/U2	0	1.55556
u_payload_ram/U2304	0	0.555556
u_payload_ram/mem_reg[101][7]	0	0.555556
u_payload_ram/U656	0	0.555556
u_payload_ram/U852	0	0.555556
u_payload_ram/U2502	0	0.555556
u_payload_ram/U2552	0	0.555556
u_payload_ram/U4149	0	1.55556
u_payload_ram/PLACE_HFSINV_643_52	0	1.55556
u_payload_ram/U2496	0	0.555556
u_payload_ram/mem_reg[81][2]	0	0.555556
u_payload_ram/U626	0	0.555556
u_payload_ram/mem_reg[97][2]	0	2.55556
u_zp_mux/U7	0	0.555556
u_payload_ram/U416	0	1.55556
u_payload_ram/mem_reg[99][2]	0	2.55556
u_payload_ram/mem_reg[99][3]	0	0.555556
u_payload_ram/mem_reg[78][1]	0	0.555556
u_payload_ram/mem_reg[74][2]	0	0.555556
u_payload_ram/PLACE_HFSINV_134_90	0	1.55556
u_payload_ram/PLACE_HFSBUF_186_337	0	1.55556
u_payload_ram/U749	0	1.55556
u_payload_ram/U3507	0	1.55556
u_payload_ram/U3367	0	1.55556
u_payload_ram/U724	0	0.555556
u_payload_ram/U1567	0	1.54321
u_payload_ram/U971	0	1.55556
u_payload_ram/U665	0	1.55556
u_payload_ram/U2111	0	1.55556
u_payload_ram/mem_reg[72][6]	0	0.555556
u_payload_ram/U3310	0.125	0.555556
u_zp/U105	0	2.55556
u_zp/o_ram_address_reg[6]	0	1.55556
u_payload_ram/U2363	0	0.555556
u_payload_ram/PLACE_HFSBUF_112_1224	0	0.555556
u_payload_ram/PLACE_HFSBUF_1922_209	0	0.555556
u_payload_ram/U708	0	0.555556
u_zp/o_ram_address_reg[5]	0	0.555556
u_payload_ram/PLACE_HFSINV_256_48	0	1.55556
u_payload_ram/U2847	0	0.555556
u_payload_ram/U3714	0.7	0.555556
u_payload_ram/U695	0	0.506173
u_payload_ram/mem_reg[37][7]	0	0.555556
u_payload_ram/mem_reg[81][3]	0	1.55556
u_payload_ram/U3431	0	0.555556
u_payload_ram/U413	0	0.555556
u_zp/add_101/U1_1_4	0	2.55556
u_zp/U215	0	0.555556
u_payload_ram/PLACE_HFSBUF_899_1274	0	0.555556
u_payload_ram/U4137	0	1.55556
u_payload_ram/mem_reg[69][6]	0	0.555556
u_payload_ram/U3733	0	0.555556
u_payload_ram/U2136	0	1.55556
u_payload_ram/U716	0	1.55556
u_payload_ram/mem_reg[77][0]	0	0.555556
u_payload_ram/PLACE_HFSBUF_411_1344	0	1.55556
u_payload_ram/mem_reg[74][5]	0	2.55556
u_payload_ram/mem_reg[100][7]	0	0.555556
u_zp_mux/U17	0	0.555556
u_payload_ram/U2033	0	1.55556
u_payload_ram/mem_reg[45][3]	0	0.555556
u_payload_ram/mem_reg[63][0]	0	0.555556
u_payload_ram/U688	0	1.55556
u_payload_ram/U2819	0	0.555556
u_payload_ram/U4092	0	1.55556
u_payload_ram/U3508	0	1.55556
u_payload_ram/PLACE_HFSINV_713_171	0	0.555556
u_payload_ram/U3608	0	1.55556
u_payload_ram/U3977	0	0.555556
u_payload_ram/PLACE_HFSINV_777_262	0	0.555556
u_payload_ram/U687	0	0.555556
u_payload_ram/mem_reg[74][6]	0	0.555556
u_payload_ram/PLACE_HFSBUF_735_384	0	0.555556
u_payload_ram/PLACE_HFSBUF_41_1221	0	0.555556
u_payload_ram/U3710	0	0.555556
u_payload_ram/mem_reg[80][0]	0	2.55556
u_payload_ram/U3663	0	0.555556
u_payload_ram/U973	0	0.555556
u_payload_ram/U2846	0	1.55556
u_payload_ram/U408	0	1.55556
u_zp/byte_holder_reg[0]	0	1.55556
u_payload_ram/mem_reg[69][7]	0	0.555556
u_payload_ram/U2729	0	0.555556
u_payload_ram/U499	0	0.555556
u_payload_ram/mem_reg[111][5]	0	1.55556
u_zp/U106	0	0.555556
u_payload_ram/mem_reg[80][3]	0	1.55556
u_payload_ram/mem_reg[43][6]	0.777778	1.55556
u_payload_ram/mem_reg[52][0]	0	0.555556
u_payload_ram/U2766	0	0.555556
u_payload_ram/U2717	0	0.555556
u_payload_ram/mem_reg[41][6]	0	0.555556
u_payload_ram/U662	0	0.555556
u_payload_ram/U415	0	1.55556
u_payload_ram/U721	0	0.555556
u_payload_ram/U4071	0	1.55556
u_payload_ram/PLACE_HFSBUF_695_607	0	0.555556
u_payload_ram/U4140	0	1.55556
u_payload_ram/PLACE_HFSBUF_141_1232	0	0.555556
u_payload_ram/U3562	0	0.555556
u_payload_ram/mem_reg[41][5]	0	0.555556
u_payload_ram/mem_reg[76][7]	0	0.555556
u_zp_mux/U13	0	0.555556
u_payload_ram/U4195	0	2.55556
u_payload_ram/PLACE_HFSBUF_133_1129	0	2.55556
u_payload_ram/PLACE_HFSBUF_2582_406	0	1.55556
u_payload_ram/mem_reg[81][0]	0	0.555556
u_zp_mux/U5	0	1.55556
u_payload_ram/U2519	0	1.55556
u_payload_ram/U491	0	0.555556
u_payload_ram/U3675	0	1.55556
u_payload_ram/U669	0	1.55556
u_payload_ram/U2025	0	1.55556
u_payload_ram/mem_reg[75][5]	0	1.55556
u_zp/U9	0	1.55556
u_payload_ram/PLACE_HFSBUF_645_1251	0	0.555556
u_payload_ram/U2424	0	0.555556
u_zp/U66	0	2.55556
u_payload_ram/U1007	0	1.55556
u_payload_ram/U4078	0	0.555556
u_payload_ram/mem_reg[69][5]	0	0.555556
u_payload_ram/mem_reg[93][3]	0	0.555556
u_payload_ram/U748	0	2.55556
u_payload_ram/mem_reg[82][3]	0	0.530864
u_payload_ram/U2253	0	0.555556
u_payload_ram/U3711	0	1.50617
u_payload_ram/PLACE_HFSBUF_374_1300	0	0.555556
u_payload_ram/U2505	0	1.55556
u_payload_ram/U2499	0	0.555556
u_payload_ram/U2520	0	0.555556
u_payload_ram/U698	0	2.55556
u_payload_ram/U3546	0	1.55556
u_payload_ram/U647	0	1.55556
u_payload_ram/U4104	0	0.555556
u_payload_ram/PLACE_HFSBUF_919_201	0	1.55556
u_payload_ram/U409	0	0.555556
u_payload_ram/U783	0	1.55556
u_payload_ram/mem_reg[73][6]	0	0.555556
u_payload_ram/U974	0	1.55556
u_payload_ram/U4077	0	1.55556
u_payload_ram/U2522	0	0.555556
u_payload_ram/mem_reg[40][6]	0	0.555556
u_payload_ram/mem_reg[108][2]	0	1.55556
u_payload_ram/U1011	0	1.55556
u_payload_ram/PLACE_HFSBUF_1253_1298	0	1.55556
u_payload_ram/mem_reg[91][2]	0	0.555556
u_payload_ram/U655	0	0.555556
u_payload_ram/mem_reg[82][2]	0	1.55556
u_zp_mux/U9	0	0.555556
u_payload_ram/mem_reg[83][3]	0	0.555556
u_payload_ram/U747	0	0.555556
u_zp_mux/U6	0	0.555556
u_payload_ram/mem_reg[72][7]	0	0.555556
u_payload_ram/U3550	0	0.555556
u_zp/U65	0	1.55556
u_payload_ram/U3655	0	1.55556
u_payload_ram/U2406	0	0.555556
u_payload_ram/U2583	0	0.555556
u_payload_ram/U675	0	0.555556
u_payload_ram/mem_reg[81][7]	0	0.555556
u_payload_ram/U3566	0	2.55556
u_zp/U108	0	0.555556
u_payload_ram/PLACE_HFSINV_538_139	0	0.555556
u_payload_ram/U678	0	0.555556
u_payload_ram/U3033	0	2.45679
u_payload_ram/U2015	0	0.555556
u_payload_ram/U4063	0	1.50617
u_payload_ram/mem_reg[82][1]	0	0.555556
u_payload_ram/U699	0	1.55556
u_zp/U64	0	0.555556
u_payload_ram/mem_reg[79][0]	0	0.555556
u_payload_ram/PLACE_HFSBUF_46_1220	0	1.55556
u_payload_ram/U489	0	0.555556
u_payload_ram/U2178	0	1.55556
u_payload_ram/U4117	0	0.555556
u_payload_ram/U3002	0	0.555556
u_payload_ram/PLACE_HFSINV_680_88	0	1.55556
u_payload_ram/U4135	0	0.555556
u_payload_ram/U4148	0	0.555556
u_payload_ram/U2739	0	1.55556
u_payload_ram/mem_reg[79][7]	0	2.51852
u_payload_ram/mem_reg[110][5]	0	0.555556
u_payload_ram/U417	0	0.555556
u_zp_mux/U15	0.166667	0.555556
u_payload_ram/mem_reg[79][5]	0	2.55556
u_payload_ram/U405	0	1.55556
u_payload_ram/PLACE_HFSBUF_214_1349	0	0.555556
u_payload_ram/U1969	0	1.55556
u_payload_ram/U681	0	1.55556
u_payload_ram/U3818	0	0.555556
u_zp/U89	0	1.55556
u_zp_mux/U18	0	1.55556
u_payload_ram/U756	0	0.555556
u_payload_ram/mem_reg[92][2]	0	0.555556
u_payload_ram/U2160	0	1.55556
u_payload_ram/U4090	0	1.55556
u_payload_ram/U2215	0	0.555556
u_payload_ram/PLACE_HFSINV_400_189	0	0.555556
u_payload_ram/mem_reg[82][0]	0	0.555556
u_payload_ram/U2578	0	1.55556
u_payload_ram/U1402	0	1.55556
u_payload_ram/U3028	0	0.45679
u_zp/U74	0	0.555556
u_payload_ram/PLACE_HFSBUF_57_1218	0	0.555556
u_payload_ram/mem_reg[93][2]	0	0.555556
u_payload_ram/U1600	0	0.555556
u_payload_ram/U1028	0	0.555556
u_payload_ram/U2524	0	0.555556
u_payload_ram/U3614	0	2.55556
u_payload_ram/U3636	0	0.555556
u_payload_ram/mem_reg[72][2]	0	1.55556
u_payload_ram/U3712	0	1.55556
u_zp/U86	0	1.55556
u_payload_ram/U640	0	1.55556
u_payload_ram/U3493	0	0.555556
u_zp/o_ram_address_reg[4]	0	1.55556
u_payload_ram/U4107	0	0.555556
u_zp/U204	0	1.55556
u_zp_mux/U4	0	1.55556
u_payload_ram/PLACE_HFSBUF_424_217	0	0.555556
u_payload_ram/U4138	0	1.55556
u_payload_ram/mem_reg[105][3]	0	0.555556
u_payload_ram/U246	0	1.55556
u_payload_ram/U3318	0	0.506173
u_payload_ram/U2730	0	0.555556
u_payload_ram/U2165	0	1.55556
u_zp/U107	0	0.555556
u_payload_ram/PLACE_HFSINV_498_1223	0	1.55556
u_zp_mux/U12	0	0.555556
u_payload_ram/mem_reg[91][6]	0	0.555556
u_payload_ram/U771	0	1.55556
u_payload_ram/PLACE_HFSBUF_52_1234	0	1.55556
u_payload_ram/U639	0	2.55556
u_zp_mux/U1	0	1.55556
u_payload_ram/U2503	0	1.55556
u_payload_ram/mem_reg[77][3]	0	2.55556
u_payload_ram/U3491	0	0.555556
u_payload_ram/U490	0.846154	0.555556
u_payload_ram/U653	0	0.555556
u_payload_ram/U2804	0	0.530864
u_payload_ram/U3706	0	0.555556
u_payload_ram/U2468	0	0.555556
u_payload_ram/U720	0	0.555556
u_payload_ram/mem_reg[83][2]	0	0.555556
u_payload_ram/mem_reg[51][3]	0	1.55556
u_payload_ram/U757	0	0.555556
u_payload_ram/PLACE_HFSBUF_1202_6	0	0.469136
u_payload_ram/U3664	0	0.555556
u_zp/latched_no_of_zeros_reg[1]	0	1.55556
u_payload_ram/U1833	0	0.555556
u_payload_ram/U645	0	0.555556
u_payload_ram/mem_reg[85][7]	0	0.555556
u_payload_ram/U637	0	1.55556
u_payload_ram/mem_reg[75][4]	0	2.55556
u_payload_ram/U755	0	0.555556
u_payload_ram/mem_reg[94][1]	0	1.55556
u_payload_ram/U3538	0	0.555556
u_payload_ram/U2118	0	1.55556
u_payload_ram/U319	0	0.555556
u_payload_ram/U4146	0	0.555556
u_payload_ram/U4154	0	0.555556
u_payload_ram/mem_reg[68][5]	0	0.555556
u_payload_ram/U3654	0	0.555556
u_payload_ram/U2579	0	1.55556
u_payload_ram/U2225	0	1.55556
u_payload_ram/PLACE_HFSINV_27_961	0	1.55556
u_payload_ram/U3816	0	0.555556
u_payload_ram/mem_reg[110][1]	0	0.555556
u_payload_ram/U751	0	1.55556
u_payload_ram/U686	0	1.55556
u_payload_ram/U3458	0	0.555556
u_payload_ram/mem_reg[100][5]	0	0.555556
u_payload_ram/mem_reg[89][3]	0	0.555556
u_zp/add_101/U1_1_5	0	0.555556
u_payload_ram/U667	0	0.555556
u_payload_ram/PLACE_HFSBUF_229_17	0	1.55556
u_payload_ram/mem_reg[94][5]	0.666667	1.55556
u_payload_ram/mem_reg[76][5]	0	1.55556
u_payload_ram/U2421	0	0.555556
u_payload_ram/PLACE_HFSBUF_2773_407	0	1.55556
u_payload_ram/U4076	0	0.555556
u_payload_ram/U638	0	1.55556
u_payload_ram/U4116	0	0.555556
u_payload_ram/mem_reg[91][4]	0	0.530864
u_payload_ram/U967	0	1.55556
u_payload_ram/U2574	0	1.55556
u_payload_ram/PLACE_HFSINV_321_179	0	0.555556
u_payload_ram/U1504	0	0.555556
u_payload_ram/U3014	0	1.55556
u_payload_ram/mem_reg[80][4]	0	1.55556
u_payload_ram/mem_reg[41][7]	0	1.55556
u_payload_ram/U2727	0	1.55556
u_payload_ram/U393	0	1.55556
u_payload_ram/mem_reg[68][6]	0	0.555556
u_payload_ram/U32	0	1.55556
u_payload_ram/U631	0	0.555556
u_payload_ram/U4073	0	1.55556
u_payload_ram/U975	0	1.55556
u_payload_ram/PLACE_HFSBUF_1778_620	0	1.55556
u_zp/U82	0	0.555556
u_zp_mux/U10	0	0.555556
u_payload_ram/mem_reg[83][7]	0	0.555556
u_payload_ram/PLACE_HFSINV_326_161	0	0.530864
u_payload_ram/U3609	0	1.55556
u_payload_ram/mem_reg[78][4]	0	1.55556
u_payload_ram/U552	0	0.555556
u_payload_ram/PLACE_HFSBUF_1111_1370	0	1.55556
u_payload_ram/PLACE_HFSINV_394_141	0	0.555556
u_payload_ram/U2467	0	0.555556
u_payload_ram/U2504	0	1.55556
u_payload_ram/U2716	0	0.555556
u_payload_ram/U3013	0	0.555556
u_zp/add_101/U2	0	0.555556
u_payload_ram/mem_reg[68][7]	0	1.55556
u_payload_ram/U2795	0	0.555556
u_payload_ram/U3492	0	0.555556
u_zp/byte_holder_reg[7]	0	0.555556
u_payload_ram/mem_reg[100][6]	0	1.55556
u_payload_ram/U660	0	0.555556
u_zp/latched_payload_length_reg[5]	0	2.54321
u_payload_ram/U568	0	0.555556
u_payload_ram/U4088	0	1.55556
u_payload_ram/U188	0	2.55556
u_payload_ram/U3211	0	1.53086
u_payload_ram/mem_reg[76][2]	0	0.555556
u_payload_ram/U2466	0	0.555556
u_payload_ram/PLACE_HFSBUF_428_1301	0	0.555556
u_payload_ram/U2765	0	0.555556
u_payload_ram/PLACE_HFSBUF_333_1270	0	1.55556
u_payload_ram/mem_reg[40][4]	0	0.555556
u_payload_ram/mem_reg[94][2]	0	0.555556
u_payload_ram/U654	0	1.55556
u_payload_ram/U1431	0	0.555556
u_payload_ram/PLACE_HFSINV_591_64	0	0.555556
u_payload_ram/U680	0	0.555556
u_payload_ram/mem_reg[85][5]	0	0.555556
u_payload_ram/mem_reg[77][2]	0	1.55556
u_payload_ram/U255	0	1.55556
u_payload_ram/mem_reg[82][4]	0	0.555556
u_payload_ram/mem_reg[82][7]	0	0.54321
u_payload_ram/PLACE_HFSINV_2427_1364	0	0.555556
u_payload_ram/U4127	0	0.555556
u_payload_ram/U3557	0	0.555556
u_payload_ram/mem_reg[42][6]	0	0.555556
u_payload_ram/U657	0	0.555556
u_payload_ram/mem_reg[121][6]	0	0.555556
u_payload_ram/U94	0	0.555556
u_payload_ram/U551	0	0.555556
u_payload_ram/U629	0	0.555556
u_payload_ram/U4097	0	0.555556
u_payload_ram/U3016	0	0.555556
u_payload_ram/U4089	0	1.55556
u_payload_ram/mem_reg[68][1]	0	0.555556
u_payload_ram/U1401	0	0.54321
u_payload_ram/mem_reg[81][5]	0	0.555556
u_payload_ram/U979	0	1.55556
u_payload_ram/U646	0	1.55556
u_payload_ram/U3554	0	1.55556
u_payload_ram/mem_reg[79][2]	0	2.55556
u_payload_ram/U685	0	1.55556
u_zp/U83	0	0.555556
u_payload_ram/U2075	0	2.55556
u_payload_ram/mem_reg[109][3]	0	0.555556
u_payload_ram/U2805	0	0.555556
u_payload_ram/mem_reg[78][2]	0.111111	0.555556
u_zp/U73	0	1.55556
u_payload_ram/mem_reg[83][0]	0	0.555556
u_payload_ram/mem_reg[115][3]	0.407407	2.55556
u_payload_ram/U1763	0	0.555556
u_payload_ram/U4220	0	0.555556
u_zp/PLACE_HFSINV_438_82	0	1.55556
u_payload_ram/mem_reg[89][2]	0	0.555556
u_payload_ram/U542	0	1.55556
u_payload_ram/U1794	0	1.55556
u_payload_ram/mem_reg[115][7]	0	0.555556
u_payload_ram/mem_reg[77][5]	0	1.51852
u_payload_ram/U571	0	0.555556
u_payload_ram/PLACE_HFSINV_348_288	0	1.55556
u_payload_ram/U4122	0	1.55556
u_payload_ram/U2764	0	0.555556
u_payload_ram/U632	0	1.55556
u_payload_ram/PLACE_HFSBUF_103_1217	0	0.555556
u_payload_ram/U4197	0	1.55556
u_payload_ram/mem_reg[91][7]	0	0.555556
u_payload_ram/U569	0	0.555556
u_payload_ram/U1962	0	1.55556
u_payload_ram/U652	0	2.55556
u_payload_ram/U3504	0	1.53086
u_payload_ram/U2354	0	0.555556
u_payload_ram/U674	0	0.555556
u_payload_ram/U3952	0	1.55556
u_payload_ram/U3012	0	0.555556
u_payload_ram/mem_reg[93][7]	0	0.555556
u_payload_ram/U3329	0	0.555556
u_payload_ram/mem_reg[80][1]	0	0.555556
u_payload_ram/U4054	0	1.55556
u_payload_ram/U4142	0	0.555556
u_payload_ram/U1027	0	0.555556
u_payload_ram/U2803	0	0.555556
u_payload_ram/U725	0.307692	1.55556
u_payload_ram/mem_reg[91][1]	0	0.555556
u_payload_ram/mem_reg[37][6]	0	0.555556
u_payload_ram/U3569	0	0.555556
u_zp/U84	0	0.555556
u_payload_ram/mem_reg[84][7]	0	1.55556
u_payload_ram/U3008	0	1.51852
u_payload_ram/U2164	0	1.55556
u_zp/byte_holder_reg[2]	0	1.55556
u_payload_ram/U4199	0	0.555556
u_payload_ram/mem_reg[94][7]	0	1.55556
u_payload_ram/U649	0	2.55556
u_payload_ram/U2157	0	1.55556
u_payload_ram/mem_reg[90][1]	0	2.55556
u_payload_ram/mem_reg[32][0]	0	0.555556
u_payload_ram/U682	0	0.555556
u_zp_mux/U23	0	1.55556
u_payload_ram/mem_reg[78][5]	0.666667	1.55556
u_payload_ram/mem_reg[117][5]	0	1.55556
u_zp/U76	0	0.555556
u_payload_ram/U644	0	1.55556
u_payload_ram/U3321	0	2.55556
u_payload_ram/mem_reg[89][6]	0.0740741	1.55556
u_payload_ram/U1609	0	1.55556
u_payload_ram/U1979	0	1.55556
u_payload_ram/U977	0	0.555556
u_payload_ram/mem_reg[88][3]	0	0.555556
u_payload_ram/U614	0	0.555556
u_payload_ram/U554	0.615385	0.555556
u_payload_ram/U2854	0	0.481481
u_payload_ram/U672	0	0.555556
u_payload_ram/U546	0	0.555556
u_payload_ram/mem_reg[116][5]	0	0.555556
u_payload_ram/U630	0	2.55556
u_payload_ram/U572	0.307692	1.55556
u_payload_ram/PLACE_HFSBUF_1772_614	0	0.555556
u_zp_mux/U21	0	0.555556
u_payload_ram/U641	0	1.54321
u_payload_ram/U3658	0	1.55556
u_payload_ram/mem_reg[81][1]	0	2.55556
u_payload_ram/mem_reg[4][6]	0	0.555556
u_payload_ram/U2155	0	1.55556
u_payload_ram/mem_reg[45][6]	0	0.555556
u_payload_ram/U2029	0	0.555556
u_payload_ram/U2810	0	1.55556
u_payload_ram/U4141	0	0.555556
u_payload_ram/mem_reg[92][3]	0	0.555556
u_payload_ram/PLACE_HFSBUF_366_1291	0	1.55556
u_payload_ram/mem_reg[91][5]	0	0.555556
u_payload_ram/mem_reg[80][6]	0	0.555556
u_payload_ram/U556	0	1.55556
u_payload_ram/U2185	0	1.55556
u_payload_ram/mem_reg[49][1]	0	0.555556
u_payload_ram/mem_reg[85][3]	0	0.555556
u_zp/byte_holder_reg[6]	0	1.55556
u_payload_ram/mem_reg[90][2]	0	0.555556
u_payload_ram/PLACE_HFSBUF_101_1247	0	0.555556
u_payload_ram/U543	0.615385	1.55556
u_payload_ram/U666	0	0.555556
u_payload_ram/U636	0	0.555556
u_payload_ram/U642	0	0.555556
u_payload_ram/PLACE_HFSBUF_444_216	0	1.55556
u_payload_ram/PLACE_HFSBUF_308_34	0	1.55556
u_payload_ram/U4230	0	0.555556
u_payload_ram/PLACE_HFSINV_520_80	0	1.55556
u_payload_ram/U659	0	2.55556
u_payload_ram/U2809	0	1.48148
u_payload_ram/mem_reg[88][6]	0	1.55556
u_payload_ram/mem_reg[77][7]	0	0.555556
u_payload_ram/U358	0	0.555556
u_payload_ram/mem_reg[114][5]	0	1.55556
u_payload_ram/mem_reg[83][1]	0	1.55556
u_payload_ram/U1822	0	1.55556
u_payload_ram/U3340	0	1.55556
u_payload_ram/mem_reg[81][4]	0	0.555556
u_payload_ram/PLACE_HFSBUF_1359_2	0	0.555556
u_payload_ram/U664	0	1.55556
u_payload_ram/U3527	0.1875	1.55556
u_payload_ram/PLACE_HFSINV_2642_1278	0	1.55556
u_payload_ram/mem_reg[40][5]	0	0.555556
u_payload_ram/mem_reg[117][3]	0	1.55556
u_payload_ram/PLACE_HFSINV_366_108	0	0.555556
u_payload_ram/U575	0	1.55556
u_payload_ram/U3218	0	1.55556
u_payload_ram/U3682	0	0.555556
u_payload_ram/mem_reg[90][3]	0	2.55556
u_payload_ram/U1708	0	1.55556
u_payload_ram/U4044	0	1.55556
u_payload_ram/U517	0	1.55556
u_payload_ram/PLACE_HFSBUF_721_1369	0	0.555556
u_zp/U75	0	2.55556
u_payload_ram/U616	0	1.55556
u_payload_ram/mem_reg[92][7]	0	0.555556
u_payload_ram/mem_reg[79][4]	0	0.555556
u_payload_ram/U3319	0	1.55556
u_zp/U85	0	2.55556
u_payload_ram/mem_reg[82][5]	0	0.555556
u_payload_ram/mem_reg[82][6]	0	0.54321
u_payload_ram/PLACE_HFSBUF_1909_322	0	1.55556
u_payload_ram/U533	0	0.555556
u_payload_ram/PLACE_HFSBUF_633_1262	0	0.555556
u_payload_ram/U2683	0.25	2.55556
u_payload_ram/U580	0	1.55556
u_payload_ram/U2450	0	0.555556
u_payload_ram/U591	0	0.555556
u_payload_ram/PLACE_HFSBUF_100_1219	0	1.55556
u_payload_ram/U668	0	2.55556
u_payload_ram/U4041	0	1.55556
u_payload_ram/U1006	0	1.55556
u_payload_ram/mem_reg[94][4]	0	0.555556
u_payload_ram/U3880	0	0.555556
u_payload_ram/U3696	0	1.55556
u_payload_ram/U663	0	0.555556
u_payload_ram/U3592	0	2.55556
u_payload_ram/U559	0	1.55556
u_payload_ram/mem_reg[47][1]	0	1.55556
u_payload_ram/U650	0	0.555556
u_payload_ram/PLACE_HFSBUF_213_602	0	0.555556
u_zp/U80	0	0.555556
u_payload_ram/U1868	0	1.54321
u_payload_ram/U1001	0	1.55556
u_payload_ram/U592	0	0.555556
u_payload_ram/U3314	0	2.55556
u_payload_ram/mem_reg[104][4]	0	0.555556
u_payload_ram/PLACE_HFSINV_302_112	0	0.555556
u_payload_ram/mem_reg[116][6]	0	1.51852
u_payload_ram/U1926	0	1.55556
u_payload_ram/PLACE_HFSINV_825_227	0	0.555556
u_payload_ram/U3666	0	0.555556
u_payload_ram/mem_reg[90][7]	0	0.555556
u_payload_ram/mem_reg[127][5]	0	1.55556
u_payload_ram/U2422	0	0.555556
u_zp/U78	0	1.55556
u_payload_ram/mem_reg[19][4]	0	1.55556
u_payload_ram/mem_reg[93][4]	0	0.555556
u_payload_ram/U595	0	1.55556
u_payload_ram/U2201	0	0.555556
u_payload_ram/U570	0	1.55556
u_payload_ram/U566	0	1.55556
u_payload_ram/U4085	0	1.55556
u_payload_ram/U4150	0	1.55556
u_payload_ram/U3336	0	1.55556
u_payload_ram/U2076	0	0.555556
u_payload_ram/mem_reg[88][2]	0	2.55556
u_payload_ram/U633	0	0.555556
u_payload_ram/U2377	0	1.55556
u_payload_ram/mem_reg[108][6]	0	0.555556
u_payload_ram/U1450	0	0.555556
u_payload_ram/mem_reg[93][0]	0	1.55556
u_payload_ram/U2352	0	0.555556
u_payload_ram/U2682	0	2.51852
u_payload_ram/U587	0	1.55556
u_payload_ram/U634	0	0.555556
u_payload_ram/U4193	0	1.55556
u_payload_ram/U643	0	1.55556
u_payload_ram/U3626	0	0.555556
u_payload_ram/U368	0	0.555556
u_payload_ram/PLACE_HFSINV_419_175	0	1.55556
u_payload_ram/U651	0	0.555556
u_payload_ram/U376	0	0.555556
u_payload_ram/U2074	0	0.555556
u_payload_ram/mem_reg[115][2]	0	0.555556
u_payload_ram/U635	0	0.555556
u_payload_ram/U1927	0	1.55556
u_payload_ram/mem_reg[79][6]	0	0.555556
u_payload_ram/U2356	0	0.555556
u_payload_ram/U2313	0	0.555556
u_zp/U77	0	1.55556
u_payload_ram/U619	0	0.555556
u_payload_ram/mem_reg[81][6]	0	0.555556
u_payload_ram/PLACE_HFSINV_280_46	0	0.555556
u_payload_ram/U3334	0	0.555556
u_payload_ram/U2387	0	2.55556
u_payload_ram/U3597	0	1.55556
u_payload_ram/mem_reg[114][2]	0	0.555556
u_payload_ram/mem_reg[113][5]	0	1.55556
u_payload_ram/mem_reg[113][3]	0	1.55556
u_payload_ram/mem_reg[47][5]	0	0.555556
u_payload_ram/U576	0	1.55556
u_payload_ram/U560	0	0.555556
u_payload_ram/U1161	0	1.54321
u_zp/byte_holder_reg[1]	0	1.55556
u_payload_ram/U2463	0	1.55556
u_payload_ram/mem_reg[94][6]	0	2.55556
u_payload_ram/mem_reg[124][4]	0	0.555556
u_payload_ram/U2379	0	1.55556
u_payload_ram/U3662	0	0.555556
u_payload_ram/U3553	0	1.55556
u_payload_ram/U2184	0	0.555556
u_payload_ram/U2462	0	0.555556
u_payload_ram/mem_reg[125][5]	0	2.54321
u_payload_ram/mem_reg[100][1]	0	0.555556
u_payload_ram/U3701	0	1.55556
u_payload_ram/U2722	0	0.555556
u_payload_ram/U658	0	0.555556
u_payload_ram/U4038	0	0.54321
u_payload_ram/mem_reg[114][7]	0	1.55556
u_payload_ram/PLACE_HFSBUF_143_1045	0	0.555556
u_payload_ram/U3697	0	1.55556
u_payload_ram/U577	0	0.555556
u_payload_ram/PLACE_HFSBUF_622_1326	0	0.555556
u_zp/U81	0	2.55556
u_payload_ram/mem_reg[113][2]	0	0.555556
u_payload_ram/U548	0	1.55556
u_payload_ram/PLACE_HFSBUF_560_1348	0	1.55556
u_payload_ram/mem_reg[33][6]	0	0.555556
u_payload_ram/mem_reg[85][1]	0	0.555556
u_payload_ram/U1036	0	1.55556
u_payload_ram/U4062	0	1.55556
u_payload_ram/U3652	0	0.555556
u_payload_ram/U252	0	0.555556
u_payload_ram/U3350	0	1.55556
u_payload_ram/U4098	0	0.555556
u_payload_ram/U564	0	0.555556
u_payload_ram/U624	0	2.55556
u_payload_ram/U3623	0	0.555556
u_payload_ram/U3335	0	1.53086
u_payload_ram/U1590	0	0.530864
u_payload_ram/U3705	0	0.555556
u_payload_ram/U4198	0	0.555556
u_payload_ram/U3864	0	0.555556
u_payload_ram/U3208	0	0.555556
u_zp/U79	0	0.555556
u_payload_ram/U1005	0	0.555556
u_payload_ram/mem_reg[125][3]	0	2.55556
u_payload_ram/mem_reg[33][4]	0	2.55556
u_payload_ram/U3622	0	0.555556
u_payload_ram/U254	0	0.555556
u_payload_ram/U381	0	2.55556
u_payload_ram/PLACE_HFSINV_655_343	0	1.54321
u_payload_ram/PLACE_HFSBUF_145_1309	0	0.555556
u_payload_ram/mem_reg[127][6]	0	0.555556
u_payload_ram/mem_reg[116][7]	0	0.555556
u_payload_ram/PLACE_HFSBUF_1660_612	0	1.55556
u_zp/byte_holder_reg[5]	0	0.555556
u_payload_ram/U370	0	0.493827
u_payload_ram/mem_reg[32][6]	0	0.555556
u_payload_ram/mem_reg[89][5]	0	0.555556
u_payload_ram/U2012	0.25	1.55556
u_payload_ram/U125	0	1.55556
u_payload_ram/U579	0	0.555556
u_payload_ram/U3339	0	0.555556
u_payload_ram/mem_reg[89][0]	0	0.555556
u_payload_ram/mem_reg[85][6]	0	2.55556
u_payload_ram/mem_reg[93][1]	0	0.555556
u_payload_ram/mem_reg[90][0]	0	0.555556
u_payload_ram/PLACE_HFSBUF_149_962	0	2.55556
u_payload_ram/U2465	0	0.555556
u_payload_ram/U1975	0	0.555556
u_payload_ram/U553	0	0.555556
u_payload_ram/U585	0	0.555556
u_payload_ram/PLACE_HFSINV_932_1330	0	0.555556
u_payload_ram/U2464	0	2.55556
u_payload_ram/U544	0	0.555556
u_payload_ram/U2432	0	0.54321
u_payload_ram/U3885	0	0.555556
u_payload_ram/PLACE_HFSINV_527_110	0	1.55556
u_payload_ram/mem_reg[116][3]	0	1.55556
u_payload_ram/U562	0	0.555556
u_payload_ram/mem_reg[92][5]	0	0.555556
u_payload_ram/U578	0	0.555556
u_payload_ram/mem_reg[83][4]	0	0.555556
u_payload_ram/PLACE_HFSINV_343_286	0	0.555556
u_payload_ram/U2442	0	0.555556
u_payload_ram/PLACE_HFSBUF_1020_1333	0	0.555556
u_payload_ram/mem_reg[80][5]	0	0.555556
u_payload_ram/mem_reg[74][7]	0	0.555556
u_payload_ram/U369	0	2.55556
u_payload_ram/U545	0	0.555556
u_payload_ram/mem_reg[90][4]	0	0.555556
u_payload_ram/mem_reg[89][7]	0	0.555556
u_payload_ram/PLACE_HFSBUF_1967_210	0	0.555556
u_payload_ram/PLACE_HFSINV_329_123	0	0.555556
u_payload_ram/mem_reg[79][1]	0	0.555556
u_payload_ram/mem_reg[16][4]	0	1.55556
u_payload_ram/U253	0.25	0.555556
u_payload_ram/U1768	0	0.555556
u_payload_ram/mem_reg[89][1]	0	0.555556
u_zp/U180	0	0.555556
u_payload_ram/U3518	0	2.55556
u_payload_ram/mem_reg[94][0]	0	2.55556
u_payload_ram/U3393	0	0.555556
u_payload_ram/mem_reg[88][4]	0	0.530864
u_zp/byte_holder_reg[4]	0	1.55556
u_payload_ram/mem_reg[83][6]	0	0.555556
u_payload_ram/U2095	0	1.55556
u_payload_ram/U2694	0	2.55556
u_payload_ram/U303	0	1.55556
u_payload_ram/U2555	0	0.555556
u_payload_ram/U4139	0	0.555556
u_payload_ram/mem_reg[90][5]	0	2.55556
u_zp/U132	0	0.555556
u_payload_ram/PLACE_HFSINV_879_1237	0	0.555556
u_payload_ram/mem_reg[32][4]	0	1.55556
u_payload_ram/mem_reg[83][5]	0	2.55556
u_payload_ram/U1014	0	0.555556
u_payload_ram/U1608	0	1.55556
u_payload_ram/U728	0	1.55556
u_payload_ram/U3394	0	0.555556
u_payload_ram/U3216	0	0.555556
u_payload_ram/U3206	0	0.555556
u_payload_ram/U2402	0	1.55556
u_payload_ram/PLACE_HFSBUF_779_1308	0	0.54321
u_payload_ram/U1013	0	1.55556
u_payload_ram/U3986	0	0.555556
u_payload_ram/U382	0	0.555556
u_payload_ram/U565	0	0.555556
u_payload_ram/U3624	0	1.55556
u_payload_ram/U530	0	1.55556
u_payload_ram/U549	0	2.55556
u_payload_ram/U550	0	1.55556
u_payload_ram/U373	0	0.555556
u_payload_ram/PLACE_HFSINV_35_842	0	1.55556
u_payload_ram/mem_reg[91][3]	0	0.555556
u_payload_ram/mem_reg[90][6]	0	2.55556
u_payload_ram/PLACE_HFSBUF_233_338	0	1.55556
u_payload_ram/U2116	0	0.555556
u_payload_ram/U3210	0	1.55556
u_zp/U169	0	0.555556
u_payload_ram/mem_reg[9][3]	0	0.555556
u_payload_ram/mem_reg[127][4]	0	2.55556
u_payload_ram/U2166	0	1.55556
u_payload_ram/U586	0	1.55556
u_payload_ram/U4160	0	0.555556
u_payload_ram/U280	0	2.53086
u_payload_ram/mem_reg[78][6]	0	1.55556
u_payload_ram/mem_reg[32][7]	0	1.55556
u_payload_ram/mem_reg[37][5]	0	0.555556
u_payload_ram/U3537	0	0.555556
u_payload_ram/U693	0	1.51852
u_payload_ram/U2226	0	1.55556
u_payload_ram/U3657	0	0.555556
u_payload_ram/U390	0	0.555556
u_payload_ram/U3214	0	0.555556
u_payload_ram/U1778	0	2.55556
u_zp/byte_holder_reg[3]	0	1.55556
u_payload_ram/U547	0	0.555556
u_zp/U182	0	0.555556
u_payload_ram/U588	0	1.55556
u_payload_ram/U4245	0	1.55556
u_payload_ram/U541	0	0.555556
u_payload_ram/mem_reg[36][6]	0	0.555556
u_payload_ram/U3219	0	0.555556
u_payload_ram/U3568	0	1.55556
u_payload_ram/U3660	0	0.555556
u_payload_ram/U555	0	1.55556
u_zp/U58	0	0.555556
u_payload_ram/PLACE_HFSBUF_879_202	0	1.55556
u_payload_ram/U295	0	1.55556
u_payload_ram/U3281	0	1.55556
u_payload_ram/U296	0	1.55556
u_payload_ram/mem_reg[114][3]	0	0.555556
u_payload_ram/U4231	0	1.55556
u_payload_ram/PLACE_HFSBUF_1817_613	0	1.55556
u_payload_ram/U1020	0	0.555556
u_payload_ram/U4070	0	1.55556
u_payload_ram/U617	0	0.555556
u_payload_ram/U2216	0	1.55556
u_payload_ram/U281	0	0.555556
u_payload_ram/U2501	0	0.555556
u_payload_ram/mem_reg[125][6]	0	1.55556
u_payload_ram/U389	0	0.555556
u_payload_ram/U1038	0	1.55556
u_payload_ram/PLACE_HFSINV_461_50	0	1.55556
u_payload_ram/PLACE_HFSBUF_394_1273	0	1.55556
u_payload_ram/U3521	0	0.555556
u_payload_ram/U2461	0	0.555556
u_payload_ram/U3313	0	1.55556
u_payload_ram/PLACE_HFSINV_386_1287	0	0.555556
u_payload_ram/U563	0	1.55556
u_payload_ram/U1046	0	1.50617
u_payload_ram/mem_reg[114][6]	0	0.555556
u_payload_ram/U2367	0	0.555556
u_payload_ram/U3596	0	1.55556
u_payload_ram/U2167	0	0.555556
u_payload_ram/PLACE_HFSINV_491_173	0	1.55556
u_zp/U181	0	1.55556
u_payload_ram/mem_reg[36][5]	0	2.55556
u_payload_ram/U1047	0	1.55556
u_payload_ram/U590	0	1.55556
u_payload_ram/mem_reg[116][4]	0	0.555556
u_payload_ram/U2169	0	0.555556
u_payload_ram/U3204	0	0.555556
u_payload_ram/U377	0	0.555556
u_payload_ram/U2372	0	0.555556
u_payload_ram/mem_reg[121][1]	0	0.555556
u_payload_ram/PLACE_HFSINV_352_187	0	1.55556
u_zp/U39	0	1.51852
u_payload_ram/mem_reg[85][4]	0	0.555556
u_payload_ram/U589	0	0.555556
u_payload_ram/mem_reg[92][6]	0	1.55556
u_payload_ram/PLACE_HFSBUF_685_1323	0	1.55556
u_payload_ram/mem_reg[127][1]	0	1.55556
u_payload_ram/U3698	0	2.55556
u_payload_ram/U4247	0	0.555556
u_payload_ram/PLACE_HFSBUF_821_1315	0	1.55556
u_payload_ram/U3539	0	0.555556
u_payload_ram/U558	0	0.555556
u_payload_ram/mem_reg[88][5]	0	0.555556
u_payload_ram/U593	0	1.55556
u_payload_ram/PLACE_HFSBUF_87_1342	0	0.555556
u_payload_ram/U3205	0	0.555556
u_payload_ram/PLACE_HFSINV_330_96	0	1.55556
u_payload_ram/U3217	0	1.55556
u_payload_ram/mem_reg[114][0]	0	1.55556
u_payload_ram/mem_reg[88][0]	0	0.555556
u_payload_ram/U536	0	0.555556
u_payload_ram/U1978	0	2.50617
u_payload_ram/mem_reg[124][3]	0	0.555556
u_payload_ram/mem_reg[120][7]	0	0.555556
u_payload_ram/mem_reg[95][1]	0	1.55556
u_payload_ram/U3207	0	0.555556
u_payload_ram/mem_reg[88][1]	0	1.55556
u_payload_ram/PLACE_HFSINV_3657_412	0	0.555556
u_payload_ram/mem_reg[93][6]	0	1.55556
u_payload_ram/PLACE_HFSINV_2680_1312	0	1.55556
u_payload_ram/U171	0	0.555556
u_payload_ram/mem_reg[121][5]	0	1.55556
u_payload_ram/PLACE_HFSBUF_1798_208	0	1.55556
u_payload_ram/mem_reg[113][6]	0	0.555556
u_payload_ram/PLACE_HFSBUF_1654_1316	0	1.55556
u_payload_ram/mem_reg[113][7]	0	0.555556
u_payload_ram/U3323	0.0625	0.555556
u_payload_ram/U567	0	0.555556
u_payload_ram/PLACE_HFSINV_1573_1331	0	0.555556
u_payload_ram/U557	0	0.555556
u_payload_ram/mem_reg[114][1]	0	1.55556
u_payload_ram/mem_reg[121][7]	0.888889	1.55556
u_payload_ram/PLACE_HFSINV_287_294	0	0.555556
u_payload_ram/mem_reg[84][5]	0	0.555556
u_payload_ram/U3280	0	0.555556
u_payload_ram/U2188	0	0.555556
u_payload_ram/mem_reg[32][3]	0	1.55556
u_payload_ram/PLACE_HFSINV_380_234	0	1.55556
u_payload_ram/U3656	0	0.555556
u_payload_ram/U596	0	0.555556
u_payload_ram/mem_reg[121][3]	0	1.55556
u_zp/U270	0	1.54321
u_payload_ram/U279	0	1.55556
u_payload_ram/U561	0	0.555556
u_payload_ram/PLACE_HFSINV_1366_638	0	0.555556
u_payload_ram/U3598	0	0.555556
u_payload_ram/U3653	0	0.555556
u_payload_ram/U1966	0	1.55556
u_payload_ram/U2724	0	0.555556
u_payload_ram/PLACE_HFSBUF_993_1368	0	0.555556
u_payload_ram/U3708	0.857143	0.555556
u_payload_ram/mem_reg[95][2]	0	0.555556
u_payload_ram/mem_reg[122][5]	0	1.55556
u_payload_ram/PLACE_HFSBUF_1390_392	0	0.555556
u_zp/U250	0	0.555556
u_payload_ram/mem_reg[92][1]	0	0.555556
u_payload_ram/U3303	0	0.518519
u_payload_ram/U3212	0	0.555556
u_payload_ram/mem_reg[122][3]	0	0.555556
u_payload_ram/U297	0	0.555556
u_payload_ram/U4202	0	0.555556
u_payload_ram/U2224	0	1.55556
u_zp/U249	0	0.555556
u_payload_ram/mem_reg[115][6]	0	0.555556
u_payload_ram/U535	0	1.55556
u_payload_ram/PLACE_HFSBUF_1144_394	0	0.555556
u_payload_ram/U2027	0	1.55556
u_zp/U101	0	0.506173
u_payload_ram/PLACE_HFSBUF_220_1238	0	1.55556
u_payload_ram/mem_reg[35][6]	0	0.555556
u_payload_ram/mem_reg[85][2]	0	1.55556
u_payload_ram/U3881	0	0.555556
u_payload_ram/mem_reg[88][7]	0	0.555556
u_payload_ram/U326	0	0.555556
u_payload_ram/PLACE_HFSBUF_1371_207	0	0.555556
u_payload_ram/mem_reg[85][0]	0	2.55556
u_zp/U271	0	1.54321
u_payload_ram/PLACE_HFSINV_639_230	0	0.555556
u_payload_ram/PLACE_HFSBUF_226_843	0	0.555556
u_payload_ram/U3276	0	1.55556
u_payload_ram/PLACE_HFSBUF_1364_616	0	0.555556
u_payload_ram/PLACE_HFSBUF_808_628	0	0.555556
u_payload_ram/U1734	0	0.555556
u_payload_ram/PLACE_HFSINV_328_345	0	1.55556
u_payload_ram/PLACE_HFSBUF_120_1231	0	0.555556
u_payload_ram/U379	0	1.51852
u_payload_ram/U294	0	2.55556
u_payload_ram/PLACE_HFSBUF_354_413	0	0.555556
u_payload_ram/U2016	0	0.506173
u_payload_ram/PLACE_HFSBUF_531_417	0	1.55556
u_payload_ram/mem_reg[95][6]	0	1.55556
u_zp/U28	0	1.55556
u_payload_ram/PLACE_HFSINV_457_135	0	1.55556
u_payload_ram/U2067	0	0.555556
u_payload_ram/U1043	0	1.50617
u_payload_ram/mem_reg[95][0]	0	0.555556
u_payload_ram/mem_reg[34][6]	0	0.555556
u_payload_ram/U2117	0	0.555556
u_payload_ram/U302	0	0.555556
u_payload_ram/U534	0	1.55556
u_payload_ram/U1562	0	0.555556
u_payload_ram/mem_reg[117][4]	0	0.555556
u_payload_ram/U2511	0	2.55556
u_payload_ram/U1035	0	0.555556
u_payload_ram/mem_reg[92][0]	0	0.555556
u_payload_ram/PLACE_HFSBUF_1310_203	0	0.555556
u_payload_ram/PLACE_HFSBUF_924_630	0	1.55556
u_payload_ram/U4258	0	1.55556
u_payload_ram/U1044	0	1.55556
u_payload_ram/mem_reg[124][6]	0	0.555556
u_payload_ram/PLACE_HFSBUF_1319_617	0	1.55556
u_payload_ram/PLACE_HFSBUF_622_1281	0	0.555556
u_payload_ram/U3102	0	0.555556
u_payload_ram/U2168	0	0.555556
u_zp/U251	0	0.555556
u_payload_ram/mem_reg[92][4]	0	2.55556
u_payload_ram/U2233	0	2.55556
u_payload_ram/U4176	0	0.555556
u_payload_ram/mem_reg[84][4]	0	0.555556
u_payload_ram/PLACE_HFSBUF_2488_408	0	1.55556
u_payload_ram/U3699	0	0.555556
u_payload_ram/mem_reg[34][1]	0	0.555556
u_payload_ram/U3740	0	1.55556
u_payload_ram/PLACE_HFSBUF_439_1254	0	0.555556
u_zp/U21	0	1.55556
u_payload_ram/PLACE_HFSINV_1708_422	0	1.55556
u_payload_ram/U367	0	0.555556
u_zp/U265	0	1.55556
u_payload_ram/U278	0	1.55556
u_payload_ram/mem_reg[32][1]	0	0.555556
u_payload_ram/mem_reg[127][3]	0	0.555556
u_payload_ram/mem_reg[84][1]	0	0.555556
u_payload_ram/U3865	0	0.555556
u_payload_ram/mem_reg[124][5]	0	2.55556
u_payload_ram/mem_reg[84][2]	0	2.53086
u_payload_ram/PLACE_HFSINV_602_74	0	1.55556
u_payload_ram/U4235	0	0.555556
u_payload_ram/U856	0	1.55556
u_payload_ram/U3278	0	1.55556
u_payload_ram/U305	0	1.55556
u_payload_ram/U276	0	0.54321
u_payload_ram/U3344	0	0.555556
u_payload_ram/PLACE_HFSBUF_281_603	0	0.555556
u_payload_ram/U2362	0	0.555556
u_payload_ram/U375	0	1.55556
u_payload_ram/mem_reg[33][1]	0	2.55556
u_payload_ram/PLACE_HFSBUF_1912_31	0	0.555556
u_payload_ram/U3713	0	0.555556
u_payload_ram/mem_reg[125][7]	0	2.55556
u_payload_ram/PLACE_HFSBUF_850_1296	0	0.555556
u_zp/U155	0	1.55556
u_payload_ram/mem_reg[115][4]	0	0.555556
u_zp/U32	0	1.55556
u_payload_ram/mem_reg[120][3]	0	0.555556
u_payload_ram/U4214	0.25	0.506173
u_payload_ram/mem_reg[112][7]	0	0.555556
u_payload_ram/mem_reg[114][4]	0	1.55556
u_payload_ram/PLACE_HFSBUF_1880_626	0	0.555556
u_payload_ram/PLACE_HFSBUF_30_421	0	0.555556
u_payload_ram/mem_reg[33][7]	0	0.555556
u_payload_ram/U380	0	2.55556
u_payload_ram/mem_reg[80][7]	0	0.555556
u_payload_ram/U2026	0	1.55556
u_payload_ram/mem_reg[113][0]	0	0.555556
u_payload_ram/U2022	0	0.555556
u_payload_ram/mem_reg[95][5]	0	0.555556
u_payload_ram/U3704	0	0.555556
u_payload_ram/PLACE_HFSBUF_1086_393	0	0.555556
u_payload_ram/mem_reg[84][0]	0	0.555556
u_payload_ram/U372	0	0.555556
u_payload_ram/PLACE_HFSBUF_2426_405	0	0.555556
u_payload_ram/mem_reg[95][4]	0	2.55556
u_payload_ram/mem_reg[124][7]	0	0.555556
u_payload_ram/U4068	0	0.555556
u_payload_ram/U615	0	1.55556
u_payload_ram/U2604	0	0.555556
u_payload_ram/mem_reg[126][5]	0	1.55556
u_payload_ram/mem_reg[33][5]	0	2.55556
u_payload_ram/PLACE_HFSBUF_866_629	0	0.555556
u_payload_ram/U3866	0	0.555556
u_payload_ram/U3771	0	0.555556
u_payload_ram/U334	0	2.55556
u_payload_ram/U330	0	0.555556
u_payload_ram/U4159	0	0.555556
u_payload_ram/U3517	0	2.55556
u_payload_ram/mem_reg[32][5]	0	0.555556
u_zp/U267	0	0.555556
u_payload_ram/mem_reg[29][7]	0	1.55556
u_payload_ram/mem_reg[126][2]	0	0.555556
u_payload_ram/U2412	0	0.555556
u_payload_ram/U338	0	1.55556
u_payload_ram/mem_reg[116][1]	0	0.555556
u_payload_ram/U3861	0	1.55556
u_payload_ram/mem_reg[123][5]	0	1.55556
u_payload_ram/PLACE_HFSINV_362_260	0	0.555556
u_payload_ram/mem_reg[27][0]	0	0.555556
u_payload_ram/PLACE_HFSBUF_1434_625	0	0.555556
u_payload_ram/U2119	0	2.55556
u_payload_ram/mem_reg[29][0]	0	1.55556
u_payload_ram/U3324	0	0.555556
u_payload_ram/U2411	0	0.555556
u_payload_ram/U4225	0.384615	0.555556
u_payload_ram/mem_reg[35][4]	0	0.555556
u_zp/U15	0	1.55556
u_payload_ram/PLACE_HFSBUF_1297_636	0	0.555556
u_payload_ram/U371	0	1.55556
u_payload_ram/U2835	0	0.555556
u_payload_ram/PLACE_HFSBUF_1868_404	0	0.555556
u_payload_ram/U540	0	1.55556
u_payload_ram/mem_reg[35][1]	0	0.555556
u_payload_ram/U2170	0	1.55556
u_payload_ram/U613	0	0.555556
u_payload_ram/U1025	0	1.44444
u_payload_ram/mem_reg[35][7]	0	0.493827
u_zp/U158	0	0.555556
u_payload_ram/U4060	0	1.55556
u_zp/U56	0	1.55556
u_payload_ram/U1018	0	0.555556
u_payload_ram/mem_reg[127][7]	0	0.555556
u_payload_ram/mem_reg[101][6]	0	0.555556
u_payload_ram/U3345	0	0.555556
u_payload_ram/U284	0	0.555556
u_payload_ram/U2471	0	0.555556
u_zp/U55	0	2.55556
u_payload_ram/U282	0	0.555556
u_payload_ram/mem_reg[95][7]	0	0.555556
u_payload_ram/U1985	0	0.555556
u_payload_ram/U2005	0	0.555556
u_payload_ram/mem_reg[42][7]	0	1.55556
u_payload_ram/U3746	0	1.55556
u_payload_ram/mem_reg[115][1]	0	2.55556
u_payload_ram/U3322	0	0.555556
u_zp/U167	0	0.555556
u_payload_ram/U176	0	0.555556
u_payload_ram/mem_reg[25][1]	0	1.55556
u_payload_ram/U2469	0	1.55556
u_payload_ram/PLACE_HFSINV_183_1252	0	1.55556
u_payload_ram/U1102	0	0.555556
u_payload_ram/U2513	0	0.555556
u_payload_ram/U335	0	0.555556
u_payload_ram/PLACE_HFSBUF_3021_211	0	2.55556
u_payload_ram/U3703	0	2.55556
u_payload_ram/U4183	0	0.506173
u_payload_ram/U4187	0	1.54321
u_payload_ram/mem_reg[120][4]	0	0.555556
u_payload_ram/U2690	0	0.555556
u_payload_ram/PLACE_HFSBUF_735_606	0	0.555556
u_payload_ram/U1886	0	1.55556
u_payload_ram/U331	0	2.51852
u_payload_ram/U537	0	0.555556
u_payload_ram/U3867	0	0.555556
u_payload_ram/U1045	0	1.55556
u_payload_ram/U304	0	0.555556
u_payload_ram/U2470	0	0.555556
u_payload_ram/U285	0	1.55556
u_payload_ram/mem_reg[117][0]	0	0.555556
u_payload_ram/U402	0	1.55556
u_payload_ram/U388	0	0.555556
u_payload_ram/PLACE_HFSBUF_1495_622	0	1.55556
u_payload_ram/U189	0	1.55556
u_payload_ram/mem_reg[112][0]	0	0.555556
u_payload_ram/U538	0	1.55556
u_payload_ram/PLACE_HFSBUF_292_1239	0	1.55556
u_payload_ram/U1081	0	2.51852
u_payload_ram/mem_reg[126][1]	0	0.555556
u_payload_ram/U3595	0	1.55556
u_payload_ram/PLACE_HFSBUF_1122_327	0	1.55556
u_payload_ram/mem_reg[122][0]	0	0.555556
u_zp/U146	0	0.555556
u_payload_ram/U298	0	0.555556
u_payload_ram/mem_reg[29][5]	0	1.55556
u_payload_ram/PLACE_HFSBUF_1819_390	0	0.555556
u_zp/U53	0	1.55556
u_payload_ram/U2508	0	0.555556
u_payload_ram/U1535	0	1.55556
u_payload_ram/U2171	0	0.555556
u_payload_ram/mem_reg[121][0]	0	2.55556
u_payload_ram/mem_reg[84][6]	0	1.55556
u_payload_ram/U4246	0	0.555556
u_payload_ram/PLACE_HFSINV_338_236	0	1.55556
u_payload_ram/U2181	0	0.555556
u_payload_ram/U2017	0	1.55556
u_payload_ram/U387	0	0.555556
u_payload_ram/U2477	0	2.55556
u_payload_ram/U1136	0	0.555556
u_payload_ram/mem_reg[4][5]	0	0.555556
u_payload_ram/mem_reg[115][0]	0	0.555556
u_payload_ram/U355	0	0.555556
u_payload_ram/U4074	0	0.555556
u_payload_ram/mem_reg[27][3]	0	1.55556
u_payload_ram/U1065	0	0.555556
u_payload_ram/U300	0	0.555556
u_payload_ram/PLACE_HFSBUF_1933_411	0	1.55556
u_payload_ram/U1037	0	0.555556
u_payload_ram/mem_reg[30][5]	0	1.55556
u_payload_ram/PLACE_HFSINV_535_308	0	0.555556
u_payload_ram/PLACE_HFSBUF_775_200	0	1.55556
u_payload_ram/mem_reg[31][5]	0	0.555556
u_payload_ram/U3256	0	0.555556
u_zp/U266	0	0.555556
u_payload_ram/mem_reg[120][5]	0	0.555556
u_payload_ram/U1259	0	1.55556
u_payload_ram/U3277	0	0.555556
u_payload_ram/mem_reg[120][0]	0	0.555556
u_payload_ram/U1130	0	0.555556
u_zp/U139	0	0.555556
u_payload_ram/U4024	0	0.555556
u_payload_ram/PLACE_HFSBUF_380_218	0	0.54321
u_payload_ram/U1133	0	1.55556
u_payload_ram/mem_reg[4][1]	0	2.55556
u_payload_ram/U4244	0	0.54321
u_payload_ram/U356	0	1.55556
u_payload_ram/mem_reg[34][7]	0	1.55556
u_payload_ram/U292	0	1.55556
u_payload_ram/mem_reg[123][1]	0	0.555556
u_payload_ram/U289	0	1.55556
u_payload_ram/PLACE_HFSBUF_620_219	0	1.55556
u_payload_ram/mem_reg[124][1]	0	0.555556
u_payload_ram/U4249	0	0.555556
u_payload_ram/U288	0	2.55556
u_payload_ram/mem_reg[122][1]	0	0.555556
u_payload_ram/U4021	0	0.555556
u_payload_ram/U283	0	1.55556
u_payload_ram/U1039	0	0.555556
u_payload_ram/U1084	0	0.555556
u_payload_ram/PLACE_HFSBUF_968_326	0	0.555556
u_payload_ram/mem_reg[126][0]	0	0.555556
u_payload_ram/U627	0	1.48148
u_payload_ram/U2509	0	1.55556
u_payload_ram/mem_reg[112][2]	0	1.55556
u_payload_ram/U4099	0	1.55556
u_payload_ram/U1103	0	0.555556
u_payload_ram/U3009	0	0.555556
u_payload_ram/mem_reg[101][5]	0	0.555556
u_payload_ram/PLACE_HFSINV_450_290	0	1.55556
u_payload_ram/PLACE_HFSBUF_658_416	0	1.55556
u_zp/U54	0	0.555556
u_payload_ram/U4250	0	0.555556
u_zp/U264	0	1.55556
u_zp/U6	0.5	0.518519
u_payload_ram/U2449	0	0.555556
u_payload_ram/mem_reg[21][4]	0	0.555556
u_payload_ram/U395	0	0.555556
u_payload_ram/mem_reg[77][4]	0	0.555556
u_payload_ram/U2448	0	1.55556
u_payload_ram/mem_reg[124][0]	0	0.555556
u_payload_ram/U1104	0	0.555556
u_payload_ram/PLACE_HFSBUF_57_18	0	0.555556
u_zp/U46	0	1.55556
u_payload_ram/mem_reg[21][5]	0	0.555556
u_payload_ram/U2791	0	0.555556
u_payload_ram/mem_reg[31][1]	0	2.55556
u_payload_ram/PLACE_HFSBUF_1496_387	0	1.55556
u_payload_ram/U3103	0	0.555556
u_payload_ram/U2180	0	0.555556
u_payload_ram/mem_reg[26][2]	0	0.555556
u_payload_ram/mem_reg[95][3]	0	0.555556
u_payload_ram/mem_reg[20][5]	0	2.50617
u_payload_ram/U357	0	1.55556
u_zp/U16	0	0.493827
u_payload_ram/U1072	0	2.55556
u_payload_ram/mem_reg[25][3]	0	1.55556
u_payload_ram/U3627	0	0.555556
u_payload_ram/U621	0	1.55556
u_payload_ram/U308	0	1.55556
u_payload_ram/mem_reg[93][5]	0	0.555556
u_payload_ram/PLACE_HFSBUF_1058_24	0	0.555556
u_payload_ram/mem_reg[122][4]	0	2.55556
u_payload_ram/U2478	0	1.55556
u_payload_ram/U299	0	2.55556
u_payload_ram/mem_reg[112][3]	0	0.555556
u_payload_ram/PLACE_HFSINV_512_94	0	0.555556
u_payload_ram/mem_reg[32][2]	0	0.555556
u_payload_ram/U291	0	0.555556
u_payload_ram/U3270	0	1.55556
u_payload_ram/PLACE_HFSBUF_1144_7	0	0.555556
u_payload_ram/U286	0	0.555556
u_payload_ram/mem_reg[25][6]	0	0.555556
u_payload_ram/U275	0	0.555556
u_payload_ram/mem_reg[33][0]	0	0.555556
u_payload_ram/mem_reg[34][4]	0	0.555556
u_payload_ram/PLACE_HFSBUF_100_212	0.833333	1.55556
u_zp/U161	0	0.555556
u_payload_ram/U1050	0	1.55556
u_payload_ram/PLACE_HFSINV_364_191	0	0.555556
u_payload_ram/PLACE_HFSBUF_49_215	0	1.51852
u_payload_ram/PLACE_HFSBUF_1072_328	0	0.555556
u_payload_ram/U1070	0	0.444444
u_payload_ram/U3279	0	1.55556
u_payload_ram/U3180	0	0.555556
u_payload_ram/U332	0	1.55556
u_payload_ram/mem_reg[127][0]	0	0.555556
u_payload_ram/mem_reg[126][6]	0	0.555556
u_payload_ram/U4290	0	1.55556
u_zp/U17	0	1.55556
u_payload_ram/U1536	0	0.555556
u_payload_ram/U1849	0	0.555556
u_payload_ram/U277	0	0.555556
u_payload_ram/U3570	0	1.55556
u_payload_ram/PLACE_HFSBUF_1536_388	0	0.555556
u_payload_ram/PLACE_HFSBUF_165_14	0	1.55556
u_payload_ram/PLACE_HFSBUF_101_13	0	0.555556
u_zp/U259	0	0.555556
u_payload_ram/U293	0	2.55556
u_payload_ram/U287	0	1.55556
u_payload_ram/U4248	0	0.555556
u_payload_ram/U1078	0	2.55556
u_payload_ram/mem_reg[116][0]	0	0.555556
u_payload_ram/U337	0	1.55556
u_payload_ram/PLACE_HFSBUF_167_213	0	1.55556
u_payload_ram/PLACE_HFSBUF_362_35	0	0.555556
u_payload_ram/PLACE_HFSBUF_1035_329	0	0.555556
u_zp/U263	0	0.555556
u_payload_ram/PLACE_HFSBUF_1123_23	0	0.555556
u_payload_ram/PLACE_HFSBUF_1089_8	0	1.55556
u_payload_ram/U2125	0	2.55556
u_payload_ram/U1026	0	0.555556
u_payload_ram/PLACE_HFSINV_367_232	0	1.55556
u_payload_ram/U3104	0	1.53086
u_payload_ram/U2565	0	0.555556
u_payload_ram/U1098	0	0.518519
u_zp/U12	0	1.54321
u_payload_ram/U4251	0	1.55556
u_payload_ram/mem_reg[17][6]	0.259259	0.555556
u_payload_ram/U790	0	0.555556
u_payload_ram/U2413	0	1.55556
u_payload_ram/U4242	0	1.55556
u_payload_ram/mem_reg[126][4]	0	1.55556
u_payload_ram/mem_reg[120][6]	0	0.555556
u_zp/U160	0	1.55556
u_payload_ram/mem_reg[4][3]	0	0.555556
u_payload_ram/U399	0	2.55556
u_payload_ram/PLACE_HFSBUF_542_1290	0	0.555556
u_payload_ram/U3519	0	0.555556
u_payload_ram/PLACE_HFSBUF_1464_26	0	0.555556
u_payload_ram/mem_reg[16][5]	0	1.55556
u_zp/U47	0	0.555556
u_payload_ram/U3964	0	0.555556
u_payload_ram/mem_reg[34][3]	0	0.555556
u_zp/U57	0	1.55556
u_payload_ram/PLACE_HFSINV_457_127	0	0.555556
u_payload_ram/mem_reg[25][0]	0	0.555556
u_payload_ram/U1170	0	0.555556
u_payload_ram/PLACE_HFSBUF_499_1289	0	0.555556
u_payload_ram/U3036	0	0.555556
u_payload_ram/U2476	0	2.55556
u_payload_ram/U301	0	0.555556
u_payload_ram/PLACE_HFSBUF_1008_1	0	1.55556
u_payload_ram/PLACE_HFSBUF_871_25	0	0.555556
u_payload_ram/mem_reg[5][5]	0	0.555556
u_payload_ram/U2371	0	0.555556
u_zp/U162	0	0.555556
u_payload_ram/U1054	0	1.55556
u_payload_ram/U4243	0	0.555556
u_payload_ram/U4066	0	1.55556
u_payload_ram/U1080	0	1.50617
u_payload_ram/U4144	0	1.55556
u_payload_ram/PLACE_HFSBUF_110_1233	0	0.555556
u_payload_ram/U336	0	0.555556
u_payload_ram/PLACE_HFSBUF_2118_627	0	0.555556
u_payload_ram/U1676	0	0.555556
u_payload_ram/U1057	0	0.555556
u_payload_ram/U397	0	0.555556
u_payload_ram/U2537	0	0.555556
u_payload_ram/mem_reg[121][2]	0.925926	1.55556
u_payload_ram/U3272	0	0.555556
u_payload_ram/mem_reg[125][2]	0	0.555556
u_payload_ram/mem_reg[29][6]	0	1.55556
u_payload_ram/mem_reg[28][5]	0	0.555556
u_payload_ram/mem_reg[26][3]	0	1.55556
u_payload_ram/mem_reg[35][3]	0	0.555556
u_payload_ram/mem_reg[120][1]	0	0.555556
u_payload_ram/PLACE_HFSINV_429_54	0	0.555556
u_payload_ram/U400	0	0.555556
u_payload_ram/mem_reg[26][5]	0	0.555556
u_payload_ram/mem_reg[124][2]	0	2.55556
u_payload_ram/mem_reg[123][3]	0	0.555556
u_zp/U145	0	0.555556
u_payload_ram/PLACE_HFSINV_709_244	0	0.555556
u_payload_ram/U4224	0	1.55556
u_payload_ram/mem_reg[34][5]	0	0.555556
u_payload_ram/U2899	0	0.555556
u_payload_ram/mem_reg[35][0]	0	0.555556
u_payload_ram/mem_reg[112][4]	0	1.55556
u_payload_ram/mem_reg[127][2]	0	0.555556
u_payload_ram/mem_reg[126][3]	0	0.555556
u_payload_ram/U385	0	0.555556
u_zp/U134	0	1.55556
u_payload_ram/U2420	0	1.55556
u_payload_ram/U4081	0	0.555556
u_payload_ram/mem_reg[34][2]	0	2.55556
u_zp/U18	0	0.555556
u_payload_ram/U1062	0	0.555556
u_payload_ram/mem_reg[16][0]	0	0.555556
u_payload_ram/U322	0	1.55556
u_payload_ram/mem_reg[123][0]	0	2.55556
u_payload_ram/U1134	0	2.55556
u_payload_ram/U1278	0	2.55556
u_payload_ram/PLACE_HFSINV_165_957	0	0.555556
u_payload_ram/U1100	0	2.55556
u_payload_ram/U3847	0	2.51852
u_payload_ram/U3621	0	1.55556
u_payload_ram/PLACE_HFSBUF_442_36	0	0.555556
u_payload_ram/mem_reg[122][6]	0	2.55556
u_payload_ram/U1058	0	2.55556
u_payload_ram/U1502	0	0.555556
u_payload_ram/mem_reg[117][7]	0	1.55556
u_payload_ram/mem_reg[120][2]	0	2.55556
u_payload_ram/mem_reg[14][5]	0	2.55556
u_payload_ram/U333	0	0.555556
u_payload_ram/U3326	0	2.54321
u_payload_ram/U2386	0	0.555556
u_payload_ram/U1282	0	0.555556
u_payload_ram/mem_reg[30][1]	0.666667	0.555556
u_payload_ram/U209	0	0.555556
u_payload_ram/U1419	0	0.54321
u_payload_ram/U1921	0	0.555556
u_payload_ram/mem_reg[35][2]	0	0.555556
u_payload_ram/PLACE_HFSINV_724_268	0	0.555556
u_payload_ram/U2486	0	0.555556
u_payload_ram/U398	0	0.555556
u_payload_ram/mem_reg[115][5]	0	0.555556
u_payload_ram/mem_reg[28][7]	0	0.555556
u_zp/U10	0	0.555556
u_payload_ram/U401	0	0.555556
u_payload_ram/U2484	0	0.555556
u_payload_ram/PLACE_HFSBUF_1982_10	0.1875	2.55556
u_payload_ram/U4082	0	1.55556
u_payload_ram/U4094	0	1.55556
u_payload_ram/mem_reg[30][6]	0	1.55556
u_payload_ram/U1946	0	0.555556
u_payload_ram/U2361	0	1.55556
u_payload_ram/U923	0	0.555556
u_payload_ram/PLACE_HFSBUF_356_399	0	1.34568
u_payload_ram/PLACE_HFSINV_360_347	0	1.55556
u_payload_ram/U1097	0	0.555556
u_payload_ram/U1280	0	0.555556
u_payload_ram/U383	0	0.555556
u_payload_ram/mem_reg[8][2]	0	0.555556
u_payload_ram/PLACE_HFSBUF_951_9	0	0.555556
u_payload_ram/mem_reg[94][3]	0	0.555556
u_payload_ram/mem_reg[21][0]	0	0.555556
u_payload_ram/U3271	0.0625	0.555556
u_payload_ram/U2523	0	0.555556
u_payload_ram/PLACE_HFSINV_648_70	0	1.55556
u_payload_ram/PLACE_HFSBUF_296_1306	0	0.555556
u_payload_ram/mem_reg[112][5]	0	1.55556
u_payload_ram/U1079	0	2.55556
u_payload_ram/U1094	0	1.55556
u_payload_ram/U3702	0	0.518519
u_payload_ram/mem_reg[125][0]	0	1.55556
u_payload_ram/U1174	0	0.555556
u_payload_ram/U2228	0	0.555556
u_payload_ram/mem_reg[84][3]	0	0.555556
u_payload_ram/U2069	0	0.555556
u_zp/U4	0	0.555556
u_payload_ram/PLACE_HFSBUF_1023_1283	0	0.555556
u_payload_ram/U3695	0	0.555556
u_payload_ram/U1169	0	0.555556
u_payload_ram/mem_reg[126][7]	0	1.55556
u_payload_ram/mem_reg[112][6]	0	0.555556
u_payload_ram/mem_reg[9][2]	0	2.53086
u_payload_ram/U3255	0.1875	1.55556
u_payload_ram/U2250	0.846154	1.55556
u_payload_ram/U314	0	0.555556
u_payload_ram/PLACE_HFSBUF_1344_1335	0	1.55556
u_payload_ram/U1273	0.538462	0.555556
u_payload_ram/mem_reg[19][1]	0	0.555556
u_zp/U48	0	0.555556
u_payload_ram/PLACE_HFSBUF_210_214	0	1.55556
u_payload_ram/U2494	0	0.530864
u_payload_ram/PLACE_HFSBUF_815_1324	0	0.555556
u_payload_ram/mem_reg[1][0]	0	0.555556
u_payload_ram/U2481	0	0.555556
u_payload_ram/PLACE_HFSBUF_619_1347	0	1.53086
u_payload_ram/U1142	0	0.555556
u_payload_ram/mem_reg[3][4]	0	0.555556
u_payload_ram/PLACE_HFSBUF_1193_1336	0	0.555556
u_payload_ram/U2172	0	0.555556
u_payload_ram/U2397	0	0.555556
u_payload_ram/U391	0	2.55556
u_payload_ram/PLACE_HFSBUF_260_1307	0	0.555556
u_payload_ram/U1071	0	0.555556
u_zp/U166	0	1.55556
u_payload_ram/U200	0	1.55556
u_payload_ram/U1183	0	0.493827
u_payload_ram/U2114	0	0.555556
u_payload_ram/U3694	0	1.55556
u_payload_ram/PLACE_HFSBUF_152_336	0	1.55556
u_payload_ram/U1283	0	0.555556
u_payload_ram/PLACE_HFSBUF_744_1325	0	0.555556
u_payload_ram/PLACE_HFSBUF_697_1265	0	1.55556
u_payload_ram/mem_reg[12][5]	0	1.55556
u_payload_ram/PLACE_HFSBUF_273_1346	0	1.55556
u_payload_ram/U1628	0	0.555556
u_payload_ram/U3555	0	1.55556
u_payload_ram/PLACE_HFSBUF_837_1243	0	0.555556
u_zp/U257	0	0.555556
u_payload_ram/PLACE_HFSBUF_460_1271	0	0.493827
u_payload_ram/PLACE_HFSBUF_312_398	0	1.55556
u_payload_ram/U396	0	2.55556
u_payload_ram/PLACE_HFSBUF_52_844	0	0.555556
u_payload_ram/PLACE_HFSBUF_766_1244	0	0.555556
u_payload_ram/mem_reg[14][4]	0	1.55556
u_payload_ram/mem_reg[122][7]	0	0.555556
u_payload_ram/U4134	0	0.530864
u_payload_ram/PLACE_HFSBUF_862_1282	0	0.555556
u_payload_ram/U386	0	0.555556
u_payload_ram/PLACE_HFSINV_345_355	0	0.555556
u_payload_ram/U4177	0	1.55556
u_zp/U126	0	1.55556
u_payload_ram/U313	0	0.555556
u_payload_ram/PLACE_HFSBUF_275_397	0	0.555556
u_payload_ram/PLACE_HFSBUF_1577_389	0	0.555556
u_payload_ram/mem_reg[125][4]	0	0.555556
u_payload_ram/PLACE_HFSBUF_361_1305	0	0.555556
u_payload_ram/U3417	0	0.555556
u_zp/U3	0	0.555556
u_payload_ram/mem_reg[8][3]	0	0.555556
u_payload_ram/mem_reg[13][3]	0	1.55556
u_payload_ram/U2425	0	0.555556
u_payload_ram/mem_reg[123][2]	0	0.518519
u_payload_ram/U3650	0	0.555556
u_payload_ram/PLACE_HFSBUF_53_396	0	0.555556
u_payload_ram/PLACE_HFSBUF_135_37	0	0.555556
u_payload_ram/U3535	0	2.55556
u_payload_ram/U1630	0	0.555556
u_payload_ram/mem_reg[122][2]	0	1.55556
u_payload_ram/U227	0	0.555556
u_payload_ram/mem_reg[29][3]	0	1.55556
u_payload_ram/PLACE_HFSBUF_1286_1334	0	0.555556
u_payload_ram/U1192	0	0.555556
u_payload_ram/U3352	0	1.55556
u_payload_ram/mem_reg[27][5]	0	1.55556
u_payload_ram/U3588	0	1.55556
u_payload_ram/mem_reg[19][0]	0.444444	0.555556
u_payload_ram/U3258	0	1.55556
u_payload_ram/PLACE_HFSBUF_522_1272	0	0.493827
u_payload_ram/U3273	0	0.555556
u_payload_ram/mem_reg[29][1]	0	0.555556
u_payload_ram/mem_reg[11][3]	0	2.51852
u_payload_ram/mem_reg[13][2]	0	1.55556
u_payload_ram/mem_reg[112][1]	0	0.555556
u_payload_ram/mem_reg[8][0]	0	0.555556
u_payload_ram/mem_reg[0][2]	0	0.555556
u_payload_ram/U2378	0	0.530864
u_payload_ram/mem_reg[0][0]	0	0.555556
u_zp/U59	0	0.555556
u_payload_ram/U2482	0	1.54321
u_payload_ram/U2298	0	0.555556
u_payload_ram/mem_reg[0][5]	0	2.55556
u_payload_ram/U1700	0	1.55556
u_payload_ram/U1083	0	0.555556
u_payload_ram/U2173	0	0.555556
u_payload_ram/mem_reg[4][2]	0	0.555556
u_payload_ram/U2174	0	0.555556
u_payload_ram/mem_reg[3][2]	0	0.555556
u_payload_ram/U230	0	1.55556
u_payload_ram/mem_reg[123][7]	0	0.555556
u_payload_ram/mem_reg[15][5]	0	1.55556
u_payload_ram/mem_reg[15][3]	0	0.493827
u_payload_ram/mem_reg[31][2]	0	0.555556
u_payload_ram/mem_reg[123][6]	0	2.55556
u_payload_ram/U2340	0	0.555556
u_payload_ram/U1235	0	2.55556
u_payload_ram/U228	0	0.555556
u_payload_ram/PLACE_HFSBUF_1080_1313	0	0.555556
u_payload_ram/U2195	0	1.55556
u_payload_ram/mem_reg[11][6]	0	1.55556
u_payload_ram/U2570	0	0.555556
u_payload_ram/U1234	0.692308	0.555556
u_payload_ram/U4106	0	1.55556
u_payload_ram/U3364	0	2.55556
u_payload_ram/U1244	0	1.55556
u_payload_ram/mem_reg[13][6]	0	2.55556
u_payload_ram/mem_reg[26][0]	0	1.55556
u_payload_ram/U1202	0	0.555556
u_payload_ram/PLACE_HFSBUF_1173_1314	0	0.555556
u_payload_ram/mem_reg[3][7]	0	0.555556
u_payload_ram/mem_reg[31][7]	0	1.55556
u_payload_ram/mem_reg[16][2]	0	0.555556
u_payload_ram/mem_reg[19][5]	0	0.555556
u_zp/U248	0	0.555556
u_zp/U45	0.5	0.555556
u_payload_ram/U1699	0	1.50617
u_payload_ram/U2631	0	1.53086
u_payload_ram/U384	0	0.555556
u_payload_ram/U3366	0	1.55556
u_payload_ram/U3267	0	0.555556
u_payload_ram/U1146	0	1.55556
u_payload_ram/U4075	0	1.55556
u_zp/U33	0	0.555556
u_payload_ram/mem_reg[9][6]	0	0.555556
u_payload_ram/U1554	0	2.55556
u_payload_ram/U1191	0	2.55556
u_payload_ram/U1241	0	1.55556
u_zp/U258	0	1.49383
u_payload_ram/PLACE_HFSBUF_819_1264	0	0.555556
u_payload_ram/U1243	0	1.49383
u_payload_ram/U1698	0	1.55556
u_payload_ram/U2106	0	1.55556
u_payload_ram/U1129	0	0.555556
u_payload_ram/U1145	0	1.55556
u_payload_ram/U2479	0	0.555556
u_payload_ram/U2485	0	1.55556
u_payload_ram/U1086	0	0.555556
u_payload_ram/U2535	0	0.555556
u_payload_ram/U3549	0	0.555556
u_payload_ram/U4058	0	1.55556
u_payload_ram/U2380	0	1.55556
u_payload_ram/U2695	0	2.55556
u_payload_ram/mem_reg[0][1]	0	1.55556
u_payload_ram/U1149	0	0.555556
u_payload_ram/U2428	0	0.555556
u_payload_ram/U4084	0	0.555556
u_payload_ram/U1173	0.846154	1.55556
u_payload_ram/U1148	0	1.55556
u_payload_ram/PLACE_HFSBUF_762_1263	0	1.51852
u_payload_ram/U1217	0	2.55556
u_payload_ram/mem_reg[15][4]	0	2.55556
u_zp/U44	0	1.55556
u_payload_ram/mem_reg[13][5]	0	0.555556
u_payload_ram/U2112	0	0.555556
u_payload_ram/U1131	0	0.555556
u_payload_ram/U1066	0	0.555556
u_payload_ram/U1201	0	0.555556
u_payload_ram/U1552	0	1.55556
u_payload_ram/U1216	0	1.55556
u_payload_ram/U3591	0	0.555556
u_payload_ram/U1696	0	0.555556
u_payload_ram/PLACE_HFSBUF_485_958	0	1.55556
u_payload_ram/U1292	0	0.555556
u_payload_ram/PLACE_HFSBUF_1661_1372	0	0.555556
u_payload_ram/U1166	0	0.555556
u_payload_ram/U1555	0	1.55556
u_payload_ram/U1290	0	1.55556
u_payload_ram/U4119	0	1.55556
u_payload_ram/U4067	0	1.55556
u_payload_ram/U4124	0	1.55556
u_payload_ram/U1135	0	1.55556
u_payload_ram/U4123	0	1.55556
u_payload_ram/U231	0	0.555556
u_payload_ram/U3691	0	1.55556
u_payload_ram/U3958	0	1.55556
u_payload_ram/PLACE_HFSINV_383_242	0	0.555556
u_payload_ram/U1163	0	0.555556
u_payload_ram/U1210	0	0.481481
u_payload_ram/U229	0	0.555556
u_payload_ram/U4059	0	0.530864
u_payload_ram/U4083	0	1.55556
u_payload_ram/U1171	0	2.55556
u_payload_ram/mem_reg[24][0]	0	0.555556
u_payload_ram/mem_reg[5][6]	0	0.555556
u_zp/U131	0	0.555556
u_payload_ram/U1132	0	0.530864
u_payload_ram/U1315	0	0.555556
u_payload_ram/U1553	0	0.555556
u_payload_ram/U1069	0	0.555556
u_payload_ram/U1068	0	1.55556
u_payload_ram/mem_reg[19][3]	0	0.555556
u_payload_ram/U3152	0	1.55556
u_payload_ram/PLACE_HFSBUF_1335_1371	0	0.555556
u_payload_ram/mem_reg[25][2]	0	2.55556
u_payload_ram/mem_reg[14][1]	0	0.555556
u_payload_ram/U3590	0	0.555556
u_payload_ram/U1228	0	0.555556
u_payload_ram/U2375	0	0.555556
u_payload_ram/U3430	0	0.555556
u_payload_ram/U1199	0	0.555556
u_payload_ram/mem_reg[5][2]	0	0.555556
u_payload_ram/U1304	0	1.51852
u_payload_ram/U3672	0	0.555556
u_payload_ram/U2438	0	0.555556
u_payload_ram/mem_reg[91][0]	0	1.55556
u_payload_ram/U3961	0	1.55556
u_payload_ram/U1314	0	1.53086
u_payload_ram/U2299	0	0.555556
u_zp/U29	0	0.555556
u_payload_ram/U2351	0	0.555556
u_payload_ram/mem_reg[21][2]	0	0.555556
u_payload_ram/mem_reg[26][6]	0	0.555556
u_payload_ram/mem_reg[20][4]	0	2.55556
u_payload_ram/mem_reg[12][6]	0	1.55556
u_payload_ram/mem_reg[10][3]	0	1.53086
u_payload_ram/U4145	0	1.55556
u_payload_ram/mem_reg[9][0]	0	2.54321
u_payload_ram/mem_reg[11][2]	0	0.555556
u_payload_ram/PLACE_HFSBUF_1342_335	0	2.49383
u_payload_ram/mem_reg[27][7]	0	0.555556
u_payload_ram/U3548	0	0.555556
u_payload_ram/U1150	0	2.55556
u_payload_ram/PLACE_HFSINV_393_359	0	0.555556
u_payload_ram/U1052	0	0.555556
u_payload_ram/mem_reg[117][6]	0	0.555556
u_payload_ram/U3604	0	1.55556
u_payload_ram/mem_reg[18][2]	0	0.555556
u_payload_ram/U3620	0	1.55556
u_payload_ram/mem_reg[21][3]	0	0.555556
u_payload_ram/U2115	0	0.555556
u_payload_ram/U1318	0	0.555556
u_payload_ram/U3649	0	1.55556
u_payload_ram/U1181	0	0.555556
u_payload_ram/U2415	0	2.55556
u_payload_ram/U3671	0	2.55556
u_payload_ram/mem_reg[17][0]	0	1.55556
u_payload_ram/mem_reg[21][6]	0	1.55556
u_payload_ram/U2019	0	1.55556
u_zp/U60	0	1.55556
u_payload_ram/U1175	0	0.555556
u_payload_ram/U3715	0	0.555556
u_payload_ram/mem_reg[10][2]	0	0.555556
u_payload_ram/mem_reg[25][4]	0	0.555556
u_payload_ram/mem_reg[17][2]	0	1.55556
u_payload_ram/PLACE_HFSINV_580_116	0	0.555556
u_payload_ram/U1291	0	0.555556
u_zp/U41	0	0.555556
u_payload_ram/U953	0	0.555556
u_payload_ram/U2628	0	2.55556
u_payload_ram/mem_reg[18][5]	1.51852	0.555556
u_payload_ram/mem_reg[17][5]	0	2.55556
u_payload_ram/U1293	0	1.55556
u_payload_ram/mem_reg[30][7]	0	1.55556
u_payload_ram/mem_reg[1][2]	0	0.555556
u_payload_ram/U3589	0	1.55556
u_payload_ram/mem_reg[2][2]	0	0.555556
u_payload_ram/U3669	0	0.555556
u_zp/U31	0	0.555556
u_zp/U165	0	0.555556
u_payload_ram/mem_reg[29][4]	0	0.555556
u_payload_ram/U1056	0	0.555556
u_payload_ram/U2489	0	2.55556
u_payload_ram/U2605	0	0.555556
u_payload_ram/U2176	0	0.555556
u_payload_ram/U1211	0	0.555556
u_payload_ram/U1197	0	0.555556
u_payload_ram/U3693	0	1.55556
u_payload_ram/U1279	0	1.55556
u_payload_ram/PLACE_HFSINV_471_149	0	0.555556
u_payload_ram/U1313	0	0.555556
u_payload_ram/U1099	0	2.55556
u_zp/U150	0	2.55556
u_payload_ram/U55	0	1.55556
u_payload_ram/PLACE_HFSBUF_1017_386	0	1.55556
u_payload_ram/mem_reg[89][4]	0	0.555556
u_payload_ram/U3616	0	2.55556
u_payload_ram/U2700	0	0.555556
u_payload_ram/PLACE_HFSINV_461_284	0	1.55556
u_zp/U129	0	0.530864
u_payload_ram/U2517	0	1.55556
u_payload_ram/U1556	0	1.55556
u_payload_ram/U2113	0.25	1.55556
u_payload_ram/PLACE_HFSBUF_947_1295	0	0.555556
u_payload_ram/U1101	0	1.55556
u_payload_ram/U2416	0	1.55556
u_payload_ram/U1074	0	0.555556
u_payload_ram/PLACE_HFSBUF_904_385	0	1.55556
u_payload_ram/U1863	0	2.55556
u_payload_ram/U2385	0	0.555556
u_payload_ram/U1220	0	1.55556
u_payload_ram/U2418	0	0.555556
u_payload_ram/U1612	0.846154	0.555556
u_payload_ram/U3602	0	1.55556
u_payload_ram/U3606	0	1.55556
u_payload_ram/U2383	0	1.55556
u_payload_ram/U1140	0	2.55556
u_payload_ram/U3320	0	1.51852
u_payload_ram/U2403	0	1.54321
u_payload_ram/PLACE_HFSINV_336_256	0	1.51852
u_payload_ram/U1270	0.846154	2.54321
u_payload_ram/U2251	0	1.54321
u_payload_ram/U1164	0	1.55556
u_payload_ram/U4118	0	1.55556
u_payload_ram/U1095	0	0.555556
u_payload_ram/PLACE_HFSINV_669_133	0	0.555556
u_payload_ram/U2060	0	0.555556
u_payload_ram/mem_reg[121][4]	0	0.555556
u_payload_ram/mem_reg[9][4]	0	0.555556
u_payload_ram/U4188	0	1.55556
u_payload_ram/U2153	0.307692	0.555556
u_payload_ram/U1232	0	0.555556
u_payload_ram/mem_reg[16][6]	0	0.555556
u_payload_ram/U2230	0	1.55556
u_payload_ram/U1306	0	1.55556
u_payload_ram/U2551	0	1.55556
u_payload_ram/U794	0	1.55556
u_payload_ram/U1236	0	1.55556
u_payload_ram/U4147	0	0.555556
u_payload_ram/U1077	0	0.555556
u_payload_ram/U1238	0	1.55556
u_payload_ram/mem_reg[29][2]	0	1.55556
u_payload_ram/U1629	0	2.55556
u_payload_ram/U1697	0.1875	0.555556
u_payload_ram/PLACE_HFSINV_684_76	0	1.55556
u_payload_ram/U1158	0	1.55556
u_payload_ram/U3434	0	1.55556
u_payload_ram/U2572	0	1.55556
u_payload_ram/U3301	0	1.55556
u_payload_ram/U1064	0	0.555556
u_payload_ram/mem_reg[3][5]	0.740741	1.55556
u_payload_ram/U1060	0	0.555556
u_payload_ram/U3667	0	1.55556
u_payload_ram/U3632	0	0.555556
u_payload_ram/U3298	0	0.555556
u_payload_ram/U3618	0.923077	1.55556
u_payload_ram/U2028	0	1.54321
u_payload_ram/PLACE_HFSBUF_702_199	0	1.55556
u_payload_ram/U2360	0	1.55556
u_payload_ram/U1277	0	0.555556
u_payload_ram/U3299	0	2.45679
u_payload_ram/U3670	0	0.555556
u_payload_ram/U1631	0	0.493827
u_payload_ram/mem_reg[2][7]	0	0.555556
u_payload_ram/U1302	0	0.555556
u_payload_ram/mem_reg[0][7]	0	1.51852
u_payload_ram/PLACE_HFSBUF_894_1294	0	0.555556
u_payload_ram/mem_reg[20][6]	0	0.555556
u_payload_ram/PLACE_HFSINV_663_84	0	0.555556
u_payload_ram/U3605	0	1.55556
u_payload_ram/U1184	0	0.555556
u_payload_ram/U1151	0	0.555556
u_payload_ram/U4240	0	1.55556
u_payload_ram/mem_reg[19][2]	0	0.555556
u_payload_ram/mem_reg[21][1]	0	1.55556
u_zp/U50	0	1.55556
u_payload_ram/U3720	0	1.55556
u_payload_ram/mem_reg[25][7]	0	0.555556
u_payload_ram/U1147	0	1.4321
u_payload_ram/U1198	0	0.555556
u_payload_ram/U851	0	2.55556
u_payload_ram/U3716	0	1.55556
u_payload_ram/U1188	0	0.555556
u_zp/U177	0	0.555556
u_payload_ram/U120	0	0.555556
u_payload_ram/PLACE_HFSBUF_1608_325	0	1.55556
u_payload_ram/U3777	0	0.555556
u_payload_ram/U1105	0	2.55556
u_payload_ram/U1271	0	0.555556
u_payload_ram/mem_reg[28][1]	0	0.555556
u_payload_ram/U2571	0	0.555556
u_payload_ram/U1155	0	1.50617
u_payload_ram/PLACE_HFSINV_165_240	0	0.555556
u_payload_ram/U1143	0	2.55556
u_payload_ram/U1874	0	0.555556
u_payload_ram/U1203	0	0.54321
u_payload_ram/PLACE_HFSBUF_3243_38	0	0.555556
u_payload_ram/U1067	0	0.555556
u_payload_ram/mem_reg[10][4]	0	1.55556
u_payload_ram/U1087	0	0.555556
u_payload_ram/U2487	0	0.555556
u_payload_ram/U1274	0	1.55556
u_payload_ram/mem_reg[25][5]	0	0.555556
u_payload_ram/U1611	0	0.555556
u_payload_ram/PLACE_HFSINV_475_60	0	1.55556
u_payload_ram/PLACE_HFSINV_341_44	0	0.555556
u_payload_ram/U1219	0	0.555556
u_payload_ram/mem_reg[20][3]	0	0.555556
u_payload_ram/U3542	0	2.55556
u_payload_ram/U1196	0	0.54321
u_payload_ram/mem_reg[4][0]	0	1.55556
u_payload_ram/U1190	0	0.555556
u_payload_ram/mem_reg[13][7]	0	0.555556
u_payload_ram/mem_reg[26][1]	0	2.55556
u_payload_ram/PLACE_HFSINV_367_266	0	0.555556
u_payload_ram/mem_reg[24][5]	0	0.555556
u_payload_ram/U160	0	0.555556
u_payload_ram/U3630	0	0.555556
u_payload_ram/PLACE_HFSBUF_57_339	0	0.555556
u_payload_ram/mem_reg[24][3]	0	0.555556
u_payload_ram/PLACE_HFSBUF_1535_324	0	0.555556
u_payload_ram/PLACE_HFSINV_563_143	0	1.55556
u_payload_ram/mem_reg[19][7]	0	0.555556
u_payload_ram/U2364	0	0.555556
u_payload_ram/mem_reg[19][6]	0	1.55556
u_payload_ram/mem_reg[10][0]	0	0.555556
u_payload_ram/mem_reg[11][5]	0	1.55556
u_payload_ram/PLACE_HFSINV_280_300	0	0.555556
u_payload_ram/PLACE_HFSINV_417_86	0	0.555556
u_payload_ram/mem_reg[30][0]	0	1.55556
u_payload_ram/U4238	0	0.555556
u_payload_ram/U1499	0	1.55556
u_payload_ram/mem_reg[30][3]	0	0.555556
u_payload_ram/mem_reg[12][2]	0	0.555556
u_payload_ram/mem_reg[0][6]	0	0.555556
u_payload_ram/mem_reg[12][3]	0	1.55556
u_payload_ram/mem_reg[2][4]	0	0.555556
u_payload_ram/mem_reg[5][7]	0	0.555556
u_payload_ram/mem_reg[9][5]	0	0.555556
u_payload_ram/mem_reg[3][1]	0	0.555556
u_payload_ram/U1088	0	0.555556
u_payload_ram/mem_reg[2][1]	0	0.555556
u_payload_ram/U1167	0	1.55556
u_payload_ram/mem_reg[33][3]	0	0.555556
u_payload_ram/mem_reg[12][0]	0	1.55556
u_payload_ram/mem_reg[5][1]	0	1.50617
u_payload_ram/mem_reg[14][3]	0	0.555556
u_payload_ram/PLACE_HFSINV_292_296	0	0.555556
u_payload_ram/mem_reg[17][1]	0	1.55556
u_payload_ram/mem_reg[14][0]	0	0.555556
u_payload_ram/mem_reg[10][6]	0	0.555556
u_payload_ram/mem_reg[16][1]	0	1.51852
u_payload_ram/mem_reg[1][1]	0	0.555556
u_payload_ram/mem_reg[30][2]	0	2.55556
u_payload_ram/U1179	0	0.555556
u_payload_ram/U2483	0	0.555556
u_payload_ram/U3773	0	1.53086
u_payload_ram/U3300	0	2.55556
u_payload_ram/U2490	0	2.55556
u_payload_ram/U1237	0	2.55556
u_payload_ram/PLACE_HFSINV_60_119	0	0.555556
u_payload_ram/U4239	0	0.555556
u_payload_ram/U731	0.307692	0.555556
u_payload_ram/U1305	0.230769	1.55556
u_payload_ram/U1214	0	0.555556
u_zp/U175	0	0.555556
u_payload_ram/U1247	0	0.555556
u_payload_ram/U1320	0	0.555556
u_payload_ram/U1821	0	1.50617
u_payload_ram/U1152	0	1.55556
u_payload_ram/U1319	0	1.55556
u_payload_ram/U2491	0	0.432099
u_payload_ram/mem_reg[5][3]	0	0.555556
u_payload_ram/U1049	0	0.555556
u_payload_ram/U1284	0	1.55556
u_payload_ram/U1233	0	1.54321
u_payload_ram/U1193	0	0.555556
u_payload_ram/U1269	0	0.555556
u_payload_ram/U1162	0	1.55556
u_payload_ram/mem_reg[30][4]	0	1.55556
u_zp/U173	0	0.555556
u_payload_ram/U1309	0	0.555556
u_payload_ram/U1168	0	0.555556
u_payload_ram/U2480	0	0.555556
u_payload_ram/U516	0	0.555556
u_payload_ram/U3718	0	0.555556
u_payload_ram/U1075	0	2.55556
u_payload_ram/U1108	0	2.55556
u_payload_ram/U1242	0	1.55556
u_payload_ram/U1189	0	1.55556
u_payload_ram/U1093	0	1.55556
u_payload_ram/U1107	0	0.555556
u_payload_ram/U1248	0	0.555556
u_payload_ram/PLACE_HFSINV_710_129	0	0.555556
u_payload_ram/U1307	0	1.55556
u_payload_ram/U1154	0	1.55556
u_payload_ram/mem_reg[2][6]	0	0.555556
u_payload_ram/U1096	0	0.555556
u_payload_ram/U1215	0	0.555556
u_payload_ram/mem_reg[15][1]	0.222222	1.55556
u_payload_ram/U2154	0	1.55556
u_payload_ram/PLACE_HFSINV_393_58	0	0.555556
u_payload_ram/U2152	0	0.555556
u_payload_ram/U1082	0.769231	1.55556
u_payload_ram/U2392	0	0.555556
u_payload_ram/U1275	0	1.49383
u_payload_ram/PLACE_HFSBUF_180_639	0	0.481481
u_payload_ram/U3503	0	0.555556
u_payload_ram/mem_reg[21][7]	0	1.55556
u_payload_ram/mem_reg[28][2]	0	0.555556
u_payload_ram/U1085	0	2.55556
u_payload_ram/mem_reg[15][6]	0	0.555556
u_payload_ram/U2518	0	0.555556
u_payload_ram/U1076	0	1.55556
u_payload_ram/U3433	0	0.555556
u_payload_ram/U1272	0	0.469136
u_payload_ram/U2488	0	2.55556
u_payload_ram/U1317	0	0.555556
u_payload_ram/U1144	0	0.555556
u_payload_ram/mem_reg[13][1]	0	1.55556
u_payload_ram/U1153	0	1.55556
u_payload_ram/U2569	0	0.555556
u_payload_ram/PLACE_HFSINV_420_131	0	0.555556
u_payload_ram/U1209	0	0.555556
u_payload_ram/U1206	0	1.51852
u_payload_ram/U272	0	1.55556
u_payload_ram/U1106	0	1.55556
u_payload_ram/U1207	0	1.55556
u_payload_ram/U1246	0	0.469136
u_payload_ram/U1208	0	1.55556
u_payload_ram/U1308	0	0.45679
u_payload_ram/U1218	0	1.55556
u_payload_ram/U1138	0	1.55556
u_payload_ram/U4222	0	1.55556
u_payload_ram/mem_reg[17][3]	0	0.555556
u_payload_ram/U1180	0	0.555556
u_payload_ram/PLACE_HFSINV_321_157	0	1.55556
u_payload_ram/U1212	0	0.555556
u_zp/U201	0	0.555556
u_payload_ram/mem_reg[16][7]	0	0.555556
u_payload_ram/U3775	0	0.481481
u_payload_ram/U3719	0	0.469136
u_payload_ram/U3432	0	0.555556
u_payload_ram/mem_reg[13][0]	0	0.555556
u_zp/U149	0	0.555556
u_payload_ram/U1221	0	1.55556
u_payload_ram/U3520	0	0.555556
u_payload_ram/PLACE_HFSINV_374_102	0	1.49383
u_payload_ram/U1137	0	1.55556
u_payload_ram/U4215	0	1.55556
u_payload_ram/mem_reg[16][3]	0	0.555556
u_zp/U99	0	0.555556
u_payload_ram/mem_reg[113][1]	0	0.555556
u_payload_ram/mem_reg[4][4]	0	0.555556
u_payload_ram/U1157	0	0.555556
u_payload_ram/U1159	0	0.555556
u_payload_ram/mem_reg[5][0]	0	0.555556
u_payload_ram/U1178	0	0.555556
u_payload_ram/U1239	0	1.55556
u_zp/U142	0	1.55556
u_payload_ram/U4241	0	1.55556
u_payload_ram/PLACE_HFSBUF_30_39	0	1.55556
u_payload_ram/U1194	0	1.55556
u_payload_ram/U2785	0	0.555556
u_payload_ram/U1316	0	0.555556
u_payload_ram/U1187	0	1.55556
u_payload_ram/U1200	0	1.55556
u_zp/U176	0	1.55556
u_payload_ram/U1311	0	2.55556
u_payload_ram/PLACE_HFSINV_680_276	0	1.55556
u_payload_ram/U1073	0	0.555556
u_payload_ram/U3505	0	0.555556
u_payload_ram/U1156	0	0.555556
u_payload_ram/U2493	0	0.555556
u_payload_ram/mem_reg[9][1]	0	0.555556
u_payload_ram/mem_reg[8][6]	0	1.55556
u_payload_ram/PLACE_HFSBUF_439_340	0	0.555556
u_payload_ram/mem_reg[26][7]	0	0.555556
u_payload_ram/mem_reg[27][1]	0	0.555556
u_payload_ram/mem_reg[10][1]	0	0.555556
u_payload_ram/mem_reg[11][1]	0	0.555556
u_payload_ram/mem_reg[10][5]	0	2.55556
u_payload_ram/mem_reg[27][4]	0	1.55556
u_payload_ram/mem_reg[26][4]	0	1.55556
u_payload_ram/mem_reg[12][7]	0.592593	0.555556
u_payload_ram/mem_reg[24][4]	0	0.555556
u_payload_ram/mem_reg[24][6]	0	1.55556
u_payload_ram/mem_reg[24][7]	0	0.555556
u_payload_ram/mem_reg[31][4]	0	0.555556
u_payload_ram/mem_reg[11][4]	0	0.555556
u_payload_ram/mem_reg[11][0]	0.444444	1.55556
u_payload_ram/mem_reg[27][6]	0	2.55556
u_payload_ram/mem_reg[8][1]	0	2.55556
u_payload_ram/mem_reg[8][7]	0	1.55556
u_payload_ram/mem_reg[31][0]	0	1.55556
u_payload_ram/mem_reg[24][2]	0	1.55556
u_zp/U49	0	0.555556
u_payload_ram/mem_reg[12][4]	0	2.55556
u_payload_ram/mem_reg[5][4]	0	1.54321
u_payload_ram/mem_reg[20][7]	0	1.55556
u_payload_ram/mem_reg[4][7]	0	1.55556
u_payload_ram/mem_reg[3][3]	0	0.555556
u_payload_ram/mem_reg[2][3]	0	1.55556
u_zp/U202	0	0.555556
u_payload_ram/PLACE_HFSINV_4407_423	0	1.55556
u_payload_ram/mem_reg[13][4]	0	2.49383
u_payload_ram/mem_reg[20][0]	0	1.55556
u_payload_ram/mem_reg[116][2]	0	1.51852
u_payload_ram/mem_reg[20][2]	0	3.55556
u_payload_ram/mem_reg[18][0]	0	0.555556
u_payload_ram/mem_reg[2][5]	0	0.555556
u_payload_ram/mem_reg[18][1]	0.814815	0.555556
u_payload_ram/mem_reg[113][4]	0	0.555556
u_payload_ram/mem_reg[20][1]	0	1.55556
u_payload_ram/mem_reg[117][2]	0	3.55556
u_payload_ram/mem_reg[18][4]	0	2.55556
u_payload_ram/mem_reg[117][1]	0	0.555556
u_payload_ram/mem_reg[31][3]	0	0.555556
u_payload_ram/mem_reg[28][6]	0	0.555556
u_payload_ram/mem_reg[8][5]	0	0.54321
u_payload_ram/mem_reg[18][3]	0	2.55556
u_payload_ram/mem_reg[33][2]	0	0.555556
u_payload_ram/mem_reg[31][6]	0	2.55556
u_payload_ram/mem_reg[12][1]	0	2.55556
u_payload_ram/mem_reg[0][4]	0	0.555556
u_payload_ram/mem_reg[123][4]	0	3.55556
u_payload_ram/mem_reg[14][6]	0	2.55556
u_payload_ram/mem_reg[18][6]	0	0.555556
u_payload_ram/mem_reg[14][7]	0	1.55556
u_payload_ram/mem_reg[125][1]	0	0.555556
u_payload_ram/mem_reg[8][4]	0	2.54321
u_payload_ram/mem_reg[34][0]	0	2.55556
u_payload_ram/mem_reg[9][7]	0	0.555556
u_payload_ram/mem_reg[3][6]	0	0.555556
u_payload_ram/mem_reg[24][1]	0	1.55556
u_payload_ram/mem_reg[1][7]	0	2.55556
u_payload_ram/mem_reg[14][2]	0	2.50617
u_payload_ram/mem_reg[28][3]	0	3.55556
u_payload_ram/U2732	0	0.555556
u_payload_ram/mem_reg[28][4]	0	0.555556
u_payload_ram/mem_reg[27][2]	0	0.555556
u_payload_ram/mem_reg[18][7]	0	1.55556
u_payload_ram/U1310	0	0.555556
u_payload_ram/mem_reg[3][0]	0	0.555556
u_payload_ram/mem_reg[17][4]	0	0.555556
u_payload_ram/mem_reg[17][7]	0	2.55556
u_payload_ram/mem_reg[35][5]	0	2.55556
u_payload_ram/mem_reg[2][0]	0.851852	1.55556
u_payload_ram/mem_reg[10][7]	0	2.54321
u_payload_ram/mem_reg[15][7]	0	1.46914
u_payload_ram/mem_reg[0][3]	0	2.55556
u_payload_ram/mem_reg[28][0]	0	2.48148
u_payload_ram/mem_reg[1][6]	0	0.555556
u_payload_ram/mem_reg[1][5]	0	1.55556
u_payload_ram/mem_reg[15][0]	0	0.555556
u_payload_ram/mem_reg[1][3]	0	1.55556
u_payload_ram/mem_reg[1][4]	0	1.55556
u_payload_ram/mem_reg[11][7]	0	0.555556
u_payload_ram/mem_reg[15][2]	0	2.55556
u_payload_ram/U2305	0	0.555556
u_payload_ram/U3506	0	1.55556
u_payload_ram/U238	0	0.518519
u_zp/U172	0	0.555556
u_zp/U148	0	1.55556
u_zp/U174	0	1.55556
u_payload_ram/U2156	0	0.555556
u_payload_ram/U4050	0	0.555556
u_payload_ram/U1160	0	2.55556
u_zp/U34	0	0.555556
u_zp/U163	0	1.55556
u_payload_ram/PLACE_HFSBUF_631_402	0	0.555556
u_payload_ram/U2707	0	0.555556
u_payload_ram/U3355	0	1.55556
u_payload_ram/U2510	0	0.555556
u_zp/U14	0	1.55556
u_zp/U37	0	1.55556
u_zp/U164	0	1.55556
u_zp/U203	0	1.55556
u_payload_ram/U4045	0	0.555556
u_payload_ram/U1268	0	0.555556
u_payload_ram/U1176	0	0.555556
u_payload_ram/U1281	0	0.555556
u_payload_ram/U2895	0	1.55556
u_payload_ram/U2163	0	1.55556
u_payload_ram/U3502	0	2.55556
u_payload_ram/U2177	0	1.55556
u_payload_ram/U3812	0	1.55556
End_Cell_Waste
Total_Cell_Waste	2010
