 
****************************************
Report : timing
        -path full
        -delay max
        -max_paths 100
Design : zigbee_phy_tx
Version: O-2018.06-SP1
Date   : Fri Sep 18 09:41:13 2026
****************************************

 # A fanout number of 1000 was used for high fanout net computations.

Operating Conditions: WORST   Library: saed90nm_max
Wire Load Model Mode: enclosed

  Startpoint: u_sm_I/data_out_reg[2]
              (rising edge-triggered flip-flop clocked by DFT_CLK)
  Endpoint: u_sm_ram_I/mem_reg[33][2]
            (rising edge-triggered flip-flop clocked by DFT_CLK)
  Path Group: DFT_CLK
  Path Type: max

  Des/Clust/Port     Wire Load Model       Library
  ------------------------------------------------
  zigbee_phy_tx      ForQA                 saed90nm_max
  sm_ram_test_0      70000                 saed90nm_max

  Point                                                   Incr       Path
  --------------------------------------------------------------------------
  clock DFT_CLK (rise edge)                              45.00      45.00
  clock network delay (ideal)                             0.00      45.00
  u_sm_I/data_out_reg[2]/CLK (SDFFX1)                     0.00 #    45.00 r
  u_sm_I/data_out_reg[2]/Q (SDFFX1)                       0.59      45.59 r
  u_sm_I/data_out[2] (symbol_mapper_test_0)               0.00      45.59 r
  u_sm_ram_I/data_in[2] (sm_ram_test_0)                   0.00      45.59 r
  u_sm_ram_I/U1334/Z (NBUFFX2)                            1.27      46.86 r
  u_sm_ram_I/U1117/Z (NBUFFX2)                            3.84      50.70 r
  u_sm_ram_I/U1126/Z (NBUFFX2)                           18.27      68.97 r
  u_sm_ram_I/U2747/Q (AO22X1)                            75.23     144.20 r
  u_sm_ram_I/mem_reg[33][2]/D (SDFFX1)                    0.26     144.46 r
  data arrival time                                                144.46

  clock DFT_CLK (rise edge)                             145.00     145.00
  clock network delay (ideal)                             0.00     145.00
  clock uncertainty                                      -0.03     144.98
  u_sm_ram_I/mem_reg[33][2]/CLK (SDFFX1)                  0.00     144.98 r
  library setup time                                     -0.47     144.51
  data required time                                               144.51
  --------------------------------------------------------------------------
  data required time                                               144.51
  data arrival time                                               -144.46
  --------------------------------------------------------------------------
  slack (MET)                                                        0.05


  Startpoint: u_sm_I/data_out_reg[2]
              (rising edge-triggered flip-flop clocked by DFT_CLK)
  Endpoint: u_sm_ram_I/mem_reg[37][2]
            (rising edge-triggered flip-flop clocked by DFT_CLK)
  Path Group: DFT_CLK
  Path Type: max

  Des/Clust/Port     Wire Load Model       Library
  ------------------------------------------------
  zigbee_phy_tx      ForQA                 saed90nm_max
  sm_ram_test_0      70000                 saed90nm_max

  Point                                                   Incr       Path
  --------------------------------------------------------------------------
  clock DFT_CLK (rise edge)                              45.00      45.00
  clock network delay (ideal)                             0.00      45.00
  u_sm_I/data_out_reg[2]/CLK (SDFFX1)                     0.00 #    45.00 r
  u_sm_I/data_out_reg[2]/Q (SDFFX1)                       0.59      45.59 r
  u_sm_I/data_out[2] (symbol_mapper_test_0)               0.00      45.59 r
  u_sm_ram_I/data_in[2] (sm_ram_test_0)                   0.00      45.59 r
  u_sm_ram_I/U1334/Z (NBUFFX2)                            1.27      46.86 r
  u_sm_ram_I/U1117/Z (NBUFFX2)                            3.84      50.70 r
  u_sm_ram_I/U1126/Z (NBUFFX2)                           18.27      68.97 r
  u_sm_ram_I/U2763/Q (AO22X1)                            75.23     144.20 r
  u_sm_ram_I/mem_reg[37][2]/D (SDFFX1)                    0.26     144.46 r
  data arrival time                                                144.46

  clock DFT_CLK (rise edge)                             145.00     145.00
  clock network delay (ideal)                             0.00     145.00
  clock uncertainty                                      -0.03     144.98
  u_sm_ram_I/mem_reg[37][2]/CLK (SDFFX1)                  0.00     144.98 r
  library setup time                                     -0.47     144.51
  data required time                                               144.51
  --------------------------------------------------------------------------
  data required time                                               144.51
  data arrival time                                               -144.46
  --------------------------------------------------------------------------
  slack (MET)                                                        0.05


  Startpoint: u_sm_I/data_out_reg[2]
              (rising edge-triggered flip-flop clocked by DFT_CLK)
  Endpoint: u_sm_ram_I/mem_reg[40][2]
            (rising edge-triggered flip-flop clocked by DFT_CLK)
  Path Group: DFT_CLK
  Path Type: max

  Des/Clust/Port     Wire Load Model       Library
  ------------------------------------------------
  zigbee_phy_tx      ForQA                 saed90nm_max
  sm_ram_test_0      70000                 saed90nm_max

  Point                                                   Incr       Path
  --------------------------------------------------------------------------
  clock DFT_CLK (rise edge)                              45.00      45.00
  clock network delay (ideal)                             0.00      45.00
  u_sm_I/data_out_reg[2]/CLK (SDFFX1)                     0.00 #    45.00 r
  u_sm_I/data_out_reg[2]/Q (SDFFX1)                       0.59      45.59 r
  u_sm_I/data_out[2] (symbol_mapper_test_0)               0.00      45.59 r
  u_sm_ram_I/data_in[2] (sm_ram_test_0)                   0.00      45.59 r
  u_sm_ram_I/U1334/Z (NBUFFX2)                            1.27      46.86 r
  u_sm_ram_I/U1117/Z (NBUFFX2)                            3.84      50.70 r
  u_sm_ram_I/U1126/Z (NBUFFX2)                           18.27      68.97 r
  u_sm_ram_I/U2775/Q (AO22X1)                            75.23     144.20 r
  u_sm_ram_I/mem_reg[40][2]/D (SDFFX1)                    0.26     144.46 r
  data arrival time                                                144.46

  clock DFT_CLK (rise edge)                             145.00     145.00
  clock network delay (ideal)                             0.00     145.00
  clock uncertainty                                      -0.03     144.98
  u_sm_ram_I/mem_reg[40][2]/CLK (SDFFX1)                  0.00     144.98 r
  library setup time                                     -0.47     144.51
  data required time                                               144.51
  --------------------------------------------------------------------------
  data required time                                               144.51
  data arrival time                                               -144.46
  --------------------------------------------------------------------------
  slack (MET)                                                        0.05


  Startpoint: u_sm_I/data_out_reg[2]
              (rising edge-triggered flip-flop clocked by DFT_CLK)
  Endpoint: u_sm_ram_I/mem_reg[43][2]
            (rising edge-triggered flip-flop clocked by DFT_CLK)
  Path Group: DFT_CLK
  Path Type: max

  Des/Clust/Port     Wire Load Model       Library
  ------------------------------------------------
  zigbee_phy_tx      ForQA                 saed90nm_max
  sm_ram_test_0      70000                 saed90nm_max

  Point                                                   Incr       Path
  --------------------------------------------------------------------------
  clock DFT_CLK (rise edge)                              45.00      45.00
  clock network delay (ideal)                             0.00      45.00
  u_sm_I/data_out_reg[2]/CLK (SDFFX1)                     0.00 #    45.00 r
  u_sm_I/data_out_reg[2]/Q (SDFFX1)                       0.59      45.59 r
  u_sm_I/data_out[2] (symbol_mapper_test_0)               0.00      45.59 r
  u_sm_ram_I/data_in[2] (sm_ram_test_0)                   0.00      45.59 r
  u_sm_ram_I/U1334/Z (NBUFFX2)                            1.27      46.86 r
  u_sm_ram_I/U1117/Z (NBUFFX2)                            3.84      50.70 r
  u_sm_ram_I/U1126/Z (NBUFFX2)                           18.27      68.97 r
  u_sm_ram_I/U2787/Q (AO22X1)                            75.23     144.20 r
  u_sm_ram_I/mem_reg[43][2]/D (SDFFX1)                    0.26     144.46 r
  data arrival time                                                144.46

  clock DFT_CLK (rise edge)                             145.00     145.00
  clock network delay (ideal)                             0.00     145.00
  clock uncertainty                                      -0.03     144.98
  u_sm_ram_I/mem_reg[43][2]/CLK (SDFFX1)                  0.00     144.98 r
  library setup time                                     -0.47     144.51
  data required time                                               144.51
  --------------------------------------------------------------------------
  data required time                                               144.51
  data arrival time                                               -144.46
  --------------------------------------------------------------------------
  slack (MET)                                                        0.05


  Startpoint: u_sm_I/data_out_reg[2]
              (rising edge-triggered flip-flop clocked by DFT_CLK)
  Endpoint: u_sm_ram_I/mem_reg[46][2]
            (rising edge-triggered flip-flop clocked by DFT_CLK)
  Path Group: DFT_CLK
  Path Type: max

  Des/Clust/Port     Wire Load Model       Library
  ------------------------------------------------
  zigbee_phy_tx      ForQA                 saed90nm_max
  sm_ram_test_0      70000                 saed90nm_max

  Point                                                   Incr       Path
  --------------------------------------------------------------------------
  clock DFT_CLK (rise edge)                              45.00      45.00
  clock network delay (ideal)                             0.00      45.00
  u_sm_I/data_out_reg[2]/CLK (SDFFX1)                     0.00 #    45.00 r
  u_sm_I/data_out_reg[2]/Q (SDFFX1)                       0.59      45.59 r
  u_sm_I/data_out[2] (symbol_mapper_test_0)               0.00      45.59 r
  u_sm_ram_I/data_in[2] (sm_ram_test_0)                   0.00      45.59 r
  u_sm_ram_I/U1334/Z (NBUFFX2)                            1.27      46.86 r
  u_sm_ram_I/U1117/Z (NBUFFX2)                            3.84      50.70 r
  u_sm_ram_I/U1126/Z (NBUFFX2)                           18.27      68.97 r
  u_sm_ram_I/U2799/Q (AO22X1)                            75.23     144.20 r
  u_sm_ram_I/mem_reg[46][2]/D (SDFFX1)                    0.26     144.46 r
  data arrival time                                                144.46

  clock DFT_CLK (rise edge)                             145.00     145.00
  clock network delay (ideal)                             0.00     145.00
  clock uncertainty                                      -0.03     144.98
  u_sm_ram_I/mem_reg[46][2]/CLK (SDFFX1)                  0.00     144.98 r
  library setup time                                     -0.47     144.51
  data required time                                               144.51
  --------------------------------------------------------------------------
  data required time                                               144.51
  data arrival time                                               -144.46
  --------------------------------------------------------------------------
  slack (MET)                                                        0.05


  Startpoint: u_sm_I/data_out_reg[2]
              (rising edge-triggered flip-flop clocked by DFT_CLK)
  Endpoint: u_sm_ram_I/mem_reg[49][2]
            (rising edge-triggered flip-flop clocked by DFT_CLK)
  Path Group: DFT_CLK
  Path Type: max

  Des/Clust/Port     Wire Load Model       Library
  ------------------------------------------------
  zigbee_phy_tx      ForQA                 saed90nm_max
  sm_ram_test_0      70000                 saed90nm_max

  Point                                                   Incr       Path
  --------------------------------------------------------------------------
  clock DFT_CLK (rise edge)                              45.00      45.00
  clock network delay (ideal)                             0.00      45.00
  u_sm_I/data_out_reg[2]/CLK (SDFFX1)                     0.00 #    45.00 r
  u_sm_I/data_out_reg[2]/Q (SDFFX1)                       0.59      45.59 r
  u_sm_I/data_out[2] (symbol_mapper_test_0)               0.00      45.59 r
  u_sm_ram_I/data_in[2] (sm_ram_test_0)                   0.00      45.59 r
  u_sm_ram_I/U1334/Z (NBUFFX2)                            1.27      46.86 r
  u_sm_ram_I/U1117/Z (NBUFFX2)                            3.84      50.70 r
  u_sm_ram_I/U1126/Z (NBUFFX2)                           18.27      68.97 r
  u_sm_ram_I/U2812/Q (AO22X1)                            75.23     144.20 r
  u_sm_ram_I/mem_reg[49][2]/D (SDFFX1)                    0.26     144.46 r
  data arrival time                                                144.46

  clock DFT_CLK (rise edge)                             145.00     145.00
  clock network delay (ideal)                             0.00     145.00
  clock uncertainty                                      -0.03     144.98
  u_sm_ram_I/mem_reg[49][2]/CLK (SDFFX1)                  0.00     144.98 r
  library setup time                                     -0.47     144.51
  data required time                                               144.51
  --------------------------------------------------------------------------
  data required time                                               144.51
  data arrival time                                               -144.46
  --------------------------------------------------------------------------
  slack (MET)                                                        0.05


  Startpoint: u_sm_I/data_out_reg[2]
              (rising edge-triggered flip-flop clocked by DFT_CLK)
  Endpoint: u_sm_ram_I/mem_reg[52][2]
            (rising edge-triggered flip-flop clocked by DFT_CLK)
  Path Group: DFT_CLK
  Path Type: max

  Des/Clust/Port     Wire Load Model       Library
  ------------------------------------------------
  zigbee_phy_tx      ForQA                 saed90nm_max
  sm_ram_test_0      70000                 saed90nm_max

  Point                                                   Incr       Path
  --------------------------------------------------------------------------
  clock DFT_CLK (rise edge)                              45.00      45.00
  clock network delay (ideal)                             0.00      45.00
  u_sm_I/data_out_reg[2]/CLK (SDFFX1)                     0.00 #    45.00 r
  u_sm_I/data_out_reg[2]/Q (SDFFX1)                       0.59      45.59 r
  u_sm_I/data_out[2] (symbol_mapper_test_0)               0.00      45.59 r
  u_sm_ram_I/data_in[2] (sm_ram_test_0)                   0.00      45.59 r
  u_sm_ram_I/U1334/Z (NBUFFX2)                            1.27      46.86 r
  u_sm_ram_I/U1117/Z (NBUFFX2)                            3.84      50.70 r
  u_sm_ram_I/U1126/Z (NBUFFX2)                           18.27      68.97 r
  u_sm_ram_I/U2824/Q (AO22X1)                            75.23     144.20 r
  u_sm_ram_I/mem_reg[52][2]/D (SDFFX1)                    0.26     144.46 r
  data arrival time                                                144.46

  clock DFT_CLK (rise edge)                             145.00     145.00
  clock network delay (ideal)                             0.00     145.00
  clock uncertainty                                      -0.03     144.98
  u_sm_ram_I/mem_reg[52][2]/CLK (SDFFX1)                  0.00     144.98 r
  library setup time                                     -0.47     144.51
  data required time                                               144.51
  --------------------------------------------------------------------------
  data required time                                               144.51
  data arrival time                                               -144.46
  --------------------------------------------------------------------------
  slack (MET)                                                        0.05


  Startpoint: u_sm_I/data_out_reg[2]
              (rising edge-triggered flip-flop clocked by DFT_CLK)
  Endpoint: u_sm_ram_I/mem_reg[55][2]
            (rising edge-triggered flip-flop clocked by DFT_CLK)
  Path Group: DFT_CLK
  Path Type: max

  Des/Clust/Port     Wire Load Model       Library
  ------------------------------------------------
  zigbee_phy_tx      ForQA                 saed90nm_max
  sm_ram_test_0      70000                 saed90nm_max

  Point                                                   Incr       Path
  --------------------------------------------------------------------------
  clock DFT_CLK (rise edge)                              45.00      45.00
  clock network delay (ideal)                             0.00      45.00
  u_sm_I/data_out_reg[2]/CLK (SDFFX1)                     0.00 #    45.00 r
  u_sm_I/data_out_reg[2]/Q (SDFFX1)                       0.59      45.59 r
  u_sm_I/data_out[2] (symbol_mapper_test_0)               0.00      45.59 r
  u_sm_ram_I/data_in[2] (sm_ram_test_0)                   0.00      45.59 r
  u_sm_ram_I/U1334/Z (NBUFFX2)                            1.27      46.86 r
  u_sm_ram_I/U1117/Z (NBUFFX2)                            3.84      50.70 r
  u_sm_ram_I/U1126/Z (NBUFFX2)                           18.27      68.97 r
  u_sm_ram_I/U2836/Q (AO22X1)                            75.23     144.20 r
  u_sm_ram_I/mem_reg[55][2]/D (SDFFX1)                    0.26     144.46 r
  data arrival time                                                144.46

  clock DFT_CLK (rise edge)                             145.00     145.00
  clock network delay (ideal)                             0.00     145.00
  clock uncertainty                                      -0.03     144.98
  u_sm_ram_I/mem_reg[55][2]/CLK (SDFFX1)                  0.00     144.98 r
  library setup time                                     -0.47     144.51
  data required time                                               144.51
  --------------------------------------------------------------------------
  data required time                                               144.51
  data arrival time                                               -144.46
  --------------------------------------------------------------------------
  slack (MET)                                                        0.05


  Startpoint: u_sm_I/data_out_reg[2]
              (rising edge-triggered flip-flop clocked by DFT_CLK)
  Endpoint: u_sm_ram_I/mem_reg[77][2]
            (rising edge-triggered flip-flop clocked by DFT_CLK)
  Path Group: DFT_CLK
  Path Type: max

  Des/Clust/Port     Wire Load Model       Library
  ------------------------------------------------
  zigbee_phy_tx      ForQA                 saed90nm_max
  sm_ram_test_0      70000                 saed90nm_max

  Point                                                   Incr       Path
  --------------------------------------------------------------------------
  clock DFT_CLK (rise edge)                              45.00      45.00
  clock network delay (ideal)                             0.00      45.00
  u_sm_I/data_out_reg[2]/CLK (SDFFX1)                     0.00 #    45.00 r
  u_sm_I/data_out_reg[2]/Q (SDFFX1)                       0.59      45.59 r
  u_sm_I/data_out[2] (symbol_mapper_test_0)               0.00      45.59 r
  u_sm_ram_I/data_in[2] (sm_ram_test_0)                   0.00      45.59 r
  u_sm_ram_I/U1334/Z (NBUFFX2)                            1.27      46.86 r
  u_sm_ram_I/U1117/Z (NBUFFX2)                            3.84      50.70 r
  u_sm_ram_I/U1126/Z (NBUFFX2)                           18.27      68.97 r
  u_sm_ram_I/U2926/Q (AO22X1)                            75.23     144.20 r
  u_sm_ram_I/mem_reg[77][2]/D (SDFFX1)                    0.26     144.46 r
  data arrival time                                                144.46

  clock DFT_CLK (rise edge)                             145.00     145.00
  clock network delay (ideal)                             0.00     145.00
  clock uncertainty                                      -0.03     144.98
  u_sm_ram_I/mem_reg[77][2]/CLK (SDFFX1)                  0.00     144.98 r
  library setup time                                     -0.47     144.51
  data required time                                               144.51
  --------------------------------------------------------------------------
  data required time                                               144.51
  data arrival time                                               -144.46
  --------------------------------------------------------------------------
  slack (MET)                                                        0.05


  Startpoint: u_sm_I/data_out_reg[2]
              (rising edge-triggered flip-flop clocked by DFT_CLK)
  Endpoint: u_sm_ram_I/mem_reg[253][2]
            (rising edge-triggered flip-flop clocked by DFT_CLK)
  Path Group: DFT_CLK
  Path Type: max

  Des/Clust/Port     Wire Load Model       Library
  ------------------------------------------------
  zigbee_phy_tx      ForQA                 saed90nm_max
  sm_ram_test_0      70000                 saed90nm_max

  Point                                                   Incr       Path
  --------------------------------------------------------------------------
  clock DFT_CLK (rise edge)                              45.00      45.00
  clock network delay (ideal)                             0.00      45.00
  u_sm_I/data_out_reg[2]/CLK (SDFFX1)                     0.00 #    45.00 r
  u_sm_I/data_out_reg[2]/Q (SDFFX1)                       0.59      45.59 r
  u_sm_I/data_out[2] (symbol_mapper_test_0)               0.00      45.59 r
  u_sm_ram_I/data_in[2] (sm_ram_test_0)                   0.00      45.59 r
  u_sm_ram_I/U1334/Z (NBUFFX2)                            1.27      46.86 r
  u_sm_ram_I/U1117/Z (NBUFFX2)                            3.84      50.70 r
  u_sm_ram_I/U1126/Z (NBUFFX2)                           18.27      68.97 r
  u_sm_ram_I/U3658/Q (AO22X1)                            75.23     144.20 r
  u_sm_ram_I/mem_reg[253][2]/D (SDFFX1)                   0.26     144.46 r
  data arrival time                                                144.46

  clock DFT_CLK (rise edge)                             145.00     145.00
  clock network delay (ideal)                             0.00     145.00
  clock uncertainty                                      -0.03     144.98
  u_sm_ram_I/mem_reg[253][2]/CLK (SDFFX1)                 0.00     144.98 r
  library setup time                                     -0.47     144.51
  data required time                                               144.51
  --------------------------------------------------------------------------
  data required time                                               144.51
  data arrival time                                               -144.46
  --------------------------------------------------------------------------
  slack (MET)                                                        0.05


  Startpoint: u_zp/o_ram_address_reg[3]
              (rising edge-triggered flip-flop clocked by DFT_CLK)
  Endpoint: u_zp/latched_no_of_zeros_reg[1]
            (rising edge-triggered flip-flop clocked by DFT_CLK)
  Path Group: DFT_CLK
  Path Type: max

  Des/Clust/Port     Wire Load Model       Library
  ------------------------------------------------
  zigbee_phy_tx      ForQA                 saed90nm_max
  zero_padder_test_1 8000                  saed90nm_max
  payload_ram_test_1 70000                 saed90nm_max
  mux2x1_DATA_WIDTH8 ForQA                 saed90nm_max

  Point                                                   Incr       Path
  --------------------------------------------------------------------------
  clock DFT_CLK (rise edge)                              45.00      45.00
  clock network delay (ideal)                             0.00      45.00
  u_zp/o_ram_address_reg[3]/CLK (SDFFX1)                  0.00 #    45.00 r
  u_zp/o_ram_address_reg[3]/QN (SDFFX1)                   0.39      45.39 f
  u_zp/U105/ZN (INVX0)                                    0.14      45.53 r
  u_zp/o_ram_address[3] (zero_padder_test_1)              0.00      45.53 r
  u_payload_ram/rd_addr[3] (payload_ram_test_1)           0.00      45.53 r
  u_payload_ram/U1060/ZN (INVX0)                          0.30      45.83 f
  u_payload_ram/U1689/QN (NAND2X0)                        8.91      54.74 r
  u_payload_ram/U1057/Z (NBUFFX2)                        30.74      85.48 r
  u_payload_ram/U1127/Z (NBUFFX2)                        22.97     108.45 r
  u_payload_ram/U16/QN (OAI221X1)                        26.24     134.69 f
  u_payload_ram/U14/Q (OR4X1)                             0.79     135.47 f
  u_payload_ram/U3771/Q (AO22X1)                          0.61     136.08 f
  u_payload_ram/U3770/Q (AO221X1)                         0.64     136.72 f
  u_payload_ram/U3769/Q (AO22X1)                          0.56     137.28 f
  u_payload_ram/data_out[2] (payload_ram_test_1)          0.00     137.28 f
  u_zp_mux/in1[2] (mux2x1_DATA_WIDTH8)                    0.00     137.28 f
  u_zp_mux/U14/QN (NAND2X1)                               0.14     137.42 r
  u_zp_mux/U7/QN (NAND2X1)                                0.22     137.64 f
  u_zp_mux/out[2] (mux2x1_DATA_WIDTH8)                    0.00     137.64 f
  u_zp/i_payloadlength_data[2] (zero_padder_test_1)       0.00     137.64 f
  u_zp/U106/QN (NOR2X0)                                   1.15     138.79 r
  u_zp/U176/Q (AO21X1)                                    0.80     139.59 r
  u_zp/U173/Q (XNOR2X1)                                   0.60     140.18 r
  u_zp/U5/QN (NOR2X0)                                     0.34     140.52 f
  u_zp/U163/Q (OR2X1)                                     1.26     141.78 f
  u_zp/U162/QN (AOI22X1)                                  0.38     142.16 r
  u_zp/U114/QN (NOR2X0)                                   0.59     142.75 f
  u_zp/U161/Q (XNOR2X1)                                   0.45     143.20 r
  u_zp/U15/ZN (INVX0)                                     0.26     143.46 f
  u_zp/U16/ZN (INVX0)                                     0.24     143.71 r
  u_zp/U14/Q (AO21X1)                                     0.22     143.93 r
  u_zp/U6/QN (NAND2X0)                                    0.15     144.08 f
  u_zp/U158/Q (AO22X1)                                    0.29     144.36 f
  u_zp/latched_no_of_zeros_reg[1]/D (SDFFX1)              0.03     144.39 f
  data arrival time                                                144.39

  clock DFT_CLK (rise edge)                             145.00     145.00
  clock network delay (ideal)                             0.00     145.00
  clock uncertainty                                      -0.03     144.98
  u_zp/latched_no_of_zeros_reg[1]/CLK (SDFFX1)            0.00     144.98 r
  library setup time                                     -0.52     144.45
  data required time                                               144.45
  --------------------------------------------------------------------------
  data required time                                               144.45
  data arrival time                                               -144.39
  --------------------------------------------------------------------------
  slack (MET)                                                        0.06


  Startpoint: u_zp/o_ram_address_reg[3]
              (rising edge-triggered flip-flop clocked by DFT_CLK)
  Endpoint: u_zp/latched_no_of_zeros_reg[2]
            (rising edge-triggered flip-flop clocked by DFT_CLK)
  Path Group: DFT_CLK
  Path Type: max

  Des/Clust/Port     Wire Load Model       Library
  ------------------------------------------------
  zigbee_phy_tx      ForQA                 saed90nm_max
  zero_padder_test_1 8000                  saed90nm_max
  payload_ram_test_1 70000                 saed90nm_max
  mux2x1_DATA_WIDTH8 ForQA                 saed90nm_max

  Point                                                   Incr       Path
  --------------------------------------------------------------------------
  clock DFT_CLK (rise edge)                              45.00      45.00
  clock network delay (ideal)                             0.00      45.00
  u_zp/o_ram_address_reg[3]/CLK (SDFFX1)                  0.00 #    45.00 r
  u_zp/o_ram_address_reg[3]/QN (SDFFX1)                   0.39      45.39 f
  u_zp/U105/ZN (INVX0)                                    0.14      45.53 r
  u_zp/o_ram_address[3] (zero_padder_test_1)              0.00      45.53 r
  u_payload_ram/rd_addr[3] (payload_ram_test_1)           0.00      45.53 r
  u_payload_ram/U1060/ZN (INVX0)                          0.30      45.83 f
  u_payload_ram/U1689/QN (NAND2X0)                        8.91      54.74 r
  u_payload_ram/U1057/Z (NBUFFX2)                        30.74      85.48 r
  u_payload_ram/U1127/Z (NBUFFX2)                        22.97     108.45 r
  u_payload_ram/U16/QN (OAI221X1)                        26.24     134.69 f
  u_payload_ram/U14/Q (OR4X1)                             0.79     135.47 f
  u_payload_ram/U3771/Q (AO22X1)                          0.61     136.08 f
  u_payload_ram/U3770/Q (AO221X1)                         0.64     136.72 f
  u_payload_ram/U3769/Q (AO22X1)                          0.56     137.28 f
  u_payload_ram/data_out[2] (payload_ram_test_1)          0.00     137.28 f
  u_zp_mux/in1[2] (mux2x1_DATA_WIDTH8)                    0.00     137.28 f
  u_zp_mux/U14/QN (NAND2X1)                               0.14     137.42 r
  u_zp_mux/U7/QN (NAND2X1)                                0.22     137.64 f
  u_zp_mux/out[2] (mux2x1_DATA_WIDTH8)                    0.00     137.64 f
  u_zp/i_payloadlength_data[2] (zero_padder_test_1)       0.00     137.64 f
  u_zp/U106/QN (NOR2X0)                                   1.15     138.79 r
  u_zp/U176/Q (AO21X1)                                    0.80     139.59 r
  u_zp/U173/Q (XNOR2X1)                                   0.60     140.18 r
  u_zp/U5/QN (NOR2X0)                                     0.34     140.52 f
  u_zp/U163/Q (OR2X1)                                     1.26     141.78 f
  u_zp/U162/QN (AOI22X1)                                  0.38     142.16 r
  u_zp/U114/QN (NOR2X0)                                   0.59     142.75 f
  u_zp/U161/Q (XNOR2X1)                                   0.41     143.17 f
  u_zp/U15/ZN (INVX0)                                     0.25     143.42 r
  u_zp/U9/ZN (INVX0)                                      0.26     143.68 f
  u_zp/U153/Q (AO222X1)                                   0.39     144.07 f
  u_zp/U152/Q (AO22X1)                                    0.28     144.35 f
  u_zp/latched_no_of_zeros_reg[2]/D (SDFFX1)              0.03     144.38 f
  data arrival time                                                144.38

  clock DFT_CLK (rise edge)                             145.00     145.00
  clock network delay (ideal)                             0.00     145.00
  clock uncertainty                                      -0.03     144.98
  u_zp/latched_no_of_zeros_reg[2]/CLK (SDFFX1)            0.00     144.98 r
  library setup time                                     -0.52     144.45
  data required time                                               144.45
  --------------------------------------------------------------------------
  data required time                                               144.45
  data arrival time                                               -144.38
  --------------------------------------------------------------------------
  slack (MET)                                                        0.07


  Startpoint: u_ctrl_fsm/sm_ram_rd_addr_reg_reg[3]
              (rising edge-triggered flip-flop clocked by DFT_CLK)
  Endpoint: u_sm_ram_Q/data_out_reg[2]
            (rising edge-triggered flip-flop clocked by DFT_CLK)
  Path Group: DFT_CLK
  Path Type: max

  Des/Clust/Port     Wire Load Model       Library
  ------------------------------------------------
  zigbee_phy_tx      ForQA                 saed90nm_max
  sm_ram_test_1      70000                 saed90nm_max

  Point                                                   Incr       Path
  --------------------------------------------------------------------------
  clock DFT_CLK (rise edge)                              45.00      45.00
  clock network delay (ideal)                             0.00      45.00
  u_ctrl_fsm/sm_ram_rd_addr_reg_reg[3]/CLK (SDFFX1)       0.00 #    45.00 r
  u_ctrl_fsm/sm_ram_rd_addr_reg_reg[3]/Q (SDFFX1)         0.55      45.55 r
  u_ctrl_fsm/o_sm_ram_rd_addr[3] (master_ctrl_fsm_test_1)
                                                          0.00      45.55 r
  U9/ZN (INVX0)                                           0.24      45.79 f
  U7/ZN (INVX0)                                           0.14      45.93 r
  u_sm_ram_Q/rd_addr[3] (sm_ram_test_1)                   0.00      45.93 r
  u_sm_ram_Q/U2405/ZN (INVX0)                             0.35      46.28 f
  u_sm_ram_Q/U2413/QN (NAND2X0)                           0.48      46.76 r
  u_sm_ram_Q/U1055/Q (OR2X1)                             10.30      57.05 r
  u_sm_ram_Q/U2416/Z (NBUFFX4)                           14.17      71.22 r
  u_sm_ram_Q/U2348/Z (NBUFFX2)                            9.32      80.54 r
  u_sm_ram_Q/U4011/Q (OA22X1)                            60.63     141.18 r
  u_sm_ram_Q/U4010/Q (OA221X1)                            0.48     141.66 r
  u_sm_ram_Q/U4003/QN (NAND4X0)                           0.48     142.14 f
  u_sm_ram_Q/U4002/Q (AO22X1)                             0.57     142.71 f
  u_sm_ram_Q/U2367/QN (AOI221X1)                          0.72     143.44 r
  u_sm_ram_Q/U2364/QN (NAND4X0)                           0.55     143.98 f
  u_sm_ram_Q/data_out_reg[2]/D (SDFFX1)                   0.24     144.23 f
  data arrival time                                                144.23

  clock DFT_CLK (rise edge)                             145.00     145.00
  clock network delay (ideal)                             0.00     145.00
  clock uncertainty                                      -0.03     144.98
  u_sm_ram_Q/data_out_reg[2]/CLK (SDFFX1)                 0.00     144.98 r
  library setup time                                     -0.54     144.44
  data required time                                               144.44
  --------------------------------------------------------------------------
  data required time                                               144.44
  data arrival time                                               -144.23
  --------------------------------------------------------------------------
  slack (MET)                                                        0.21


  Startpoint: u_ctrl_fsm/sm_ram_rd_addr_reg_reg[3]
              (rising edge-triggered flip-flop clocked by DFT_CLK)
  Endpoint: u_sm_ram_Q/data_out_reg[1]
            (rising edge-triggered flip-flop clocked by DFT_CLK)
  Path Group: DFT_CLK
  Path Type: max

  Des/Clust/Port     Wire Load Model       Library
  ------------------------------------------------
  zigbee_phy_tx      ForQA                 saed90nm_max
  sm_ram_test_1      70000                 saed90nm_max

  Point                                                   Incr       Path
  --------------------------------------------------------------------------
  clock DFT_CLK (rise edge)                              45.00      45.00
  clock network delay (ideal)                             0.00      45.00
  u_ctrl_fsm/sm_ram_rd_addr_reg_reg[3]/CLK (SDFFX1)       0.00 #    45.00 r
  u_ctrl_fsm/sm_ram_rd_addr_reg_reg[3]/Q (SDFFX1)         0.55      45.55 r
  u_ctrl_fsm/o_sm_ram_rd_addr[3] (master_ctrl_fsm_test_1)
                                                          0.00      45.55 r
  U9/ZN (INVX0)                                           0.24      45.79 f
  U7/ZN (INVX0)                                           0.14      45.93 r
  u_sm_ram_Q/rd_addr[3] (sm_ram_test_1)                   0.00      45.93 r
  u_sm_ram_Q/U2405/ZN (INVX0)                             0.35      46.28 f
  u_sm_ram_Q/U2413/QN (NAND2X0)                           0.48      46.76 r
  u_sm_ram_Q/U1055/Q (OR2X1)                             10.30      57.05 r
  u_sm_ram_Q/U2416/Z (NBUFFX4)                           14.17      71.22 r
  u_sm_ram_Q/U2348/Z (NBUFFX2)                            9.32      80.54 r
  u_sm_ram_Q/U3868/Q (OA22X1)                            60.63     141.18 r
  u_sm_ram_Q/U3867/Q (OA221X1)                            0.48     141.66 r
  u_sm_ram_Q/U3860/QN (NAND4X0)                           0.48     142.14 f
  u_sm_ram_Q/U3850/Q (AO22X1)                             0.62     142.76 f
  u_sm_ram_Q/U2352/QN (AOI221X1)                          0.72     143.49 r
  u_sm_ram_Q/U2349/QN (NAND4X0)                           0.47     143.95 f
  u_sm_ram_Q/data_out_reg[1]/D (SDFFX1)                   0.24     144.20 f
  data arrival time                                                144.20

  clock DFT_CLK (rise edge)                             145.00     145.00
  clock network delay (ideal)                             0.00     145.00
  clock uncertainty                                      -0.03     144.98
  u_sm_ram_Q/data_out_reg[1]/CLK (SDFFX1)                 0.00     144.98 r
  library setup time                                     -0.54     144.44
  data required time                                               144.44
  --------------------------------------------------------------------------
  data required time                                               144.44
  data arrival time                                               -144.20
  --------------------------------------------------------------------------
  slack (MET)                                                        0.24


  Startpoint: u_sm_Q/data_out_reg[3]
              (rising edge-triggered flip-flop clocked by DFT_CLK)
  Endpoint: u_sm_ram_Q/mem_reg[43][3]
            (rising edge-triggered flip-flop clocked by DFT_CLK)
  Path Group: DFT_CLK
  Path Type: max

  Des/Clust/Port     Wire Load Model       Library
  ------------------------------------------------
  zigbee_phy_tx      ForQA                 saed90nm_max
  sm_ram_test_1      70000                 saed90nm_max

  Point                                                   Incr       Path
  --------------------------------------------------------------------------
  clock DFT_CLK (rise edge)                              45.00      45.00
  clock network delay (ideal)                             0.00      45.00
  u_sm_Q/data_out_reg[3]/CLK (SDFFX1)                     0.00 #    45.00 r
  u_sm_Q/data_out_reg[3]/Q (SDFFX1)                       0.67      45.67 r
  u_sm_Q/data_out[3] (symbol_mapper_test_1)               0.00      45.67 r
  u_sm_ram_Q/data_in[3] (sm_ram_test_1)                   0.00      45.67 r
  u_sm_ram_Q/U1577/Z (DELLN2X2)                          17.06      62.73 r
  u_sm_ram_Q/U1550/Z (NBUFFX2)                           24.61      87.34 r
  u_sm_ram_Q/U3456/Q (AO22X1)                            56.56     143.90 r
  u_sm_ram_Q/mem_reg[43][3]/D (SDFFX1)                    0.26     144.16 r
  data arrival time                                                144.16

  clock DFT_CLK (rise edge)                             145.00     145.00
  clock network delay (ideal)                             0.00     145.00
  clock uncertainty                                      -0.03     144.98
  u_sm_ram_Q/mem_reg[43][3]/CLK (SDFFX1)                  0.00     144.98 r
  library setup time                                     -0.47     144.51
  data required time                                               144.51
  --------------------------------------------------------------------------
  data required time                                               144.51
  data arrival time                                               -144.16
  --------------------------------------------------------------------------
  slack (MET)                                                        0.35


  Startpoint: u_sm_Q/data_out_reg[3]
              (rising edge-triggered flip-flop clocked by DFT_CLK)
  Endpoint: u_sm_ram_Q/mem_reg[53][3]
            (rising edge-triggered flip-flop clocked by DFT_CLK)
  Path Group: DFT_CLK
  Path Type: max

  Des/Clust/Port     Wire Load Model       Library
  ------------------------------------------------
  zigbee_phy_tx      ForQA                 saed90nm_max
  sm_ram_test_1      70000                 saed90nm_max

  Point                                                   Incr       Path
  --------------------------------------------------------------------------
  clock DFT_CLK (rise edge)                              45.00      45.00
  clock network delay (ideal)                             0.00      45.00
  u_sm_Q/data_out_reg[3]/CLK (SDFFX1)                     0.00 #    45.00 r
  u_sm_Q/data_out_reg[3]/Q (SDFFX1)                       0.67      45.67 r
  u_sm_Q/data_out[3] (symbol_mapper_test_1)               0.00      45.67 r
  u_sm_ram_Q/data_in[3] (sm_ram_test_1)                   0.00      45.67 r
  u_sm_ram_Q/U1512/Z (DELLN2X2)                          17.06      62.73 r
  u_sm_ram_Q/U1549/Z (NBUFFX2)                           24.61      87.34 r
  u_sm_ram_Q/U3415/Q (AO22X1)                            56.56     143.90 r
  u_sm_ram_Q/mem_reg[53][3]/D (SDFFX1)                    0.26     144.16 r
  data arrival time                                                144.16

  clock DFT_CLK (rise edge)                             145.00     145.00
  clock network delay (ideal)                             0.00     145.00
  clock uncertainty                                      -0.03     144.98
  u_sm_ram_Q/mem_reg[53][3]/CLK (SDFFX1)                  0.00     144.98 r
  library setup time                                     -0.47     144.51
  data required time                                               144.51
  --------------------------------------------------------------------------
  data required time                                               144.51
  data arrival time                                               -144.16
  --------------------------------------------------------------------------
  slack (MET)                                                        0.35


  Startpoint: u_sm_Q/data_out_reg[3]
              (rising edge-triggered flip-flop clocked by DFT_CLK)
  Endpoint: u_sm_ram_Q/mem_reg[150][3]
            (rising edge-triggered flip-flop clocked by DFT_CLK)
  Path Group: DFT_CLK
  Path Type: max

  Des/Clust/Port     Wire Load Model       Library
  ------------------------------------------------
  zigbee_phy_tx      ForQA                 saed90nm_max
  sm_ram_test_1      70000                 saed90nm_max

  Point                                                   Incr       Path
  --------------------------------------------------------------------------
  clock DFT_CLK (rise edge)                              45.00      45.00
  clock network delay (ideal)                             0.00      45.00
  u_sm_Q/data_out_reg[3]/CLK (SDFFX1)                     0.00 #    45.00 r
  u_sm_Q/data_out_reg[3]/Q (SDFFX1)                       0.67      45.67 r
  u_sm_Q/data_out[3] (symbol_mapper_test_1)               0.00      45.67 r
  u_sm_ram_Q/data_in[3] (sm_ram_test_1)                   0.00      45.67 r
  u_sm_ram_Q/U1512/Z (DELLN2X2)                          17.06      62.73 r
  u_sm_ram_Q/U1549/Z (NBUFFX2)                           24.61      87.34 r
  u_sm_ram_Q/U1290/Q (AO22X1)                            56.56     143.90 r
  u_sm_ram_Q/mem_reg[150][3]/D (SDFFX1)                   0.26     144.16 r
  data arrival time                                                144.16

  clock DFT_CLK (rise edge)                             145.00     145.00
  clock network delay (ideal)                             0.00     145.00
  clock uncertainty                                      -0.03     144.98
  u_sm_ram_Q/mem_reg[150][3]/CLK (SDFFX1)                 0.00     144.98 r
  library setup time                                     -0.47     144.51
  data required time                                               144.51
  --------------------------------------------------------------------------
  data required time                                               144.51
  data arrival time                                               -144.16
  --------------------------------------------------------------------------
  slack (MET)                                                        0.35


  Startpoint: u_sm_Q/data_out_reg[3]
              (rising edge-triggered flip-flop clocked by DFT_CLK)
  Endpoint: u_sm_ram_Q/mem_reg[152][3]
            (rising edge-triggered flip-flop clocked by DFT_CLK)
  Path Group: DFT_CLK
  Path Type: max

  Des/Clust/Port     Wire Load Model       Library
  ------------------------------------------------
  zigbee_phy_tx      ForQA                 saed90nm_max
  sm_ram_test_1      70000                 saed90nm_max

  Point                                                   Incr       Path
  --------------------------------------------------------------------------
  clock DFT_CLK (rise edge)                              45.00      45.00
  clock network delay (ideal)                             0.00      45.00
  u_sm_Q/data_out_reg[3]/CLK (SDFFX1)                     0.00 #    45.00 r
  u_sm_Q/data_out_reg[3]/Q (SDFFX1)                       0.67      45.67 r
  u_sm_Q/data_out[3] (symbol_mapper_test_1)               0.00      45.67 r
  u_sm_ram_Q/data_in[3] (sm_ram_test_1)                   0.00      45.67 r
  u_sm_ram_Q/U1512/Z (DELLN2X2)                          17.06      62.73 r
  u_sm_ram_Q/U1549/Z (NBUFFX2)                           24.61      87.34 r
  u_sm_ram_Q/U1287/Q (AO22X1)                            56.56     143.90 r
  u_sm_ram_Q/mem_reg[152][3]/D (SDFFX1)                   0.26     144.16 r
  data arrival time                                                144.16

  clock DFT_CLK (rise edge)                             145.00     145.00
  clock network delay (ideal)                             0.00     145.00
  clock uncertainty                                      -0.03     144.98
  u_sm_ram_Q/mem_reg[152][3]/CLK (SDFFX1)                 0.00     144.98 r
  library setup time                                     -0.47     144.51
  data required time                                               144.51
  --------------------------------------------------------------------------
  data required time                                               144.51
  data arrival time                                               -144.16
  --------------------------------------------------------------------------
  slack (MET)                                                        0.35


  Startpoint: u_sm_Q/data_out_reg[3]
              (rising edge-triggered flip-flop clocked by DFT_CLK)
  Endpoint: u_sm_ram_Q/mem_reg[154][3]
            (rising edge-triggered flip-flop clocked by DFT_CLK)
  Path Group: DFT_CLK
  Path Type: max

  Des/Clust/Port     Wire Load Model       Library
  ------------------------------------------------
  zigbee_phy_tx      ForQA                 saed90nm_max
  sm_ram_test_1      70000                 saed90nm_max

  Point                                                   Incr       Path
  --------------------------------------------------------------------------
  clock DFT_CLK (rise edge)                              45.00      45.00
  clock network delay (ideal)                             0.00      45.00
  u_sm_Q/data_out_reg[3]/CLK (SDFFX1)                     0.00 #    45.00 r
  u_sm_Q/data_out_reg[3]/Q (SDFFX1)                       0.67      45.67 r
  u_sm_Q/data_out[3] (symbol_mapper_test_1)               0.00      45.67 r
  u_sm_ram_Q/data_in[3] (sm_ram_test_1)                   0.00      45.67 r
  u_sm_ram_Q/U1512/Z (DELLN2X2)                          17.06      62.73 r
  u_sm_ram_Q/U1549/Z (NBUFFX2)                           24.61      87.34 r
  u_sm_ram_Q/U1283/Q (AO22X1)                            56.56     143.90 r
  u_sm_ram_Q/mem_reg[154][3]/D (SDFFX1)                   0.26     144.16 r
  data arrival time                                                144.16

  clock DFT_CLK (rise edge)                             145.00     145.00
  clock network delay (ideal)                             0.00     145.00
  clock uncertainty                                      -0.03     144.98
  u_sm_ram_Q/mem_reg[154][3]/CLK (SDFFX1)                 0.00     144.98 r
  library setup time                                     -0.47     144.51
  data required time                                               144.51
  --------------------------------------------------------------------------
  data required time                                               144.51
  data arrival time                                               -144.16
  --------------------------------------------------------------------------
  slack (MET)                                                        0.35


  Startpoint: u_sm_Q/data_out_reg[3]
              (rising edge-triggered flip-flop clocked by DFT_CLK)
  Endpoint: u_sm_ram_Q/mem_reg[155][3]
            (rising edge-triggered flip-flop clocked by DFT_CLK)
  Path Group: DFT_CLK
  Path Type: max

  Des/Clust/Port     Wire Load Model       Library
  ------------------------------------------------
  zigbee_phy_tx      ForQA                 saed90nm_max
  sm_ram_test_1      70000                 saed90nm_max

  Point                                                   Incr       Path
  --------------------------------------------------------------------------
  clock DFT_CLK (rise edge)                              45.00      45.00
  clock network delay (ideal)                             0.00      45.00
  u_sm_Q/data_out_reg[3]/CLK (SDFFX1)                     0.00 #    45.00 r
  u_sm_Q/data_out_reg[3]/Q (SDFFX1)                       0.67      45.67 r
  u_sm_Q/data_out[3] (symbol_mapper_test_1)               0.00      45.67 r
  u_sm_ram_Q/data_in[3] (sm_ram_test_1)                   0.00      45.67 r
  u_sm_ram_Q/U1577/Z (DELLN2X2)                          17.06      62.73 r
  u_sm_ram_Q/U1550/Z (NBUFFX2)                           24.61      87.34 r
  u_sm_ram_Q/U1281/Q (AO22X1)                            56.56     143.90 r
  u_sm_ram_Q/mem_reg[155][3]/D (SDFFX1)                   0.26     144.16 r
  data arrival time                                                144.16

  clock DFT_CLK (rise edge)                             145.00     145.00
  clock network delay (ideal)                             0.00     145.00
  clock uncertainty                                      -0.03     144.98
  u_sm_ram_Q/mem_reg[155][3]/CLK (SDFFX1)                 0.00     144.98 r
  library setup time                                     -0.47     144.51
  data required time                                               144.51
  --------------------------------------------------------------------------
  data required time                                               144.51
  data arrival time                                               -144.16
  --------------------------------------------------------------------------
  slack (MET)                                                        0.35


  Startpoint: u_sm_Q/data_out_reg[3]
              (rising edge-triggered flip-flop clocked by DFT_CLK)
  Endpoint: u_sm_ram_Q/mem_reg[156][3]
            (rising edge-triggered flip-flop clocked by DFT_CLK)
  Path Group: DFT_CLK
  Path Type: max

  Des/Clust/Port     Wire Load Model       Library
  ------------------------------------------------
  zigbee_phy_tx      ForQA                 saed90nm_max
  sm_ram_test_1      70000                 saed90nm_max

  Point                                                   Incr       Path
  --------------------------------------------------------------------------
  clock DFT_CLK (rise edge)                              45.00      45.00
  clock network delay (ideal)                             0.00      45.00
  u_sm_Q/data_out_reg[3]/CLK (SDFFX1)                     0.00 #    45.00 r
  u_sm_Q/data_out_reg[3]/Q (SDFFX1)                       0.67      45.67 r
  u_sm_Q/data_out[3] (symbol_mapper_test_1)               0.00      45.67 r
  u_sm_ram_Q/data_in[3] (sm_ram_test_1)                   0.00      45.67 r
  u_sm_ram_Q/U1512/Z (DELLN2X2)                          17.06      62.73 r
  u_sm_ram_Q/U1549/Z (NBUFFX2)                           24.61      87.34 r
  u_sm_ram_Q/U1279/Q (AO22X1)                            56.56     143.90 r
  u_sm_ram_Q/mem_reg[156][3]/D (SDFFX1)                   0.26     144.16 r
  data arrival time                                                144.16

  clock DFT_CLK (rise edge)                             145.00     145.00
  clock network delay (ideal)                             0.00     145.00
  clock uncertainty                                      -0.03     144.98
  u_sm_ram_Q/mem_reg[156][3]/CLK (SDFFX1)                 0.00     144.98 r
  library setup time                                     -0.47     144.51
  data required time                                               144.51
  --------------------------------------------------------------------------
  data required time                                               144.51
  data arrival time                                               -144.16
  --------------------------------------------------------------------------
  slack (MET)                                                        0.35


  Startpoint: u_sm_Q/data_out_reg[3]
              (rising edge-triggered flip-flop clocked by DFT_CLK)
  Endpoint: u_sm_ram_Q/mem_reg[157][3]
            (rising edge-triggered flip-flop clocked by DFT_CLK)
  Path Group: DFT_CLK
  Path Type: max

  Des/Clust/Port     Wire Load Model       Library
  ------------------------------------------------
  zigbee_phy_tx      ForQA                 saed90nm_max
  sm_ram_test_1      70000                 saed90nm_max

  Point                                                   Incr       Path
  --------------------------------------------------------------------------
  clock DFT_CLK (rise edge)                              45.00      45.00
  clock network delay (ideal)                             0.00      45.00
  u_sm_Q/data_out_reg[3]/CLK (SDFFX1)                     0.00 #    45.00 r
  u_sm_Q/data_out_reg[3]/Q (SDFFX1)                       0.67      45.67 r
  u_sm_Q/data_out[3] (symbol_mapper_test_1)               0.00      45.67 r
  u_sm_ram_Q/data_in[3] (sm_ram_test_1)                   0.00      45.67 r
  u_sm_ram_Q/U1577/Z (DELLN2X2)                          17.06      62.73 r
  u_sm_ram_Q/U1550/Z (NBUFFX2)                           24.61      87.34 r
  u_sm_ram_Q/U1277/Q (AO22X1)                            56.56     143.90 r
  u_sm_ram_Q/mem_reg[157][3]/D (SDFFX1)                   0.26     144.16 r
  data arrival time                                                144.16

  clock DFT_CLK (rise edge)                             145.00     145.00
  clock network delay (ideal)                             0.00     145.00
  clock uncertainty                                      -0.03     144.98
  u_sm_ram_Q/mem_reg[157][3]/CLK (SDFFX1)                 0.00     144.98 r
  library setup time                                     -0.47     144.51
  data required time                                               144.51
  --------------------------------------------------------------------------
  data required time                                               144.51
  data arrival time                                               -144.16
  --------------------------------------------------------------------------
  slack (MET)                                                        0.35


  Startpoint: u_sm_Q/data_out_reg[3]
              (rising edge-triggered flip-flop clocked by DFT_CLK)
  Endpoint: u_sm_ram_Q/mem_reg[158][3]
            (rising edge-triggered flip-flop clocked by DFT_CLK)
  Path Group: DFT_CLK
  Path Type: max

  Des/Clust/Port     Wire Load Model       Library
  ------------------------------------------------
  zigbee_phy_tx      ForQA                 saed90nm_max
  sm_ram_test_1      70000                 saed90nm_max

  Point                                                   Incr       Path
  --------------------------------------------------------------------------
  clock DFT_CLK (rise edge)                              45.00      45.00
  clock network delay (ideal)                             0.00      45.00
  u_sm_Q/data_out_reg[3]/CLK (SDFFX1)                     0.00 #    45.00 r
  u_sm_Q/data_out_reg[3]/Q (SDFFX1)                       0.67      45.67 r
  u_sm_Q/data_out[3] (symbol_mapper_test_1)               0.00      45.67 r
  u_sm_ram_Q/data_in[3] (sm_ram_test_1)                   0.00      45.67 r
  u_sm_ram_Q/U1577/Z (DELLN2X2)                          17.06      62.73 r
  u_sm_ram_Q/U1550/Z (NBUFFX2)                           24.61      87.34 r
  u_sm_ram_Q/U1275/Q (AO22X1)                            56.56     143.90 r
  u_sm_ram_Q/mem_reg[158][3]/D (SDFFX1)                   0.26     144.16 r
  data arrival time                                                144.16

  clock DFT_CLK (rise edge)                             145.00     145.00
  clock network delay (ideal)                             0.00     145.00
  clock uncertainty                                      -0.03     144.98
  u_sm_ram_Q/mem_reg[158][3]/CLK (SDFFX1)                 0.00     144.98 r
  library setup time                                     -0.47     144.51
  data required time                                               144.51
  --------------------------------------------------------------------------
  data required time                                               144.51
  data arrival time                                               -144.16
  --------------------------------------------------------------------------
  slack (MET)                                                        0.35


  Startpoint: u_sm_Q/data_out_reg[3]
              (rising edge-triggered flip-flop clocked by DFT_CLK)
  Endpoint: u_sm_ram_Q/mem_reg[159][3]
            (rising edge-triggered flip-flop clocked by DFT_CLK)
  Path Group: DFT_CLK
  Path Type: max

  Des/Clust/Port     Wire Load Model       Library
  ------------------------------------------------
  zigbee_phy_tx      ForQA                 saed90nm_max
  sm_ram_test_1      70000                 saed90nm_max

  Point                                                   Incr       Path
  --------------------------------------------------------------------------
  clock DFT_CLK (rise edge)                              45.00      45.00
  clock network delay (ideal)                             0.00      45.00
  u_sm_Q/data_out_reg[3]/CLK (SDFFX1)                     0.00 #    45.00 r
  u_sm_Q/data_out_reg[3]/Q (SDFFX1)                       0.67      45.67 r
  u_sm_Q/data_out[3] (symbol_mapper_test_1)               0.00      45.67 r
  u_sm_ram_Q/data_in[3] (sm_ram_test_1)                   0.00      45.67 r
  u_sm_ram_Q/U1512/Z (DELLN2X2)                          17.06      62.73 r
  u_sm_ram_Q/U1549/Z (NBUFFX2)                           24.61      87.34 r
  u_sm_ram_Q/U1273/Q (AO22X1)                            56.56     143.90 r
  u_sm_ram_Q/mem_reg[159][3]/D (SDFFX1)                   0.26     144.16 r
  data arrival time                                                144.16

  clock DFT_CLK (rise edge)                             145.00     145.00
  clock network delay (ideal)                             0.00     145.00
  clock uncertainty                                      -0.03     144.98
  u_sm_ram_Q/mem_reg[159][3]/CLK (SDFFX1)                 0.00     144.98 r
  library setup time                                     -0.47     144.51
  data required time                                               144.51
  --------------------------------------------------------------------------
  data required time                                               144.51
  data arrival time                                               -144.16
  --------------------------------------------------------------------------
  slack (MET)                                                        0.35


  Startpoint: u_sm_Q/data_out_reg[3]
              (rising edge-triggered flip-flop clocked by DFT_CLK)
  Endpoint: u_sm_ram_Q/mem_reg[160][3]
            (rising edge-triggered flip-flop clocked by DFT_CLK)
  Path Group: DFT_CLK
  Path Type: max

  Des/Clust/Port     Wire Load Model       Library
  ------------------------------------------------
  zigbee_phy_tx      ForQA                 saed90nm_max
  sm_ram_test_1      70000                 saed90nm_max

  Point                                                   Incr       Path
  --------------------------------------------------------------------------
  clock DFT_CLK (rise edge)                              45.00      45.00
  clock network delay (ideal)                             0.00      45.00
  u_sm_Q/data_out_reg[3]/CLK (SDFFX1)                     0.00 #    45.00 r
  u_sm_Q/data_out_reg[3]/Q (SDFFX1)                       0.67      45.67 r
  u_sm_Q/data_out[3] (symbol_mapper_test_1)               0.00      45.67 r
  u_sm_ram_Q/data_in[3] (sm_ram_test_1)                   0.00      45.67 r
  u_sm_ram_Q/U1577/Z (DELLN2X2)                          17.06      62.73 r
  u_sm_ram_Q/U1550/Z (NBUFFX2)                           24.61      87.34 r
  u_sm_ram_Q/U1271/Q (AO22X1)                            56.56     143.90 r
  u_sm_ram_Q/mem_reg[160][3]/D (SDFFX1)                   0.26     144.16 r
  data arrival time                                                144.16

  clock DFT_CLK (rise edge)                             145.00     145.00
  clock network delay (ideal)                             0.00     145.00
  clock uncertainty                                      -0.03     144.98
  u_sm_ram_Q/mem_reg[160][3]/CLK (SDFFX1)                 0.00     144.98 r
  library setup time                                     -0.47     144.51
  data required time                                               144.51
  --------------------------------------------------------------------------
  data required time                                               144.51
  data arrival time                                               -144.16
  --------------------------------------------------------------------------
  slack (MET)                                                        0.35


  Startpoint: u_sm_Q/data_out_reg[3]
              (rising edge-triggered flip-flop clocked by DFT_CLK)
  Endpoint: u_sm_ram_Q/mem_reg[161][3]
            (rising edge-triggered flip-flop clocked by DFT_CLK)
  Path Group: DFT_CLK
  Path Type: max

  Des/Clust/Port     Wire Load Model       Library
  ------------------------------------------------
  zigbee_phy_tx      ForQA                 saed90nm_max
  sm_ram_test_1      70000                 saed90nm_max

  Point                                                   Incr       Path
  --------------------------------------------------------------------------
  clock DFT_CLK (rise edge)                              45.00      45.00
  clock network delay (ideal)                             0.00      45.00
  u_sm_Q/data_out_reg[3]/CLK (SDFFX1)                     0.00 #    45.00 r
  u_sm_Q/data_out_reg[3]/Q (SDFFX1)                       0.67      45.67 r
  u_sm_Q/data_out[3] (symbol_mapper_test_1)               0.00      45.67 r
  u_sm_ram_Q/data_in[3] (sm_ram_test_1)                   0.00      45.67 r
  u_sm_ram_Q/U1512/Z (DELLN2X2)                          17.06      62.73 r
  u_sm_ram_Q/U1549/Z (NBUFFX2)                           24.61      87.34 r
  u_sm_ram_Q/U1269/Q (AO22X1)                            56.56     143.90 r
  u_sm_ram_Q/mem_reg[161][3]/D (SDFFX1)                   0.26     144.16 r
  data arrival time                                                144.16

  clock DFT_CLK (rise edge)                             145.00     145.00
  clock network delay (ideal)                             0.00     145.00
  clock uncertainty                                      -0.03     144.98
  u_sm_ram_Q/mem_reg[161][3]/CLK (SDFFX1)                 0.00     144.98 r
  library setup time                                     -0.47     144.51
  data required time                                               144.51
  --------------------------------------------------------------------------
  data required time                                               144.51
  data arrival time                                               -144.16
  --------------------------------------------------------------------------
  slack (MET)                                                        0.35


  Startpoint: u_sm_Q/data_out_reg[3]
              (rising edge-triggered flip-flop clocked by DFT_CLK)
  Endpoint: u_sm_ram_Q/mem_reg[162][3]
            (rising edge-triggered flip-flop clocked by DFT_CLK)
  Path Group: DFT_CLK
  Path Type: max

  Des/Clust/Port     Wire Load Model       Library
  ------------------------------------------------
  zigbee_phy_tx      ForQA                 saed90nm_max
  sm_ram_test_1      70000                 saed90nm_max

  Point                                                   Incr       Path
  --------------------------------------------------------------------------
  clock DFT_CLK (rise edge)                              45.00      45.00
  clock network delay (ideal)                             0.00      45.00
  u_sm_Q/data_out_reg[3]/CLK (SDFFX1)                     0.00 #    45.00 r
  u_sm_Q/data_out_reg[3]/Q (SDFFX1)                       0.67      45.67 r
  u_sm_Q/data_out[3] (symbol_mapper_test_1)               0.00      45.67 r
  u_sm_ram_Q/data_in[3] (sm_ram_test_1)                   0.00      45.67 r
  u_sm_ram_Q/U1577/Z (DELLN2X2)                          17.06      62.73 r
  u_sm_ram_Q/U1550/Z (NBUFFX2)                           24.61      87.34 r
  u_sm_ram_Q/U1267/Q (AO22X1)                            56.56     143.90 r
  u_sm_ram_Q/mem_reg[162][3]/D (SDFFX1)                   0.26     144.16 r
  data arrival time                                                144.16

  clock DFT_CLK (rise edge)                             145.00     145.00
  clock network delay (ideal)                             0.00     145.00
  clock uncertainty                                      -0.03     144.98
  u_sm_ram_Q/mem_reg[162][3]/CLK (SDFFX1)                 0.00     144.98 r
  library setup time                                     -0.47     144.51
  data required time                                               144.51
  --------------------------------------------------------------------------
  data required time                                               144.51
  data arrival time                                               -144.16
  --------------------------------------------------------------------------
  slack (MET)                                                        0.35


  Startpoint: u_sm_Q/data_out_reg[3]
              (rising edge-triggered flip-flop clocked by DFT_CLK)
  Endpoint: u_sm_ram_Q/mem_reg[164][3]
            (rising edge-triggered flip-flop clocked by DFT_CLK)
  Path Group: DFT_CLK
  Path Type: max

  Des/Clust/Port     Wire Load Model       Library
  ------------------------------------------------
  zigbee_phy_tx      ForQA                 saed90nm_max
  sm_ram_test_1      70000                 saed90nm_max

  Point                                                   Incr       Path
  --------------------------------------------------------------------------
  clock DFT_CLK (rise edge)                              45.00      45.00
  clock network delay (ideal)                             0.00      45.00
  u_sm_Q/data_out_reg[3]/CLK (SDFFX1)                     0.00 #    45.00 r
  u_sm_Q/data_out_reg[3]/Q (SDFFX1)                       0.67      45.67 r
  u_sm_Q/data_out[3] (symbol_mapper_test_1)               0.00      45.67 r
  u_sm_ram_Q/data_in[3] (sm_ram_test_1)                   0.00      45.67 r
  u_sm_ram_Q/U1577/Z (DELLN2X2)                          17.06      62.73 r
  u_sm_ram_Q/U1550/Z (NBUFFX2)                           24.61      87.34 r
  u_sm_ram_Q/U1263/Q (AO22X1)                            56.56     143.90 r
  u_sm_ram_Q/mem_reg[164][3]/D (SDFFX1)                   0.26     144.16 r
  data arrival time                                                144.16

  clock DFT_CLK (rise edge)                             145.00     145.00
  clock network delay (ideal)                             0.00     145.00
  clock uncertainty                                      -0.03     144.98
  u_sm_ram_Q/mem_reg[164][3]/CLK (SDFFX1)                 0.00     144.98 r
  library setup time                                     -0.47     144.51
  data required time                                               144.51
  --------------------------------------------------------------------------
  data required time                                               144.51
  data arrival time                                               -144.16
  --------------------------------------------------------------------------
  slack (MET)                                                        0.35


  Startpoint: u_sm_Q/data_out_reg[3]
              (rising edge-triggered flip-flop clocked by DFT_CLK)
  Endpoint: u_sm_ram_Q/mem_reg[171][3]
            (rising edge-triggered flip-flop clocked by DFT_CLK)
  Path Group: DFT_CLK
  Path Type: max

  Des/Clust/Port     Wire Load Model       Library
  ------------------------------------------------
  zigbee_phy_tx      ForQA                 saed90nm_max
  sm_ram_test_1      70000                 saed90nm_max

  Point                                                   Incr       Path
  --------------------------------------------------------------------------
  clock DFT_CLK (rise edge)                              45.00      45.00
  clock network delay (ideal)                             0.00      45.00
  u_sm_Q/data_out_reg[3]/CLK (SDFFX1)                     0.00 #    45.00 r
  u_sm_Q/data_out_reg[3]/Q (SDFFX1)                       0.67      45.67 r
  u_sm_Q/data_out[3] (symbol_mapper_test_1)               0.00      45.67 r
  u_sm_ram_Q/data_in[3] (sm_ram_test_1)                   0.00      45.67 r
  u_sm_ram_Q/U1512/Z (DELLN2X2)                          17.06      62.73 r
  u_sm_ram_Q/U1549/Z (NBUFFX2)                           24.61      87.34 r
  u_sm_ram_Q/U1249/Q (AO22X1)                            56.56     143.90 r
  u_sm_ram_Q/mem_reg[171][3]/D (SDFFX1)                   0.26     144.16 r
  data arrival time                                                144.16

  clock DFT_CLK (rise edge)                             145.00     145.00
  clock network delay (ideal)                             0.00     145.00
  clock uncertainty                                      -0.03     144.98
  u_sm_ram_Q/mem_reg[171][3]/CLK (SDFFX1)                 0.00     144.98 r
  library setup time                                     -0.47     144.51
  data required time                                               144.51
  --------------------------------------------------------------------------
  data required time                                               144.51
  data arrival time                                               -144.16
  --------------------------------------------------------------------------
  slack (MET)                                                        0.35


  Startpoint: u_sm_Q/data_out_reg[3]
              (rising edge-triggered flip-flop clocked by DFT_CLK)
  Endpoint: u_sm_ram_Q/mem_reg[173][3]
            (rising edge-triggered flip-flop clocked by DFT_CLK)
  Path Group: DFT_CLK
  Path Type: max

  Des/Clust/Port     Wire Load Model       Library
  ------------------------------------------------
  zigbee_phy_tx      ForQA                 saed90nm_max
  sm_ram_test_1      70000                 saed90nm_max

  Point                                                   Incr       Path
  --------------------------------------------------------------------------
  clock DFT_CLK (rise edge)                              45.00      45.00
  clock network delay (ideal)                             0.00      45.00
  u_sm_Q/data_out_reg[3]/CLK (SDFFX1)                     0.00 #    45.00 r
  u_sm_Q/data_out_reg[3]/Q (SDFFX1)                       0.67      45.67 r
  u_sm_Q/data_out[3] (symbol_mapper_test_1)               0.00      45.67 r
  u_sm_ram_Q/data_in[3] (sm_ram_test_1)                   0.00      45.67 r
  u_sm_ram_Q/U1512/Z (DELLN2X2)                          17.06      62.73 r
  u_sm_ram_Q/U1549/Z (NBUFFX2)                           24.61      87.34 r
  u_sm_ram_Q/U1245/Q (AO22X1)                            56.56     143.90 r
  u_sm_ram_Q/mem_reg[173][3]/D (SDFFX1)                   0.26     144.16 r
  data arrival time                                                144.16

  clock DFT_CLK (rise edge)                             145.00     145.00
  clock network delay (ideal)                             0.00     145.00
  clock uncertainty                                      -0.03     144.98
  u_sm_ram_Q/mem_reg[173][3]/CLK (SDFFX1)                 0.00     144.98 r
  library setup time                                     -0.47     144.51
  data required time                                               144.51
  --------------------------------------------------------------------------
  data required time                                               144.51
  data arrival time                                               -144.16
  --------------------------------------------------------------------------
  slack (MET)                                                        0.35


  Startpoint: u_sm_Q/data_out_reg[3]
              (rising edge-triggered flip-flop clocked by DFT_CLK)
  Endpoint: u_sm_ram_Q/mem_reg[174][3]
            (rising edge-triggered flip-flop clocked by DFT_CLK)
  Path Group: DFT_CLK
  Path Type: max

  Des/Clust/Port     Wire Load Model       Library
  ------------------------------------------------
  zigbee_phy_tx      ForQA                 saed90nm_max
  sm_ram_test_1      70000                 saed90nm_max

  Point                                                   Incr       Path
  --------------------------------------------------------------------------
  clock DFT_CLK (rise edge)                              45.00      45.00
  clock network delay (ideal)                             0.00      45.00
  u_sm_Q/data_out_reg[3]/CLK (SDFFX1)                     0.00 #    45.00 r
  u_sm_Q/data_out_reg[3]/Q (SDFFX1)                       0.67      45.67 r
  u_sm_Q/data_out[3] (symbol_mapper_test_1)               0.00      45.67 r
  u_sm_ram_Q/data_in[3] (sm_ram_test_1)                   0.00      45.67 r
  u_sm_ram_Q/U1577/Z (DELLN2X2)                          17.06      62.73 r
  u_sm_ram_Q/U1550/Z (NBUFFX2)                           24.61      87.34 r
  u_sm_ram_Q/U1243/Q (AO22X1)                            56.56     143.90 r
  u_sm_ram_Q/mem_reg[174][3]/D (SDFFX1)                   0.26     144.16 r
  data arrival time                                                144.16

  clock DFT_CLK (rise edge)                             145.00     145.00
  clock network delay (ideal)                             0.00     145.00
  clock uncertainty                                      -0.03     144.98
  u_sm_ram_Q/mem_reg[174][3]/CLK (SDFFX1)                 0.00     144.98 r
  library setup time                                     -0.47     144.51
  data required time                                               144.51
  --------------------------------------------------------------------------
  data required time                                               144.51
  data arrival time                                               -144.16
  --------------------------------------------------------------------------
  slack (MET)                                                        0.35


  Startpoint: u_sm_Q/data_out_reg[3]
              (rising edge-triggered flip-flop clocked by DFT_CLK)
  Endpoint: u_sm_ram_Q/mem_reg[176][3]
            (rising edge-triggered flip-flop clocked by DFT_CLK)
  Path Group: DFT_CLK
  Path Type: max

  Des/Clust/Port     Wire Load Model       Library
  ------------------------------------------------
  zigbee_phy_tx      ForQA                 saed90nm_max
  sm_ram_test_1      70000                 saed90nm_max

  Point                                                   Incr       Path
  --------------------------------------------------------------------------
  clock DFT_CLK (rise edge)                              45.00      45.00
  clock network delay (ideal)                             0.00      45.00
  u_sm_Q/data_out_reg[3]/CLK (SDFFX1)                     0.00 #    45.00 r
  u_sm_Q/data_out_reg[3]/Q (SDFFX1)                       0.67      45.67 r
  u_sm_Q/data_out[3] (symbol_mapper_test_1)               0.00      45.67 r
  u_sm_ram_Q/data_in[3] (sm_ram_test_1)                   0.00      45.67 r
  u_sm_ram_Q/U1577/Z (DELLN2X2)                          17.06      62.73 r
  u_sm_ram_Q/U1550/Z (NBUFFX2)                           24.61      87.34 r
  u_sm_ram_Q/U1239/Q (AO22X1)                            56.56     143.90 r
  u_sm_ram_Q/mem_reg[176][3]/D (SDFFX1)                   0.26     144.16 r
  data arrival time                                                144.16

  clock DFT_CLK (rise edge)                             145.00     145.00
  clock network delay (ideal)                             0.00     145.00
  clock uncertainty                                      -0.03     144.98
  u_sm_ram_Q/mem_reg[176][3]/CLK (SDFFX1)                 0.00     144.98 r
  library setup time                                     -0.47     144.51
  data required time                                               144.51
  --------------------------------------------------------------------------
  data required time                                               144.51
  data arrival time                                               -144.16
  --------------------------------------------------------------------------
  slack (MET)                                                        0.35


  Startpoint: u_sm_I/data_out_reg[1]
              (rising edge-triggered flip-flop clocked by DFT_CLK)
  Endpoint: u_sm_ram_I/mem_reg[7][1]
            (rising edge-triggered flip-flop clocked by DFT_CLK)
  Path Group: DFT_CLK
  Path Type: max

  Des/Clust/Port     Wire Load Model       Library
  ------------------------------------------------
  zigbee_phy_tx      ForQA                 saed90nm_max
  symbol_mapper_test_0
                     8000                  saed90nm_max
  sm_ram_test_0      70000                 saed90nm_max

  Point                                                   Incr       Path
  --------------------------------------------------------------------------
  clock DFT_CLK (rise edge)                              45.00      45.00
  clock network delay (ideal)                             0.00      45.00
  u_sm_I/data_out_reg[1]/CLK (SDFFX1)                     0.00 #    45.00 r
  u_sm_I/data_out_reg[1]/QN (SDFFX1)                      0.39      45.39 f
  u_sm_I/U20/ZN (INVX0)                                   0.36      45.75 r
  u_sm_I/data_out[1] (symbol_mapper_test_0)               0.00      45.75 r
  u_sm_ram_I/data_in[1] (sm_ram_test_0)                   0.00      45.75 r
  u_sm_ram_I/U1389/Z (NBUFFX2)                           13.54      59.29 r
  u_sm_ram_I/U1452/Z (NBUFFX2)                           28.03      87.32 r
  u_sm_ram_I/U2642/Q (AO22X1)                            56.55     143.87 r
  u_sm_ram_I/mem_reg[7][1]/D (SDFFX1)                     0.26     144.13 r
  data arrival time                                                144.13

  clock DFT_CLK (rise edge)                             145.00     145.00
  clock network delay (ideal)                             0.00     145.00
  clock uncertainty                                      -0.03     144.98
  u_sm_ram_I/mem_reg[7][1]/CLK (SDFFX1)                   0.00     144.98 r
  library setup time                                     -0.47     144.51
  data required time                                               144.51
  --------------------------------------------------------------------------
  data required time                                               144.51
  data arrival time                                               -144.13
  --------------------------------------------------------------------------
  slack (MET)                                                        0.38


  Startpoint: u_sm_I/data_out_reg[1]
              (rising edge-triggered flip-flop clocked by DFT_CLK)
  Endpoint: u_sm_ram_I/mem_reg[10][1]
            (rising edge-triggered flip-flop clocked by DFT_CLK)
  Path Group: DFT_CLK
  Path Type: max

  Des/Clust/Port     Wire Load Model       Library
  ------------------------------------------------
  zigbee_phy_tx      ForQA                 saed90nm_max
  symbol_mapper_test_0
                     8000                  saed90nm_max
  sm_ram_test_0      70000                 saed90nm_max

  Point                                                   Incr       Path
  --------------------------------------------------------------------------
  clock DFT_CLK (rise edge)                              45.00      45.00
  clock network delay (ideal)                             0.00      45.00
  u_sm_I/data_out_reg[1]/CLK (SDFFX1)                     0.00 #    45.00 r
  u_sm_I/data_out_reg[1]/QN (SDFFX1)                      0.39      45.39 f
  u_sm_I/U20/ZN (INVX0)                                   0.36      45.75 r
  u_sm_I/data_out[1] (symbol_mapper_test_0)               0.00      45.75 r
  u_sm_ram_I/data_in[1] (sm_ram_test_0)                   0.00      45.75 r
  u_sm_ram_I/U1389/Z (NBUFFX2)                           13.54      59.29 r
  u_sm_ram_I/U1452/Z (NBUFFX2)                           28.03      87.32 r
  u_sm_ram_I/U2654/Q (AO22X1)                            56.55     143.87 r
  u_sm_ram_I/mem_reg[10][1]/D (SDFFX1)                    0.26     144.13 r
  data arrival time                                                144.13

  clock DFT_CLK (rise edge)                             145.00     145.00
  clock network delay (ideal)                             0.00     145.00
  clock uncertainty                                      -0.03     144.98
  u_sm_ram_I/mem_reg[10][1]/CLK (SDFFX1)                  0.00     144.98 r
  library setup time                                     -0.47     144.51
  data required time                                               144.51
  --------------------------------------------------------------------------
  data required time                                               144.51
  data arrival time                                               -144.13
  --------------------------------------------------------------------------
  slack (MET)                                                        0.38


  Startpoint: u_sm_I/data_out_reg[1]
              (rising edge-triggered flip-flop clocked by DFT_CLK)
  Endpoint: u_sm_ram_I/mem_reg[13][1]
            (rising edge-triggered flip-flop clocked by DFT_CLK)
  Path Group: DFT_CLK
  Path Type: max

  Des/Clust/Port     Wire Load Model       Library
  ------------------------------------------------
  zigbee_phy_tx      ForQA                 saed90nm_max
  symbol_mapper_test_0
                     8000                  saed90nm_max
  sm_ram_test_0      70000                 saed90nm_max

  Point                                                   Incr       Path
  --------------------------------------------------------------------------
  clock DFT_CLK (rise edge)                              45.00      45.00
  clock network delay (ideal)                             0.00      45.00
  u_sm_I/data_out_reg[1]/CLK (SDFFX1)                     0.00 #    45.00 r
  u_sm_I/data_out_reg[1]/QN (SDFFX1)                      0.39      45.39 f
  u_sm_I/U20/ZN (INVX0)                                   0.36      45.75 r
  u_sm_I/data_out[1] (symbol_mapper_test_0)               0.00      45.75 r
  u_sm_ram_I/data_in[1] (sm_ram_test_0)                   0.00      45.75 r
  u_sm_ram_I/U1389/Z (NBUFFX2)                           13.54      59.29 r
  u_sm_ram_I/U1452/Z (NBUFFX2)                           28.03      87.32 r
  u_sm_ram_I/U2666/Q (AO22X1)                            56.55     143.87 r
  u_sm_ram_I/mem_reg[13][1]/D (SDFFX1)                    0.26     144.13 r
  data arrival time                                                144.13

  clock DFT_CLK (rise edge)                             145.00     145.00
  clock network delay (ideal)                             0.00     145.00
  clock uncertainty                                      -0.03     144.98
  u_sm_ram_I/mem_reg[13][1]/CLK (SDFFX1)                  0.00     144.98 r
  library setup time                                     -0.47     144.51
  data required time                                               144.51
  --------------------------------------------------------------------------
  data required time                                               144.51
  data arrival time                                               -144.13
  --------------------------------------------------------------------------
  slack (MET)                                                        0.38


  Startpoint: u_sm_I/data_out_reg[1]
              (rising edge-triggered flip-flop clocked by DFT_CLK)
  Endpoint: u_sm_ram_I/mem_reg[16][1]
            (rising edge-triggered flip-flop clocked by DFT_CLK)
  Path Group: DFT_CLK
  Path Type: max

  Des/Clust/Port     Wire Load Model       Library
  ------------------------------------------------
  zigbee_phy_tx      ForQA                 saed90nm_max
  symbol_mapper_test_0
                     8000                  saed90nm_max
  sm_ram_test_0      70000                 saed90nm_max

  Point                                                   Incr       Path
  --------------------------------------------------------------------------
  clock DFT_CLK (rise edge)                              45.00      45.00
  clock network delay (ideal)                             0.00      45.00
  u_sm_I/data_out_reg[1]/CLK (SDFFX1)                     0.00 #    45.00 r
  u_sm_I/data_out_reg[1]/QN (SDFFX1)                      0.39      45.39 f
  u_sm_I/U20/ZN (INVX0)                                   0.36      45.75 r
  u_sm_I/data_out[1] (symbol_mapper_test_0)               0.00      45.75 r
  u_sm_ram_I/data_in[1] (sm_ram_test_0)                   0.00      45.75 r
  u_sm_ram_I/U1389/Z (NBUFFX2)                           13.54      59.29 r
  u_sm_ram_I/U1452/Z (NBUFFX2)                           28.03      87.32 r
  u_sm_ram_I/U2679/Q (AO22X1)                            56.55     143.87 r
  u_sm_ram_I/mem_reg[16][1]/D (SDFFX1)                    0.26     144.13 r
  data arrival time                                                144.13

  clock DFT_CLK (rise edge)                             145.00     145.00
  clock network delay (ideal)                             0.00     145.00
  clock uncertainty                                      -0.03     144.98
  u_sm_ram_I/mem_reg[16][1]/CLK (SDFFX1)                  0.00     144.98 r
  library setup time                                     -0.47     144.51
  data required time                                               144.51
  --------------------------------------------------------------------------
  data required time                                               144.51
  data arrival time                                               -144.13
  --------------------------------------------------------------------------
  slack (MET)                                                        0.38


  Startpoint: u_sm_I/data_out_reg[1]
              (rising edge-triggered flip-flop clocked by DFT_CLK)
  Endpoint: u_sm_ram_I/mem_reg[19][1]
            (rising edge-triggered flip-flop clocked by DFT_CLK)
  Path Group: DFT_CLK
  Path Type: max

  Des/Clust/Port     Wire Load Model       Library
  ------------------------------------------------
  zigbee_phy_tx      ForQA                 saed90nm_max
  symbol_mapper_test_0
                     8000                  saed90nm_max
  sm_ram_test_0      70000                 saed90nm_max

  Point                                                   Incr       Path
  --------------------------------------------------------------------------
  clock DFT_CLK (rise edge)                              45.00      45.00
  clock network delay (ideal)                             0.00      45.00
  u_sm_I/data_out_reg[1]/CLK (SDFFX1)                     0.00 #    45.00 r
  u_sm_I/data_out_reg[1]/QN (SDFFX1)                      0.39      45.39 f
  u_sm_I/U20/ZN (INVX0)                                   0.36      45.75 r
  u_sm_I/data_out[1] (symbol_mapper_test_0)               0.00      45.75 r
  u_sm_ram_I/data_in[1] (sm_ram_test_0)                   0.00      45.75 r
  u_sm_ram_I/U1389/Z (NBUFFX2)                           13.54      59.29 r
  u_sm_ram_I/U1452/Z (NBUFFX2)                           28.03      87.32 r
  u_sm_ram_I/U2691/Q (AO22X1)                            56.55     143.87 r
  u_sm_ram_I/mem_reg[19][1]/D (SDFFX1)                    0.26     144.13 r
  data arrival time                                                144.13

  clock DFT_CLK (rise edge)                             145.00     145.00
  clock network delay (ideal)                             0.00     145.00
  clock uncertainty                                      -0.03     144.98
  u_sm_ram_I/mem_reg[19][1]/CLK (SDFFX1)                  0.00     144.98 r
  library setup time                                     -0.47     144.51
  data required time                                               144.51
  --------------------------------------------------------------------------
  data required time                                               144.51
  data arrival time                                               -144.13
  --------------------------------------------------------------------------
  slack (MET)                                                        0.38


  Startpoint: u_sm_I/data_out_reg[1]
              (rising edge-triggered flip-flop clocked by DFT_CLK)
  Endpoint: u_sm_ram_I/mem_reg[22][1]
            (rising edge-triggered flip-flop clocked by DFT_CLK)
  Path Group: DFT_CLK
  Path Type: max

  Des/Clust/Port     Wire Load Model       Library
  ------------------------------------------------
  zigbee_phy_tx      ForQA                 saed90nm_max
  symbol_mapper_test_0
                     8000                  saed90nm_max
  sm_ram_test_0      70000                 saed90nm_max

  Point                                                   Incr       Path
  --------------------------------------------------------------------------
  clock DFT_CLK (rise edge)                              45.00      45.00
  clock network delay (ideal)                             0.00      45.00
  u_sm_I/data_out_reg[1]/CLK (SDFFX1)                     0.00 #    45.00 r
  u_sm_I/data_out_reg[1]/QN (SDFFX1)                      0.39      45.39 f
  u_sm_I/U20/ZN (INVX0)                                   0.36      45.75 r
  u_sm_I/data_out[1] (symbol_mapper_test_0)               0.00      45.75 r
  u_sm_ram_I/data_in[1] (sm_ram_test_0)                   0.00      45.75 r
  u_sm_ram_I/U1389/Z (NBUFFX2)                           13.54      59.29 r
  u_sm_ram_I/U1452/Z (NBUFFX2)                           28.03      87.32 r
  u_sm_ram_I/U2703/Q (AO22X1)                            56.55     143.87 r
  u_sm_ram_I/mem_reg[22][1]/D (SDFFX1)                    0.26     144.13 r
  data arrival time                                                144.13

  clock DFT_CLK (rise edge)                             145.00     145.00
  clock network delay (ideal)                             0.00     145.00
  clock uncertainty                                      -0.03     144.98
  u_sm_ram_I/mem_reg[22][1]/CLK (SDFFX1)                  0.00     144.98 r
  library setup time                                     -0.47     144.51
  data required time                                               144.51
  --------------------------------------------------------------------------
  data required time                                               144.51
  data arrival time                                               -144.13
  --------------------------------------------------------------------------
  slack (MET)                                                        0.38


  Startpoint: u_sm_I/data_out_reg[1]
              (rising edge-triggered flip-flop clocked by DFT_CLK)
  Endpoint: u_sm_ram_I/mem_reg[25][1]
            (rising edge-triggered flip-flop clocked by DFT_CLK)
  Path Group: DFT_CLK
  Path Type: max

  Des/Clust/Port     Wire Load Model       Library
  ------------------------------------------------
  zigbee_phy_tx      ForQA                 saed90nm_max
  symbol_mapper_test_0
                     8000                  saed90nm_max
  sm_ram_test_0      70000                 saed90nm_max

  Point                                                   Incr       Path
  --------------------------------------------------------------------------
  clock DFT_CLK (rise edge)                              45.00      45.00
  clock network delay (ideal)                             0.00      45.00
  u_sm_I/data_out_reg[1]/CLK (SDFFX1)                     0.00 #    45.00 r
  u_sm_I/data_out_reg[1]/QN (SDFFX1)                      0.39      45.39 f
  u_sm_I/U20/ZN (INVX0)                                   0.36      45.75 r
  u_sm_I/data_out[1] (symbol_mapper_test_0)               0.00      45.75 r
  u_sm_ram_I/data_in[1] (sm_ram_test_0)                   0.00      45.75 r
  u_sm_ram_I/U1389/Z (NBUFFX2)                           13.54      59.29 r
  u_sm_ram_I/U1452/Z (NBUFFX2)                           28.03      87.32 r
  u_sm_ram_I/U2715/Q (AO22X1)                            56.55     143.87 r
  u_sm_ram_I/mem_reg[25][1]/D (SDFFX1)                    0.26     144.13 r
  data arrival time                                                144.13

  clock DFT_CLK (rise edge)                             145.00     145.00
  clock network delay (ideal)                             0.00     145.00
  clock uncertainty                                      -0.03     144.98
  u_sm_ram_I/mem_reg[25][1]/CLK (SDFFX1)                  0.00     144.98 r
  library setup time                                     -0.47     144.51
  data required time                                               144.51
  --------------------------------------------------------------------------
  data required time                                               144.51
  data arrival time                                               -144.13
  --------------------------------------------------------------------------
  slack (MET)                                                        0.38


  Startpoint: u_sm_I/data_out_reg[1]
              (rising edge-triggered flip-flop clocked by DFT_CLK)
  Endpoint: u_sm_ram_I/mem_reg[28][1]
            (rising edge-triggered flip-flop clocked by DFT_CLK)
  Path Group: DFT_CLK
  Path Type: max

  Des/Clust/Port     Wire Load Model       Library
  ------------------------------------------------
  zigbee_phy_tx      ForQA                 saed90nm_max
  symbol_mapper_test_0
                     8000                  saed90nm_max
  sm_ram_test_0      70000                 saed90nm_max

  Point                                                   Incr       Path
  --------------------------------------------------------------------------
  clock DFT_CLK (rise edge)                              45.00      45.00
  clock network delay (ideal)                             0.00      45.00
  u_sm_I/data_out_reg[1]/CLK (SDFFX1)                     0.00 #    45.00 r
  u_sm_I/data_out_reg[1]/QN (SDFFX1)                      0.39      45.39 f
  u_sm_I/U20/ZN (INVX0)                                   0.36      45.75 r
  u_sm_I/data_out[1] (symbol_mapper_test_0)               0.00      45.75 r
  u_sm_ram_I/data_in[1] (sm_ram_test_0)                   0.00      45.75 r
  u_sm_ram_I/U1389/Z (NBUFFX2)                           13.54      59.29 r
  u_sm_ram_I/U1452/Z (NBUFFX2)                           28.03      87.32 r
  u_sm_ram_I/U2727/Q (AO22X1)                            56.55     143.87 r
  u_sm_ram_I/mem_reg[28][1]/D (SDFFX1)                    0.26     144.13 r
  data arrival time                                                144.13

  clock DFT_CLK (rise edge)                             145.00     145.00
  clock network delay (ideal)                             0.00     145.00
  clock uncertainty                                      -0.03     144.98
  u_sm_ram_I/mem_reg[28][1]/CLK (SDFFX1)                  0.00     144.98 r
  library setup time                                     -0.47     144.51
  data required time                                               144.51
  --------------------------------------------------------------------------
  data required time                                               144.51
  data arrival time                                               -144.13
  --------------------------------------------------------------------------
  slack (MET)                                                        0.38


  Startpoint: u_sm_I/data_out_reg[1]
              (rising edge-triggered flip-flop clocked by DFT_CLK)
  Endpoint: u_sm_ram_I/mem_reg[252][1]
            (rising edge-triggered flip-flop clocked by DFT_CLK)
  Path Group: DFT_CLK
  Path Type: max

  Des/Clust/Port     Wire Load Model       Library
  ------------------------------------------------
  zigbee_phy_tx      ForQA                 saed90nm_max
  symbol_mapper_test_0
                     8000                  saed90nm_max
  sm_ram_test_0      70000                 saed90nm_max

  Point                                                   Incr       Path
  --------------------------------------------------------------------------
  clock DFT_CLK (rise edge)                              45.00      45.00
  clock network delay (ideal)                             0.00      45.00
  u_sm_I/data_out_reg[1]/CLK (SDFFX1)                     0.00 #    45.00 r
  u_sm_I/data_out_reg[1]/QN (SDFFX1)                      0.39      45.39 f
  u_sm_I/U20/ZN (INVX0)                                   0.36      45.75 r
  u_sm_I/data_out[1] (symbol_mapper_test_0)               0.00      45.75 r
  u_sm_ram_I/data_in[1] (sm_ram_test_0)                   0.00      45.75 r
  u_sm_ram_I/U1389/Z (NBUFFX2)                           13.54      59.29 r
  u_sm_ram_I/U1452/Z (NBUFFX2)                           28.03      87.32 r
  u_sm_ram_I/U3654/Q (AO22X1)                            56.55     143.87 r
  u_sm_ram_I/mem_reg[252][1]/D (SDFFX1)                   0.26     144.13 r
  data arrival time                                                144.13

  clock DFT_CLK (rise edge)                             145.00     145.00
  clock network delay (ideal)                             0.00     145.00
  clock uncertainty                                      -0.03     144.98
  u_sm_ram_I/mem_reg[252][1]/CLK (SDFFX1)                 0.00     144.98 r
  library setup time                                     -0.47     144.51
  data required time                                               144.51
  --------------------------------------------------------------------------
  data required time                                               144.51
  data arrival time                                               -144.13
  --------------------------------------------------------------------------
  slack (MET)                                                        0.38


  Startpoint: u_sm_I/data_out_reg[3]
              (rising edge-triggered flip-flop clocked by DFT_CLK)
  Endpoint: u_sm_ram_I/mem_reg[177][3]
            (rising edge-triggered flip-flop clocked by DFT_CLK)
  Path Group: DFT_CLK
  Path Type: max

  Des/Clust/Port     Wire Load Model       Library
  ------------------------------------------------
  zigbee_phy_tx      ForQA                 saed90nm_max
  sm_ram_test_0      70000                 saed90nm_max

  Point                                                   Incr       Path
  --------------------------------------------------------------------------
  clock DFT_CLK (rise edge)                              45.00      45.00
  clock network delay (ideal)                             0.00      45.00
  u_sm_I/data_out_reg[3]/CLK (SDFFX1)                     0.00 #    45.00 r
  u_sm_I/data_out_reg[3]/Q (SDFFX1)                       0.60      45.60 r
  u_sm_I/data_out[3] (symbol_mapper_test_0)               0.00      45.60 r
  u_sm_ram_I/data_in[3] (sm_ram_test_0)                   0.00      45.60 r
  u_sm_ram_I/U1110/Z (DELLN1X2)                           2.51      48.11 r
  u_sm_ram_I/U1088/Z (NBUFFX2)                           19.87      67.98 r
  u_sm_ram_I/U1468/Z (DELLN1X2)                          18.98      86.96 r
  u_sm_ram_I/U3333/Q (AO22X1)                            56.61     143.57 r
  u_sm_ram_I/mem_reg[177][3]/D (SDFFX1)                   0.26     143.83 r
  data arrival time                                                143.83

  clock DFT_CLK (rise edge)                             145.00     145.00
  clock network delay (ideal)                             0.00     145.00
  clock uncertainty                                      -0.03     144.98
  u_sm_ram_I/mem_reg[177][3]/CLK (SDFFX1)                 0.00     144.98 r
  library setup time                                     -0.47     144.51
  data required time                                               144.51
  --------------------------------------------------------------------------
  data required time                                               144.51
  data arrival time                                               -143.83
  --------------------------------------------------------------------------
  slack (MET)                                                        0.68


  Startpoint: u_sm_I/data_out_reg[3]
              (rising edge-triggered flip-flop clocked by DFT_CLK)
  Endpoint: u_sm_ram_I/mem_reg[180][3]
            (rising edge-triggered flip-flop clocked by DFT_CLK)
  Path Group: DFT_CLK
  Path Type: max

  Des/Clust/Port     Wire Load Model       Library
  ------------------------------------------------
  zigbee_phy_tx      ForQA                 saed90nm_max
  sm_ram_test_0      70000                 saed90nm_max

  Point                                                   Incr       Path
  --------------------------------------------------------------------------
  clock DFT_CLK (rise edge)                              45.00      45.00
  clock network delay (ideal)                             0.00      45.00
  u_sm_I/data_out_reg[3]/CLK (SDFFX1)                     0.00 #    45.00 r
  u_sm_I/data_out_reg[3]/Q (SDFFX1)                       0.60      45.60 r
  u_sm_I/data_out[3] (symbol_mapper_test_0)               0.00      45.60 r
  u_sm_ram_I/data_in[3] (sm_ram_test_0)                   0.00      45.60 r
  u_sm_ram_I/U1110/Z (DELLN1X2)                           2.51      48.11 r
  u_sm_ram_I/U1088/Z (NBUFFX2)                           19.87      67.98 r
  u_sm_ram_I/U1468/Z (DELLN1X2)                          18.98      86.96 r
  u_sm_ram_I/U3345/Q (AO22X1)                            56.61     143.57 r
  u_sm_ram_I/mem_reg[180][3]/D (SDFFX1)                   0.26     143.83 r
  data arrival time                                                143.83

  clock DFT_CLK (rise edge)                             145.00     145.00
  clock network delay (ideal)                             0.00     145.00
  clock uncertainty                                      -0.03     144.98
  u_sm_ram_I/mem_reg[180][3]/CLK (SDFFX1)                 0.00     144.98 r
  library setup time                                     -0.47     144.51
  data required time                                               144.51
  --------------------------------------------------------------------------
  data required time                                               144.51
  data arrival time                                               -143.83
  --------------------------------------------------------------------------
  slack (MET)                                                        0.68


  Startpoint: u_sm_I/data_out_reg[3]
              (rising edge-triggered flip-flop clocked by DFT_CLK)
  Endpoint: u_sm_ram_I/mem_reg[183][3]
            (rising edge-triggered flip-flop clocked by DFT_CLK)
  Path Group: DFT_CLK
  Path Type: max

  Des/Clust/Port     Wire Load Model       Library
  ------------------------------------------------
  zigbee_phy_tx      ForQA                 saed90nm_max
  sm_ram_test_0      70000                 saed90nm_max

  Point                                                   Incr       Path
  --------------------------------------------------------------------------
  clock DFT_CLK (rise edge)                              45.00      45.00
  clock network delay (ideal)                             0.00      45.00
  u_sm_I/data_out_reg[3]/CLK (SDFFX1)                     0.00 #    45.00 r
  u_sm_I/data_out_reg[3]/Q (SDFFX1)                       0.60      45.60 r
  u_sm_I/data_out[3] (symbol_mapper_test_0)               0.00      45.60 r
  u_sm_ram_I/data_in[3] (sm_ram_test_0)                   0.00      45.60 r
  u_sm_ram_I/U1110/Z (DELLN1X2)                           2.51      48.11 r
  u_sm_ram_I/U1088/Z (NBUFFX2)                           19.87      67.98 r
  u_sm_ram_I/U1468/Z (DELLN1X2)                          18.98      86.96 r
  u_sm_ram_I/U3357/Q (AO22X1)                            56.61     143.57 r
  u_sm_ram_I/mem_reg[183][3]/D (SDFFX1)                   0.26     143.83 r
  data arrival time                                                143.83

  clock DFT_CLK (rise edge)                             145.00     145.00
  clock network delay (ideal)                             0.00     145.00
  clock uncertainty                                      -0.03     144.98
  u_sm_ram_I/mem_reg[183][3]/CLK (SDFFX1)                 0.00     144.98 r
  library setup time                                     -0.47     144.51
  data required time                                               144.51
  --------------------------------------------------------------------------
  data required time                                               144.51
  data arrival time                                               -143.83
  --------------------------------------------------------------------------
  slack (MET)                                                        0.68


  Startpoint: u_sm_I/data_out_reg[3]
              (rising edge-triggered flip-flop clocked by DFT_CLK)
  Endpoint: u_sm_ram_I/mem_reg[186][3]
            (rising edge-triggered flip-flop clocked by DFT_CLK)
  Path Group: DFT_CLK
  Path Type: max

  Des/Clust/Port     Wire Load Model       Library
  ------------------------------------------------
  zigbee_phy_tx      ForQA                 saed90nm_max
  sm_ram_test_0      70000                 saed90nm_max

  Point                                                   Incr       Path
  --------------------------------------------------------------------------
  clock DFT_CLK (rise edge)                              45.00      45.00
  clock network delay (ideal)                             0.00      45.00
  u_sm_I/data_out_reg[3]/CLK (SDFFX1)                     0.00 #    45.00 r
  u_sm_I/data_out_reg[3]/Q (SDFFX1)                       0.60      45.60 r
  u_sm_I/data_out[3] (symbol_mapper_test_0)               0.00      45.60 r
  u_sm_ram_I/data_in[3] (sm_ram_test_0)                   0.00      45.60 r
  u_sm_ram_I/U1110/Z (DELLN1X2)                           2.51      48.11 r
  u_sm_ram_I/U1088/Z (NBUFFX2)                           19.87      67.98 r
  u_sm_ram_I/U1468/Z (DELLN1X2)                          18.98      86.96 r
  u_sm_ram_I/U3369/Q (AO22X1)                            56.61     143.57 r
  u_sm_ram_I/mem_reg[186][3]/D (SDFFX1)                   0.26     143.83 r
  data arrival time                                                143.83

  clock DFT_CLK (rise edge)                             145.00     145.00
  clock network delay (ideal)                             0.00     145.00
  clock uncertainty                                      -0.03     144.98
  u_sm_ram_I/mem_reg[186][3]/CLK (SDFFX1)                 0.00     144.98 r
  library setup time                                     -0.47     144.51
  data required time                                               144.51
  --------------------------------------------------------------------------
  data required time                                               144.51
  data arrival time                                               -143.83
  --------------------------------------------------------------------------
  slack (MET)                                                        0.68


  Startpoint: u_sm_I/data_out_reg[3]
              (rising edge-triggered flip-flop clocked by DFT_CLK)
  Endpoint: u_sm_ram_I/mem_reg[188][3]
            (rising edge-triggered flip-flop clocked by DFT_CLK)
  Path Group: DFT_CLK
  Path Type: max

  Des/Clust/Port     Wire Load Model       Library
  ------------------------------------------------
  zigbee_phy_tx      ForQA                 saed90nm_max
  sm_ram_test_0      70000                 saed90nm_max

  Point                                                   Incr       Path
  --------------------------------------------------------------------------
  clock DFT_CLK (rise edge)                              45.00      45.00
  clock network delay (ideal)                             0.00      45.00
  u_sm_I/data_out_reg[3]/CLK (SDFFX1)                     0.00 #    45.00 r
  u_sm_I/data_out_reg[3]/Q (SDFFX1)                       0.60      45.60 r
  u_sm_I/data_out[3] (symbol_mapper_test_0)               0.00      45.60 r
  u_sm_ram_I/data_in[3] (sm_ram_test_0)                   0.00      45.60 r
  u_sm_ram_I/U1110/Z (DELLN1X2)                           2.51      48.11 r
  u_sm_ram_I/U1088/Z (NBUFFX2)                           19.87      67.98 r
  u_sm_ram_I/U1468/Z (DELLN1X2)                          18.98      86.96 r
  u_sm_ram_I/U3377/Q (AO22X1)                            56.61     143.57 r
  u_sm_ram_I/mem_reg[188][3]/D (SDFFX1)                   0.26     143.83 r
  data arrival time                                                143.83

  clock DFT_CLK (rise edge)                             145.00     145.00
  clock network delay (ideal)                             0.00     145.00
  clock uncertainty                                      -0.03     144.98
  u_sm_ram_I/mem_reg[188][3]/CLK (SDFFX1)                 0.00     144.98 r
  library setup time                                     -0.47     144.51
  data required time                                               144.51
  --------------------------------------------------------------------------
  data required time                                               144.51
  data arrival time                                               -143.83
  --------------------------------------------------------------------------
  slack (MET)                                                        0.68


  Startpoint: u_sm_I/data_out_reg[3]
              (rising edge-triggered flip-flop clocked by DFT_CLK)
  Endpoint: u_sm_ram_I/mem_reg[192][3]
            (rising edge-triggered flip-flop clocked by DFT_CLK)
  Path Group: DFT_CLK
  Path Type: max

  Des/Clust/Port     Wire Load Model       Library
  ------------------------------------------------
  zigbee_phy_tx      ForQA                 saed90nm_max
  sm_ram_test_0      70000                 saed90nm_max

  Point                                                   Incr       Path
  --------------------------------------------------------------------------
  clock DFT_CLK (rise edge)                              45.00      45.00
  clock network delay (ideal)                             0.00      45.00
  u_sm_I/data_out_reg[3]/CLK (SDFFX1)                     0.00 #    45.00 r
  u_sm_I/data_out_reg[3]/Q (SDFFX1)                       0.60      45.60 r
  u_sm_I/data_out[3] (symbol_mapper_test_0)               0.00      45.60 r
  u_sm_ram_I/data_in[3] (sm_ram_test_0)                   0.00      45.60 r
  u_sm_ram_I/U1110/Z (DELLN1X2)                           2.51      48.11 r
  u_sm_ram_I/U1088/Z (NBUFFX2)                           19.87      67.98 r
  u_sm_ram_I/U1468/Z (DELLN1X2)                          18.98      86.96 r
  u_sm_ram_I/U3395/Q (AO22X1)                            56.61     143.57 r
  u_sm_ram_I/mem_reg[192][3]/D (SDFFX1)                   0.26     143.83 r
  data arrival time                                                143.83

  clock DFT_CLK (rise edge)                             145.00     145.00
  clock network delay (ideal)                             0.00     145.00
  clock uncertainty                                      -0.03     144.98
  u_sm_ram_I/mem_reg[192][3]/CLK (SDFFX1)                 0.00     144.98 r
  library setup time                                     -0.47     144.51
  data required time                                               144.51
  --------------------------------------------------------------------------
  data required time                                               144.51
  data arrival time                                               -143.83
  --------------------------------------------------------------------------
  slack (MET)                                                        0.68


  Startpoint: u_sm_I/data_out_reg[3]
              (rising edge-triggered flip-flop clocked by DFT_CLK)
  Endpoint: u_sm_ram_I/mem_reg[195][3]
            (rising edge-triggered flip-flop clocked by DFT_CLK)
  Path Group: DFT_CLK
  Path Type: max

  Des/Clust/Port     Wire Load Model       Library
  ------------------------------------------------
  zigbee_phy_tx      ForQA                 saed90nm_max
  sm_ram_test_0      70000                 saed90nm_max

  Point                                                   Incr       Path
  --------------------------------------------------------------------------
  clock DFT_CLK (rise edge)                              45.00      45.00
  clock network delay (ideal)                             0.00      45.00
  u_sm_I/data_out_reg[3]/CLK (SDFFX1)                     0.00 #    45.00 r
  u_sm_I/data_out_reg[3]/Q (SDFFX1)                       0.60      45.60 r
  u_sm_I/data_out[3] (symbol_mapper_test_0)               0.00      45.60 r
  u_sm_ram_I/data_in[3] (sm_ram_test_0)                   0.00      45.60 r
  u_sm_ram_I/U1110/Z (DELLN1X2)                           2.51      48.11 r
  u_sm_ram_I/U1088/Z (NBUFFX2)                           19.87      67.98 r
  u_sm_ram_I/U1468/Z (DELLN1X2)                          18.98      86.96 r
  u_sm_ram_I/U3407/Q (AO22X1)                            56.61     143.57 r
  u_sm_ram_I/mem_reg[195][3]/D (SDFFX1)                   0.26     143.83 r
  data arrival time                                                143.83

  clock DFT_CLK (rise edge)                             145.00     145.00
  clock network delay (ideal)                             0.00     145.00
  clock uncertainty                                      -0.03     144.98
  u_sm_ram_I/mem_reg[195][3]/CLK (SDFFX1)                 0.00     144.98 r
  library setup time                                     -0.47     144.51
  data required time                                               144.51
  --------------------------------------------------------------------------
  data required time                                               144.51
  data arrival time                                               -143.83
  --------------------------------------------------------------------------
  slack (MET)                                                        0.68


  Startpoint: u_sm_I/data_out_reg[3]
              (rising edge-triggered flip-flop clocked by DFT_CLK)
  Endpoint: u_sm_ram_I/mem_reg[198][3]
            (rising edge-triggered flip-flop clocked by DFT_CLK)
  Path Group: DFT_CLK
  Path Type: max

  Des/Clust/Port     Wire Load Model       Library
  ------------------------------------------------
  zigbee_phy_tx      ForQA                 saed90nm_max
  sm_ram_test_0      70000                 saed90nm_max

  Point                                                   Incr       Path
  --------------------------------------------------------------------------
  clock DFT_CLK (rise edge)                              45.00      45.00
  clock network delay (ideal)                             0.00      45.00
  u_sm_I/data_out_reg[3]/CLK (SDFFX1)                     0.00 #    45.00 r
  u_sm_I/data_out_reg[3]/Q (SDFFX1)                       0.60      45.60 r
  u_sm_I/data_out[3] (symbol_mapper_test_0)               0.00      45.60 r
  u_sm_ram_I/data_in[3] (sm_ram_test_0)                   0.00      45.60 r
  u_sm_ram_I/U1110/Z (DELLN1X2)                           2.51      48.11 r
  u_sm_ram_I/U1088/Z (NBUFFX2)                           19.87      67.98 r
  u_sm_ram_I/U1468/Z (DELLN1X2)                          18.98      86.96 r
  u_sm_ram_I/U3419/Q (AO22X1)                            56.61     143.57 r
  u_sm_ram_I/mem_reg[198][3]/D (SDFFX1)                   0.26     143.83 r
  data arrival time                                                143.83

  clock DFT_CLK (rise edge)                             145.00     145.00
  clock network delay (ideal)                             0.00     145.00
  clock uncertainty                                      -0.03     144.98
  u_sm_ram_I/mem_reg[198][3]/CLK (SDFFX1)                 0.00     144.98 r
  library setup time                                     -0.47     144.51
  data required time                                               144.51
  --------------------------------------------------------------------------
  data required time                                               144.51
  data arrival time                                               -143.83
  --------------------------------------------------------------------------
  slack (MET)                                                        0.68


  Startpoint: u_sm_I/data_out_reg[3]
              (rising edge-triggered flip-flop clocked by DFT_CLK)
  Endpoint: u_sm_ram_I/mem_reg[199][3]
            (rising edge-triggered flip-flop clocked by DFT_CLK)
  Path Group: DFT_CLK
  Path Type: max

  Des/Clust/Port     Wire Load Model       Library
  ------------------------------------------------
  zigbee_phy_tx      ForQA                 saed90nm_max
  sm_ram_test_0      70000                 saed90nm_max

  Point                                                   Incr       Path
  --------------------------------------------------------------------------
  clock DFT_CLK (rise edge)                              45.00      45.00
  clock network delay (ideal)                             0.00      45.00
  u_sm_I/data_out_reg[3]/CLK (SDFFX1)                     0.00 #    45.00 r
  u_sm_I/data_out_reg[3]/Q (SDFFX1)                       0.60      45.60 r
  u_sm_I/data_out[3] (symbol_mapper_test_0)               0.00      45.60 r
  u_sm_ram_I/data_in[3] (sm_ram_test_0)                   0.00      45.60 r
  u_sm_ram_I/U1110/Z (DELLN1X2)                           2.51      48.11 r
  u_sm_ram_I/U1088/Z (NBUFFX2)                           19.87      67.98 r
  u_sm_ram_I/U1469/Z (DELLN1X2)                          18.98      86.96 r
  u_sm_ram_I/U3423/Q (AO22X1)                            56.61     143.57 r
  u_sm_ram_I/mem_reg[199][3]/D (SDFFX1)                   0.26     143.83 r
  data arrival time                                                143.83

  clock DFT_CLK (rise edge)                             145.00     145.00
  clock network delay (ideal)                             0.00     145.00
  clock uncertainty                                      -0.03     144.98
  u_sm_ram_I/mem_reg[199][3]/CLK (SDFFX1)                 0.00     144.98 r
  library setup time                                     -0.47     144.51
  data required time                                               144.51
  --------------------------------------------------------------------------
  data required time                                               144.51
  data arrival time                                               -143.83
  --------------------------------------------------------------------------
  slack (MET)                                                        0.68


  Startpoint: u_sm_I/data_out_reg[3]
              (rising edge-triggered flip-flop clocked by DFT_CLK)
  Endpoint: u_sm_ram_I/mem_reg[200][3]
            (rising edge-triggered flip-flop clocked by DFT_CLK)
  Path Group: DFT_CLK
  Path Type: max

  Des/Clust/Port     Wire Load Model       Library
  ------------------------------------------------
  zigbee_phy_tx      ForQA                 saed90nm_max
  sm_ram_test_0      70000                 saed90nm_max

  Point                                                   Incr       Path
  --------------------------------------------------------------------------
  clock DFT_CLK (rise edge)                              45.00      45.00
  clock network delay (ideal)                             0.00      45.00
  u_sm_I/data_out_reg[3]/CLK (SDFFX1)                     0.00 #    45.00 r
  u_sm_I/data_out_reg[3]/Q (SDFFX1)                       0.60      45.60 r
  u_sm_I/data_out[3] (symbol_mapper_test_0)               0.00      45.60 r
  u_sm_ram_I/data_in[3] (sm_ram_test_0)                   0.00      45.60 r
  u_sm_ram_I/U1110/Z (DELLN1X2)                           2.51      48.11 r
  u_sm_ram_I/U1088/Z (NBUFFX2)                           19.87      67.98 r
  u_sm_ram_I/U1469/Z (DELLN1X2)                          18.98      86.96 r
  u_sm_ram_I/U3427/Q (AO22X1)                            56.61     143.57 r
  u_sm_ram_I/mem_reg[200][3]/D (SDFFX1)                   0.26     143.83 r
  data arrival time                                                143.83

  clock DFT_CLK (rise edge)                             145.00     145.00
  clock network delay (ideal)                             0.00     145.00
  clock uncertainty                                      -0.03     144.98
  u_sm_ram_I/mem_reg[200][3]/CLK (SDFFX1)                 0.00     144.98 r
  library setup time                                     -0.47     144.51
  data required time                                               144.51
  --------------------------------------------------------------------------
  data required time                                               144.51
  data arrival time                                               -143.83
  --------------------------------------------------------------------------
  slack (MET)                                                        0.68


  Startpoint: u_sm_I/data_out_reg[3]
              (rising edge-triggered flip-flop clocked by DFT_CLK)
  Endpoint: u_sm_ram_I/mem_reg[201][3]
            (rising edge-triggered flip-flop clocked by DFT_CLK)
  Path Group: DFT_CLK
  Path Type: max

  Des/Clust/Port     Wire Load Model       Library
  ------------------------------------------------
  zigbee_phy_tx      ForQA                 saed90nm_max
  sm_ram_test_0      70000                 saed90nm_max

  Point                                                   Incr       Path
  --------------------------------------------------------------------------
  clock DFT_CLK (rise edge)                              45.00      45.00
  clock network delay (ideal)                             0.00      45.00
  u_sm_I/data_out_reg[3]/CLK (SDFFX1)                     0.00 #    45.00 r
  u_sm_I/data_out_reg[3]/Q (SDFFX1)                       0.60      45.60 r
  u_sm_I/data_out[3] (symbol_mapper_test_0)               0.00      45.60 r
  u_sm_ram_I/data_in[3] (sm_ram_test_0)                   0.00      45.60 r
  u_sm_ram_I/U1110/Z (DELLN1X2)                           2.51      48.11 r
  u_sm_ram_I/U1088/Z (NBUFFX2)                           19.87      67.98 r
  u_sm_ram_I/U1469/Z (DELLN1X2)                          18.98      86.96 r
  u_sm_ram_I/U3431/Q (AO22X1)                            56.61     143.57 r
  u_sm_ram_I/mem_reg[201][3]/D (SDFFX1)                   0.26     143.83 r
  data arrival time                                                143.83

  clock DFT_CLK (rise edge)                             145.00     145.00
  clock network delay (ideal)                             0.00     145.00
  clock uncertainty                                      -0.03     144.98
  u_sm_ram_I/mem_reg[201][3]/CLK (SDFFX1)                 0.00     144.98 r
  library setup time                                     -0.47     144.51
  data required time                                               144.51
  --------------------------------------------------------------------------
  data required time                                               144.51
  data arrival time                                               -143.83
  --------------------------------------------------------------------------
  slack (MET)                                                        0.68


  Startpoint: u_sm_I/data_out_reg[3]
              (rising edge-triggered flip-flop clocked by DFT_CLK)
  Endpoint: u_sm_ram_I/mem_reg[202][3]
            (rising edge-triggered flip-flop clocked by DFT_CLK)
  Path Group: DFT_CLK
  Path Type: max

  Des/Clust/Port     Wire Load Model       Library
  ------------------------------------------------
  zigbee_phy_tx      ForQA                 saed90nm_max
  sm_ram_test_0      70000                 saed90nm_max

  Point                                                   Incr       Path
  --------------------------------------------------------------------------
  clock DFT_CLK (rise edge)                              45.00      45.00
  clock network delay (ideal)                             0.00      45.00
  u_sm_I/data_out_reg[3]/CLK (SDFFX1)                     0.00 #    45.00 r
  u_sm_I/data_out_reg[3]/Q (SDFFX1)                       0.60      45.60 r
  u_sm_I/data_out[3] (symbol_mapper_test_0)               0.00      45.60 r
  u_sm_ram_I/data_in[3] (sm_ram_test_0)                   0.00      45.60 r
  u_sm_ram_I/U1110/Z (DELLN1X2)                           2.51      48.11 r
  u_sm_ram_I/U1088/Z (NBUFFX2)                           19.87      67.98 r
  u_sm_ram_I/U1469/Z (DELLN1X2)                          18.98      86.96 r
  u_sm_ram_I/U3435/Q (AO22X1)                            56.61     143.57 r
  u_sm_ram_I/mem_reg[202][3]/D (SDFFX1)                   0.26     143.83 r
  data arrival time                                                143.83

  clock DFT_CLK (rise edge)                             145.00     145.00
  clock network delay (ideal)                             0.00     145.00
  clock uncertainty                                      -0.03     144.98
  u_sm_ram_I/mem_reg[202][3]/CLK (SDFFX1)                 0.00     144.98 r
  library setup time                                     -0.47     144.51
  data required time                                               144.51
  --------------------------------------------------------------------------
  data required time                                               144.51
  data arrival time                                               -143.83
  --------------------------------------------------------------------------
  slack (MET)                                                        0.68


  Startpoint: u_sm_I/data_out_reg[3]
              (rising edge-triggered flip-flop clocked by DFT_CLK)
  Endpoint: u_sm_ram_I/mem_reg[203][3]
            (rising edge-triggered flip-flop clocked by DFT_CLK)
  Path Group: DFT_CLK
  Path Type: max

  Des/Clust/Port     Wire Load Model       Library
  ------------------------------------------------
  zigbee_phy_tx      ForQA                 saed90nm_max
  sm_ram_test_0      70000                 saed90nm_max

  Point                                                   Incr       Path
  --------------------------------------------------------------------------
  clock DFT_CLK (rise edge)                              45.00      45.00
  clock network delay (ideal)                             0.00      45.00
  u_sm_I/data_out_reg[3]/CLK (SDFFX1)                     0.00 #    45.00 r
  u_sm_I/data_out_reg[3]/Q (SDFFX1)                       0.60      45.60 r
  u_sm_I/data_out[3] (symbol_mapper_test_0)               0.00      45.60 r
  u_sm_ram_I/data_in[3] (sm_ram_test_0)                   0.00      45.60 r
  u_sm_ram_I/U1110/Z (DELLN1X2)                           2.51      48.11 r
  u_sm_ram_I/U1088/Z (NBUFFX2)                           19.87      67.98 r
  u_sm_ram_I/U1469/Z (DELLN1X2)                          18.98      86.96 r
  u_sm_ram_I/U3439/Q (AO22X1)                            56.61     143.57 r
  u_sm_ram_I/mem_reg[203][3]/D (SDFFX1)                   0.26     143.83 r
  data arrival time                                                143.83

  clock DFT_CLK (rise edge)                             145.00     145.00
  clock network delay (ideal)                             0.00     145.00
  clock uncertainty                                      -0.03     144.98
  u_sm_ram_I/mem_reg[203][3]/CLK (SDFFX1)                 0.00     144.98 r
  library setup time                                     -0.47     144.51
  data required time                                               144.51
  --------------------------------------------------------------------------
  data required time                                               144.51
  data arrival time                                               -143.83
  --------------------------------------------------------------------------
  slack (MET)                                                        0.68


  Startpoint: u_sm_I/data_out_reg[3]
              (rising edge-triggered flip-flop clocked by DFT_CLK)
  Endpoint: u_sm_ram_I/mem_reg[204][3]
            (rising edge-triggered flip-flop clocked by DFT_CLK)
  Path Group: DFT_CLK
  Path Type: max

  Des/Clust/Port     Wire Load Model       Library
  ------------------------------------------------
  zigbee_phy_tx      ForQA                 saed90nm_max
  sm_ram_test_0      70000                 saed90nm_max

  Point                                                   Incr       Path
  --------------------------------------------------------------------------
  clock DFT_CLK (rise edge)                              45.00      45.00
  clock network delay (ideal)                             0.00      45.00
  u_sm_I/data_out_reg[3]/CLK (SDFFX1)                     0.00 #    45.00 r
  u_sm_I/data_out_reg[3]/Q (SDFFX1)                       0.60      45.60 r
  u_sm_I/data_out[3] (symbol_mapper_test_0)               0.00      45.60 r
  u_sm_ram_I/data_in[3] (sm_ram_test_0)                   0.00      45.60 r
  u_sm_ram_I/U1110/Z (DELLN1X2)                           2.51      48.11 r
  u_sm_ram_I/U1088/Z (NBUFFX2)                           19.87      67.98 r
  u_sm_ram_I/U1469/Z (DELLN1X2)                          18.98      86.96 r
  u_sm_ram_I/U3443/Q (AO22X1)                            56.61     143.57 r
  u_sm_ram_I/mem_reg[204][3]/D (SDFFX1)                   0.26     143.83 r
  data arrival time                                                143.83

  clock DFT_CLK (rise edge)                             145.00     145.00
  clock network delay (ideal)                             0.00     145.00
  clock uncertainty                                      -0.03     144.98
  u_sm_ram_I/mem_reg[204][3]/CLK (SDFFX1)                 0.00     144.98 r
  library setup time                                     -0.47     144.51
  data required time                                               144.51
  --------------------------------------------------------------------------
  data required time                                               144.51
  data arrival time                                               -143.83
  --------------------------------------------------------------------------
  slack (MET)                                                        0.68


  Startpoint: u_sm_I/data_out_reg[3]
              (rising edge-triggered flip-flop clocked by DFT_CLK)
  Endpoint: u_sm_ram_I/mem_reg[205][3]
            (rising edge-triggered flip-flop clocked by DFT_CLK)
  Path Group: DFT_CLK
  Path Type: max

  Des/Clust/Port     Wire Load Model       Library
  ------------------------------------------------
  zigbee_phy_tx      ForQA                 saed90nm_max
  sm_ram_test_0      70000                 saed90nm_max

  Point                                                   Incr       Path
  --------------------------------------------------------------------------
  clock DFT_CLK (rise edge)                              45.00      45.00
  clock network delay (ideal)                             0.00      45.00
  u_sm_I/data_out_reg[3]/CLK (SDFFX1)                     0.00 #    45.00 r
  u_sm_I/data_out_reg[3]/Q (SDFFX1)                       0.60      45.60 r
  u_sm_I/data_out[3] (symbol_mapper_test_0)               0.00      45.60 r
  u_sm_ram_I/data_in[3] (sm_ram_test_0)                   0.00      45.60 r
  u_sm_ram_I/U1110/Z (DELLN1X2)                           2.51      48.11 r
  u_sm_ram_I/U1088/Z (NBUFFX2)                           19.87      67.98 r
  u_sm_ram_I/U1469/Z (DELLN1X2)                          18.98      86.96 r
  u_sm_ram_I/U3447/Q (AO22X1)                            56.61     143.57 r
  u_sm_ram_I/mem_reg[205][3]/D (SDFFX1)                   0.26     143.83 r
  data arrival time                                                143.83

  clock DFT_CLK (rise edge)                             145.00     145.00
  clock network delay (ideal)                             0.00     145.00
  clock uncertainty                                      -0.03     144.98
  u_sm_ram_I/mem_reg[205][3]/CLK (SDFFX1)                 0.00     144.98 r
  library setup time                                     -0.47     144.51
  data required time                                               144.51
  --------------------------------------------------------------------------
  data required time                                               144.51
  data arrival time                                               -143.83
  --------------------------------------------------------------------------
  slack (MET)                                                        0.68


  Startpoint: u_sm_I/data_out_reg[3]
              (rising edge-triggered flip-flop clocked by DFT_CLK)
  Endpoint: u_sm_ram_I/mem_reg[206][3]
            (rising edge-triggered flip-flop clocked by DFT_CLK)
  Path Group: DFT_CLK
  Path Type: max

  Des/Clust/Port     Wire Load Model       Library
  ------------------------------------------------
  zigbee_phy_tx      ForQA                 saed90nm_max
  sm_ram_test_0      70000                 saed90nm_max

  Point                                                   Incr       Path
  --------------------------------------------------------------------------
  clock DFT_CLK (rise edge)                              45.00      45.00
  clock network delay (ideal)                             0.00      45.00
  u_sm_I/data_out_reg[3]/CLK (SDFFX1)                     0.00 #    45.00 r
  u_sm_I/data_out_reg[3]/Q (SDFFX1)                       0.60      45.60 r
  u_sm_I/data_out[3] (symbol_mapper_test_0)               0.00      45.60 r
  u_sm_ram_I/data_in[3] (sm_ram_test_0)                   0.00      45.60 r
  u_sm_ram_I/U1110/Z (DELLN1X2)                           2.51      48.11 r
  u_sm_ram_I/U1088/Z (NBUFFX2)                           19.87      67.98 r
  u_sm_ram_I/U1469/Z (DELLN1X2)                          18.98      86.96 r
  u_sm_ram_I/U3451/Q (AO22X1)                            56.61     143.57 r
  u_sm_ram_I/mem_reg[206][3]/D (SDFFX1)                   0.26     143.83 r
  data arrival time                                                143.83

  clock DFT_CLK (rise edge)                             145.00     145.00
  clock network delay (ideal)                             0.00     145.00
  clock uncertainty                                      -0.03     144.98
  u_sm_ram_I/mem_reg[206][3]/CLK (SDFFX1)                 0.00     144.98 r
  library setup time                                     -0.47     144.51
  data required time                                               144.51
  --------------------------------------------------------------------------
  data required time                                               144.51
  data arrival time                                               -143.83
  --------------------------------------------------------------------------
  slack (MET)                                                        0.68


  Startpoint: u_sm_I/data_out_reg[3]
              (rising edge-triggered flip-flop clocked by DFT_CLK)
  Endpoint: u_sm_ram_I/mem_reg[207][3]
            (rising edge-triggered flip-flop clocked by DFT_CLK)
  Path Group: DFT_CLK
  Path Type: max

  Des/Clust/Port     Wire Load Model       Library
  ------------------------------------------------
  zigbee_phy_tx      ForQA                 saed90nm_max
  sm_ram_test_0      70000                 saed90nm_max

  Point                                                   Incr       Path
  --------------------------------------------------------------------------
  clock DFT_CLK (rise edge)                              45.00      45.00
  clock network delay (ideal)                             0.00      45.00
  u_sm_I/data_out_reg[3]/CLK (SDFFX1)                     0.00 #    45.00 r
  u_sm_I/data_out_reg[3]/Q (SDFFX1)                       0.60      45.60 r
  u_sm_I/data_out[3] (symbol_mapper_test_0)               0.00      45.60 r
  u_sm_ram_I/data_in[3] (sm_ram_test_0)                   0.00      45.60 r
  u_sm_ram_I/U1110/Z (DELLN1X2)                           2.51      48.11 r
  u_sm_ram_I/U1088/Z (NBUFFX2)                           19.87      67.98 r
  u_sm_ram_I/U1469/Z (DELLN1X2)                          18.98      86.96 r
  u_sm_ram_I/U3455/Q (AO22X1)                            56.61     143.57 r
  u_sm_ram_I/mem_reg[207][3]/D (SDFFX1)                   0.26     143.83 r
  data arrival time                                                143.83

  clock DFT_CLK (rise edge)                             145.00     145.00
  clock network delay (ideal)                             0.00     145.00
  clock uncertainty                                      -0.03     144.98
  u_sm_ram_I/mem_reg[207][3]/CLK (SDFFX1)                 0.00     144.98 r
  library setup time                                     -0.47     144.51
  data required time                                               144.51
  --------------------------------------------------------------------------
  data required time                                               144.51
  data arrival time                                               -143.83
  --------------------------------------------------------------------------
  slack (MET)                                                        0.68


  Startpoint: u_sm_I/data_out_reg[3]
              (rising edge-triggered flip-flop clocked by DFT_CLK)
  Endpoint: u_sm_ram_I/mem_reg[210][3]
            (rising edge-triggered flip-flop clocked by DFT_CLK)
  Path Group: DFT_CLK
  Path Type: max

  Des/Clust/Port     Wire Load Model       Library
  ------------------------------------------------
  zigbee_phy_tx      ForQA                 saed90nm_max
  sm_ram_test_0      70000                 saed90nm_max

  Point                                                   Incr       Path
  --------------------------------------------------------------------------
  clock DFT_CLK (rise edge)                              45.00      45.00
  clock network delay (ideal)                             0.00      45.00
  u_sm_I/data_out_reg[3]/CLK (SDFFX1)                     0.00 #    45.00 r
  u_sm_I/data_out_reg[3]/Q (SDFFX1)                       0.60      45.60 r
  u_sm_I/data_out[3] (symbol_mapper_test_0)               0.00      45.60 r
  u_sm_ram_I/data_in[3] (sm_ram_test_0)                   0.00      45.60 r
  u_sm_ram_I/U1110/Z (DELLN1X2)                           2.51      48.11 r
  u_sm_ram_I/U1088/Z (NBUFFX2)                           19.87      67.98 r
  u_sm_ram_I/U1468/Z (DELLN1X2)                          18.98      86.96 r
  u_sm_ram_I/U3468/Q (AO22X1)                            56.61     143.57 r
  u_sm_ram_I/mem_reg[210][3]/D (SDFFX1)                   0.26     143.83 r
  data arrival time                                                143.83

  clock DFT_CLK (rise edge)                             145.00     145.00
  clock network delay (ideal)                             0.00     145.00
  clock uncertainty                                      -0.03     144.98
  u_sm_ram_I/mem_reg[210][3]/CLK (SDFFX1)                 0.00     144.98 r
  library setup time                                     -0.47     144.51
  data required time                                               144.51
  --------------------------------------------------------------------------
  data required time                                               144.51
  data arrival time                                               -143.83
  --------------------------------------------------------------------------
  slack (MET)                                                        0.68


  Startpoint: u_ctrl_fsm/sm_ram_rd_addr_reg_reg[0]
              (rising edge-triggered flip-flop clocked by DFT_CLK)
  Endpoint: u_sm_ram_Q/data_out_reg[3]
            (rising edge-triggered flip-flop clocked by DFT_CLK)
  Path Group: DFT_CLK
  Path Type: max

  Des/Clust/Port     Wire Load Model       Library
  ------------------------------------------------
  zigbee_phy_tx      ForQA                 saed90nm_max
  master_ctrl_fsm_test_1
                     8000                  saed90nm_max
  sm_ram_test_1      70000                 saed90nm_max

  Point                                                   Incr       Path
  --------------------------------------------------------------------------
  clock DFT_CLK (rise edge)                              45.00      45.00
  clock network delay (ideal)                             0.00      45.00
  u_ctrl_fsm/sm_ram_rd_addr_reg_reg[0]/CLK (SDFFX1)       0.00 #    45.00 r
  u_ctrl_fsm/sm_ram_rd_addr_reg_reg[0]/QN (SDFFX1)        0.39      45.39 f
  u_ctrl_fsm/U3/ZN (INVX0)                                0.17      45.55 r
  u_ctrl_fsm/o_sm_ram_rd_addr[0] (master_ctrl_fsm_test_1)
                                                          0.00      45.55 r
  U13/ZN (INVX0)                                          0.53      46.09 f
  U12/ZN (INVX0)                                          0.17      46.26 r
  u_sm_ram_Q/rd_addr[0] (sm_ram_test_1)                   0.00      46.26 r
  u_sm_ram_Q/U1403/ZN (INVX0)                             0.72      46.98 f
  u_sm_ram_Q/U2409/QN (NAND2X0)                           1.37      48.35 r
  u_sm_ram_Q/U1599/Q (OR3X2)                              5.19      53.53 r
  u_sm_ram_Q/U1548/Z (DELLN1X2)                           8.78      62.31 r
  u_sm_ram_Q/U1065/Z (NBUFFX2)                            3.45      65.76 r
  u_sm_ram_Q/U4223/Q (OA22X1)                            74.72     140.48 r
  u_sm_ram_Q/U4222/Q (OA221X1)                            0.48     140.97 r
  u_sm_ram_Q/U4221/QN (NAND4X0)                           0.57     141.54 f
  u_sm_ram_Q/U4201/Q (AO221X1)                            0.74     142.28 f
  u_sm_ram_Q/U2361/QN (AOI222X1)                          0.65     142.93 r
  u_sm_ram_Q/U2359/QN (NAND4X0)                           0.47     143.40 f
  u_sm_ram_Q/data_out_reg[3]/D (SDFFX1)                   0.24     143.64 f
  data arrival time                                                143.64

  clock DFT_CLK (rise edge)                             145.00     145.00
  clock network delay (ideal)                             0.00     145.00
  clock uncertainty                                      -0.03     144.98
  u_sm_ram_Q/data_out_reg[3]/CLK (SDFFX1)                 0.00     144.98 r
  library setup time                                     -0.54     144.44
  data required time                                               144.44
  --------------------------------------------------------------------------
  data required time                                               144.44
  data arrival time                                               -143.64
  --------------------------------------------------------------------------
  slack (MET)                                                        0.80


  Startpoint: u_ctrl_fsm/sm_ram_rd_addr_reg_reg[3]
              (rising edge-triggered flip-flop clocked by DFT_CLK)
  Endpoint: u_sm_ram_Q/data_out_reg[0]
            (rising edge-triggered flip-flop clocked by DFT_CLK)
  Path Group: DFT_CLK
  Path Type: max

  Des/Clust/Port     Wire Load Model       Library
  ------------------------------------------------
  zigbee_phy_tx      ForQA                 saed90nm_max
  sm_ram_test_1      70000                 saed90nm_max

  Point                                                   Incr       Path
  --------------------------------------------------------------------------
  clock DFT_CLK (rise edge)                              45.00      45.00
  clock network delay (ideal)                             0.00      45.00
  u_ctrl_fsm/sm_ram_rd_addr_reg_reg[3]/CLK (SDFFX1)       0.00 #    45.00 r
  u_ctrl_fsm/sm_ram_rd_addr_reg_reg[3]/Q (SDFFX1)         0.55      45.55 r
  u_ctrl_fsm/o_sm_ram_rd_addr[3] (master_ctrl_fsm_test_1)
                                                          0.00      45.55 r
  U9/ZN (INVX0)                                           0.24      45.79 f
  U7/ZN (INVX0)                                           0.14      45.93 r
  u_sm_ram_Q/rd_addr[3] (sm_ram_test_1)                   0.00      45.93 r
  u_sm_ram_Q/U2405/ZN (INVX0)                             0.35      46.28 f
  u_sm_ram_Q/U2413/QN (NAND2X0)                           0.48      46.76 r
  u_sm_ram_Q/U1055/Q (OR2X1)                             10.30      57.05 r
  u_sm_ram_Q/U2416/Z (NBUFFX4)                           14.17      71.22 r
  u_sm_ram_Q/U2348/Z (NBUFFX2)                            9.32      80.54 r
  u_sm_ram_Q/U3678/Q (OA22X1)                            60.63     141.18 r
  u_sm_ram_Q/U3677/Q (OA221X1)                            0.48     141.66 r
  u_sm_ram_Q/U3670/QN (NAND4X0)                           0.48     142.14 f
  u_sm_ram_Q/U2358/QN (AOI222X1)                          0.67     142.82 r
  u_sm_ram_Q/U2354/QN (NAND4X0)                           0.56     143.37 f
  u_sm_ram_Q/data_out_reg[0]/D (SDFFX1)                   0.24     143.62 f
  data arrival time                                                143.62

  clock DFT_CLK (rise edge)                             145.00     145.00
  clock network delay (ideal)                             0.00     145.00
  clock uncertainty                                      -0.03     144.98
  u_sm_ram_Q/data_out_reg[0]/CLK (SDFFX1)                 0.00     144.98 r
  library setup time                                     -0.54     144.44
  data required time                                               144.44
  --------------------------------------------------------------------------
  data required time                                               144.44
  data arrival time                                               -143.62
  --------------------------------------------------------------------------
  slack (MET)                                                        0.82


  Startpoint: u_sm_I/data_out_reg[0]
              (rising edge-triggered flip-flop clocked by DFT_CLK)
  Endpoint: u_sm_ram_I/mem_reg[175][0]
            (rising edge-triggered flip-flop clocked by DFT_CLK)
  Path Group: DFT_CLK
  Path Type: max

  Des/Clust/Port     Wire Load Model       Library
  ------------------------------------------------
  zigbee_phy_tx      ForQA                 saed90nm_max
  sm_ram_test_0      70000                 saed90nm_max

  Point                                                   Incr       Path
  --------------------------------------------------------------------------
  clock DFT_CLK (rise edge)                              45.00      45.00
  clock network delay (ideal)                             0.00      45.00
  u_sm_I/data_out_reg[0]/CLK (SDFFX1)                     0.00 #    45.00 r
  u_sm_I/data_out_reg[0]/Q (SDFFX1)                       0.62      45.62 r
  u_sm_I/data_out[0] (symbol_mapper_test_0)               0.00      45.62 r
  u_sm_ram_I/data_in[0] (sm_ram_test_0)                   0.00      45.62 r
  u_sm_ram_I/U1124/Z (DELLN1X2)                           4.76      50.38 r
  u_sm_ram_I/U1087/Z (NBUFFX2)                           23.90      74.28 r
  u_sm_ram_I/U1103/Z (DELLN1X2)                          12.34      86.63 r
  u_sm_ram_I/U3327/Q (AO22X1)                            56.61     143.23 r
  u_sm_ram_I/mem_reg[175][0]/D (SDFFX1)                   0.26     143.50 r
  data arrival time                                                143.50

  clock DFT_CLK (rise edge)                             145.00     145.00
  clock network delay (ideal)                             0.00     145.00
  clock uncertainty                                      -0.03     144.98
  u_sm_ram_I/mem_reg[175][0]/CLK (SDFFX1)                 0.00     144.98 r
  library setup time                                     -0.47     144.51
  data required time                                               144.51
  --------------------------------------------------------------------------
  data required time                                               144.51
  data arrival time                                               -143.50
  --------------------------------------------------------------------------
  slack (MET)                                                        1.01


  Startpoint: u_sm_I/data_out_reg[0]
              (rising edge-triggered flip-flop clocked by DFT_CLK)
  Endpoint: u_sm_ram_I/mem_reg[176][0]
            (rising edge-triggered flip-flop clocked by DFT_CLK)
  Path Group: DFT_CLK
  Path Type: max

  Des/Clust/Port     Wire Load Model       Library
  ------------------------------------------------
  zigbee_phy_tx      ForQA                 saed90nm_max
  sm_ram_test_0      70000                 saed90nm_max

  Point                                                   Incr       Path
  --------------------------------------------------------------------------
  clock DFT_CLK (rise edge)                              45.00      45.00
  clock network delay (ideal)                             0.00      45.00
  u_sm_I/data_out_reg[0]/CLK (SDFFX1)                     0.00 #    45.00 r
  u_sm_I/data_out_reg[0]/Q (SDFFX1)                       0.62      45.62 r
  u_sm_I/data_out[0] (symbol_mapper_test_0)               0.00      45.62 r
  u_sm_ram_I/data_in[0] (sm_ram_test_0)                   0.00      45.62 r
  u_sm_ram_I/U1124/Z (DELLN1X2)                           4.76      50.38 r
  u_sm_ram_I/U1087/Z (NBUFFX2)                           23.90      74.28 r
  u_sm_ram_I/U1102/Z (DELLN1X2)                          12.34      86.63 r
  u_sm_ram_I/U3332/Q (AO22X1)                            56.61     143.23 r
  u_sm_ram_I/mem_reg[176][0]/D (SDFFX1)                   0.26     143.50 r
  data arrival time                                                143.50

  clock DFT_CLK (rise edge)                             145.00     145.00
  clock network delay (ideal)                             0.00     145.00
  clock uncertainty                                      -0.03     144.98
  u_sm_ram_I/mem_reg[176][0]/CLK (SDFFX1)                 0.00     144.98 r
  library setup time                                     -0.47     144.51
  data required time                                               144.51
  --------------------------------------------------------------------------
  data required time                                               144.51
  data arrival time                                               -143.50
  --------------------------------------------------------------------------
  slack (MET)                                                        1.01


  Startpoint: u_sm_I/data_out_reg[0]
              (rising edge-triggered flip-flop clocked by DFT_CLK)
  Endpoint: u_sm_ram_I/mem_reg[178][0]
            (rising edge-triggered flip-flop clocked by DFT_CLK)
  Path Group: DFT_CLK
  Path Type: max

  Des/Clust/Port     Wire Load Model       Library
  ------------------------------------------------
  zigbee_phy_tx      ForQA                 saed90nm_max
  sm_ram_test_0      70000                 saed90nm_max

  Point                                                   Incr       Path
  --------------------------------------------------------------------------
  clock DFT_CLK (rise edge)                              45.00      45.00
  clock network delay (ideal)                             0.00      45.00
  u_sm_I/data_out_reg[0]/CLK (SDFFX1)                     0.00 #    45.00 r
  u_sm_I/data_out_reg[0]/Q (SDFFX1)                       0.62      45.62 r
  u_sm_I/data_out[0] (symbol_mapper_test_0)               0.00      45.62 r
  u_sm_ram_I/data_in[0] (sm_ram_test_0)                   0.00      45.62 r
  u_sm_ram_I/U1124/Z (DELLN1X2)                           4.76      50.38 r
  u_sm_ram_I/U1087/Z (NBUFFX2)                           23.90      74.28 r
  u_sm_ram_I/U1103/Z (DELLN1X2)                          12.34      86.63 r
  u_sm_ram_I/U3340/Q (AO22X1)                            56.61     143.23 r
  u_sm_ram_I/mem_reg[178][0]/D (SDFFX1)                   0.26     143.50 r
  data arrival time                                                143.50

  clock DFT_CLK (rise edge)                             145.00     145.00
  clock network delay (ideal)                             0.00     145.00
  clock uncertainty                                      -0.03     144.98
  u_sm_ram_I/mem_reg[178][0]/CLK (SDFFX1)                 0.00     144.98 r
  library setup time                                     -0.47     144.51
  data required time                                               144.51
  --------------------------------------------------------------------------
  data required time                                               144.51
  data arrival time                                               -143.50
  --------------------------------------------------------------------------
  slack (MET)                                                        1.01


  Startpoint: u_sm_I/data_out_reg[0]
              (rising edge-triggered flip-flop clocked by DFT_CLK)
  Endpoint: u_sm_ram_I/mem_reg[179][0]
            (rising edge-triggered flip-flop clocked by DFT_CLK)
  Path Group: DFT_CLK
  Path Type: max

  Des/Clust/Port     Wire Load Model       Library
  ------------------------------------------------
  zigbee_phy_tx      ForQA                 saed90nm_max
  sm_ram_test_0      70000                 saed90nm_max

  Point                                                   Incr       Path
  --------------------------------------------------------------------------
  clock DFT_CLK (rise edge)                              45.00      45.00
  clock network delay (ideal)                             0.00      45.00
  u_sm_I/data_out_reg[0]/CLK (SDFFX1)                     0.00 #    45.00 r
  u_sm_I/data_out_reg[0]/Q (SDFFX1)                       0.62      45.62 r
  u_sm_I/data_out[0] (symbol_mapper_test_0)               0.00      45.62 r
  u_sm_ram_I/data_in[0] (sm_ram_test_0)                   0.00      45.62 r
  u_sm_ram_I/U1124/Z (DELLN1X2)                           4.76      50.38 r
  u_sm_ram_I/U1087/Z (NBUFFX2)                           23.90      74.28 r
  u_sm_ram_I/U1102/Z (DELLN1X2)                          12.34      86.63 r
  u_sm_ram_I/U3344/Q (AO22X1)                            56.61     143.23 r
  u_sm_ram_I/mem_reg[179][0]/D (SDFFX1)                   0.26     143.50 r
  data arrival time                                                143.50

  clock DFT_CLK (rise edge)                             145.00     145.00
  clock network delay (ideal)                             0.00     145.00
  clock uncertainty                                      -0.03     144.98
  u_sm_ram_I/mem_reg[179][0]/CLK (SDFFX1)                 0.00     144.98 r
  library setup time                                     -0.47     144.51
  data required time                                               144.51
  --------------------------------------------------------------------------
  data required time                                               144.51
  data arrival time                                               -143.50
  --------------------------------------------------------------------------
  slack (MET)                                                        1.01


  Startpoint: u_sm_I/data_out_reg[0]
              (rising edge-triggered flip-flop clocked by DFT_CLK)
  Endpoint: u_sm_ram_I/mem_reg[181][0]
            (rising edge-triggered flip-flop clocked by DFT_CLK)
  Path Group: DFT_CLK
  Path Type: max

  Des/Clust/Port     Wire Load Model       Library
  ------------------------------------------------
  zigbee_phy_tx      ForQA                 saed90nm_max
  sm_ram_test_0      70000                 saed90nm_max

  Point                                                   Incr       Path
  --------------------------------------------------------------------------
  clock DFT_CLK (rise edge)                              45.00      45.00
  clock network delay (ideal)                             0.00      45.00
  u_sm_I/data_out_reg[0]/CLK (SDFFX1)                     0.00 #    45.00 r
  u_sm_I/data_out_reg[0]/Q (SDFFX1)                       0.62      45.62 r
  u_sm_I/data_out[0] (symbol_mapper_test_0)               0.00      45.62 r
  u_sm_ram_I/data_in[0] (sm_ram_test_0)                   0.00      45.62 r
  u_sm_ram_I/U1124/Z (DELLN1X2)                           4.76      50.38 r
  u_sm_ram_I/U1087/Z (NBUFFX2)                           23.90      74.28 r
  u_sm_ram_I/U1103/Z (DELLN1X2)                          12.34      86.63 r
  u_sm_ram_I/U3352/Q (AO22X1)                            56.61     143.23 r
  u_sm_ram_I/mem_reg[181][0]/D (SDFFX1)                   0.26     143.50 r
  data arrival time                                                143.50

  clock DFT_CLK (rise edge)                             145.00     145.00
  clock network delay (ideal)                             0.00     145.00
  clock uncertainty                                      -0.03     144.98
  u_sm_ram_I/mem_reg[181][0]/CLK (SDFFX1)                 0.00     144.98 r
  library setup time                                     -0.47     144.51
  data required time                                               144.51
  --------------------------------------------------------------------------
  data required time                                               144.51
  data arrival time                                               -143.50
  --------------------------------------------------------------------------
  slack (MET)                                                        1.01


  Startpoint: u_sm_I/data_out_reg[0]
              (rising edge-triggered flip-flop clocked by DFT_CLK)
  Endpoint: u_sm_ram_I/mem_reg[182][0]
            (rising edge-triggered flip-flop clocked by DFT_CLK)
  Path Group: DFT_CLK
  Path Type: max

  Des/Clust/Port     Wire Load Model       Library
  ------------------------------------------------
  zigbee_phy_tx      ForQA                 saed90nm_max
  sm_ram_test_0      70000                 saed90nm_max

  Point                                                   Incr       Path
  --------------------------------------------------------------------------
  clock DFT_CLK (rise edge)                              45.00      45.00
  clock network delay (ideal)                             0.00      45.00
  u_sm_I/data_out_reg[0]/CLK (SDFFX1)                     0.00 #    45.00 r
  u_sm_I/data_out_reg[0]/Q (SDFFX1)                       0.62      45.62 r
  u_sm_I/data_out[0] (symbol_mapper_test_0)               0.00      45.62 r
  u_sm_ram_I/data_in[0] (sm_ram_test_0)                   0.00      45.62 r
  u_sm_ram_I/U1124/Z (DELLN1X2)                           4.76      50.38 r
  u_sm_ram_I/U1087/Z (NBUFFX2)                           23.90      74.28 r
  u_sm_ram_I/U1102/Z (DELLN1X2)                          12.34      86.63 r
  u_sm_ram_I/U3356/Q (AO22X1)                            56.61     143.23 r
  u_sm_ram_I/mem_reg[182][0]/D (SDFFX1)                   0.26     143.50 r
  data arrival time                                                143.50

  clock DFT_CLK (rise edge)                             145.00     145.00
  clock network delay (ideal)                             0.00     145.00
  clock uncertainty                                      -0.03     144.98
  u_sm_ram_I/mem_reg[182][0]/CLK (SDFFX1)                 0.00     144.98 r
  library setup time                                     -0.47     144.51
  data required time                                               144.51
  --------------------------------------------------------------------------
  data required time                                               144.51
  data arrival time                                               -143.50
  --------------------------------------------------------------------------
  slack (MET)                                                        1.01


  Startpoint: u_sm_I/data_out_reg[0]
              (rising edge-triggered flip-flop clocked by DFT_CLK)
  Endpoint: u_sm_ram_I/mem_reg[184][0]
            (rising edge-triggered flip-flop clocked by DFT_CLK)
  Path Group: DFT_CLK
  Path Type: max

  Des/Clust/Port     Wire Load Model       Library
  ------------------------------------------------
  zigbee_phy_tx      ForQA                 saed90nm_max
  sm_ram_test_0      70000                 saed90nm_max

  Point                                                   Incr       Path
  --------------------------------------------------------------------------
  clock DFT_CLK (rise edge)                              45.00      45.00
  clock network delay (ideal)                             0.00      45.00
  u_sm_I/data_out_reg[0]/CLK (SDFFX1)                     0.00 #    45.00 r
  u_sm_I/data_out_reg[0]/Q (SDFFX1)                       0.62      45.62 r
  u_sm_I/data_out[0] (symbol_mapper_test_0)               0.00      45.62 r
  u_sm_ram_I/data_in[0] (sm_ram_test_0)                   0.00      45.62 r
  u_sm_ram_I/U1124/Z (DELLN1X2)                           4.76      50.38 r
  u_sm_ram_I/U1087/Z (NBUFFX2)                           23.90      74.28 r
  u_sm_ram_I/U1103/Z (DELLN1X2)                          12.34      86.63 r
  u_sm_ram_I/U3364/Q (AO22X1)                            56.61     143.23 r
  u_sm_ram_I/mem_reg[184][0]/D (SDFFX1)                   0.26     143.50 r
  data arrival time                                                143.50

  clock DFT_CLK (rise edge)                             145.00     145.00
  clock network delay (ideal)                             0.00     145.00
  clock uncertainty                                      -0.03     144.98
  u_sm_ram_I/mem_reg[184][0]/CLK (SDFFX1)                 0.00     144.98 r
  library setup time                                     -0.47     144.51
  data required time                                               144.51
  --------------------------------------------------------------------------
  data required time                                               144.51
  data arrival time                                               -143.50
  --------------------------------------------------------------------------
  slack (MET)                                                        1.01


  Startpoint: u_sm_I/data_out_reg[0]
              (rising edge-triggered flip-flop clocked by DFT_CLK)
  Endpoint: u_sm_ram_I/mem_reg[185][0]
            (rising edge-triggered flip-flop clocked by DFT_CLK)
  Path Group: DFT_CLK
  Path Type: max

  Des/Clust/Port     Wire Load Model       Library
  ------------------------------------------------
  zigbee_phy_tx      ForQA                 saed90nm_max
  sm_ram_test_0      70000                 saed90nm_max

  Point                                                   Incr       Path
  --------------------------------------------------------------------------
  clock DFT_CLK (rise edge)                              45.00      45.00
  clock network delay (ideal)                             0.00      45.00
  u_sm_I/data_out_reg[0]/CLK (SDFFX1)                     0.00 #    45.00 r
  u_sm_I/data_out_reg[0]/Q (SDFFX1)                       0.62      45.62 r
  u_sm_I/data_out[0] (symbol_mapper_test_0)               0.00      45.62 r
  u_sm_ram_I/data_in[0] (sm_ram_test_0)                   0.00      45.62 r
  u_sm_ram_I/U1124/Z (DELLN1X2)                           4.76      50.38 r
  u_sm_ram_I/U1087/Z (NBUFFX2)                           23.90      74.28 r
  u_sm_ram_I/U1102/Z (DELLN1X2)                          12.34      86.63 r
  u_sm_ram_I/U3368/Q (AO22X1)                            56.61     143.23 r
  u_sm_ram_I/mem_reg[185][0]/D (SDFFX1)                   0.26     143.50 r
  data arrival time                                                143.50

  clock DFT_CLK (rise edge)                             145.00     145.00
  clock network delay (ideal)                             0.00     145.00
  clock uncertainty                                      -0.03     144.98
  u_sm_ram_I/mem_reg[185][0]/CLK (SDFFX1)                 0.00     144.98 r
  library setup time                                     -0.47     144.51
  data required time                                               144.51
  --------------------------------------------------------------------------
  data required time                                               144.51
  data arrival time                                               -143.50
  --------------------------------------------------------------------------
  slack (MET)                                                        1.01


  Startpoint: u_sm_I/data_out_reg[0]
              (rising edge-triggered flip-flop clocked by DFT_CLK)
  Endpoint: u_sm_ram_I/mem_reg[193][0]
            (rising edge-triggered flip-flop clocked by DFT_CLK)
  Path Group: DFT_CLK
  Path Type: max

  Des/Clust/Port     Wire Load Model       Library
  ------------------------------------------------
  zigbee_phy_tx      ForQA                 saed90nm_max
  sm_ram_test_0      70000                 saed90nm_max

  Point                                                   Incr       Path
  --------------------------------------------------------------------------
  clock DFT_CLK (rise edge)                              45.00      45.00
  clock network delay (ideal)                             0.00      45.00
  u_sm_I/data_out_reg[0]/CLK (SDFFX1)                     0.00 #    45.00 r
  u_sm_I/data_out_reg[0]/Q (SDFFX1)                       0.62      45.62 r
  u_sm_I/data_out[0] (symbol_mapper_test_0)               0.00      45.62 r
  u_sm_ram_I/data_in[0] (sm_ram_test_0)                   0.00      45.62 r
  u_sm_ram_I/U1124/Z (DELLN1X2)                           4.76      50.38 r
  u_sm_ram_I/U1087/Z (NBUFFX2)                           23.90      74.28 r
  u_sm_ram_I/U1103/Z (DELLN1X2)                          12.34      86.63 r
  u_sm_ram_I/U3402/Q (AO22X1)                            56.61     143.23 r
  u_sm_ram_I/mem_reg[193][0]/D (SDFFX1)                   0.26     143.50 r
  data arrival time                                                143.50

  clock DFT_CLK (rise edge)                             145.00     145.00
  clock network delay (ideal)                             0.00     145.00
  clock uncertainty                                      -0.03     144.98
  u_sm_ram_I/mem_reg[193][0]/CLK (SDFFX1)                 0.00     144.98 r
  library setup time                                     -0.47     144.51
  data required time                                               144.51
  --------------------------------------------------------------------------
  data required time                                               144.51
  data arrival time                                               -143.50
  --------------------------------------------------------------------------
  slack (MET)                                                        1.01


  Startpoint: u_sm_I/data_out_reg[0]
              (rising edge-triggered flip-flop clocked by DFT_CLK)
  Endpoint: u_sm_ram_I/mem_reg[194][0]
            (rising edge-triggered flip-flop clocked by DFT_CLK)
  Path Group: DFT_CLK
  Path Type: max

  Des/Clust/Port     Wire Load Model       Library
  ------------------------------------------------
  zigbee_phy_tx      ForQA                 saed90nm_max
  sm_ram_test_0      70000                 saed90nm_max

  Point                                                   Incr       Path
  --------------------------------------------------------------------------
  clock DFT_CLK (rise edge)                              45.00      45.00
  clock network delay (ideal)                             0.00      45.00
  u_sm_I/data_out_reg[0]/CLK (SDFFX1)                     0.00 #    45.00 r
  u_sm_I/data_out_reg[0]/Q (SDFFX1)                       0.62      45.62 r
  u_sm_I/data_out[0] (symbol_mapper_test_0)               0.00      45.62 r
  u_sm_ram_I/data_in[0] (sm_ram_test_0)                   0.00      45.62 r
  u_sm_ram_I/U1124/Z (DELLN1X2)                           4.76      50.38 r
  u_sm_ram_I/U1087/Z (NBUFFX2)                           23.90      74.28 r
  u_sm_ram_I/U1102/Z (DELLN1X2)                          12.34      86.63 r
  u_sm_ram_I/U3406/Q (AO22X1)                            56.61     143.23 r
  u_sm_ram_I/mem_reg[194][0]/D (SDFFX1)                   0.26     143.50 r
  data arrival time                                                143.50

  clock DFT_CLK (rise edge)                             145.00     145.00
  clock network delay (ideal)                             0.00     145.00
  clock uncertainty                                      -0.03     144.98
  u_sm_ram_I/mem_reg[194][0]/CLK (SDFFX1)                 0.00     144.98 r
  library setup time                                     -0.47     144.51
  data required time                                               144.51
  --------------------------------------------------------------------------
  data required time                                               144.51
  data arrival time                                               -143.50
  --------------------------------------------------------------------------
  slack (MET)                                                        1.01


  Startpoint: u_sm_I/data_out_reg[0]
              (rising edge-triggered flip-flop clocked by DFT_CLK)
  Endpoint: u_sm_ram_I/mem_reg[196][0]
            (rising edge-triggered flip-flop clocked by DFT_CLK)
  Path Group: DFT_CLK
  Path Type: max

  Des/Clust/Port     Wire Load Model       Library
  ------------------------------------------------
  zigbee_phy_tx      ForQA                 saed90nm_max
  sm_ram_test_0      70000                 saed90nm_max

  Point                                                   Incr       Path
  --------------------------------------------------------------------------
  clock DFT_CLK (rise edge)                              45.00      45.00
  clock network delay (ideal)                             0.00      45.00
  u_sm_I/data_out_reg[0]/CLK (SDFFX1)                     0.00 #    45.00 r
  u_sm_I/data_out_reg[0]/Q (SDFFX1)                       0.62      45.62 r
  u_sm_I/data_out[0] (symbol_mapper_test_0)               0.00      45.62 r
  u_sm_ram_I/data_in[0] (sm_ram_test_0)                   0.00      45.62 r
  u_sm_ram_I/U1124/Z (DELLN1X2)                           4.76      50.38 r
  u_sm_ram_I/U1087/Z (NBUFFX2)                           23.90      74.28 r
  u_sm_ram_I/U1103/Z (DELLN1X2)                          12.34      86.63 r
  u_sm_ram_I/U3414/Q (AO22X1)                            56.61     143.23 r
  u_sm_ram_I/mem_reg[196][0]/D (SDFFX1)                   0.26     143.50 r
  data arrival time                                                143.50

  clock DFT_CLK (rise edge)                             145.00     145.00
  clock network delay (ideal)                             0.00     145.00
  clock uncertainty                                      -0.03     144.98
  u_sm_ram_I/mem_reg[196][0]/CLK (SDFFX1)                 0.00     144.98 r
  library setup time                                     -0.47     144.51
  data required time                                               144.51
  --------------------------------------------------------------------------
  data required time                                               144.51
  data arrival time                                               -143.50
  --------------------------------------------------------------------------
  slack (MET)                                                        1.01


  Startpoint: u_sm_I/data_out_reg[0]
              (rising edge-triggered flip-flop clocked by DFT_CLK)
  Endpoint: u_sm_ram_I/mem_reg[197][0]
            (rising edge-triggered flip-flop clocked by DFT_CLK)
  Path Group: DFT_CLK
  Path Type: max

  Des/Clust/Port     Wire Load Model       Library
  ------------------------------------------------
  zigbee_phy_tx      ForQA                 saed90nm_max
  sm_ram_test_0      70000                 saed90nm_max

  Point                                                   Incr       Path
  --------------------------------------------------------------------------
  clock DFT_CLK (rise edge)                              45.00      45.00
  clock network delay (ideal)                             0.00      45.00
  u_sm_I/data_out_reg[0]/CLK (SDFFX1)                     0.00 #    45.00 r
  u_sm_I/data_out_reg[0]/Q (SDFFX1)                       0.62      45.62 r
  u_sm_I/data_out[0] (symbol_mapper_test_0)               0.00      45.62 r
  u_sm_ram_I/data_in[0] (sm_ram_test_0)                   0.00      45.62 r
  u_sm_ram_I/U1124/Z (DELLN1X2)                           4.76      50.38 r
  u_sm_ram_I/U1087/Z (NBUFFX2)                           23.90      74.28 r
  u_sm_ram_I/U1102/Z (DELLN1X2)                          12.34      86.63 r
  u_sm_ram_I/U3418/Q (AO22X1)                            56.61     143.23 r
  u_sm_ram_I/mem_reg[197][0]/D (SDFFX1)                   0.26     143.50 r
  data arrival time                                                143.50

  clock DFT_CLK (rise edge)                             145.00     145.00
  clock network delay (ideal)                             0.00     145.00
  clock uncertainty                                      -0.03     144.98
  u_sm_ram_I/mem_reg[197][0]/CLK (SDFFX1)                 0.00     144.98 r
  library setup time                                     -0.47     144.51
  data required time                                               144.51
  --------------------------------------------------------------------------
  data required time                                               144.51
  data arrival time                                               -143.50
  --------------------------------------------------------------------------
  slack (MET)                                                        1.01


  Startpoint: u_sm_I/data_out_reg[0]
              (rising edge-triggered flip-flop clocked by DFT_CLK)
  Endpoint: u_sm_ram_I/mem_reg[201][0]
            (rising edge-triggered flip-flop clocked by DFT_CLK)
  Path Group: DFT_CLK
  Path Type: max

  Des/Clust/Port     Wire Load Model       Library
  ------------------------------------------------
  zigbee_phy_tx      ForQA                 saed90nm_max
  sm_ram_test_0      70000                 saed90nm_max

  Point                                                   Incr       Path
  --------------------------------------------------------------------------
  clock DFT_CLK (rise edge)                              45.00      45.00
  clock network delay (ideal)                             0.00      45.00
  u_sm_I/data_out_reg[0]/CLK (SDFFX1)                     0.00 #    45.00 r
  u_sm_I/data_out_reg[0]/Q (SDFFX1)                       0.62      45.62 r
  u_sm_I/data_out[0] (symbol_mapper_test_0)               0.00      45.62 r
  u_sm_ram_I/data_in[0] (sm_ram_test_0)                   0.00      45.62 r
  u_sm_ram_I/U1124/Z (DELLN1X2)                           4.76      50.38 r
  u_sm_ram_I/U1087/Z (NBUFFX2)                           23.90      74.28 r
  u_sm_ram_I/U1103/Z (DELLN1X2)                          12.34      86.63 r
  u_sm_ram_I/U3434/Q (AO22X1)                            56.61     143.23 r
  u_sm_ram_I/mem_reg[201][0]/D (SDFFX1)                   0.26     143.50 r
  data arrival time                                                143.50

  clock DFT_CLK (rise edge)                             145.00     145.00
  clock network delay (ideal)                             0.00     145.00
  clock uncertainty                                      -0.03     144.98
  u_sm_ram_I/mem_reg[201][0]/CLK (SDFFX1)                 0.00     144.98 r
  library setup time                                     -0.47     144.51
  data required time                                               144.51
  --------------------------------------------------------------------------
  data required time                                               144.51
  data arrival time                                               -143.50
  --------------------------------------------------------------------------
  slack (MET)                                                        1.01


  Startpoint: u_sm_I/data_out_reg[0]
              (rising edge-triggered flip-flop clocked by DFT_CLK)
  Endpoint: u_sm_ram_I/mem_reg[202][0]
            (rising edge-triggered flip-flop clocked by DFT_CLK)
  Path Group: DFT_CLK
  Path Type: max

  Des/Clust/Port     Wire Load Model       Library
  ------------------------------------------------
  zigbee_phy_tx      ForQA                 saed90nm_max
  sm_ram_test_0      70000                 saed90nm_max

  Point                                                   Incr       Path
  --------------------------------------------------------------------------
  clock DFT_CLK (rise edge)                              45.00      45.00
  clock network delay (ideal)                             0.00      45.00
  u_sm_I/data_out_reg[0]/CLK (SDFFX1)                     0.00 #    45.00 r
  u_sm_I/data_out_reg[0]/Q (SDFFX1)                       0.62      45.62 r
  u_sm_I/data_out[0] (symbol_mapper_test_0)               0.00      45.62 r
  u_sm_ram_I/data_in[0] (sm_ram_test_0)                   0.00      45.62 r
  u_sm_ram_I/U1124/Z (DELLN1X2)                           4.76      50.38 r
  u_sm_ram_I/U1087/Z (NBUFFX2)                           23.90      74.28 r
  u_sm_ram_I/U1102/Z (DELLN1X2)                          12.34      86.63 r
  u_sm_ram_I/U3438/Q (AO22X1)                            56.61     143.23 r
  u_sm_ram_I/mem_reg[202][0]/D (SDFFX1)                   0.26     143.50 r
  data arrival time                                                143.50

  clock DFT_CLK (rise edge)                             145.00     145.00
  clock network delay (ideal)                             0.00     145.00
  clock uncertainty                                      -0.03     144.98
  u_sm_ram_I/mem_reg[202][0]/CLK (SDFFX1)                 0.00     144.98 r
  library setup time                                     -0.47     144.51
  data required time                                               144.51
  --------------------------------------------------------------------------
  data required time                                               144.51
  data arrival time                                               -143.50
  --------------------------------------------------------------------------
  slack (MET)                                                        1.01


  Startpoint: u_sm_I/data_out_reg[0]
              (rising edge-triggered flip-flop clocked by DFT_CLK)
  Endpoint: u_sm_ram_I/mem_reg[204][0]
            (rising edge-triggered flip-flop clocked by DFT_CLK)
  Path Group: DFT_CLK
  Path Type: max

  Des/Clust/Port     Wire Load Model       Library
  ------------------------------------------------
  zigbee_phy_tx      ForQA                 saed90nm_max
  sm_ram_test_0      70000                 saed90nm_max

  Point                                                   Incr       Path
  --------------------------------------------------------------------------
  clock DFT_CLK (rise edge)                              45.00      45.00
  clock network delay (ideal)                             0.00      45.00
  u_sm_I/data_out_reg[0]/CLK (SDFFX1)                     0.00 #    45.00 r
  u_sm_I/data_out_reg[0]/Q (SDFFX1)                       0.62      45.62 r
  u_sm_I/data_out[0] (symbol_mapper_test_0)               0.00      45.62 r
  u_sm_ram_I/data_in[0] (sm_ram_test_0)                   0.00      45.62 r
  u_sm_ram_I/U1124/Z (DELLN1X2)                           4.76      50.38 r
  u_sm_ram_I/U1087/Z (NBUFFX2)                           23.90      74.28 r
  u_sm_ram_I/U1103/Z (DELLN1X2)                          12.34      86.63 r
  u_sm_ram_I/U3446/Q (AO22X1)                            56.61     143.23 r
  u_sm_ram_I/mem_reg[204][0]/D (SDFFX1)                   0.26     143.50 r
  data arrival time                                                143.50

  clock DFT_CLK (rise edge)                             145.00     145.00
  clock network delay (ideal)                             0.00     145.00
  clock uncertainty                                      -0.03     144.98
  u_sm_ram_I/mem_reg[204][0]/CLK (SDFFX1)                 0.00     144.98 r
  library setup time                                     -0.47     144.51
  data required time                                               144.51
  --------------------------------------------------------------------------
  data required time                                               144.51
  data arrival time                                               -143.50
  --------------------------------------------------------------------------
  slack (MET)                                                        1.01


  Startpoint: u_sm_I/data_out_reg[0]
              (rising edge-triggered flip-flop clocked by DFT_CLK)
  Endpoint: u_sm_ram_I/mem_reg[205][0]
            (rising edge-triggered flip-flop clocked by DFT_CLK)
  Path Group: DFT_CLK
  Path Type: max

  Des/Clust/Port     Wire Load Model       Library
  ------------------------------------------------
  zigbee_phy_tx      ForQA                 saed90nm_max
  sm_ram_test_0      70000                 saed90nm_max

  Point                                                   Incr       Path
  --------------------------------------------------------------------------
  clock DFT_CLK (rise edge)                              45.00      45.00
  clock network delay (ideal)                             0.00      45.00
  u_sm_I/data_out_reg[0]/CLK (SDFFX1)                     0.00 #    45.00 r
  u_sm_I/data_out_reg[0]/Q (SDFFX1)                       0.62      45.62 r
  u_sm_I/data_out[0] (symbol_mapper_test_0)               0.00      45.62 r
  u_sm_ram_I/data_in[0] (sm_ram_test_0)                   0.00      45.62 r
  u_sm_ram_I/U1124/Z (DELLN1X2)                           4.76      50.38 r
  u_sm_ram_I/U1087/Z (NBUFFX2)                           23.90      74.28 r
  u_sm_ram_I/U1102/Z (DELLN1X2)                          12.34      86.63 r
  u_sm_ram_I/U3450/Q (AO22X1)                            56.61     143.23 r
  u_sm_ram_I/mem_reg[205][0]/D (SDFFX1)                   0.26     143.50 r
  data arrival time                                                143.50

  clock DFT_CLK (rise edge)                             145.00     145.00
  clock network delay (ideal)                             0.00     145.00
  clock uncertainty                                      -0.03     144.98
  u_sm_ram_I/mem_reg[205][0]/CLK (SDFFX1)                 0.00     144.98 r
  library setup time                                     -0.47     144.51
  data required time                                               144.51
  --------------------------------------------------------------------------
  data required time                                               144.51
  data arrival time                                               -143.50
  --------------------------------------------------------------------------
  slack (MET)                                                        1.01


  Startpoint: u_sm_I/data_out_reg[0]
              (rising edge-triggered flip-flop clocked by DFT_CLK)
  Endpoint: u_sm_ram_I/mem_reg[207][0]
            (rising edge-triggered flip-flop clocked by DFT_CLK)
  Path Group: DFT_CLK
  Path Type: max

  Des/Clust/Port     Wire Load Model       Library
  ------------------------------------------------
  zigbee_phy_tx      ForQA                 saed90nm_max
  sm_ram_test_0      70000                 saed90nm_max

  Point                                                   Incr       Path
  --------------------------------------------------------------------------
  clock DFT_CLK (rise edge)                              45.00      45.00
  clock network delay (ideal)                             0.00      45.00
  u_sm_I/data_out_reg[0]/CLK (SDFFX1)                     0.00 #    45.00 r
  u_sm_I/data_out_reg[0]/Q (SDFFX1)                       0.62      45.62 r
  u_sm_I/data_out[0] (symbol_mapper_test_0)               0.00      45.62 r
  u_sm_ram_I/data_in[0] (sm_ram_test_0)                   0.00      45.62 r
  u_sm_ram_I/U1124/Z (DELLN1X2)                           4.76      50.38 r
  u_sm_ram_I/U1087/Z (NBUFFX2)                           23.90      74.28 r
  u_sm_ram_I/U1103/Z (DELLN1X2)                          12.34      86.63 r
  u_sm_ram_I/U3458/Q (AO22X1)                            56.61     143.23 r
  u_sm_ram_I/mem_reg[207][0]/D (SDFFX1)                   0.26     143.50 r
  data arrival time                                                143.50

  clock DFT_CLK (rise edge)                             145.00     145.00
  clock network delay (ideal)                             0.00     145.00
  clock uncertainty                                      -0.03     144.98
  u_sm_ram_I/mem_reg[207][0]/CLK (SDFFX1)                 0.00     144.98 r
  library setup time                                     -0.47     144.51
  data required time                                               144.51
  --------------------------------------------------------------------------
  data required time                                               144.51
  data arrival time                                               -143.50
  --------------------------------------------------------------------------
  slack (MET)                                                        1.01


  Startpoint: u_sm_I/data_out_reg[0]
              (rising edge-triggered flip-flop clocked by DFT_CLK)
  Endpoint: u_sm_ram_I/mem_reg[208][0]
            (rising edge-triggered flip-flop clocked by DFT_CLK)
  Path Group: DFT_CLK
  Path Type: max

  Des/Clust/Port     Wire Load Model       Library
  ------------------------------------------------
  zigbee_phy_tx      ForQA                 saed90nm_max
  sm_ram_test_0      70000                 saed90nm_max

  Point                                                   Incr       Path
  --------------------------------------------------------------------------
  clock DFT_CLK (rise edge)                              45.00      45.00
  clock network delay (ideal)                             0.00      45.00
  u_sm_I/data_out_reg[0]/CLK (SDFFX1)                     0.00 #    45.00 r
  u_sm_I/data_out_reg[0]/Q (SDFFX1)                       0.62      45.62 r
  u_sm_I/data_out[0] (symbol_mapper_test_0)               0.00      45.62 r
  u_sm_ram_I/data_in[0] (sm_ram_test_0)                   0.00      45.62 r
  u_sm_ram_I/U1124/Z (DELLN1X2)                           4.76      50.38 r
  u_sm_ram_I/U1087/Z (NBUFFX2)                           23.90      74.28 r
  u_sm_ram_I/U1102/Z (DELLN1X2)                          12.34      86.63 r
  u_sm_ram_I/U3463/Q (AO22X1)                            56.61     143.23 r
  u_sm_ram_I/mem_reg[208][0]/D (SDFFX1)                   0.26     143.50 r
  data arrival time                                                143.50

  clock DFT_CLK (rise edge)                             145.00     145.00
  clock network delay (ideal)                             0.00     145.00
  clock uncertainty                                      -0.03     144.98
  u_sm_ram_I/mem_reg[208][0]/CLK (SDFFX1)                 0.00     144.98 r
  library setup time                                     -0.47     144.51
  data required time                                               144.51
  --------------------------------------------------------------------------
  data required time                                               144.51
  data arrival time                                               -143.50
  --------------------------------------------------------------------------
  slack (MET)                                                        1.01


  Startpoint: u_sm_Q/data_out_reg[3]
              (rising edge-triggered flip-flop clocked by DFT_CLK)
  Endpoint: u_sm_ram_Q/mem_reg[31][3]
            (rising edge-triggered flip-flop clocked by DFT_CLK)
  Path Group: DFT_CLK
  Path Type: max

  Des/Clust/Port     Wire Load Model       Library
  ------------------------------------------------
  zigbee_phy_tx      ForQA                 saed90nm_max
  sm_ram_test_1      70000                 saed90nm_max

  Point                                                   Incr       Path
  --------------------------------------------------------------------------
  clock DFT_CLK (rise edge)                              45.00      45.00
  clock network delay (ideal)                             0.00      45.00
  u_sm_Q/data_out_reg[3]/CLK (SDFFX1)                     0.00 #    45.00 r
  u_sm_Q/data_out_reg[3]/Q (SDFFX1)                       0.67      45.67 r
  u_sm_Q/data_out[3] (symbol_mapper_test_1)               0.00      45.67 r
  u_sm_ram_Q/data_in[3] (sm_ram_test_1)                   0.00      45.67 r
  u_sm_ram_Q/U1446/Z (DELLN2X2)                          17.06      62.73 r
  u_sm_ram_Q/U1447/Z (NBUFFX2)                            9.42      72.15 r
  u_sm_ram_Q/U1139/Z (NBUFFX2)                           17.51      89.67 r
  u_sm_ram_Q/U1620/QN (NAND2X0)                          52.98     142.65 f
  u_sm_ram_Q/U1621/QN (NAND2X0)                           0.38     143.03 r
  u_sm_ram_Q/mem_reg[31][3]/D (SDFFX1)                    0.26     143.29 r
  data arrival time                                                143.29

  clock DFT_CLK (rise edge)                             145.00     145.00
  clock network delay (ideal)                             0.00     145.00
  clock uncertainty                                      -0.03     144.98
  u_sm_ram_Q/mem_reg[31][3]/CLK (SDFFX1)                  0.00     144.98 r
  library setup time                                     -0.49     144.49
  data required time                                               144.49
  --------------------------------------------------------------------------
  data required time                                               144.49
  data arrival time                                               -143.29
  --------------------------------------------------------------------------
  slack (MET)                                                        1.20


  Startpoint: u_sm_I/data_out_reg[1]
              (rising edge-triggered flip-flop clocked by DFT_CLK)
  Endpoint: u_sm_ram_I/mem_reg[255][1]
            (rising edge-triggered flip-flop clocked by DFT_CLK)
  Path Group: DFT_CLK
  Path Type: max

  Des/Clust/Port     Wire Load Model       Library
  ------------------------------------------------
  zigbee_phy_tx      ForQA                 saed90nm_max
  symbol_mapper_test_0
                     8000                  saed90nm_max
  sm_ram_test_0      70000                 saed90nm_max

  Point                                                   Incr       Path
  --------------------------------------------------------------------------
  clock DFT_CLK (rise edge)                              45.00      45.00
  clock network delay (ideal)                             0.00      45.00
  u_sm_I/data_out_reg[1]/CLK (SDFFX1)                     0.00 #    45.00 r
  u_sm_I/data_out_reg[1]/QN (SDFFX1)                      0.39      45.39 f
  u_sm_I/U20/ZN (INVX0)                                   0.36      45.75 r
  u_sm_I/data_out[1] (symbol_mapper_test_0)               0.00      45.75 r
  u_sm_ram_I/data_in[1] (sm_ram_test_0)                   0.00      45.75 r
  u_sm_ram_I/U1389/Z (NBUFFX2)                           13.54      59.29 r
  u_sm_ram_I/U1133/Z (NBUFFX2)                           28.03      87.31 r
  u_sm_ram_I/U1495/QN (NAND2X0)                          55.22     142.53 f
  u_sm_ram_I/U1496/QN (NAND2X0)                           0.38     142.91 r
  u_sm_ram_I/mem_reg[255][1]/D (SDFFX1)                   0.26     143.17 r
  data arrival time                                                143.17

  clock DFT_CLK (rise edge)                             145.00     145.00
  clock network delay (ideal)                             0.00     145.00
  clock uncertainty                                      -0.03     144.98
  u_sm_ram_I/mem_reg[255][1]/CLK (SDFFX1)                 0.00     144.98 r
  library setup time                                     -0.48     144.49
  data required time                                               144.49
  --------------------------------------------------------------------------
  data required time                                               144.49
  data arrival time                                               -143.17
  --------------------------------------------------------------------------
  slack (MET)                                                        1.32


  Startpoint: u_sm_Q/data_out_reg[3]
              (rising edge-triggered flip-flop clocked by DFT_CLK)
  Endpoint: u_sm_ram_Q/mem_reg[71][3]
            (rising edge-triggered flip-flop clocked by DFT_CLK)
  Path Group: DFT_CLK
  Path Type: max

  Des/Clust/Port     Wire Load Model       Library
  ------------------------------------------------
  zigbee_phy_tx      ForQA                 saed90nm_max
  sm_ram_test_1      70000                 saed90nm_max

  Point                                                   Incr       Path
  --------------------------------------------------------------------------
  clock DFT_CLK (rise edge)                              45.00      45.00
  clock network delay (ideal)                             0.00      45.00
  u_sm_Q/data_out_reg[3]/CLK (SDFFX1)                     0.00 #    45.00 r
  u_sm_Q/data_out_reg[3]/Q (SDFFX1)                       0.67      45.67 r
  u_sm_Q/data_out[3] (symbol_mapper_test_1)               0.00      45.67 r
  u_sm_ram_Q/data_in[3] (sm_ram_test_1)                   0.00      45.67 r
  u_sm_ram_Q/U1446/Z (DELLN2X2)                          17.06      62.73 r
  u_sm_ram_Q/U1447/Z (NBUFFX2)                            9.42      72.15 r
  u_sm_ram_Q/U1139/Z (NBUFFX2)                           17.51      89.67 r
  u_sm_ram_Q/U3645/Q (AO22X1)                            53.14     142.81 r
  u_sm_ram_Q/mem_reg[71][3]/D (SDFFX1)                    0.26     143.07 r
  data arrival time                                                143.07

  clock DFT_CLK (rise edge)                             145.00     145.00
  clock network delay (ideal)                             0.00     145.00
  clock uncertainty                                      -0.03     144.98
  u_sm_ram_Q/mem_reg[71][3]/CLK (SDFFX1)                  0.00     144.98 r
  library setup time                                     -0.47     144.51
  data required time                                               144.51
  --------------------------------------------------------------------------
  data required time                                               144.51
  data arrival time                                               -143.07
  --------------------------------------------------------------------------
  slack (MET)                                                        1.44


  Startpoint: u_sm_Q/data_out_reg[3]
              (rising edge-triggered flip-flop clocked by DFT_CLK)
  Endpoint: u_sm_ram_Q/mem_reg[189][3]
            (rising edge-triggered flip-flop clocked by DFT_CLK)
  Path Group: DFT_CLK
  Path Type: max

  Des/Clust/Port     Wire Load Model       Library
  ------------------------------------------------
  zigbee_phy_tx      ForQA                 saed90nm_max
  sm_ram_test_1      70000                 saed90nm_max

  Point                                                   Incr       Path
  --------------------------------------------------------------------------
  clock DFT_CLK (rise edge)                              45.00      45.00
  clock network delay (ideal)                             0.00      45.00
  u_sm_Q/data_out_reg[3]/CLK (SDFFX1)                     0.00 #    45.00 r
  u_sm_Q/data_out_reg[3]/Q (SDFFX1)                       0.67      45.67 r
  u_sm_Q/data_out[3] (symbol_mapper_test_1)               0.00      45.67 r
  u_sm_ram_Q/data_in[3] (sm_ram_test_1)                   0.00      45.67 r
  u_sm_ram_Q/U1446/Z (DELLN2X2)                          17.06      62.73 r
  u_sm_ram_Q/U1447/Z (NBUFFX2)                            9.42      72.15 r
  u_sm_ram_Q/U1139/Z (NBUFFX2)                           17.51      89.67 r
  u_sm_ram_Q/U3654/Q (AO22X1)                            53.14     142.81 r
  u_sm_ram_Q/mem_reg[189][3]/D (SDFFX1)                   0.26     143.07 r
  data arrival time                                                143.07

  clock DFT_CLK (rise edge)                             145.00     145.00
  clock network delay (ideal)                             0.00     145.00
  clock uncertainty                                      -0.03     144.98
  u_sm_ram_Q/mem_reg[189][3]/CLK (SDFFX1)                 0.00     144.98 r
  library setup time                                     -0.47     144.51
  data required time                                               144.51
  --------------------------------------------------------------------------
  data required time                                               144.51
  data arrival time                                               -143.07
  --------------------------------------------------------------------------
  slack (MET)                                                        1.44


  Startpoint: u_sm_Q/data_out_reg[3]
              (rising edge-triggered flip-flop clocked by DFT_CLK)
  Endpoint: u_sm_ram_Q/mem_reg[254][3]
            (rising edge-triggered flip-flop clocked by DFT_CLK)
  Path Group: DFT_CLK
  Path Type: max

  Des/Clust/Port     Wire Load Model       Library
  ------------------------------------------------
  zigbee_phy_tx      ForQA                 saed90nm_max
  sm_ram_test_1      70000                 saed90nm_max

  Point                                                   Incr       Path
  --------------------------------------------------------------------------
  clock DFT_CLK (rise edge)                              45.00      45.00
  clock network delay (ideal)                             0.00      45.00
  u_sm_Q/data_out_reg[3]/CLK (SDFFX1)                     0.00 #    45.00 r
  u_sm_Q/data_out_reg[3]/Q (SDFFX1)                       0.67      45.67 r
  u_sm_Q/data_out[3] (symbol_mapper_test_1)               0.00      45.67 r
  u_sm_ram_Q/data_in[3] (sm_ram_test_1)                   0.00      45.67 r
  u_sm_ram_Q/U1446/Z (DELLN2X2)                          17.06      62.73 r
  u_sm_ram_Q/U1447/Z (NBUFFX2)                            9.42      72.15 r
  u_sm_ram_Q/U1139/Z (NBUFFX2)                           17.51      89.67 r
  u_sm_ram_Q/U3660/Q (AO22X1)                            53.14     142.81 r
  u_sm_ram_Q/mem_reg[254][3]/D (SDFFX1)                   0.26     143.07 r
  data arrival time                                                143.07

  clock DFT_CLK (rise edge)                             145.00     145.00
  clock network delay (ideal)                             0.00     145.00
  clock uncertainty                                      -0.03     144.98
  u_sm_ram_Q/mem_reg[254][3]/CLK (SDFFX1)                 0.00     144.98 r
  library setup time                                     -0.47     144.51
  data required time                                               144.51
  --------------------------------------------------------------------------
  data required time                                               144.51
  data arrival time                                               -143.07
  --------------------------------------------------------------------------
  slack (MET)                                                        1.44


  Startpoint: u_sm_I/data_out_reg[3]
              (rising edge-triggered flip-flop clocked by DFT_CLK)
  Endpoint: u_sm_ram_I/mem_reg[127][3]
            (rising edge-triggered flip-flop clocked by DFT_CLK)
  Path Group: DFT_CLK
  Path Type: max

  Des/Clust/Port     Wire Load Model       Library
  ------------------------------------------------
  zigbee_phy_tx      ForQA                 saed90nm_max
  sm_ram_test_0      70000                 saed90nm_max

  Point                                                   Incr       Path
  --------------------------------------------------------------------------
  clock DFT_CLK (rise edge)                              45.00      45.00
  clock network delay (ideal)                             0.00      45.00
  u_sm_I/data_out_reg[3]/CLK (SDFFX1)                     0.00 #    45.00 r
  u_sm_I/data_out_reg[3]/Q (SDFFX1)                       0.60      45.60 r
  u_sm_I/data_out[3] (symbol_mapper_test_0)               0.00      45.60 r
  u_sm_ram_I/data_in[3] (sm_ram_test_0)                   0.00      45.60 r
  u_sm_ram_I/U1110/Z (DELLN1X2)                           2.51      48.11 r
  u_sm_ram_I/U1088/Z (NBUFFX2)                           19.87      67.98 r
  u_sm_ram_I/U1438/Z (NBUFFX2)                           18.27      86.25 r
  u_sm_ram_I/U3128/Q (AO22X1)                            56.55     142.80 r
  u_sm_ram_I/mem_reg[127][3]/D (SDFFX1)                   0.26     143.07 r
  data arrival time                                                143.07

  clock DFT_CLK (rise edge)                             145.00     145.00
  clock network delay (ideal)                             0.00     145.00
  clock uncertainty                                      -0.03     144.98
  u_sm_ram_I/mem_reg[127][3]/CLK (SDFFX1)                 0.00     144.98 r
  library setup time                                     -0.47     144.51
  data required time                                               144.51
  --------------------------------------------------------------------------
  data required time                                               144.51
  data arrival time                                               -143.07
  --------------------------------------------------------------------------
  slack (MET)                                                        1.44


  Startpoint: u_sm_I/data_out_reg[3]
              (rising edge-triggered flip-flop clocked by DFT_CLK)
  Endpoint: u_sm_ram_I/mem_reg[175][3]
            (rising edge-triggered flip-flop clocked by DFT_CLK)
  Path Group: DFT_CLK
  Path Type: max

  Des/Clust/Port     Wire Load Model       Library
  ------------------------------------------------
  zigbee_phy_tx      ForQA                 saed90nm_max
  sm_ram_test_0      70000                 saed90nm_max

  Point                                                   Incr       Path
  --------------------------------------------------------------------------
  clock DFT_CLK (rise edge)                              45.00      45.00
  clock network delay (ideal)                             0.00      45.00
  u_sm_I/data_out_reg[3]/CLK (SDFFX1)                     0.00 #    45.00 r
  u_sm_I/data_out_reg[3]/Q (SDFFX1)                       0.60      45.60 r
  u_sm_I/data_out[3] (symbol_mapper_test_0)               0.00      45.60 r
  u_sm_ram_I/data_in[3] (sm_ram_test_0)                   0.00      45.60 r
  u_sm_ram_I/U1110/Z (DELLN1X2)                           2.51      48.11 r
  u_sm_ram_I/U1088/Z (NBUFFX2)                           19.87      67.98 r
  u_sm_ram_I/U1438/Z (NBUFFX2)                           18.27      86.25 r
  u_sm_ram_I/U3324/Q (AO22X1)                            56.55     142.80 r
  u_sm_ram_I/mem_reg[175][3]/D (SDFFX1)                   0.26     143.07 r
  data arrival time                                                143.07

  clock DFT_CLK (rise edge)                             145.00     145.00
  clock network delay (ideal)                             0.00     145.00
  clock uncertainty                                      -0.03     144.98
  u_sm_ram_I/mem_reg[175][3]/CLK (SDFFX1)                 0.00     144.98 r
  library setup time                                     -0.47     144.51
  data required time                                               144.51
  --------------------------------------------------------------------------
  data required time                                               144.51
  data arrival time                                               -143.07
  --------------------------------------------------------------------------
  slack (MET)                                                        1.44


  Startpoint: u_sm_I/data_out_reg[3]
              (rising edge-triggered flip-flop clocked by DFT_CLK)
  Endpoint: u_sm_ram_I/mem_reg[176][3]
            (rising edge-triggered flip-flop clocked by DFT_CLK)
  Path Group: DFT_CLK
  Path Type: max

  Des/Clust/Port     Wire Load Model       Library
  ------------------------------------------------
  zigbee_phy_tx      ForQA                 saed90nm_max
  sm_ram_test_0      70000                 saed90nm_max

  Point                                                   Incr       Path
  --------------------------------------------------------------------------
  clock DFT_CLK (rise edge)                              45.00      45.00
  clock network delay (ideal)                             0.00      45.00
  u_sm_I/data_out_reg[3]/CLK (SDFFX1)                     0.00 #    45.00 r
  u_sm_I/data_out_reg[3]/Q (SDFFX1)                       0.60      45.60 r
  u_sm_I/data_out[3] (symbol_mapper_test_0)               0.00      45.60 r
  u_sm_ram_I/data_in[3] (sm_ram_test_0)                   0.00      45.60 r
  u_sm_ram_I/U1110/Z (DELLN1X2)                           2.51      48.11 r
  u_sm_ram_I/U1088/Z (NBUFFX2)                           19.87      67.98 r
  u_sm_ram_I/U1439/Z (NBUFFX2)                           18.27      86.25 r
  u_sm_ram_I/U3329/Q (AO22X1)                            56.55     142.80 r
  u_sm_ram_I/mem_reg[176][3]/D (SDFFX1)                   0.26     143.07 r
  data arrival time                                                143.07

  clock DFT_CLK (rise edge)                             145.00     145.00
  clock network delay (ideal)                             0.00     145.00
  clock uncertainty                                      -0.03     144.98
  u_sm_ram_I/mem_reg[176][3]/CLK (SDFFX1)                 0.00     144.98 r
  library setup time                                     -0.47     144.51
  data required time                                               144.51
  --------------------------------------------------------------------------
  data required time                                               144.51
  data arrival time                                               -143.07
  --------------------------------------------------------------------------
  slack (MET)                                                        1.44


  Startpoint: u_sm_I/data_out_reg[3]
              (rising edge-triggered flip-flop clocked by DFT_CLK)
  Endpoint: u_sm_ram_I/mem_reg[178][3]
            (rising edge-triggered flip-flop clocked by DFT_CLK)
  Path Group: DFT_CLK
  Path Type: max

  Des/Clust/Port     Wire Load Model       Library
  ------------------------------------------------
  zigbee_phy_tx      ForQA                 saed90nm_max
  sm_ram_test_0      70000                 saed90nm_max

  Point                                                   Incr       Path
  --------------------------------------------------------------------------
  clock DFT_CLK (rise edge)                              45.00      45.00
  clock network delay (ideal)                             0.00      45.00
  u_sm_I/data_out_reg[3]/CLK (SDFFX1)                     0.00 #    45.00 r
  u_sm_I/data_out_reg[3]/Q (SDFFX1)                       0.60      45.60 r
  u_sm_I/data_out[3] (symbol_mapper_test_0)               0.00      45.60 r
  u_sm_ram_I/data_in[3] (sm_ram_test_0)                   0.00      45.60 r
  u_sm_ram_I/U1110/Z (DELLN1X2)                           2.51      48.11 r
  u_sm_ram_I/U1088/Z (NBUFFX2)                           19.87      67.98 r
  u_sm_ram_I/U1438/Z (NBUFFX2)                           18.27      86.25 r
  u_sm_ram_I/U3337/Q (AO22X1)                            56.55     142.80 r
  u_sm_ram_I/mem_reg[178][3]/D (SDFFX1)                   0.26     143.07 r
  data arrival time                                                143.07

  clock DFT_CLK (rise edge)                             145.00     145.00
  clock network delay (ideal)                             0.00     145.00
  clock uncertainty                                      -0.03     144.98
  u_sm_ram_I/mem_reg[178][3]/CLK (SDFFX1)                 0.00     144.98 r
  library setup time                                     -0.47     144.51
  data required time                                               144.51
  --------------------------------------------------------------------------
  data required time                                               144.51
  data arrival time                                               -143.07
  --------------------------------------------------------------------------
  slack (MET)                                                        1.44


  Startpoint: u_sm_I/data_out_reg[3]
              (rising edge-triggered flip-flop clocked by DFT_CLK)
  Endpoint: u_sm_ram_I/mem_reg[179][3]
            (rising edge-triggered flip-flop clocked by DFT_CLK)
  Path Group: DFT_CLK
  Path Type: max

  Des/Clust/Port     Wire Load Model       Library
  ------------------------------------------------
  zigbee_phy_tx      ForQA                 saed90nm_max
  sm_ram_test_0      70000                 saed90nm_max

  Point                                                   Incr       Path
  --------------------------------------------------------------------------
  clock DFT_CLK (rise edge)                              45.00      45.00
  clock network delay (ideal)                             0.00      45.00
  u_sm_I/data_out_reg[3]/CLK (SDFFX1)                     0.00 #    45.00 r
  u_sm_I/data_out_reg[3]/Q (SDFFX1)                       0.60      45.60 r
  u_sm_I/data_out[3] (symbol_mapper_test_0)               0.00      45.60 r
  u_sm_ram_I/data_in[3] (sm_ram_test_0)                   0.00      45.60 r
  u_sm_ram_I/U1110/Z (DELLN1X2)                           2.51      48.11 r
  u_sm_ram_I/U1088/Z (NBUFFX2)                           19.87      67.98 r
  u_sm_ram_I/U1439/Z (NBUFFX2)                           18.27      86.25 r
  u_sm_ram_I/U3341/Q (AO22X1)                            56.55     142.80 r
  u_sm_ram_I/mem_reg[179][3]/D (SDFFX1)                   0.26     143.07 r
  data arrival time                                                143.07

  clock DFT_CLK (rise edge)                             145.00     145.00
  clock network delay (ideal)                             0.00     145.00
  clock uncertainty                                      -0.03     144.98
  u_sm_ram_I/mem_reg[179][3]/CLK (SDFFX1)                 0.00     144.98 r
  library setup time                                     -0.47     144.51
  data required time                                               144.51
  --------------------------------------------------------------------------
  data required time                                               144.51
  data arrival time                                               -143.07
  --------------------------------------------------------------------------
  slack (MET)                                                        1.44


  Startpoint: u_sm_I/data_out_reg[3]
              (rising edge-triggered flip-flop clocked by DFT_CLK)
  Endpoint: u_sm_ram_I/mem_reg[181][3]
            (rising edge-triggered flip-flop clocked by DFT_CLK)
  Path Group: DFT_CLK
  Path Type: max

  Des/Clust/Port     Wire Load Model       Library
  ------------------------------------------------
  zigbee_phy_tx      ForQA                 saed90nm_max
  sm_ram_test_0      70000                 saed90nm_max

  Point                                                   Incr       Path
  --------------------------------------------------------------------------
  clock DFT_CLK (rise edge)                              45.00      45.00
  clock network delay (ideal)                             0.00      45.00
  u_sm_I/data_out_reg[3]/CLK (SDFFX1)                     0.00 #    45.00 r
  u_sm_I/data_out_reg[3]/Q (SDFFX1)                       0.60      45.60 r
  u_sm_I/data_out[3] (symbol_mapper_test_0)               0.00      45.60 r
  u_sm_ram_I/data_in[3] (sm_ram_test_0)                   0.00      45.60 r
  u_sm_ram_I/U1110/Z (DELLN1X2)                           2.51      48.11 r
  u_sm_ram_I/U1088/Z (NBUFFX2)                           19.87      67.98 r
  u_sm_ram_I/U1438/Z (NBUFFX2)                           18.27      86.25 r
  u_sm_ram_I/U3349/Q (AO22X1)                            56.55     142.80 r
  u_sm_ram_I/mem_reg[181][3]/D (SDFFX1)                   0.26     143.07 r
  data arrival time                                                143.07

  clock DFT_CLK (rise edge)                             145.00     145.00
  clock network delay (ideal)                             0.00     145.00
  clock uncertainty                                      -0.03     144.98
  u_sm_ram_I/mem_reg[181][3]/CLK (SDFFX1)                 0.00     144.98 r
  library setup time                                     -0.47     144.51
  data required time                                               144.51
  --------------------------------------------------------------------------
  data required time                                               144.51
  data arrival time                                               -143.07
  --------------------------------------------------------------------------
  slack (MET)                                                        1.44


  Startpoint: u_sm_I/data_out_reg[3]
              (rising edge-triggered flip-flop clocked by DFT_CLK)
  Endpoint: u_sm_ram_I/mem_reg[182][3]
            (rising edge-triggered flip-flop clocked by DFT_CLK)
  Path Group: DFT_CLK
  Path Type: max

  Des/Clust/Port     Wire Load Model       Library
  ------------------------------------------------
  zigbee_phy_tx      ForQA                 saed90nm_max
  sm_ram_test_0      70000                 saed90nm_max

  Point                                                   Incr       Path
  --------------------------------------------------------------------------
  clock DFT_CLK (rise edge)                              45.00      45.00
  clock network delay (ideal)                             0.00      45.00
  u_sm_I/data_out_reg[3]/CLK (SDFFX1)                     0.00 #    45.00 r
  u_sm_I/data_out_reg[3]/Q (SDFFX1)                       0.60      45.60 r
  u_sm_I/data_out[3] (symbol_mapper_test_0)               0.00      45.60 r
  u_sm_ram_I/data_in[3] (sm_ram_test_0)                   0.00      45.60 r
  u_sm_ram_I/U1110/Z (DELLN1X2)                           2.51      48.11 r
  u_sm_ram_I/U1088/Z (NBUFFX2)                           19.87      67.98 r
  u_sm_ram_I/U1439/Z (NBUFFX2)                           18.27      86.25 r
  u_sm_ram_I/U3353/Q (AO22X1)                            56.55     142.80 r
  u_sm_ram_I/mem_reg[182][3]/D (SDFFX1)                   0.26     143.07 r
  data arrival time                                                143.07

  clock DFT_CLK (rise edge)                             145.00     145.00
  clock network delay (ideal)                             0.00     145.00
  clock uncertainty                                      -0.03     144.98
  u_sm_ram_I/mem_reg[182][3]/CLK (SDFFX1)                 0.00     144.98 r
  library setup time                                     -0.47     144.51
  data required time                                               144.51
  --------------------------------------------------------------------------
  data required time                                               144.51
  data arrival time                                               -143.07
  --------------------------------------------------------------------------
  slack (MET)                                                        1.44


  Startpoint: u_sm_I/data_out_reg[3]
              (rising edge-triggered flip-flop clocked by DFT_CLK)
  Endpoint: u_sm_ram_I/mem_reg[184][3]
            (rising edge-triggered flip-flop clocked by DFT_CLK)
  Path Group: DFT_CLK
  Path Type: max

  Des/Clust/Port     Wire Load Model       Library
  ------------------------------------------------
  zigbee_phy_tx      ForQA                 saed90nm_max
  sm_ram_test_0      70000                 saed90nm_max

  Point                                                   Incr       Path
  --------------------------------------------------------------------------
  clock DFT_CLK (rise edge)                              45.00      45.00
  clock network delay (ideal)                             0.00      45.00
  u_sm_I/data_out_reg[3]/CLK (SDFFX1)                     0.00 #    45.00 r
  u_sm_I/data_out_reg[3]/Q (SDFFX1)                       0.60      45.60 r
  u_sm_I/data_out[3] (symbol_mapper_test_0)               0.00      45.60 r
  u_sm_ram_I/data_in[3] (sm_ram_test_0)                   0.00      45.60 r
  u_sm_ram_I/U1110/Z (DELLN1X2)                           2.51      48.11 r
  u_sm_ram_I/U1088/Z (NBUFFX2)                           19.87      67.98 r
  u_sm_ram_I/U1438/Z (NBUFFX2)                           18.27      86.25 r
  u_sm_ram_I/U3361/Q (AO22X1)                            56.55     142.80 r
  u_sm_ram_I/mem_reg[184][3]/D (SDFFX1)                   0.26     143.07 r
  data arrival time                                                143.07

  clock DFT_CLK (rise edge)                             145.00     145.00
  clock network delay (ideal)                             0.00     145.00
  clock uncertainty                                      -0.03     144.98
  u_sm_ram_I/mem_reg[184][3]/CLK (SDFFX1)                 0.00     144.98 r
  library setup time                                     -0.47     144.51
  data required time                                               144.51
  --------------------------------------------------------------------------
  data required time                                               144.51
  data arrival time                                               -143.07
  --------------------------------------------------------------------------
  slack (MET)                                                        1.44


  Startpoint: u_sm_I/data_out_reg[3]
              (rising edge-triggered flip-flop clocked by DFT_CLK)
  Endpoint: u_sm_ram_I/mem_reg[185][3]
            (rising edge-triggered flip-flop clocked by DFT_CLK)
  Path Group: DFT_CLK
  Path Type: max

  Des/Clust/Port     Wire Load Model       Library
  ------------------------------------------------
  zigbee_phy_tx      ForQA                 saed90nm_max
  sm_ram_test_0      70000                 saed90nm_max

  Point                                                   Incr       Path
  --------------------------------------------------------------------------
  clock DFT_CLK (rise edge)                              45.00      45.00
  clock network delay (ideal)                             0.00      45.00
  u_sm_I/data_out_reg[3]/CLK (SDFFX1)                     0.00 #    45.00 r
  u_sm_I/data_out_reg[3]/Q (SDFFX1)                       0.60      45.60 r
  u_sm_I/data_out[3] (symbol_mapper_test_0)               0.00      45.60 r
  u_sm_ram_I/data_in[3] (sm_ram_test_0)                   0.00      45.60 r
  u_sm_ram_I/U1110/Z (DELLN1X2)                           2.51      48.11 r
  u_sm_ram_I/U1088/Z (NBUFFX2)                           19.87      67.98 r
  u_sm_ram_I/U1439/Z (NBUFFX2)                           18.27      86.25 r
  u_sm_ram_I/U3365/Q (AO22X1)                            56.55     142.80 r
  u_sm_ram_I/mem_reg[185][3]/D (SDFFX1)                   0.26     143.07 r
  data arrival time                                                143.07

  clock DFT_CLK (rise edge)                             145.00     145.00
  clock network delay (ideal)                             0.00     145.00
  clock uncertainty                                      -0.03     144.98
  u_sm_ram_I/mem_reg[185][3]/CLK (SDFFX1)                 0.00     144.98 r
  library setup time                                     -0.47     144.51
  data required time                                               144.51
  --------------------------------------------------------------------------
  data required time                                               144.51
  data arrival time                                               -143.07
  --------------------------------------------------------------------------
  slack (MET)                                                        1.44


  Startpoint: u_sm_I/data_out_reg[3]
              (rising edge-triggered flip-flop clocked by DFT_CLK)
  Endpoint: u_sm_ram_I/mem_reg[187][3]
            (rising edge-triggered flip-flop clocked by DFT_CLK)
  Path Group: DFT_CLK
  Path Type: max

  Des/Clust/Port     Wire Load Model       Library
  ------------------------------------------------
  zigbee_phy_tx      ForQA                 saed90nm_max
  sm_ram_test_0      70000                 saed90nm_max

  Point                                                   Incr       Path
  --------------------------------------------------------------------------
  clock DFT_CLK (rise edge)                              45.00      45.00
  clock network delay (ideal)                             0.00      45.00
  u_sm_I/data_out_reg[3]/CLK (SDFFX1)                     0.00 #    45.00 r
  u_sm_I/data_out_reg[3]/Q (SDFFX1)                       0.60      45.60 r
  u_sm_I/data_out[3] (symbol_mapper_test_0)               0.00      45.60 r
  u_sm_ram_I/data_in[3] (sm_ram_test_0)                   0.00      45.60 r
  u_sm_ram_I/U1110/Z (DELLN1X2)                           2.51      48.11 r
  u_sm_ram_I/U1088/Z (NBUFFX2)                           19.87      67.98 r
  u_sm_ram_I/U1439/Z (NBUFFX2)                           18.27      86.25 r
  u_sm_ram_I/U3373/Q (AO22X1)                            56.55     142.80 r
  u_sm_ram_I/mem_reg[187][3]/D (SDFFX1)                   0.26     143.07 r
  data arrival time                                                143.07

  clock DFT_CLK (rise edge)                             145.00     145.00
  clock network delay (ideal)                             0.00     145.00
  clock uncertainty                                      -0.03     144.98
  u_sm_ram_I/mem_reg[187][3]/CLK (SDFFX1)                 0.00     144.98 r
  library setup time                                     -0.47     144.51
  data required time                                               144.51
  --------------------------------------------------------------------------
  data required time                                               144.51
  data arrival time                                               -143.07
  --------------------------------------------------------------------------
  slack (MET)                                                        1.44


  Startpoint: u_sm_I/data_out_reg[3]
              (rising edge-triggered flip-flop clocked by DFT_CLK)
  Endpoint: u_sm_ram_I/mem_reg[190][3]
            (rising edge-triggered flip-flop clocked by DFT_CLK)
  Path Group: DFT_CLK
  Path Type: max

  Des/Clust/Port     Wire Load Model       Library
  ------------------------------------------------
  zigbee_phy_tx      ForQA                 saed90nm_max
  sm_ram_test_0      70000                 saed90nm_max

  Point                                                   Incr       Path
  --------------------------------------------------------------------------
  clock DFT_CLK (rise edge)                              45.00      45.00
  clock network delay (ideal)                             0.00      45.00
  u_sm_I/data_out_reg[3]/CLK (SDFFX1)                     0.00 #    45.00 r
  u_sm_I/data_out_reg[3]/Q (SDFFX1)                       0.60      45.60 r
  u_sm_I/data_out[3] (symbol_mapper_test_0)               0.00      45.60 r
  u_sm_ram_I/data_in[3] (sm_ram_test_0)                   0.00      45.60 r
  u_sm_ram_I/U1110/Z (DELLN1X2)                           2.51      48.11 r
  u_sm_ram_I/U1088/Z (NBUFFX2)                           19.87      67.98 r
  u_sm_ram_I/U1438/Z (NBUFFX2)                           18.27      86.25 r
  u_sm_ram_I/U3385/Q (AO22X1)                            56.55     142.80 r
  u_sm_ram_I/mem_reg[190][3]/D (SDFFX1)                   0.26     143.07 r
  data arrival time                                                143.07

  clock DFT_CLK (rise edge)                             145.00     145.00
  clock network delay (ideal)                             0.00     145.00
  clock uncertainty                                      -0.03     144.98
  u_sm_ram_I/mem_reg[190][3]/CLK (SDFFX1)                 0.00     144.98 r
  library setup time                                     -0.47     144.51
  data required time                                               144.51
  --------------------------------------------------------------------------
  data required time                                               144.51
  data arrival time                                               -143.07
  --------------------------------------------------------------------------
  slack (MET)                                                        1.44


  Startpoint: u_sm_I/data_out_reg[3]
              (rising edge-triggered flip-flop clocked by DFT_CLK)
  Endpoint: u_sm_ram_I/mem_reg[191][3]
            (rising edge-triggered flip-flop clocked by DFT_CLK)
  Path Group: DFT_CLK
  Path Type: max

  Des/Clust/Port     Wire Load Model       Library
  ------------------------------------------------
  zigbee_phy_tx      ForQA                 saed90nm_max
  sm_ram_test_0      70000                 saed90nm_max

  Point                                                   Incr       Path
  --------------------------------------------------------------------------
  clock DFT_CLK (rise edge)                              45.00      45.00
  clock network delay (ideal)                             0.00      45.00
  u_sm_I/data_out_reg[3]/CLK (SDFFX1)                     0.00 #    45.00 r
  u_sm_I/data_out_reg[3]/Q (SDFFX1)                       0.60      45.60 r
  u_sm_I/data_out[3] (symbol_mapper_test_0)               0.00      45.60 r
  u_sm_ram_I/data_in[3] (sm_ram_test_0)                   0.00      45.60 r
  u_sm_ram_I/U1110/Z (DELLN1X2)                           2.51      48.11 r
  u_sm_ram_I/U1088/Z (NBUFFX2)                           19.87      67.98 r
  u_sm_ram_I/U1439/Z (NBUFFX2)                           18.27      86.25 r
  u_sm_ram_I/U3389/Q (AO22X1)                            56.55     142.80 r
  u_sm_ram_I/mem_reg[191][3]/D (SDFFX1)                   0.26     143.07 r
  data arrival time                                                143.07

  clock DFT_CLK (rise edge)                             145.00     145.00
  clock network delay (ideal)                             0.00     145.00
  clock uncertainty                                      -0.03     144.98
  u_sm_ram_I/mem_reg[191][3]/CLK (SDFFX1)                 0.00     144.98 r
  library setup time                                     -0.47     144.51
  data required time                                               144.51
  --------------------------------------------------------------------------
  data required time                                               144.51
  data arrival time                                               -143.07
  --------------------------------------------------------------------------
  slack (MET)                                                        1.44


  Startpoint: u_sm_I/data_out_reg[3]
              (rising edge-triggered flip-flop clocked by DFT_CLK)
  Endpoint: u_sm_ram_I/mem_reg[193][3]
            (rising edge-triggered flip-flop clocked by DFT_CLK)
  Path Group: DFT_CLK
  Path Type: max

  Des/Clust/Port     Wire Load Model       Library
  ------------------------------------------------
  zigbee_phy_tx      ForQA                 saed90nm_max
  sm_ram_test_0      70000                 saed90nm_max

  Point                                                   Incr       Path
  --------------------------------------------------------------------------
  clock DFT_CLK (rise edge)                              45.00      45.00
  clock network delay (ideal)                             0.00      45.00
  u_sm_I/data_out_reg[3]/CLK (SDFFX1)                     0.00 #    45.00 r
  u_sm_I/data_out_reg[3]/Q (SDFFX1)                       0.60      45.60 r
  u_sm_I/data_out[3] (symbol_mapper_test_0)               0.00      45.60 r
  u_sm_ram_I/data_in[3] (sm_ram_test_0)                   0.00      45.60 r
  u_sm_ram_I/U1110/Z (DELLN1X2)                           2.51      48.11 r
  u_sm_ram_I/U1088/Z (NBUFFX2)                           19.87      67.98 r
  u_sm_ram_I/U1438/Z (NBUFFX2)                           18.27      86.25 r
  u_sm_ram_I/U3399/Q (AO22X1)                            56.55     142.80 r
  u_sm_ram_I/mem_reg[193][3]/D (SDFFX1)                   0.26     143.07 r
  data arrival time                                                143.07

  clock DFT_CLK (rise edge)                             145.00     145.00
  clock network delay (ideal)                             0.00     145.00
  clock uncertainty                                      -0.03     144.98
  u_sm_ram_I/mem_reg[193][3]/CLK (SDFFX1)                 0.00     144.98 r
  library setup time                                     -0.47     144.51
  data required time                                               144.51
  --------------------------------------------------------------------------
  data required time                                               144.51
  data arrival time                                               -143.07
  --------------------------------------------------------------------------
  slack (MET)                                                        1.44


  Startpoint: u_sm_I/data_out_reg[3]
              (rising edge-triggered flip-flop clocked by DFT_CLK)
  Endpoint: u_sm_ram_I/mem_reg[194][3]
            (rising edge-triggered flip-flop clocked by DFT_CLK)
  Path Group: DFT_CLK
  Path Type: max

  Des/Clust/Port     Wire Load Model       Library
  ------------------------------------------------
  zigbee_phy_tx      ForQA                 saed90nm_max
  sm_ram_test_0      70000                 saed90nm_max

  Point                                                   Incr       Path
  --------------------------------------------------------------------------
  clock DFT_CLK (rise edge)                              45.00      45.00
  clock network delay (ideal)                             0.00      45.00
  u_sm_I/data_out_reg[3]/CLK (SDFFX1)                     0.00 #    45.00 r
  u_sm_I/data_out_reg[3]/Q (SDFFX1)                       0.60      45.60 r
  u_sm_I/data_out[3] (symbol_mapper_test_0)               0.00      45.60 r
  u_sm_ram_I/data_in[3] (sm_ram_test_0)                   0.00      45.60 r
  u_sm_ram_I/U1110/Z (DELLN1X2)                           2.51      48.11 r
  u_sm_ram_I/U1088/Z (NBUFFX2)                           19.87      67.98 r
  u_sm_ram_I/U1439/Z (NBUFFX2)                           18.27      86.25 r
  u_sm_ram_I/U3403/Q (AO22X1)                            56.55     142.80 r
  u_sm_ram_I/mem_reg[194][3]/D (SDFFX1)                   0.26     143.07 r
  data arrival time                                                143.07

  clock DFT_CLK (rise edge)                             145.00     145.00
  clock network delay (ideal)                             0.00     145.00
  clock uncertainty                                      -0.03     144.98
  u_sm_ram_I/mem_reg[194][3]/CLK (SDFFX1)                 0.00     144.98 r
  library setup time                                     -0.47     144.51
  data required time                                               144.51
  --------------------------------------------------------------------------
  data required time                                               144.51
  data arrival time                                               -143.07
  --------------------------------------------------------------------------
  slack (MET)                                                        1.44


  Startpoint: u_sm_I/data_out_reg[3]
              (rising edge-triggered flip-flop clocked by DFT_CLK)
  Endpoint: u_sm_ram_I/mem_reg[196][3]
            (rising edge-triggered flip-flop clocked by DFT_CLK)
  Path Group: DFT_CLK
  Path Type: max

  Des/Clust/Port     Wire Load Model       Library
  ------------------------------------------------
  zigbee_phy_tx      ForQA                 saed90nm_max
  sm_ram_test_0      70000                 saed90nm_max

  Point                                                   Incr       Path
  --------------------------------------------------------------------------
  clock DFT_CLK (rise edge)                              45.00      45.00
  clock network delay (ideal)                             0.00      45.00
  u_sm_I/data_out_reg[3]/CLK (SDFFX1)                     0.00 #    45.00 r
  u_sm_I/data_out_reg[3]/Q (SDFFX1)                       0.60      45.60 r
  u_sm_I/data_out[3] (symbol_mapper_test_0)               0.00      45.60 r
  u_sm_ram_I/data_in[3] (sm_ram_test_0)                   0.00      45.60 r
  u_sm_ram_I/U1110/Z (DELLN1X2)                           2.51      48.11 r
  u_sm_ram_I/U1088/Z (NBUFFX2)                           19.87      67.98 r
  u_sm_ram_I/U1438/Z (NBUFFX2)                           18.27      86.25 r
  u_sm_ram_I/U3411/Q (AO22X1)                            56.55     142.80 r
  u_sm_ram_I/mem_reg[196][3]/D (SDFFX1)                   0.26     143.07 r
  data arrival time                                                143.07

  clock DFT_CLK (rise edge)                             145.00     145.00
  clock network delay (ideal)                             0.00     145.00
  clock uncertainty                                      -0.03     144.98
  u_sm_ram_I/mem_reg[196][3]/CLK (SDFFX1)                 0.00     144.98 r
  library setup time                                     -0.47     144.51
  data required time                                               144.51
  --------------------------------------------------------------------------
  data required time                                               144.51
  data arrival time                                               -143.07
  --------------------------------------------------------------------------
  slack (MET)                                                        1.44


  Startpoint: u_sm_I/data_out_reg[3]
              (rising edge-triggered flip-flop clocked by DFT_CLK)
  Endpoint: u_sm_ram_I/mem_reg[197][3]
            (rising edge-triggered flip-flop clocked by DFT_CLK)
  Path Group: DFT_CLK
  Path Type: max

  Des/Clust/Port     Wire Load Model       Library
  ------------------------------------------------
  zigbee_phy_tx      ForQA                 saed90nm_max
  sm_ram_test_0      70000                 saed90nm_max

  Point                                                   Incr       Path
  --------------------------------------------------------------------------
  clock DFT_CLK (rise edge)                              45.00      45.00
  clock network delay (ideal)                             0.00      45.00
  u_sm_I/data_out_reg[3]/CLK (SDFFX1)                     0.00 #    45.00 r
  u_sm_I/data_out_reg[3]/Q (SDFFX1)                       0.60      45.60 r
  u_sm_I/data_out[3] (symbol_mapper_test_0)               0.00      45.60 r
  u_sm_ram_I/data_in[3] (sm_ram_test_0)                   0.00      45.60 r
  u_sm_ram_I/U1110/Z (DELLN1X2)                           2.51      48.11 r
  u_sm_ram_I/U1088/Z (NBUFFX2)                           19.87      67.98 r
  u_sm_ram_I/U1439/Z (NBUFFX2)                           18.27      86.25 r
  u_sm_ram_I/U3415/Q (AO22X1)                            56.55     142.80 r
  u_sm_ram_I/mem_reg[197][3]/D (SDFFX1)                   0.26     143.07 r
  data arrival time                                                143.07

  clock DFT_CLK (rise edge)                             145.00     145.00
  clock network delay (ideal)                             0.00     145.00
  clock uncertainty                                      -0.03     144.98
  u_sm_ram_I/mem_reg[197][3]/CLK (SDFFX1)                 0.00     144.98 r
  library setup time                                     -0.47     144.51
  data required time                                               144.51
  --------------------------------------------------------------------------
  data required time                                               144.51
  data arrival time                                               -143.07
  --------------------------------------------------------------------------
  slack (MET)                                                        1.44


1
