Waste_Version	1.0
Num_X_Squares	58
Num_Y_Squares	57
Square_Width	115200
Square_Height	115200
Grid_Boundary	0	0	6576000	6566400
Start_Grid
   0   0   0   1   0   0   0   0   0   0   0   0   0   0   0   0   0   0   0   0   0   0   0   0   0   0   0   0   0   0   0   0   0   0   0   0   0   0   0   0   0   0   0   0   0   0   0   0   0   0   0   0   0   0   0   0   0   0
   0   0   0   0   0   0   0   0   0   0   0   0   0   0   0   0   0   0   0   0   0   0   0   0   0   0   0   0   0   0   0   0   0   0   0   0   0   0   0   0   0   0   0   0   0   0   0   0   0   0   0   0   0   0   0   0   0   0
   0   0   0   0   0   0   0   0   0   0   0   0   0   0   0   0   0   0   0   0   0   0   0   0   1   0   0   0   0   0   0   0   0   0   0   0   0   0   0   0   0   0   0   0   0   0   0   0   0   0   0   0   0   0   0   0   0   0
   0   0   0   0   0   0   0   0   0   0   0   0   0   0   0   0   0   0   0   0   0   0   0   0   0   0   0   0   0   0   0   0   0   0   0   0   0   0   0   0   0   0   0   0   0   0   0   0   0   0   0   0   0   0   0   0   0   0
   0   0   0   0   0   0   0   0   0   0   0   0   0   0   0   0   0   0   0   0   0   0   0   0   0   0   0   0   0   0   0   0   0   0   0   0   0   0   0   0   0   0   0   0   0   0   0   0   0   0   0   0   0   0   0   0   0   0
   0   0   0   0   0   0   0   0   0   0   0   0   0   0   0   0   0   0   0   0   0   0   0   0   0   0   0   0   0   0   0   0   0   0   0   0   0   0   0   0   0   0   0   0   0   0   0   0   0   0   0   0   0   0   0   0   0   0
   0   0   0   0   0   0   0   0   0   0   0   0   0   0   0   0   0   0   0   0   0   0   0   0   0   0   0   0   0   0   0   0   0   0   0   0   0   0   0   0   0   0   0   0   0   0   0   0   0   0   0   0   0   0   0   0   0   0
   0   0   0   0   0   0   0   0   0   0   0   0   0   0   0   0   0   0   0   0   0   0   0   0   0   0   0   0   0   0   0   0   0   0   0   0   0   0   0   0   0   0   0   0   0   0   1   0   0   0   0   0   0   0   0   0   0   0
   0   0   0   0   0   0   0   0   0   0   0   0   0   0   0   0   0   0   0   0   0   0   0   0   0   0   0   0   0   0   0   0   0   0   0   0   0   0   0   0   0   0   0   0   0   0   0   0   0   0   0   0   0   0   0   0   0   0
   0   0   0   0   0   0   0   0   0   0   0   0   0   0   0   0   0   0   0   0   0   0   0   0   0   0   0   0   0   0   0   0   0   0   0   0   0   0   0   0   0   0   0   1   0   0   0   0   0   0   0   0   0   0   0   0   0   0
   0   0   0   0   0   0   0   0   0   0   0   0   0   0   0   0   0   0   0   0   0   0   0   0   3   0   0   0   0   0   0   0   0   0   0   0   0   0   0   0   0   0   0   0   0   0   0   0   0   0   0   0   0   0   0   0   0   0
   0   0   0   0   0   0   0   0   0   0   0   0   0   0   0   0   0   0   0   0   0   0   0   0   0   0   0   0   0   0   0   0   0   0   0   0   0   0   0   0   0   0   0   0   0   0   0   0   0   0   0   0   0   0   0   0   0   0
   0   0   0   0   0   0   0   0   0   0   0   0   0   0   0   0   0   0   0   0   0   0   0   0   0   0   0   0   0   0   0   0   0   0   0   0   0   0   0   0   0   0   0   0   0   0   0   0   0   0   0   0   0   0   0   0   0   0
   0   0   0   0   0   0   0   0   0   0   0   0   0   0   0   0   0   0   0   0   0   0   0   0   0   0   0   0   0   0   0   0   0   0   0   0   0   0   0   0   0   0   0   0   0   0   0   0   0   0   2   0   0   0   0   0   0   0
   0   0   0   0   0   0   0   0   0   0   0   0   0   0   0   0   0   0   0   1   0   0   0   0   0   0   0   0   0   0   0   0   0   0   0   0   0   0   0   0   0   0   0   0   0   0   0   0   0   0   0   0   0   0   0   0   0   0
   0   0   0   0   0   0   0   0   0   0   0   0   0   0   0   0   0   0   0   0   0   0   0   0   0   0   0   0   0   0   0   0   0   0   0   0   0   0   0   0   0   0   0   0   0   0   0   0   0   0   0   0   0   0   0   0   0   0
   0   0   0   0   0   0   0   0   0   0   0   0   0   0   0   0   0   0   0   0   0   0   0   0   0   0   0   0   0   0   0   2   0   0   0   0   0   0   0   0   0   0   0   0   0   0   0   0   0   0   0   0   0   0   0   0   0   0
   0   0   0   0   0   0   0   0   0   0   0   0   0   0   0   0   0   0   0   0   0   0   0   0   0   0   0   0   0   0   0   0   0   0   0   0   0   0   0   0   0   0   0   0   0   0   0   0   0   0   0   0   0   0   0   0   0   0
   0   0   0   0   0   0   0   0   0   0   0   0   0   0   0   0   0   0   0   0   0   0   0   0   0   0   0   0   0   0   0   0   0   0   0   0   0   0   0   0   0   0   0   0   0   0   0   0   0   0   0   0   0   0   0   0   0   0
   0   0   0   0   0   0   0   0   0   0   0   0   0   0   0   0   0   0   0   0   0   0   0   0   0   0   0   0   0   0   0   0   0   0   0   0   0   0   0   0   0   0   0   0   0   0   0   0   0   0   0   0   0   0   0   0   0   0
   0   0   0   0   0   0   0   0   4   0   0   0   0   0   0   0   0   0   0   0   0   0   0   0   0   0   0   0   0   0   0   0   0   0   0   0   0   0   0   0   0   0   0   0   0   0   0   0   0   0   0   0   0   0   0   0   0   0
   0   0   0   0   0   0   0   0   0   0   0   0   0   0   0   0   0   0   0   0   0   0   0   0   0   0   0   0   0   0   0   0   0   0   0   0   0   0   0   0   0   0   0   0   0   0   0   0   0   0   0   0   0   0   0   0   0   0
   0   0   0   0   0   0   0   0   0   0   0   0   0   0   0   0   0   0   0   0   0   0   0   0   0   0   0   0   0   0   0   0   0   0   0   0   0   0   0   0   0   0   0   0   0   0   0   0   0   0   0   0   0   0   0   0   0   0
   0   0   0   0   0   0   0   0   0   0   0   0   0   0   0   0   0   0   0   0   0   0   0   0   0   0   0   0   0   0   0   0   0   0   0   0   0   0   0   0   0   0   0   0   0   0   0   0   0   0   0   0   0   0   0   0   0   0
   0   0   0   0   0   0   0   0   0   0   0   0   0   0   0   0   0   0   0   0   0   0   0   0   0   0   0   0   0   0   0   0   0   0   0   0   0   0   0   0   0   0   0   0   0   0   4   0   0   0   0   0   0   0   0   0   0   0
   0   0   0   0   0   0   0   0   0   0   0   0   0   0   0   0   0   0   0   0   0   0   0   0   0   0   0   0   0   0   0   0   0   0   0   0   0   0   0   0   0   0   0   0   0   0   0   0   0   0   0   0   0   0   0   0   0   0
   0   0   0   0   0   0   0   0   0   0   0   0   0   0   0   0   0   0   0   0   0   0   0   0   0   0   0   0   0   0   0   0   0   0   0   0   0   0   0   0   0   0   0   0   0   0   0   0   0   0   0   0   0   0   0   0   0   0
   0   0   0   0   0   0   0   0   0   0   0   0   0   0   0   0   0   0   0   0   0   0   0   0   0   0   0   0   0   0   0   0   0   0   0   0   0   0   0   0   0   0   0   0   0   0   0   0   0   0   0   0   0   0   0   0   0   0
   0   0   0   0   0   0   0   0   0   0   0   0   0   0   0   0   0   0   0   0   0   0   0   0   0   0   0   0   0   0   0   0   0   0   0   0   0   0   0   0   0   0   0   0   0   0   0   0   0   0   0   0   0   0   0   0   0   0
   0   0   0   0   0   0   0   0   0   0   0   0   0   0   0   0   0   0   0   0   0   0   0   0   0   0   0   0   0   0   0   0   0   0   0   0   0   0   0   0   0   0   0   0   0   0   0   0   0   0   0   0   0   0   0   0   0   0
   0   0   0   0   0   0   0   0   0   0   0   0   0   0   0   0   0   0   0   0   0   0   0   0   0   0   0   0   0   0   0   0   0   0   0   0   0   0   0   0   0   0   0   0   0   0   0   0   0   0   0   0   0   0   0   0   0   0
   0   0   0   0   0   0   0   0   0   0   0   0   0   0   0   0   0   0   0   0   0   0   0   0   0   2   0   0   0   0   0   0   0   0   0   0   0   0   0   0   0   0   0   0   0   0   0   0   0   0   0   0   0   0   0   0   0   0
   0   0   0   0   0   0   0   0   0   0   0   0   0   0   0   0   0   0   0   0   0   0   0   0   0   0   0   0   0   0   0   0   0   0   0   0   0   0   0   0   0   0   0   0   0   0   0   0   2   0   0   0   0   0   0   0   0   0
   0   0   0   0   0   0   0   0   0   0   0   0   0   0   0   0   0   0   0   0   0   0   0   0   0   0   0   0   0   0   0   0   0   0   0   0   0   0   0   0   0   0   0   0   0   0   0   0   0   0   0   0   0   0   0   0   0   0
   0   0   0   0   0   0   0   0   0   0   0   0   0   0   0   0   0   0   0   0   0   0   0   0   0   0   0   0   0   0   0   0   0   0   0   0   0   0   0   0   0   0   0   0   0   0   0   0   0   0   0   0   0   0   0   0   0   0
   0   0   0   0   0   0   0   0   0   0   0   0   0   0   0   0   0   0   0   0   0   0   0   0   0   0   0   0   0   0   0   0   0   0   0   0   0   0   0   0   0   0   0   0   0   0   0   0   0   0   0   0   0   0   0   0   0   0
   0   0   0   0   0   0   0   0   0   0   0   0   0   0   0   0   0   0   0   0   0   0   0   0   0   0   0   0   0   0   0   0   0   0   0   0   0   0   0   0   0   0   0   0   0   0   0   0   0   0   0   0   0   0   0   0   0   0
   0   0   0   0   0   0   0   0   0   0   0   0   0   0   0   0   0   0   0   0   0   0   0   0   0   0   0   0   0   0   0   0   0   0   0   0   0   0   0   0   0   0   0   0   0   0   0   0   0   0   0   0   0   0   0   0   0   0
   0   0   0   0   0   0   0   0   0   0   0   0   0   0   0   0   0   0   0   0   0   0   0   0   0   0   0   0   0   0   0   0   0   0   0   0   0   0   0   0   0   0   0   0   0   0   0   0   0   0   0   0   0   0   0   0   0   0
   0   0   0   0   0   0   0   0   0   0   0   0   0   0   0   0   0   0   0   0   0   0   0   0   0   0   0   0   0   0   0   0   0   0   0   0   0   0   0   0   0   0   0   0   0   0   0   0   0   0   0   0   0   0   0   0   0   0
   0   0   0   0   0   0   0   0   0   0   0   0   0   0   0   0   0   0   0   0   0   0   0   0   0   0   0   0   0   0   0   0   0   0   0   0   0   0   0   0   0   0   0   0   0   0   0   0   0   0   0   0   0   0   0   0   0   0
   0   0   0   0   0   0   0   0   0   0   0   0   0   0   0   0   0   0   0   0   0   0   0   0   0   0   0   0   0   0   0   0   0   0   0   0   0   0   0   0   0   0   0   0   0   0   0   0   0   0   0   0   0   0   0   0   0   0
   0   0   0   0   0   0   0   0   0   0   0   0   0   0   0   0   0   0   0   0   0   0   0   0   0   0   0   0   0   0   0   0   0   0   0   0   0   0   0   0   0   0   0   0   0   0   0   0   0   0   0   0   0   0   0   0   0   0
   0   0   0   0   0   0   0   0   0   0   0   0   0   0   0   0   0   0   0   0   0   0   0   0   0   0   0   0   0   0   0   0   0   0   0   0   0   0   0   0   0   0   0   0   0   0   0   0   0   0   0   0   0   0   0   0   0   0
   0   0   0   0   0   0   0   0   0   0   0   0   0   0   0   0   0   0   0   0   0   0   0   0   0   0   0   0   0   0   0   0   0   0   0   0   0   0   0   0   0   0   0   0   1  11   0   0   0   0   0   0   0   0   0   0   0   0
   0   0   0   3   0   0   0   0   0   0   0   0   0   0   0   0   0   0   0   0   0   0   0   0   0   0   0   0   0   0   0   0   0   0   0   0   0   0   0   0   0   0   0   0   0   0   0   0   0   0   0   0   0   0   0   0   0   0
   0   0   0   0   0   0   0   0   0   0   0   0   0   0   0   0   0   0   0   0   0   0   0   0   0   0   0   0   0   0   0   0   0   0   0   0   0   0   0   0   0   0   0   0   0   0   0   0   0   0   0   0   0   0   0   0   0   0
   0   0   0   3   0   9   0   0   0   0   0   0   0   0   0   0   0   0   0   0   0   0   0   0   0   1   0   0   0   0   0   0   0   0   0   0   0   0   0   0   0   0   0   0   0   0   0   0   0   0   0   0   0   0   0   0   0   0
   0   0   0   0   0   0   0   0   0   0   0   0   0   0   0   0   0   0   0   0   0   0   0   0   0   0   0   0   0   0   0   0   0   0   0   0   0   0   0   0   0   0   0   0   0   0   0   0   0   0   0   0   0   0   0   0   0   0
   0   0   0   0   0   0   0   0   0   0   0   0   0   0   0   0   0   0   0   0   0   0   0   0   0   0   0   0   0   0   0   0   0   0   0   0   0   0   0   0   0   0   0   0   0   0   0   0   0   0   0   0   0   0   0   0   0   0
   0   0   0   0   0   0   0   0   0   0   0   0   0   0   0   0   0   0   0   0   0   0   0   0   0   0   0   0   0   0   0   0   0   0   0   0   0   0   0   0   0   0   0   0   0   0   0   0   0   0   0   0   0   0   0   0   0   0
   0   0   0   0   0   0   0   0   0   0   0   0   0   0   0   0   0   0   0   0   0   0   0   0   0   0   0   0   0   0   0   0   0   0   0   0   0   0   0   0   0   0   0   0   0   0   0   0   0   0   0   0   0   0   0   0   0   0
   0   0   0   0   0   0   0   0   0   0   0   0   0   0   0   0   0   0   0   0   0   0   0   0   0   0   0   0   0   0   0   0   0   0   0   0   0   0   0   0   0   0   0   0   0   0   0   0   0   0   0   0   0   0   0   0   0   0
   0   0   0   0   0   0   0   0   0   0   0   0   0   0   0   0   0   0   0   0   0   0   0   0   0   0   0   0   0   0   0   0   0   0   0   0   0   0   0   0   0   0   0   0   0   0   0   0   0   0   0   0   0   0   0   0   0   0
   0   0   0   0   0   0   0   0   0   0   0   0   0   0   0   0   0   0   0   0   0   0   0   0   0   0   0   0   0   0   0   0   0   0   0   0   0   0   0   0   0   0   0   0   0   0   0   0   0   0   0   0   0   0   0   0   0   0
   0   0   0   0   0   0   0   0   0   0   0   0   0   0   0   0   0   0   0   0   0   0   0   0   0   0   0   0   0   0   0   0   0   0   0   0   0   0   0   0   0   0   0   0   0   0   0   0   0   0   0   0   0   0   0   0   0   0
   0   0   0   0   0   0   0   0   0   0   0   0   0   0   0   0   0   0   0   0   0   0   0   0   0   0   0   0   0   0   0   0   0   0   0   0   0   0   0   0   0   0   0   0   0   0   0   0   0   0   0   0   0   0   0   0   0   0
End_Grid
Total_Grid_Waste	52
Start_Cell_Waste	12250
u_sm_Q/add_60/U1	0	0.0736111
u_mod_top/u_chirp/U447	0	0.172373
u_sm_Q/U14	0	1.04935
u_mod_top/u_chirp/U15	0	0.123843
u_mod_top/u_chirp/U546	0	0.275336
u_mod_top/u_chirp/U512	0	1.68551
u_mod_top/u_chirp/add_616/U1_1_2	0	4.48698
u_sm_Q/add_60/U1_1_1	0	0.943492
u_sm_Q/add_60/U1_1_4	0	3.30707
u_mod_top/u_chirp/Tx_imag_reg[0]	0	0.302215
u_mod_top/u_chirp/Tx_imag_reg[1]	0	4.00138
u_mod_top/u_chirp/Tx_imag_reg[3]	0	0.41718
u_mod_top/u_chirp/Tx_imag_reg[4]	0	4.01312
u_sm_ram_Q/mem_reg[165][1]	0	0.358569
u_mod_top/u_chirp/Tx_imag_reg[5]	0	2.01468
u_mod_top/u_chirp/Tx_imag_reg[6]	0	0.784124
u_mod_top/u_chirp/Tx_imag_reg[2]	0	0.286798
u_sm_ram_Q/mem_reg[165][0]	0	1.94951
u_mod_top/u_chirp/Tx_imag_reg[7]	0	0.364853
u_sm_ram_Q/mem_reg[163][2]	0	0.144958
u_mod_top/u_chirp/sample_idx_reg[0]	0	0.299055
u_sm_ram_Q/mem_reg[163][1]	0	3.45083
u_sm_ram_Q/mem_reg[165][3]	0	0.886937
u_mod_top/u_chirp/Tx_real_reg[0]	0	4.20999
u_mod_top/u_chirp/Tx_real_reg[1]	0	0.399749
u_sm_ram_Q/mem_reg[0][2]	0	0.339576
u_sm_ram_Q/mem_reg[163][0]	0	0.342492
u_sm_ram_Q/mem_reg[176][3]	0	0.315513
u_sm_ram_Q/mem_reg[1][3]	0	4.32322
u_sm_ram_Q/mem_reg[176][2]	0	3.28562
u_sm_ram_Q/mem_reg[23][1]	0	0.365096
u_sm_ram_Q/mem_reg[0][1]	0	2.11659
u_sm_ram_Q/mem_reg[0][0]	0	3.82468
u_mod_top/u_chirp/gap_cnt_reg[5]	0	0.345374
u_sm_ram_Q/mem_reg[1][2]	0	0.445826
u_sm_ram_Q/mem_reg[23][0]	0	2.10909
u_mod_top/u_dqpsk/real_out_reg[0]	0	0.463187
u_sm_ram_Q/mem_reg[176][1]	0	4.78485
u_sm_ram_Q/mem_reg[176][0]	0	1.17402
u_sm_ram_Q/mem_reg[39][3]	0	0.342596
u_mod_top/u_chirp/gap_cnt_reg[4]	0	2.00322
u_mod_top/u_chirp/gap_cnt_reg[3]	0	0.202006
u_sm_ram_Q/mem_reg[39][2]	0	1.95242
u_mod_top/u_chirp/gap_cnt_reg[6]	0	0.965166
u_sm_ram_Q/mem_reg[2][2]	0	0.150617
u_sm_ram_Q/mem_reg[39][0]	0	3.40749
u_mod_top/u_dqpsk/ptr_reg[0]	0	0.10711
u_sm_ram_Q/mem_reg[23][2]	0	1.00614
u_mod_top/u_chirp/group_parity_reg	0	1.3026
u_mod_top/u_dqpsk/ptr_reg[1]	0	1.78482
u_ctrl_fsm/preample_sfd_rom_rd_addr_reg_reg[3]	0	2.10346
u_sm_ram_Q/mem_reg[39][1]	0	1.12833
u_ctrl_fsm/preample_sfd_rom_rd_addr_reg_reg[0]	0	1.29742
u_mod_top/u_chirp/state_reg[1]	0	3.70402
u_mod_top/u_chirp/sample_idx_reg[2]	0	0.54711
u_sm_ram_Q/mem_reg[115][0]	0	3.50228
u_mod_top/u_chirp/state_reg[0]	0	2.67041
u_ctrl_fsm/preample_sfd_rom_rd_addr_reg_reg[2]	0	3.71451
u_sm_ram_Q/mem_reg[3][3]	0	0.944541
u_sm_ram_Q/mem_reg[115][1]	0	0.384749
u_ctrl_fsm/preample_sfd_rom_rd_addr_reg_reg[1]	0	2.82947
u_mod_top/u_dqpsk/imag_out_reg[0]	0	1.38287
u_mod_top/u_chirp/sample_idx_reg[1]	0	1.82711
u_sm_ram_Q/mem_reg[22][1]	0	3.99801
u_sm_ram_Q/mem_reg[115][3]	0	3.36836
u_sm_ram_Q/mem_reg[2][0]	0	0.22909
u_sm_ram_Q/mem_reg[3][1]	0	0.95961
u_sm_ram_Q/mem_reg[102][1]	0	0.220826
u_mod_top/u_dqpsk/buf_imag_reg[1][0]	0	4.11215
u_mod_top/u_dqpsk/buf_imag_reg[0][0]	0	3.60235
u_sm_ram_Q/mem_reg[102][3]	0	2.07454
u_mod_top/u_chirp/add_558/U1_2	0	3.13547
u_mod_top/u_chirp/add_570/U1_4	0	0.209433
u_mod_top/u_chirp/add_570/U1_5	0	1.36565
u_sm_Q/wr_addr_reg[0]	0	3.68781
u_sm_ram_Q/mem_reg[23][3]	0	1.93369
u_mod_top/u_chirp/U548	0	1.12952
u_mod_top/u_chirp/add_570/U1_6	0	2.46204
u_mod_top/u_chirp/add_570/U1_7	0	1.72413
u_mod_top/u_chirp/sample_valid_reg	0	1.20455
u_mod_top/u_chirp/U230	0	1.43371
u_mod_top/u_chirp/U12	0	0.884603
u_mod_top/u_chirp/U422	0	4.06434
u_mod_top/u_chirp/U225	0	0.723264
u_mod_top/u_chirp/PLACE_HFSBUF_704_1201	0	2.03704
u_mod_top/u_chirp/U258	0	0.199734
u_mod_top/u_chirp/add_616/U1_1_1	0	3.77322
u_mod_top/u_chirp/U454	0	0.193873
u_mod_top/u_chirp/PLACE_HFSINV_811_1208	0	0.0493827
u_mod_top/u_chirp/U169	0	0.668904
u_mod_top/u_chirp/U231	0	0.207697
u_mod_top/u_chirp/U455	0	0.320768
u_mod_top/u_chirp/U16	0	1.41315
u_sm_Q/wr_addr_reg[4]	0	0.364726
u_mod_top/u_chirp/U229	0	0.216408
u_mod_top/u_chirp/U226	0	2.55964
u_mod_top/u_dqpsk/U13	0	2.11736
u_mod_top/u_chirp/U224	0	0.260706
u_mod_top/u_chirp/U166	0	2.77085
u_mod_top/u_chirp/U227	0	0.397184
u_sm_Q/add_60/U1_1_2	0	0.55311
u_mod_top/u_chirp/U327	0	0.233071
u_mod_top/u_dqpsk/U47	0	1.68436
u_mod_top/u_chirp/U238	0	1.25006
u_mod_top/u_chirp/U328	0	0.497971
u_mod_top/u_chirp/U232	0	3.58326
u_mod_top/u_chirp/U160	0	2.86351
u_mod_top/u_chirp/U426	0	3.05269
u_mod_top/u_chirp/U261	0	0.213789
u_mod_top/u_chirp/U547	0	1.51581
u_mod_top/u_chirp/U549	0	0.935972
u_mod_top/u_chirp/U411	0	2.7529
u_mod_top/u_chirp/PLACE_HFSBUF_460_1207	0	2.07407
u_mod_top/u_chirp/U195	0	0.401921
u_sm_ram_Q/U2688	0	0.267488
u_mod_top/u_chirp/U446	0	0.494576
u_mod_top/u_chirp/U370	0	1.09747
u_mod_top/u_chirp/U484	0	2.53151
u_sm_ram_Q/mem_reg[22][3]	0	2.97131
u_mod_top/u_chirp/U27	0	1.49562
u_mod_top/u_chirp/U168	0	3.2552
u_sm_ram_Q/mem_reg[22][2]	0	1.43618
u_sm_ram_Q/mem_reg[1][0]	0	1.279
u_sm_Q/add_60/U1_1_5	0	1.47019
u_mod_top/u_dqpsk/U29	0	0.961624
u_mod_top/u_chirp/U228	0	0.987307
u_mod_top/u_chirp/U444	0	1.88204
u_sm_ram_Q/mem_reg[0][3]	0	1.49895
u_mod_top/u_chirp/U452	0	3.01826
u_ctrl_fsm/req_cnt_reg_reg[1]	0	1.40091
u_sm_ram_Q/mem_reg[1][1]	0	2.93912
u_mod_top/u_dqpsk/U65	0	1.45736
u_mod_top/u_chirp/U453	0	3.8625
u_sm_ram_Q/U3393	0	1.30952
u_sm_Q/U18	0	0.42674
u_mod_top/u_dqpsk/U38	0	0.41
u_mod_top/u_dqpsk/U48	0	3.20522
u_mod_top/u_chirp/U235	0	1.11751
u_mod_top/u_chirp/PLACE_HFSBUF_42_1202	0	2.14815
u_mod_top/u_chirp/U236	0	0.932191
u_mod_top/u_chirp/U468	0	1.88706
u_mod_top/u_chirp/U434	0	0.883588
u_mod_top/u_chirp/U19	0	3.17536
u_mod_top/u_chirp/U271	0	0.43679
u_mod_top/u_chirp/U514	0	2.98524
u_ctrl_fsm/U89	0	1.9168
u_mod_top/u_chirp/U467	0	2.37858
u_mod_top/u_chirp/U269	0	1.69615
u_mod_top/u_chirp/U448	0	1.03656
u_mod_top/u_chirp/U266	0	1.64248
u_mod_top/u_chirp/U218	0	3.3243
u_mod_top/u_dqpsk/imag_out_reg[1]	0	0.787265
u_mod_top/u_dqpsk/U46	0	2.13584
u_mod_top/u_dqpsk/U62	0	3.38185
u_sm_ram_Q/U2236	0	0.55689
u_ctrl_fsm/U42	0	1.22135
u_mod_top/u_chirp/U462	0	1.40058
u_mod_top/u_dqpsk/U17	0	1.6345
u_sm_ram_Q/mem_reg[165][2]	0	0.853935
u_mod_top/u_chirp/U268	0	1.46938
u_sm_ram_Q/U861	0	2.08651
u_mod_top/u_chirp/U237	0	1.87268
u_sm_ram_Q/U906	0	2.93685
u_mod_top/u_chirp/U329	0	2.31634
u_sm_ram_Q/U2235	0	3.49265
u_mod_top/u_chirp/U515	0	3.48941
u_mod_top/u_chirp/U202	0	0.331138
u_sm_Q/U17	0	2.63468
u_mod_top/u_dqpsk/buf_imag_reg[3][0]	0	0.564275
u_sm_ram_Q/U862	0	2.08755
u_mod_top/u_chirp/U207	0	0.942712
u_mod_top/u_dqpsk/buf_imag_reg[2][0]	0	1.89504
u_mod_top/u_chirp/U470	0	0.675008
u_mod_top/u_chirp/U188	0	1.13132
u_mod_top/u_chirp/U267	0	1.3975
u_mod_top/u_chirp/U270	0	0.607685
u_mod_top/u_chirp/U436	0	3.3089
u_mod_top/u_chirp/sample_idx_reg[3]	0	1.85045
u_mod_top/u_chirp/U415	0	0.220876
u_ctrl_fsm/U91	0	0.746879
u_mod_top/u_chirp/U503	0	0.685166
u_mod_top/u_chirp/U384	0	1.9649
u_mod_top/u_dqpsk/U34	0	0.297917
u_sm_ram_Q/mem_reg[163][3]	0	0.743098
u_mod_top/u_chirp/U192	0	0.536404
u_mod_top/u_chirp/U194	0	2.72552
u_sm_ram_Q/mem_reg[2][3]	0	1.82113
u_sm_ram_Q/U4024	0	2.44976
u_mod_top/u_chirp/U262	0	0.759201
u_sm_ram_Q/mem_reg[3][2]	0	0.584043
u_mod_top/u_chirp/PLACE_HFSBUF_15_1197	0	2.23457
u_mod_top/u_chirp/U544	0	2.84825
u_mod_top/u_chirp/U241	0	1.32208
u_mod_top/u_chirp/add_616/U1_1_3	0	0.548341
u_mod_top/u_chirp/U179	0	1.91941
u_mod_top/u_chirp/add_570/U1_1	0	1.92563
u_mod_top/u_chirp/add_570/U1_2	0	1.59297
u_mod_top/u_dqpsk/buf_real_reg[1][0]	0	1.54542
u_mod_top/u_chirp/U439	0	0.171593
u_mod_top/u_chirp/si_reg[1]	0	1.98166
u_mod_top/u_dqpsk/buf_real_reg[3][0]	0	1.4072
u_mod_top/u_chirp/U175	0	0.282079
u_sm_ram_Q/U1483	0	1.73521
u_ctrl_fsm/U43	0	0.682191
u_mod_top/u_chirp/U508	0	0.604136
u_mod_top/u_chirp/add_570/U2	0	0.461624
u_mod_top/u_chirp/add_558/U1_3	0	1.96384
u_sm_ram_Q/mem_reg[193][2]	0	1.53525
u_sm_ram_Q/U1111	0	2.80841
u_sm_ram_Q/U914	0	3.95191
u_mod_top/u_chirp/U185	0	3.34202
u_mod_top/u_chirp/U497	0	1.47753
u_mod_top/u_chirp/U550	0	1.57079
u_sm_ram_Q/mem_reg[36][2]	0	1.22603
u_sm_Q/U13	0	1.72798
u_sm_ram_Q/U2890	0	0.942735
u_mod_top/u_chirp/U322	0	0.665008
u_mod_top/u_chirp/U196	0	0.612396
u_sm_ram_Q/U2193	0	1.36495
u_mod_top/u_chirp/U260	0	2.78824
u_sm_ram_Q/U860	0	2.15718
u_mod_top/u_chirp/U438	0	1.13005
u_ctrl_fsm/U41	0	1.95204
u_sm_ram_Q/mem_reg[102][0]	0	2.70705
u_mod_top/u_chirp/U414	0	0.563646
u_mod_top/u_chirp/U273	0	2.56362
u_mod_top/u_chirp/gap_cnt_reg[0]	0	1.25541
u_sm_Q/add_60/U1_1_3	0	0.907029
u_mod_top/u_dqpsk/U45	0	2.16365
u_sm_ram_Q/U3334	0	3.23272
u_mod_top/u_dqpsk/U32	0	1.83252
u_mod_top/u_chirp/U250	0	1.82061
u_sm_ram_Q/mem_reg[38][3]	0	3.25397
u_sm_ram_Q/U908	0	2.39968
u_sm_ram_Q/U2298	0	1.53093
u_mod_top/u_chirp/U246	0	2.09279
u_mod_top/u_chirp/U272	0	0.753931
u_sm_Q/U7	0	3.13222
u_mod_top/u_chirp/U542	0	1.37377
u_sm_ram_Q/U905	0	4.28667
u_sm_ram_Q/U1108	0	0.726539
u_mod_top/u_chirp/sub_569/U9	0	1.41178
u_mod_top/u_chirp/U532	0	0.377824
u_mod_top/u_chirp/U543	0	0.711208
u_mod_top/u_chirp/U264	0	1.45446
u_mod_top/u_chirp/U545	0	3.45076
u_ctrl_fsm/U46	0	1.25683
u_sm_ram_Q/U1109	0	2.48252
u_sm_ram_Q/U1482	0	2.75306
u_sm_ram_Q/U1485	0	0.715883
u_mod_top/u_chirp/add_570/U1_3	0	2.25408
u_ctrl_fsm/U40	0	0.67794
u_sm_ram_Q/U1484	0	0.807874
u_mod_top/u_chirp/U150	0	1.09294
u_sm_ram_Q/U2237	0	1.24898
u_sm_ram_Q/U863	0	3.84233
u_mod_top/u_chirp/U247	0	0.259626
u_mod_top/u_dqpsk/U35	0	0.675992
u_mod_top/u_chirp/U109	0	2.83117
u_sm_ram_Q/U913	0	3.38166
u_sm_ram_Q/U2300	0	2.01398
u_mod_top/u_chirp/U410	0	0.894888
u_ctrl_fsm/U44	0	1.28937
u_mod_top/u_chirp/U254	0	3.92937
u_mod_top/u_chirp/U416	0	1.41554
u_sm_Q/wr_addr_reg[1]	0	2.02306
u_sm_ram_Q/U3214	0	3.09096
u_mod_top/u_chirp/U469	0	0.756277
u_mod_top/u_chirp/U533	0	3.42444
u_mod_top/u_chirp/U527	0	1.73122
u_mod_top/u_chirp/U366	0	1.31264
u_mod_top/u_chirp/U519	0	0.489086
u_sm_ram_Q/U907	0	3.97383
u_sm_ram_Q/U3308	0	0.543642
u_sm_ram_Q/U915	0	1.59039
u_sm_Q/U16	0	3.84182
u_mod_top/u_chirp/U486	0	1.50633
u_mod_top/u_chirp/U335	0	1.94618
u_ctrl_fsm/U16	0	3.3548
u_mod_top/u_chirp/U510	0	4.79213
u_sm_ram_Q/U3200	0	3.7762
u_ctrl_fsm/U45	0	3.2971
u_mod_top/u_chirp/U418	0	1.89381
u_mod_top/u_chirp/U222	0	4.18801
u_sm_ram_Q/U2299	0	0.570667
u_sm_Q/wr_addr_reg[5]	0	3.70478
u_mod_top/u_dqpsk/U37	0	1.35874
u_sm_ram_Q/U4035	0	1.77331
u_sm_ram_Q/U2847	0	2.04559
u_mod_top/u_chirp/add_570/U1	0	1.98264
u_mod_top/u_chirp/U126	0	3.98529
u_sm_ram_Q/U3357	0	4.74882
u_mod_top/u_chirp/U296	0	2.99552
u_mod_top/u_chirp/U210	0	1.22646
u_sm_ram_Q/U916	0	3.54249
u_sm_ram_Q/U3350	0	3.34903
u_mod_top/u_chirp/U239	0	2.20279
u_mod_top/u_chirp/U496	0	1.50712
u_sm_ram_Q/U1417	0	2.17856
u_mod_top/u_dqpsk/U63	0	2.72564
u_mod_top/u_chirp/U249	0	1.51654
u_sm_ram_Q/U2194	0	0.476173
u_ctrl_fsm/req_cnt_reg_reg[0]	0	5.12837
u_mod_top/u_chirp/U257	0	0.704745
u_mod_top/u_chirp/U487	0	0.441385
u_mod_top/u_chirp/U265	0	0.906107
u_mod_top/u_chirp/U243	0	2.09327
u_sm_ram_Q/U3199	0	4.84903
u_mod_top/u_chirp/U523	0	0.69037
u_mod_top/u_chirp/U437	0	1.03428
u_mod_top/u_chirp/U522	0	2.62071
u_mod_top/u_dqpsk/U41	0	4.51429
u_mod_top/u_chirp/U43	0	2.13105
u_mod_top/u_chirp/U451	0	0.90772
u_sm_ram_Q/U1776	0	3.9987
u_mod_top/u_chirp/U212	0	0.757712
u_mod_top/u_chirp/U385	0	1.09921
u_mod_top/u_chirp/U518	0	1.99849
u_mod_top/u_chirp/U330	0	0.73206
u_mod_top/u_chirp/U240	0	1.12897
u_mod_top/u_dqpsk/U23	0	0.742326
u_mod_top/u_dqpsk/U64	0	1.87241
u_sm_ram_Q/U2848	0	1.35221
u_mod_top/u_chirp/PLACE_HFSBUF_623_195	0	1.37037
u_mod_top/u_chirp/PLACE_HFSBUF_52_0	0	2.30864
u_mod_top/u_chirp/PLACE_HFSINV_129_1200	0	0.283951
u_mod_top/u_chirp/U463	0	2.15919
u_sm_Q/U3	0	0.931019
u_sm_ram_Q/U1777	0	3.44402
u_mod_top/u_chirp/U424	0	0.339414
u_sm_ram_Q/mem_reg[209][3]	0	3.03882
u_mod_top/u_chirp/U456	0	0.880162
u_mod_top/u_chirp/U421	0	0.61135
u_mod_top/u_chirp/U472	0	3.08547
u_ctrl_fsm/U68	0	1.71591
u_mod_top/u_chirp/U350	0	0.915845
u_mod_top/u_chirp/PLACE_HFSINV_624_1206	0	2.20988
u_sm_Q/wr_addr_reg[2]	0	3.17294
u_mod_top/u_chirp/U552	0	0.681701
u_mod_top/u_chirp/U450	0	0.881539
u_sm_ram_Q/U3733	0	2.52058
u_mod_top/u_chirp/U445	0	0.260799
u_sm_ram_Q/U1593	0	3.65424
u_sm_Q/add_60/U1_1_6	0	0.586049
u_sm_ram_Q/U1487	0	1.68639
u_sm_ram_Q/U1486	0	1.76846
u_mod_top/u_chirp/U478	0	1.27384
u_mod_top/u_chirp/U242	0	0.654606
u_mod_top/u_dqpsk/U66	0	2.78853
u_mod_top/u_dqpsk/U16	0	3.69859
u_mod_top/u_chirp/U509	0	0.768113
u_sm_ram_Q/mem_reg[36][0]	0	2.45495
u_mod_top/u_dqpsk/U11	0	1.44877
u_mod_top/u_chirp/U214	0	1.91354
u_mod_top/u_chirp/U61	0	0.681408
u_sm_ram_Q/U1488	0	1.37314
u_mod_top/u_chirp/U280	0	5.15394
u_mod_top/u_chirp/U326	0	3.1958
u_mod_top/u_dqpsk/U39	0	2.72906
u_mod_top/u_chirp/U20	0	1.81689
u_sm_ram_Q/U3145	0	0.929934
u_mod_top/u_chirp/U167	0	1.08133
u_mod_top/u_chirp/U554	0	2.48085
u_mod_top/u_chirp/U252	0	1.63743
u_mod_top/u_dqpsk/U30	0	2.8034
u_mod_top/u_dqpsk/buf_real_reg[0][0]	0	1.21386
u_mod_top/u_chirp/U526	0	0.602423
u_sm_ram_Q/mem_reg[38][0]	0	2.36241
u_mod_top/u_chirp/U408	0	1.0288
u_mod_top/u_chirp/U535	0	2.18099
u_mod_top/u_chirp/U309	0	0.970521
u_mod_top/u_dqpsk/U27	0	3.11698
u_form_ppdu/rom_dut/U7	0	1.01307
u_sm_ram_Q/U1489	0	2.18622
u_mod_top/u_chirp/U553	0	1.07174
u_mod_top/u_dqpsk/real_out_reg[1]	0	3.40419
u_sm_ram_Q/U3666	0	0.441856
u_mod_top/u_chirp/sr_reg[1]	0	1.33667
u_mod_top/u_chirp/U536	0	1.26964
u_mod_top/u_chirp/U540	0	0.736192
u_mod_top/u_chirp/U129	0	0.42446
u_mod_top/u_chirp/U153	0	3.02275
u_mod_top/u_chirp/U253	0	2.57703
u_mod_top/u_chirp/add_616/U1_1_4	0	0.371856
u_mod_top/u_chirp/U493	0	1.45647
u_mod_top/u_chirp/U378	0	0.745478
u_mod_top/u_chirp/U244	0	3.54956
u_sm_Q/U15	0	0.797639
u_mod_top/u_chirp/U336	0	1.84363
u_sm_ram_Q/mem_reg[215][0]	0	2.19642
u_mod_top/u_chirp/U541	0	1.71535
u_mod_top/u_chirp/U339	0	1.48883
u_sm_ram_Q/mem_reg[2][1]	0	0.756292
u_sm_ram_Q/mem_reg[194][3]	0	1.05044
u_mod_top/u_chirp/U433	0	1.32764
u_mod_top/u_chirp/U221	0	1.9789
u_mod_top/u_chirp/U334	0	0.990332
u_ctrl_fsm/U47	0	0.472658
u_sm_ram_Q/U4009	0	0.523746
u_payload_ram/PLACE_HFSBUF_3125_619	0	1.41975
u_mod_top/u_chirp/PLACE_HFSBUF_133_954	0	0.419753
u_mod_top/u_chirp/U144	0	2.41034
u_sm_ram_Q/U1110	0	3.81705
u_mod_top/u_chirp/U37	0	1.4798
u_sm_ram_Q/U1583	0	1.78668
u_sm_ram_Q/mem_reg[194][0]	0	2.85934
u_sm_ram_Q/U1588	0	0.603337
u_mod_top/u_chirp/U142	0	2.47802
u_mod_top/u_chirp/PLACE_HFSBUF_53_953	0	2.39506
u_mod_top/u_chirp/PLACE_HFSBUF_96_952	0	1.34568
u_sm_ram_Q/mem_reg[38][1]	0	4.99052
u_mod_top/u_chirp/U382	0	1.05953
u_mod_top/u_chirp/U531	0	0.58235
u_mod_top/u_chirp/U460	0	3.1562
u_form_ppdu/rom_dut/data_reg[3]	0	1.79622
u_mod_top/u_chirp/U298	0	2.89856
u_form_ppdu/rom_dut/U6	0	0.79304
u_mod_top/u_dqpsk/U12	0	2.82556
u_sm_ram_Q/U2297	0	4.99616
u_mod_top/u_chirp/U459	0	1.44728
u_sm_ram_Q/mem_reg[199][0]	0	1.14098
u_mod_top/u_dqpsk/U67	0	1.19172
u_mod_top/u_chirp/U383	0	1.07626
u_mod_top/u_chirp/U480	0	0.61522
u_mod_top/u_chirp/last_group_lat_reg	0	2.75919
u_mod_top/u_chirp/subchirp_idx_reg[0]	0	1.51963
u_mod_top/u_chirp/U499	0	1.35599
u_sm_ram_Q/mem_reg[22][0]	0	1.85501
u_mod_top/u_chirp/U152	0	0.543715
u_mod_top/u_chirp/sample_idx_reg[4]	0	1.26358
u_mod_top/u_chirp/U528	0	0.812458
u_mod_top/u_chirp/gap_cnt_reg[1]	0	0.52794
u_mod_top/u_chirp/U475	0	2.99921
u_mod_top/u_chirp/PLACE_HFSINV_1201_198	0	3.40741
u_sm_ram_Q/mem_reg[193][3]	0	0.869367
u_sm_ram_Q/mem_reg[209][0]	0	3.79576
u_mod_top/u_chirp/U492	0	1.01765
u_sm_ram_Q/mem_reg[115][2]	0	1.70657
u_mod_top/u_chirp/U259	0	1.72611
u_mod_top/u_chirp/U551	0	2.17583
u_sm_ram_Q/U1578	0	1.59215
u_mod_top/u_chirp/PLACE_HFSBUF_808_196	0	0.320988
u_sm_ram_Q/U3725	0	3.26248
u_mod_top/u_chirp/U417	0	1.1435
u_sm_ram_Q/U793	0	2.1916
u_sm_ram_Q/U3220	0	1.25064
u_sm_ram_I/mem_reg[179][2]	0	1.62979
u_mod_top/u_chirp/U471	0	1.81724
u_mod_top/u_chirp/U198	0	2.31861
u_sm_ram_Q/U3351	0	4.72911
u_mod_top/u_chirp/U357	0	1.40517
u_sm_ram_Q/U794	0	0.661327
u_sm_ram_Q/mem_reg[102][2]	0	3.45838
u_mod_top/u_dqpsk/U19	0	0.340251
u_mod_top/u_chirp/U248	0	0.547269
u_mod_top/u_dqpsk/buf_real_reg[2][0]	0	3.96715
u_mod_top/u_chirp/sample_idx_reg[5]	0	3.76772
u_sm_ram_Q/U1775	0	2.85325
u_mod_top/u_chirp/U537	0	1.54851
u_mod_top/u_chirp/U495	0	0.475733
u_mod_top/u_chirp/U245	0	3.12924
u_mod_top/u_chirp/U118	0	1.23118
u_mod_top/u_chirp/PLACE_HFSINV_694_1204	0	1.33333
u_mod_top/u_chirp/U220	0	3.28711
u_form_ppdu/rom_dut/U8	0	0.846678
u_mod_top/u_dqpsk/U25	0	1.42097
u_mod_top/u_dqpsk/U21	0	0.746956
u_mod_top/u_dqpsk/U70	0	0.695478
u_mod_top/u_chirp/U158	0	0.656385
u_mod_top/u_chirp/U476	0	1.36967
u_sm_ram_Q/mem_reg[194][1]	0	1.75051
u_mod_top/u_chirp/U325	0	1.34359
u_sm_ram_Q/U792	0	0.903831
u_ctrl_fsm/U31	0	1.78655
u_sm_Q/U12	0	0.775367
u_sm_ram_Q/U2058	0	2.90769
u_sm_ram_Q/U1431	0	3.09831
u_sm_ram_Q/U1429	0	2.95804
u_mod_top/u_dqpsk/U49	0	2.16248
u_mod_top/u_chirp/U374	0	2.2724
u_mod_top/u_chirp/U100	0	0.493742
u_ctrl_fsm/U48	0	2.78578
u_ctrl_fsm/U84	0	0.580806
u_sm_ram_Q/U2394	0	1.99666
u_mod_top/u_dqpsk/U18	0	1.18509
u_mod_top/u_chirp/U507	0	1.59039
u_mod_top/u_chirp/U530	0	0.748858
u_mod_top/u_chirp/U141	0	1.4192
u_mod_top/u_chirp/U442	0	3.46198
u_sm_ram_Q/U2493	0	1.49533
u_sm_ram_Q/U1432	0	3.16582
u_mod_top/u_chirp/U206	0	0.672045
u_mod_top/u_dqpsk/U71	0	3.12471
u_mod_top/u_chirp/U290	0	2.09291
u_sm_ram_Q/U354	0	0.709232
u_sm_ram_Q/U2468	0	1.49892
u_sm_ram_Q/mem_reg[209][1]	0	1.6733
u_mod_top/u_chirp/U127	0	0.930012
u_mod_top/u_chirp/U502	0	1.15537
u_mod_top/u_chirp/subchirp_idx_reg[1]	0	1.41066
u_sm_ram_Q/U2858	0	3.22847
u_mod_top/u_chirp/PLACE_HFSBUF_116_1041	0	0.432099
u_ctrl_fsm/U73	0	2.26556
u_sm_ram_Q/U2859	0	2.66292
u_mod_top/u_chirp/U251	0	1.73535
u_mod_top/u_chirp/U64	0	0.698052
u_mod_top/u_chirp/sub_569/U2_1	0	1.60559
u_mod_top/u_chirp/U481	0	2.24395
u_mod_top/u_chirp/U124	0	0.513468
u_mod_top/u_chirp/U375	0	1.00579
u_mod_top/u_chirp/U288	0	2.08225
u_sm_ram_Q/mem_reg[199][2]	0	2.47313
u_mod_top/u_dqpsk/U10	0	1.21809
u_mod_top/u_chirp/U289	0	2.04324
u_mod_top/u_chirp/U500	0	3.11434
u_sm_Q/U38	0	1.07275
u_mod_top/u_chirp/U36	0	0.49059
u_mod_top/u_chirp/U331	0	1.64129
u_mod_top/u_chirp/U483	0	2.70492
u_mod_top/u_chirp/add_558/U1_4	0	2.51648
u_mod_top/u_chirp/U555	0	1.62963
u_mod_top/u_chirp/U24	0	0.651698
u_mod_top/u_chirp/U213	0	2.11706
u_sm_ram_Q/mem_reg[213][3]	0	1.45914
u_sm_Q/U6	0	2.09126
u_mod_top/u_dqpsk/U4	0	0.448893
u_mod_top/u_chirp/U505	0	1.13644
u_sm_ram_Q/mem_reg[213][0]	0	1.43892
u_sm_ram_Q/U1424	0	3.05005
u_mod_top/u_chirp/U256	0	1.86861
u_mod_top/u_chirp/U293	0	1.95036
u_mod_top/u_chirp/U332	0	1.24199
u_sm_Q/wr_addr_reg[3]	0	3.13981
u_mod_top/u_chirp/U337	0	0.962708
u_sm_Q/U44	0	2.45928
u_mod_top/u_chirp/U208	0	1.64552
u_mod_top/u_chirp/U148	0	0.631289
u_ctrl_fsm/U67	0	1.16456
u_mod_top/u_chirp/sub_569/U4	0	1.67879
u_sm_ram_Q/U3331	0	1.43973
u_mod_top/u_chirp/U458	0	1.53547
u_sm_Q/U34	0	1.44814
u_sm_Q/wr_addr_reg[7]	0	1.33594
u_mod_top/u_chirp/U338	0	2.10842
u_mod_top/u_dqpsk/U28	0	0.957207
u_sm_ram_Q/mem_reg[211][0]	0	1.27294
u_mod_top/u_chirp/U425	0	1.30793
u_form_ppdu/rom_dut/U3	0	0.593283
u_mod_top/u_chirp/U388	0	1.68109
u_mod_top/u_dqpsk/U53	0	0.735694
u_mod_top/u_chirp/U317	0	2.50958
u_mod_top/u_chirp/PLACE_HFSBUF_23_1320	0	0.469136
u_sm_ram_Q/U3309	0	1.40596
u_sm_ram_Q/U2057	0	1.93125
u_mod_top/u_chirp/sub_569/U1	0	1.18558
u_sm_ram_Q/mem_reg[197][3]	0	2.21617
u_ctrl_fsm/U30	0	0.583156
u_mod_top/u_dqpsk/buf_imag_reg[1][1]	0	2.49379
u_mod_top/u_dqpsk/U33	0	3.52887
u_sm_ram_I/mem_reg[2][3]	0	2.19014
u_mod_top/u_chirp/sub_569/U7	0	1.75257
u_mod_top/u_chirp/U373	0	1.10049
u_mod_top/u_chirp/gap_cnt_reg[2]	0	1.66902
u_form_ppdu/rom_dut/U5	0	1.91914
u_mod_top/u_chirp/U539	0	2.14589
u_sm_ram_Q/mem_reg[103][1]	0	0.899977
u_mod_top/u_chirp/PLACE_HFSBUF_58_1042	0	1.33333
u_form_ppdu/rom_dut/U4	0	3.07144
u_sm_ram_Q/mem_reg[193][1]	0	2.71797
u_mod_top/u_dqpsk/U42	0	1.71657
u_sm_ram_Q/mem_reg[114][3]	0	3.36812
u_mod_top/u_dqpsk/U20	0	0.605563
u_sm_ram_Q/mem_reg[215][1]	0	2.81389
u_mod_top/u_chirp/U504	0	0.576748
u_mod_top/u_chirp/U538	0	0.521566
u_mod_top/u_chirp/add_558/U1_5	0	2.07836
u_mod_top/u_chirp/U465	0	1.44152
u_mod_top/u_chirp/U234	0	1.35217
u_sm_Q/U37	0	3.20403
u_mod_top/u_chirp/sub_569/U3	0	1.37869
u_mod_top/u_chirp/U479	0	2.55061
u_sm_ram_Q/U1421	0	1.00713
u_sm_ram_Q/U1422	0	1.28731
u_mod_top/u_chirp/U219	0	0.835367
u_mod_top/u_chirp/U291	0	0.579707
u_mod_top/u_chirp/U489	0	0.94414
u_form_ppdu/rom_dut/data_reg[0]	0	1.5187
u_mod_top/u_chirp/U292	0	0.638885
u_mod_top/u_chirp/U88	0	0.866848
u_mod_top/u_chirp/U63	0	1.1978
u_sm_ram_Q/mem_reg[36][3]	0	1.45816
u_mod_top/u_chirp/U534	0	1.27175
u_mod_top/u_chirp/U429	0	0.856157
u_ctrl_fsm/U29	0	1.2936
u_mod_top/u_chirp/U386	0	1.83832
u_mod_top/u_chirp/U395	0	0.901829
u_sm_Q/U11	0	2.74592
u_sm_ram_Q/U787	0	1.87775
u_mod_top/u_chirp/PLACE_HFSBUF_353_1196	0	1.4321
u_mod_top/u_chirp/PLACE_HFSINV_985_1193	0	1.33333
u_mod_top/u_chirp/PLACE_HFSINV_399_1195	0	1.35802
u_mod_top/u_dqpsk/U9	0	3.53761
u_mod_top/u_chirp/U149	0	1.33916
u_mod_top/u_chirp/U511	0	0.559008
u_mod_top/u_chirp/U121	0	0.918526
u_ctrl_fsm/U72	0	1.31042
u_sm_ram_I/mem_reg[179][0]	0	0.759915
u_mod_top/u_chirp/U513	0	1.25121
u_sm_ram_Q/U791	0	1.61334
u_sm_ram_Q/U3327	0	0.761127
u_mod_top/u_chirp/U17	0	0.580976
u_mod_top/u_chirp/U286	0	0.837762
u_sm_ram_Q/mem_reg[114][1]	0	0.707068
u_mod_top/u_chirp/U11	0	1.61517
u_mod_top/u_dqpsk/U31	0	2.07234
u_mod_top/u_chirp/U466	0	0.960779
u_ctrl_fsm/U71	0	0.85152
u_mod_top/u_dqpsk/U40	0	3.51454
u_mod_top/u_chirp/U485	0	1.1336
u_sm_ram_I/mem_reg[195][0]	0	0.999236
u_sm_ram_I/mem_reg[146][3]	0	2.70716
u_ctrl_fsm/U74	0	1.35943
u_sm_ram_I/mem_reg[179][3]	0	1.1345
u_sm_ram_I/mem_reg[2][1]	0	2.43197
u_mod_top/u_dqpsk/U36	0	1.44742
u_mod_top/u_dqpsk/buf_imag_reg[3][1]	0	0.904417
u_mod_top/u_chirp/U354	0	0.868584
u_mod_top/u_dqpsk/U54	0	0.924761
u_mod_top/u_chirp/U105	0	0.498515
u_mod_top/u_chirp/Tx_real_reg[2]	0	2.49202
u_sm_ram_Q/mem_reg[166][1]	0	2.30596
u_sm_ram_I/mem_reg[178][0]	0	2.32552
u_mod_top/u_chirp/U396	0	0.854545
u_mod_top/u_chirp/U125	0	1.11746
u_mod_top/u_chirp/sub_569/U8	0	0.930667
u_mod_top/u_chirp/sub_569/U6	0	0.862265
u_sm_ram_Q/mem_reg[3][0]	0	1.23866
u_mod_top/u_chirp/U348	0	1.59494
u_mod_top/u_chirp/U351	0	1.80944
u_mod_top/u_chirp/U482	0	0.838156
u_mod_top/u_chirp/U423	0	0.581883
u_sm_ram_Q/U767	0	0.7989
u_mod_top/u_chirp/U394	0	1.07383
u_sm_ram_Q/U3616	0	1.70147
u_sm_ram_Q/mem_reg[193][0]	0	0.634228
u_sm_ram_Q/mem_reg[103][0]	0	1.96769
u_sm_ram_Q/U1430	0	1.94186
u_mod_top/u_chirp/sub_569/U2_4	0	1.09581
u_sm_ram_I/mem_reg[195][2]	0	0.722492
u_mod_top/u_chirp/U279	0	1.39976
u_mod_top/u_dqpsk/U68	0	0.801728
u_mod_top/u_chirp/U377	0	0.73093
u_ctrl_fsm/ready_for_IQ_d_reg	0	2.33004
u_sm_ram_Q/mem_reg[226][0]	0	1.23081
u_sm_ram_Q/mem_reg[225][1]	0	2.05446
u_mod_top/u_chirp/sub_569/U2_2	0	1.70132
u_sm_ram_Q/mem_reg[36][1]	0	0.741894
u_sm_ram_Q/U790	0	1.57557
u_sm_ram_Q/mem_reg[38][2]	0	0.999653
u_mod_top/u_chirp/U368	0	1.64836
u_ctrl_fsm/U49	0	0.935332
u_mod_top/sn_valid_d_reg	0	3.66357
u_sm_ram_Q/U2520	0	0.692481
u_sm_ram_Q/mem_reg[224][1]	0	1.28575
u_mod_top/u_dqpsk/buf_real_reg[3][1]	0	2.46947
u_mod_top/u_chirp/U133	0	0.76995
u_mod_top/u_dqpsk/U50	0	1.89472
u_mod_top/u_chirp/PLACE_HFSINV_915_1199	0	0.333333
u_mod_top/u_chirp/U501	0	3.45386
u_sm_ram_Q/U1987	0	1.4416
u_sm_Q/add_60/U2	0	1.47578
u_mod_top/U3	0	0.877095
u_mod_top/u_chirp/sub_569/U2_3	0	1.08258
u_mod_top/u_chirp/U506	0	1.2843
u_sm_ram_Q/mem_reg[194][2]	0	1.32859
u_sm_ram_Q/U769	0	0.800019
u_sm_ram_Q/PLACE_HFSBUF_7608_493	0	1.55556
u_sm_ram_Q/PLACE_HFSBUF_7775_495	0	1.55556
u_sm_ram_Q/PLACE_HFSBUF_7950_494	0	0.555556
u_sm_ram_Q/PLACE_HFSBUF_7447_492	0	0.45679
u_mod_top/u_chirp/U131	0	0.562419
u_mod_top/u_chirp/U10	0	2.95477
u_sm_ram_Q/U3155	0	1.13715
u_sm_ram_I/mem_reg[179][1]	0	1.66079
u_sm_ram_Q/U788	0	1.56606
u_mod_top/u_dqpsk/U57	0	0.678268
u_sm_ram_Q/mem_reg[114][2]	0	0.784356
u_ctrl_fsm/load_delay_reg_reg[0]	0	2.69642
u_sm_ram_I/U3310	0	1.60818
u_mod_top/u_chirp/sub_569/U2	0	0.688495
u_ctrl_fsm/U90	0	0.81267
u_mod_top/u_chirp/U323	0	1.16142
u_mod_top/u_chirp/U464	0	1.35712
u_sm_ram_Q/U726	0	1.34358
u_mod_top/u_dqpsk/U22	0	0.786644
u_mod_top/u_chirp/U209	0	0.92152
u_sm_ram_Q/U3671	0	1.71443
u_sm_ram_Q/mem_reg[199][3]	0	2.50776
u_mod_top/u_dqpsk/buf_imag_reg[0][1]	0	0.946852
u_mod_top/u_chirp/U204	0	0.600849
u_mod_top/u_chirp/U18	0	0.88223
u_sm_Q/U45	0	1.34563
u_mod_top/u_chirp/U6	0	2.13785
u_sm_ram_Q/U789	0	0.49147
u_mod_top/u_chirp/U50	0	2.14459
u_mod_top/u_chirp/sub_569/U2_5	0	2.32536
u_mod_top/u_chirp/U255	0	0.574452
u_sm_ram_Q/U3610	0	1.05904
u_sm_ram_Q/U2473	0	1.48959
u_mod_top/u_dqpsk/U69	0	1.02579
u_mod_top/u_chirp/U285	0	0.965251
u_mod_top/u_dqpsk/U72	0	2.61854
u_mod_top/u_chirp/U136	0	0.734749
u_mod_top/u_chirp/U146	0	0.606408
u_mod_top/u_chirp/sub_569/U5	0	1.53667
u_sm_ram_Q/mem_reg[199][1]	0	1.66413
u_mod_top/u_chirp/U29	0	0.714132
u_mod_top/u_dqpsk/buf_imag_reg[2][1]	0	1.29958
u_mod_top/u_chirp/U147	0	0.875907
u_sm_ram_Q/mem_reg[226][3]	0	2.20948
u_sm_ram_I/mem_reg[146][1]	0	1.67044
u_sm_ram_I/mem_reg[195][1]	0	2.41981
u_sm_ram_I/mem_reg[195][3]	0	2.26001
u_mod_top/u_chirp/U529	0	0.672392
u_sm_ram_Q/U702	0	0.940729
u_sm_ram_Q/mem_reg[211][2]	0	2.0164
u_sm_ram_Q/mem_reg[208][0]	0	2.56251
u_sm_ram_Q/U778	0	1.23216
u_sm_ram_Q/mem_reg[211][1]	0	2.43253
u_mod_top/u_chirp/sn_req_reg	0	0.733692
u_ctrl_fsm/U50	0	1.08733
u_sm_ram_Q/U2252	0	2.1872
u_mod_top/u_chirp/U52	0	1.18865
u_mod_top/u_chirp/U107	0	0.984985
u_mod_top/u_chirp/U372	0	0.554232
u_mod_top/u_chirp/Tx_real_reg[4]	0	1.02153
u_sm_ram_I/mem_reg[146][0]	0	1.35484
u_mod_top/u_chirp/U498	0	1.49698
u_mod_top/u_chirp/U174	0	1.24151
u_mod_top/u_chirp/U398	0	1.43327
u_mod_top/u_dqpsk/U26	0	1.30023
u_mod_top/u_chirp/U65	0	1.19211
u_ctrl_fsm/U17	0	1.12723
u_sm_ram_Q/U2512	0	1.47754
u_mod_top/u_chirp/U21	0	0.636196
u_ctrl_fsm/U87	0	0.674687
u_mod_top/u_chirp/U203	0	1.28003
u_mod_top/u_dqpsk/U60	0	2.08166
u_sm_Q/wr_addr_reg[6]	0	0.715235
u_mod_top/u_chirp/U420	0	0.655694
u_ctrl_fsm/U15	0	0.832766
u_sm_ram_I/U850	0	1.24243
u_mod_top/u_chirp/U402	0	0.572666
PLACE_HFSBUF_1192_1216	0	0.555556
u_mod_top/u_chirp/PLACE_HFSBUF_108_1181	0	1.55556
u_mod_top/u_chirp/PLACE_HFSINV_589_1183	0	1.50617
u_sm_ram_Q/U710	0	0.743773
u_sm_ram_Q/U2422	0	0.740459
u_ctrl_fsm/U75	0	1.32968
u_sm_ram_I/mem_reg[146][2]	0	0.999417
u_sm_ram_Q/mem_reg[215][2]	0	0.807527
u_sm_ram_Q/mem_reg[215][3]	0	1.30544
u_sm_ram_Q/U2253	0	0.881582
u_mod_top/u_chirp/U282	0	2.51057
u_mod_top/u_chirp/U356	0	0.564356
u_sm_ram_Q/mem_reg[166][0]	0	2.17045
u_sm_ram_Q/mem_reg[195][3]	0	1.12953
u_mod_top/u_chirp/U379	0	0.826015
u_mod_top/u_chirp/U284	0	0.962253
u_mod_top/u_dqpsk/U14	0	1.29742
u_sm_ram_Q/U3259	0	0.981393
u_mod_top/u_chirp/U376	0	1.92096
u_sm_ram_Q/U3677	0	1.28502
u_ctrl_fsm/U86	0	0.823538
u_sm_ram_Q/U713	0	0.554178
u_sm_Q/U10	0	1.21235
u_mod_top/u_chirp/U177	0	0.838588
u_ctrl_fsm/U85	0	0.719456
u_sm_ram_I/mem_reg[2][2]	0	0.777581
u_sm_ram_Q/mem_reg[197][2]	0	2.13258
u_mod_top/u_chirp/U59	0	1.88251
u_sm_ram_Q/U718	0	1.94591
u_mod_top/u_chirp/U341	0	0.82591
u_sm_ram_Q/mem_reg[114][0]	0	2.02485
u_mod_top/u_chirp/U525	0	1.81875
u_mod_top/u_chirp/U47	0	0.6761
u_mod_top/u_chirp/U344	0	0.682315
u_sm_ram_Q/PLACE_HFSBUF_3486_553	0	0.555556
u_sm_ram_Q/PLACE_HFSBUF_3322_556	0	1.55556
u_ctrl_fsm/U18	0	0.668715
u_mod_top/u_chirp/U8	0	1.96255
u_mod_top/u_chirp/U35	0	1.33404
u_mod_top/u_chirp/U283	0	0.71512
u_sm_ram_Q/U3172	0	0.642913
u_sm_ram_I/U851	0	0.831663
u_sm_ram_I/mem_reg[194][3]	0	2.44354
u_mod_top/u_chirp/U355	0	1.32149
u_mod_top/u_chirp/U404	0	0.778337
u_mod_top/u_chirp/U432	0	1.42772
u_sm_ram_Q/mem_reg[224][2]	0	0.685069
u_mod_top/u_chirp/Tx_real_reg[3]	0	2.08603
u_mod_top/u_chirp/U117	0	1.41161
u_mod_top/u_chirp/U324	0	0.818021
u_sm_ram_I/U848	0	0.763086
u_mod_top/u_chirp/U409	0	1.14872
u_ctrl_fsm/load_delay_reg_reg[1]	0	1.19426
u_sm_ram_Q/U703	0	1.45297
u_ctrl_fsm/U32	0	0.763306
u_sm_ram_Q/U2628	0	1.36755
u_sm_ram_Q/U2585	0	0.796995
u_mod_top/u_chirp/U333	0	0.580293
u_sm_ram_Q/mem_reg[224][0]	0	2.23743
u_ctrl_fsm/U69	0	0.654711
u_sm_ram_Q/U2043	0	1.95975
u_sm_ram_Q/U768	0	2.05437
u_sm_ram_Q/mem_reg[208][3]	0	1.43698
u_mod_top/u_chirp/U277	0	1.28217
u_mod_top/u_chirp/U281	0	0.948688
u_sm_ram_Q/mem_reg[225][0]	0	0.968291
u_mod_top/u_chirp/sub_569/U2_6	0	0.693461
u_sm_ram_I/U849	0	0.773083
u_mod_top/u_dqpsk/U73	0	1.4726
u_sm_ram_Q/U1806	0	1.43118
u_mod_top/u_dqpsk/buf_real_reg[0][1]	0	0.779113
u_sm_ram_Q/mem_reg[5][3]	0	1.87867
u_mod_top/u_chirp/U22	0	1.34011
u_mod_top/u_chirp/U110	0	0.607589
u_ctrl_fsm/U81	0	0.685023
u_sm_ram_Q/mem_reg[226][1]	0	1.45168
u_sm_ram_Q/U2421	0	0.914745
PLACE_HFSBUF_674_375	0	2.44444
u_mod_top/u_dqpsk/PLACE_HFSBUF_2041_373	0	1.55556
PLACE_HFSBUF_1518_374	0	0.555556
u_ctrl_fsm/U64	0	1.09449
u_sm_ram_I/U3503	0	1.43924
u_mod_top/u_chirp/U321	0	1.18815
u_sm_ram_Q/mem_reg[226][2]	0	1.17179
u_sm_ram_Q/mem_reg[103][3]	0	0.671304
u_sm_ram_Q/PLACE_HFSBUF_12721_431	0	1.55556
u_sm_ram_Q/mem_reg[213][1]	0	0.798962
u_mod_top/u_chirp/U419	0	1.00088
u_mod_top/u_chirp/U186	0	1.20185
u_mod_top/u_dqpsk/U43	0	2.25374
u_sm_ram_I/mem_reg[178][3]	0	0.785312
u_mod_top/u_chirp/U66	0	0.792693
u_sm_ram_Q/mem_reg[5][1]	0	0.842623
u_mod_top/u_dqpsk/U24	0	1.93022
u_mod_top/u_chirp/U154	0	0.909209
u_mod_top/u_chirp/U23	0	1.7138
u_mod_top/u_chirp/U361	0	0.620883
u_sm_ram_Q/U1113	0	1.06903
u_sm_ram_Q/U3171	0	1.58073
u_mod_top/u_chirp/U140	0	1.6595
u_mod_top/u_chirp/U319	0	0.745621
u_ctrl_fsm/U27	0	0.627593
u_mod_top/u_dqpsk/U51	0	0.79561
u_sm_ram_Q/U2568	0	0.649178
u_sm_ram_I/mem_reg[178][2]	0	2.18329
u_sm_ram_Q/mem_reg[195][1]	0	1.72495
u_sm_ram_I/U783	0	1.3491
u_sm_ram_Q/U1423	0	0.709344
u_sm_ram_Q/PLACE_HFSBUF_11794_853	0	1.55556
u_sm_ram_Q/PLACE_HFSBUF_11483_852	0	1.55556
u_sm_ram_Q/U902	0	0.644807
u_form_ppdu/I_piso/valid_reg	0	2.93021
u_mod_top/u_chirp/U85	0	0.783438
u_form_ppdu/rom_dut/data_reg[2]	0	1.06178
u_sm_ram_Q/mem_reg[209][2]	0	1.54419
u_sm_ram_Q/mem_reg[211][3]	0	1.08389
u_sm_ram_Q/mem_reg[208][2]	0	1.97555
u_mod_top/u_dqpsk/U52	0	1.45048
u_sm_ram_I/mem_reg[210][3]	0	1.94028
u_sm_ram_Q/U704	0	1.18162
u_sm_ram_Q/U770	0	2.14098
u_mod_top/u_chirp/U143	0	1.60436
u_mod_top/u_dqpsk/buf_real_reg[2][1]	0	3.04335
u_mod_top/u_chirp/U119	0	0.811019
u_sm_ram_Q/U4067	0	1.3678
u_ctrl_fsm/U61	0	0.701157
u_sm_ram_I/U2172	0	1.46849
u_ctrl_fsm/U82	0	1.33185
u_ctrl_fsm/U66	0	0.715949
u_mod_top/u_chirp/U393	0	1.21413
u_mod_top/u_chirp/U517	0	0.907184
u_form_ppdu/rom_dut/data_reg[1]	0	1.42613
u_sm_ram_Q/PLACE_HFSBUF_6342_498	0	1.53086
u_sm_ram_Q/PLACE_HFSBUF_11265_854	0	1.55556
u_sm_ram_Q/U1114	0	1.8349
u_mod_top/u_chirp/U340	0	1.34268
u_sm_ram_I/mem_reg[178][1]	0	2.57191
u_sm_ram_Q/U2547	0	1.92499
u_sm_ram_I/mem_reg[82][0]	0	2.64708
u_ctrl_fsm/U88	0	1.60217
u_sm_ram_I/mem_reg[82][1]	0	1.34581
u_sm_ram_Q/PLACE_HFSBUF_6520_497	0	1.51852
u_mod_top/u_dqpsk/U56	0	0.671196
u_mod_top/u_chirp/U28	0	1.00123
u_sm_ram_I/U2496	0	0.586107
u_sm_ram_I/U985	0	1.68055
u_sm_ram_Q/mem_reg[198][0]	0	2.10843
u_sm_ram_Q/mem_reg[213][2]	0	2.31434
u_mod_top/u_chirp/U521	0	0.676836
u_mod_top/u_chirp/U48	0	0.837137
u_ctrl_fsm/U26	0	1.84546
u_mod_top/u_chirp/U342	0	0.585652
u_mod_top/u_dqpsk/buf_real_reg[1][1]	0	0.612878
u_mod_top/u_chirp/U320	0	0.925937
u_sm_Q/U4	0	0.707041
u_sm_ram_Q/U786	0	0.850436
u_sm_ram_I/U786	0	0.578148
u_mod_top/u_dqpsk/U55	0	1.39186
u_sm_ram_Q/U2273	0	0.613461
u_mod_top/u_chirp/U278	0	2.01404
u_mod_top/u_chirp/done_mod_reg	0	1.3978
u_sm_ram_Q/mem_reg[166][3]	0	2.38661
u_sm_ram_I/U785	0	1.03846
u_mod_top/u_chirp/U297	0	1.41277
u_mod_top/u_chirp/U461	0	0.588789
u_sm_ram_Q/U901	0	1.20493
u_form_ppdu/Q_piso/valid_reg	0	2.67035
u_mod_top/u_chirp/U83	0	0.723206
u_sm_ram_Q/U3370	0	0.88037
u_mod_top/u_chirp/U405	0	1.44036
u_sm_ram_I/mem_reg[210][1]	0	2.78952
u_zp_mux/PLACE_HFSBUF_808_1215	0	1.55556
u_zp_mux/PLACE_HFSBUF_867_1212	0	0.555556
u_sm_ram_Q/U3142	0	0.886076
u_mod_top/u_chirp/U306	0	0.715509
u_ctrl_fsm/U60	0	1.06462
u_mod_top/u_chirp/U524	0	1.54359
u_sm_ram_Q/mem_reg[210][3]	0	1.99944
u_sm_ram_Q/U2598	0	1.16993
u_mod_top/u_dqpsk/U58	0	1.1146
u_sm_ram_Q/U3730	0	1.09129
u_ctrl_fsm/U63	0	0.679437
u_sm_ram_Q/mem_reg[21][0]	0	0.741987
u_mod_top/u_chirp/U407	0	0.991412
u_sm_ram_Q/U3153	0	1.1295
u_sm_ram_Q/mem_reg[198][3]	0	1.2249
u_sm_ram_I/mem_reg[194][2]	0	1.45884
u_sm_ram_Q/U666	0	0.745733
u_mod_top/u_chirp/U87	0	0.823785
u_sm_ram_Q/U662	0	2.11851
u_sm_ram_Q/U1115	0	0.59164
u_sm_ram_Q/mem_reg[214][0]	0	0.786377
u_sm_ram_I/mem_reg[194][1]	0	0.65228
u_mod_top/u_chirp/U312	0	0.572739
u_sm_ram_I/mem_reg[194][0]	0	2.40246
u_ctrl_fsm/current_state_reg[1]	0	1.32718
u_mod_top/u_dqpsk/U44	0	0.65206
u_sm_ram_I/U1581	0	0.925027
u_sm_ram_Q/mem_reg[167][0]	0	1.08605
u_sm_ram_Q/U1807	0	1.76636
u_mod_top/u_chirp/U101	0	0.597562
u_sm_ram_Q/U665	0	0.61142
u_mod_top/u_chirp/U516	0	1.49083
u_sm_ram_Q/U2274	0	1.37748
u_mod_top/u_chirp/U520	0	0.717851
u_ctrl_fsm/U83	0	0.725293
u_sm_ram_Q/U721	0	0.735961
u_mod_top/u_chirp/U435	0	1.482
u_sm_ram_Q/U667	0	1.08881
u_mod_top/u_chirp/U92	0	0.726327
u_mod_top/u_chirp/U42	0	0.683445
u_sm_ram_I/U3507	0	0.999981
u_mod_top/u_chirp/U412	0	0.660768
u_sm_ram_Q/U3167	0	1.14033
u_mod_top/u_chirp/U67	0	1.3815
u_sm_ram_Q/U2478	0	0.57037
u_mod_top/u_chirp/U276	0	0.718167
u_mod_top/u_chirp/Tx_real_reg[5]	0	0.875019
u_sm_ram_I/U1583	0	1.54147
u_mod_top/u_chirp/U343	0	0.669209
u_mod_top/u_chirp/U305	0	1.29592
u_sm_ram_I/U984	0	0.766258
u_sm_ram_Q/U777	0	0.605324
u_sm_ram_Q/U2528	0	1.00866
u_mod_top/u_chirp/U34	0	2.38144
u_sm_ram_I/U2171	0	0.89995
u_sm_ram_Q/U3604	0	1.0061
u_mod_top/u_chirp/U364	0	0.593248
u_sm_ram_Q/U3173	0	0.623133
u_sm_ram_Q/PLACE_HFSBUF_6349_562	0	0.555556
u_sm_ram_Q/PLACE_HFSBUF_6092_561	0	0.555556
u_sm_ram_I/U3456	0	0.772928
u_sm_ram_Q/U730	0	0.805216
u_sm_ram_Q/U2475	0	0.639352
u_mod_top/u_chirp/U211	0	0.711817
u_mod_top/u_chirp/sub_569/U2_7	0	2.2307
u_ctrl_fsm/U62	0	2.25338
u_sm_ram_Q/U705	0	0.673727
u_mod_top/u_chirp/U71	0	0.757242
u_mod_top/u_chirp/U164	0	1.1814
u_mod_top/u_chirp/U114	0	0.609452
u_mod_top/u_chirp/U157	0	1.29958
u_sm_ram_I/U2494	0	1.04342
u_sm_ram_Q/U661	0	1.05454
u_sm_ram_Q/U1112	0	1.62537
u_mod_top/u_chirp/U135	0	1.35468
u_sm_ram_Q/U733	0	0.792801
u_sm_ram_Q/U732	0	0.764178
u_mod_top/u_chirp/U443	0	1.14122
u_sm_ram_Q/mem_reg[210][0]	0	0.669039
u_mod_top/u_chirp/U275	0	1.81522
u_sm_ram_I/U1582	0	2.46247
u_sm_ram_Q/U3657	0	2.62784
u_sm_ram_Q/U2856	0	0.806061
u_mod_top/u_chirp/U314	0	1.3833
u_sm_ram_Q/U2254	0	1.21589
u_sm_ram_I/U2644	0	1.39901
u_mod_top/u_chirp/U99	0	1.88807
u_sm_ram_Q/U4068	0	2.27772
u_mod_top/u_chirp/U55	0	0.810752
u_sm_ram_Q/mem_reg[164][1]	0	2.14225
u_sm_ram_I/U3895	0	0.97162
u_sm_ram_Q/U706	0	0.878395
u_mod_top/u_chirp/U389	0	1.23511
u_sm_ram_Q/mem_reg[103][2]	0	1.63097
u_mod_top/u_chirp/U403	0	0.604796
u_mod_top/u_chirp/U106	0	0.859147
u_mod_top/u_chirp/U108	0	1.55057
u_sm_ram_I/U3152	0	0.994414
u_sm_ram_Q/U3261	0	0.657492
u_sm_ram_Q/U3212	0	0.93755
u_ctrl_fsm/U34	0	0.956535
u_mod_top/u_chirp/U170	0	1.60781
u_mod_top/u_chirp/U79	0	0.707944
u_sm_ram_Q/mem_reg[179][0]	0	0.611431
u_sm_ram_I/U4170	0	1.58236
u_sm_ram_Q/mem_reg[167][1]	0	0.95012
u_sm_ram_I/U2843	0	0.833881
u_sm_ram_I/U2536	0	0.638561
u_sm_ram_Q/U2798	0	1.54662
u_sm_ram_I/U2209	0	1.00697
u_sm_ram_I/U2576	0	1.5714
u_mod_top/u_chirp/U49	0	0.902496
u_mod_top/u_dqpsk/U5	0	0.961516
u_mod_top/u_dqpsk/U59	0	1.34589
u_mod_top/u_chirp/U406	0	0.836258
u_sm_ram_Q/mem_reg[195][2]	0	1.31441
u_sm_ram_Q/U775	0	1.89815
u_sm_ram_Q/mem_reg[178][0]	0	0.664877
u_sm_ram_Q/U776	0	0.53343
u_sm_ram_Q/U3097	0	0.980559
u_mod_top/u_chirp/U401	0	1.17377
u_sm_ram_Q/mem_reg[32][3]	0	0.857712
u_ctrl_fsm/U65	0	0.589163
u_mod_top/u_chirp/U90	0	1.13563
u_sm_ram_I/U3400	0	0.986582
u_sm_ram_I/U3760	0	1.71503
u_mod_top/u_dqpsk/U6	0	1.94672
u_mod_top/u_chirp/U96	0	1.16049
u_sm_ram_I/mem_reg[3][0]	0	1.00977
u_ctrl_fsm/U59	0	0.963032
u_sm_ram_Q/U2518	0	0.992114
u_sm_ram_Q/U904	0	1.28066
u_sm_ram_Q/U2570	0	1.76194
u_form_ppdu/U1	0	0.571879
u_sm_ram_Q/U2857	0	0.880251
u_mod_top/u_chirp/U171	0	2.11816
u_mod_top/u_dqpsk/U7	0	0.979564
u_sm_ram_Q/mem_reg[196][0]	0	0.660764
u_sm_ram_I/mem_reg[51][1]	0	0.951458
u_sm_ram_I/U723	0	0.726674
u_sm_ram_Q/U1566	0	0.759672
u_ctrl_fsm/U38	0	1.53545
u_sm_ram_Q/mem_reg[21][1]	0	1.16892
u_mod_top/u_chirp/U38	0	0.580806
u_mod_top/u_chirp/U113	0	0.799163
u_mod_top/u_chirp/U352	0	1.40779
u_sm_ram_Q/U1491	0	2.13709
u_sm_ram_Q/mem_reg[198][1]	0	1.84674
u_sm_ram_Q/mem_reg[177][1]	0	1.90019
u_sm_ram_I/U3464	0	0.684865
u_form_ppdu/I_piso/out_reg	0	1.27201
u_sm_ram_I/mem_reg[82][2]	0	1.17373
u_mod_top/u_chirp/U39	0	1.23532
u_sm_ram_Q/U3174	0	0.840424
u_sm_ram_Q/mem_reg[210][2]	0	1.25255
u_sm_ram_I/mem_reg[51][0]	0	1.5161
u_sm_ram_I/U1580	0	0.928086
u_sm_ram_I/mem_reg[83][2]	0	3.19367
u_ctrl_fsm/U70	0	1.60593
u_sm_ram_Q/U707	0	1.08162
u_ctrl_fsm/current_state_reg[0]	0	0.662388
u_sm_ram_I/mem_reg[3][2]	0	0.872253
u_sm_ram_Q/U3165	0	1.05483
u_mod_top/u_chirp/U122	0	1.20336
u_form_ppdu/I_piso/q_reg[0]	0	0.692751
u_mod_top/u_chirp/U97	0	0.629772
u_sm_ram_I/mem_reg[83][3]	0	1.96945
u_sm_ram_Q/U2525	0	2.36157
u_sm_ram_Q/U3795	0	1.3936
u_mod_top/u_qpsk/U4	0	1.10843
u_ctrl_fsm/U35	0	1.17001
u_ctrl_fsm/U36	0	1.34367
u_sm_ram_Q/U783	0	0.76113
u_sm_ram_Q/U2480	0	2.39088
u_sm_ram_Q/mem_reg[167][3]	0	1.98265
u_ctrl_fsm/U76	0	0.700992
u_form_ppdu/PLACE_HFSINV_480_222	0	1.50617
u_form_ppdu/PLACE_HFSBUF_433_223	0	0.518519
u_mod_top/u_chirp/U57	0	1.41925
u_ctrl_fsm/U39	0	2.16668
u_mod_top/u_dqpsk/U61	0	0.807415
u_sm_ram_Q/mem_reg[197][0]	0	0.590559
u_sm_ram_I/mem_reg[211][2]	0	1.20174
u_mod_top/u_chirp/U115	0	0.832701
u_sm_ram_Q/U3154	0	2.0076
u_sm_ram_Q/U1490	0	0.732272
u_mod_top/u_chirp/U380	0	0.927215
u_mod_top/u_chirp/U274	0	1.75115
u_mod_top/u_chirp/U25	0	1.42824
u_sm_ram_Q/U3811	0	1.16963
u_mod_top/u_chirp/U371	0	0.700621
u_mod_top/u_chirp/U304	0	0.7063
u_mod_top/u_chirp/U44	0	1.22367
u_mod_top/u_dqpsk/U8	0	0.585401
u_sm_ram_Q/mem_reg[167][2]	0	1.3681
u_sm_ram_Q/mem_reg[166][2]	0	3.14159
u_sm_ram_I/U3922	0	0.931111
u_mod_top/u_chirp/U68	0	0.556674
u_sm_ram_Q/mem_reg[195][0]	0	0.969688
u_sm_ram_Q/mem_reg[197][1]	0	2.5364
u_sm_ram_Q/U2510	0	2.68115
u_sm_ram_Q/PLACE_HFSBUF_882_1098	0	0.555556
u_sm_ram_Q/PLACE_HFSBUF_839_1097	0	1.55556
u_sm_ram_Q/U663	0	0.916802
u_mod_top/u_chirp/U360	0	1.54095
u_sm_ram_I/U2872	0	0.616235
u_mod_top/u_chirp/U303	0	0.699387
u_sm_ram_I/U790	0	1.26377
u_sm_ram_Q/U3365	0	1.48581
u_sm_ram_I/U725	0	1.00943
u_sm_ram_I/U3833	0	2.31402
u_mod_top/u_chirp/U311	0	0.878719
u_sm_ram_Q/mem_reg[214][1]	0	1.52909
u_mod_top/u_chirp/Tx_real_reg[6]	0	0.775181
u_mod_top/u_qpsk/U5	0	0.839174
u_sm_ram_Q/mem_reg[179][2]	0	1.80834
u_ctrl_fsm/U20	0	1.28735
u_sm_ram_I/U2557	0	0.906497
u_mod_top/u_chirp/U70	0	0.680992
u_mod_top/u_chirp/U60	0	1.06694
u_mod_top/u_chirp/U387	0	0.887025
u_form_ppdu/PLACE_HFSINV_815_42	0	1.55556
u_sm_ram_I/U2871	0	1.0039
u_sm_ram_Q/U3829	0	2.16119
u_sm_ram_I/U787	0	1.20019
u_sm_ram_I/U3402	0	0.48767
u_mod_top/u_chirp/U349	0	1.02324
u_mod_top/u_chirp/U363	0	0.795733
u_mod_top/u_chirp/U347	0	2.12002
u_sm_ram_I/mem_reg[211][1]	0	1.33285
u_mod_top/u_chirp/U40	0	0.955965
u_sm_ram_I/mem_reg[2][0]	0	2.08021
u_sm_ram_I/data_out_reg[0]	0	1.80038
u_sm_ram_Q/U722	0	1.01469
u_sm_ram_I/U3186	0	1.84338
u_mod_top/u_chirp/Tx_real_reg[7]	0	1.84845
u_ctrl_fsm/U19	0	1.53447
u_sm_ram_Q/U3644	0	0.788206
u_sm_ram_Q/U664	0	0.794958
u_sm_ram_Q/U668	0	0.636316
u_sm_ram_Q/U2572	0	0.947994
u_sm_ram_I/U3334	0	0.995968
u_sm_ram_I/U789	0	1.29382
u_sm_ram_Q/U725	0	0.55316
u_sm_ram_Q/mem_reg[214][3]	0	0.994826
u_sm_ram_Q/mem_reg[164][0]	0	1.34742
u_mod_top/u_chirp/U91	0	0.487315
u_sm_ram_Q/mem_reg[177][2]	0	0.917616
u_sm_ram_Q/U2456	0	1.887
u_sm_ram_Q/U731	0	1.89675
u_sm_ram_Q/U1854	0	1.99311
u_sm_ram_I/U3570	0	0.804911
u_mod_top/u_dqpsk/U3	0	0.803221
u_sm_ram_Q/U3170	0	1.41919
u_sm_ram_I/U3772	0	0.890455
u_mod_top/u_chirp/U77	0	0.654047
u_mod_top/u_chirp/U308	0	0.827789
u_mod_top/u_chirp/U62	0	0.971605
u_sm_ram_I/mem_reg[50][1]	0	1.55306
u_sm_ram_Q/mem_reg[225][2]	0	0.908048
u_mod_top/u_chirp/U316	0	0.782407
u_mod_top/u_chirp/U431	0	1.44192
u_mod_top/u_chirp/U78	0	0.756512
u_mod_top/u_chirp/U45	0	0.841408
u_sm_ram_Q/U3652	0	2.30536
u_sm_ram_Q/U3751	0	0.875633
u_mod_top/u_chirp/U359	0	1.27228
u_sm_ram_Q/U3020	0	0.860274
u_sm_ram_Q/U852	0	1.25809
u_mod_top/u_chirp/U26	0	1.05184
u_sm_ram_Q/U774	0	0.617874
u_mod_top/u_chirp/U397	0	1.68287
u_mod_top/u_qpsk/U2	0	1.54457
u_mod_top/u_qpsk/U3	0	2.28223
u_sm_ram_Q/U1493	0	2.17046
u_sm_ram_Q/mem_reg[208][1]	0	2.43083
u_form_ppdu/Q_piso/U12	0	1.03551
u_form_ppdu/Q_piso/q_reg[0]	0	1.12627
u_sm_ram_Q/U771	0	2.09329
u_sm_ram_Q/U2648	0	1.85512
u_sm_ram_Q/mem_reg[224][3]	0	1.77346
u_sm_ram_I/U3619	0	1.46397
u_sm_ram_Q/mem_reg[178][2]	0	1.65943
u_sm_ram_Q/U779	0	0.640448
u_sm_ram_Q/U1447	0	0.614306
u_mod_top/u_chirp/U80	0	1.57888
u_sm_ram_Q/U1492	0	0.734988
u_sm_ram_Q/mem_reg[225][3]	0	0.961238
u_form_ppdu/Q_piso/U7	0	0.84755
u_sm_ram_I/mem_reg[83][1]	0	0.599715
u_ctrl_fsm/U37	0	2.13561
u_mod_top/u_chirp/U362	0	0.618086
u_sm_ram_Q/PLACE_HFSBUF_431_1164	0	1.55556
u_sm_ram_Q/U3332	0	0.763071
u_sm_ram_I/mem_reg[83][0]	0	2.34416
u_sm_ram_Q/U897	0	2.30804
u_sm_ram_I/U3902	0	0.617593
u_sm_ram_Q/U898	0	0.662087
u_mod_top/u_chirp/U76	0	1.13495
u_sm_ram_Q/U1448	0	1.65007
u_sm_ram_I/mem_reg[51][3]	0	1.0001
u_mod_top/u_chirp/U46	0	0.824194
u_mod_top/u_chirp/U449	0	1.72721
u_mod_top/u_chirp/U315	0	0.779375
u_sm_ram_I/U3095	0	0.586181
u_sm_ram_Q/mem_reg[210][1]	0	0.587948
u_mod_top/u_chirp/U310	0	1.05905
u_sm_ram_Q/U848	0	1.34025
u_form_ppdu/I_piso/U7	0	1.05555
u_mod_top/u_chirp/U307	0	0.845104
u_mod_top/u_chirp/U156	0	1.7604
u_form_ppdu/Q_piso/out_reg	0	2.68883
u_mod_top/u_chirp/U381	0	1.48914
u_sm_ram_Q/U724	0	2.0151
u_sm_ram_I/U1575	0	1.30054
u_sm_ram_I/U1245	0	1.03523
u_sm_ram_Q/mem_reg[21][2]	0	0.595177
u_sm_ram_I/U428	0	0.809182
u_sm_ram_Q/PLACE_HFSBUF_10396_435	0	1.55556
u_sm_ram_Q/PLACE_HFSBUF_10211_436	0	0.555556
u_mod_top/u_chirp/U302	0	0.750197
u_form_ppdu/Q_mux/U5	0	1.79204
u_sm_ram_Q/U903	0	0.710212
u_sm_ram_Q/U1445	0	1.12171
u_form_ppdu/I_mux/U5	0	0.951073
u_sm_ram_I/mem_reg[211][0]	0	1.10674
u_sm_ram_I/data_out_reg[1]	0	1.38589
u_sm_ram_I/U1577	0	1.42139
u_sm_ram_Q/mem_reg[21][3]	0	0.874171
u_form_ppdu/I_piso/U12	0	2.40317
u_sm_ram_Q/U2482	0	0.986157
u_sm_ram_I/U724	0	1.21731
u_sm_ram_Q/U709	0	1.12803
u_mod_top/u_chirp/U345	0	1.45594
u_sm_ram_Q/mem_reg[196][3]	0	2.57554
u_sm_ram_Q/U772	0	0.783499
u_sm_ram_I/U3093	0	0.872535
u_sm_ram_Q/U4072	0	2.28863
u_sm_ram_Q/U3651	0	2.03787
u_sm_ram_Q/U2012	0	1.22694
u_form_ppdu/I_piso/U8	0	0.589321
u_mod_top/u_chirp/U33	0	0.642693
u_sm_ram_I/U3096	0	1.07387
u_sm_ram_Q/mem_reg[32][2]	0	2.02728
u_mod_top/u_chirp/U32	0	1.11473
u_sm_ram_I/mem_reg[51][2]	0	1.32266
u_mod_top/u_chirp/U41	0	0.765536
u_sm_ram_Q/U2217	0	0.702758
u_sm_ram_I/mem_reg[82][3]	0	1.38573
u_ctrl_fsm/U77	0	0.982442
u_sm_ram_I/U3718	0	1.43495
u_sm_ram_Q/U2481	0	0.963781
u_sm_ram_Q/U723	0	1.03303
u_sm_ram_I/mem_reg[131][2]	0	0.709028
u_mod_top/u_chirp/U440	0	1.03511
u_sm_ram_I/U1186	0	0.760718
u_sm_ram_Q/PLACE_HFSBUF_781_1099	0	1.55556
u_sm_ram_Q/U493	0	0.920868
u_mod_top/u_chirp/U353	0	0.708711
u_mod_top/u_chirp/U58	0	0.719441
u_sm_ram_Q/U2511	0	1.34161
u_sm_ram_I/U3540	0	1.2548
u_mod_top/u_chirp/U84	0	1.23673
u_sm_ram_I/data_out_reg[3]	0	0.913916
u_sm_ram_Q/U1446	0	1.57635
u_sm_ram_I/U2180	0	0.753272
u_sm_ram_Q/U4011	0	0.671779
u_mod_top/u_chirp/U183	0	1.29944
u_form_ppdu/I_piso/U4	0	1.12065
u_sm_ram_I/mem_reg[130][0]	0	1.99206
u_sm_ram_I/mem_reg[210][2]	0	1.11245
u_sm_ram_Q/U3875	0	1.72397
u_sm_ram_I/mem_reg[130][2]	0	1.77864
u_sm_ram_Q/U2011	0	1.73552
u_sm_ram_Q/U899	0	0.730571
u_sm_ram_Q/mem_reg[4][3]	0	1.08679
u_sm_ram_Q/U349	0.25	1.01971
u_sm_ram_Q/U3186	0	0.962025
u_mod_top/u_chirp/U176	0	1.62022
u_form_ppdu/I_mux/U4	0	2.50632
u_sm_ram_Q/mem_reg[214][2]	0	0.811497
u_mod_top/u_chirp/U134	0	0.950594
u_mod_top/u_chirp/U123	0	1.04395
u_sm_ram_Q/U3157	0	0.740895
u_sm_ram_I/mem_reg[210][0]	0	2.1173
u_sm_ram_I/mem_reg[147][1]	0	0.588792
u_sm_ram_Q/U3237	0	2.08883
u_mod_top/u_chirp/U346	0	0.835459
u_mod_top/u_chirp/U51	0	0.941566
u_sm_ram_Q/U900	0	1.80942
u_sm_ram_Q/U854	0	2.13296
u_form_ppdu/I_piso/U11	0	0.984703
u_sm_ram_I/U3488	0	0.77811
u_sm_ram_Q/U2470	0	0.876003
u_sm_ram_Q/U857	0	2.47936
u_mod_top/u_chirp/U441	0	0.919823
u_sm_ram_Q/data_out_reg[3]	0	0.676628
u_sm_ram_Q/U851	0	0.745594
u_sm_ram_I/U3459	0	1.99979
u_mod_top/u_chirp/U30	0	1.18752
u_sm_ram_I/U719	0	1.67903
u_sm_ram_I/mem_reg[147][2]	0	2.53034
u_sm_ram_Q/mem_reg[32][0]	0	0.668438
u_mod_top/u_chirp/U82	0	1.23696
u_mod_top/u_chirp/U81	0	1.90109
u_sm_ram_I/U324	0	0.971566
u_sm_ram_I/mem_reg[67][0]	0	0.578318
u_sm_ram_Q/U2577	0	0.861223
u_mod_top/u_chirp/U116	0	0.920359
u_sm_ram_Q/U773	0	2.50499
u_sm_ram_I/mem_reg[3][3]	0	0.824198
u_sm_ram_Q/U3286	0	0.934776
u_sm_ram_I/mem_reg[131][0]	0	2.77949
u_mod_top/u_chirp/U159	0	0.832245
u_sm_ram_Q/mem_reg[32][1]	0	2.16437
u_sm_ram_Q/U3796	0	1.30134
u_sm_ram_I/U3798	0	0.77826
u_form_ppdu/Q_piso/U4	0	0.84385
u_sm_ram_I/U3869	0	0.720772
u_sm_ram_I/U1241	0	0.649973
u_mod_top/u_chirp/U104	0	1.00128
u_sm_ram_Q/U782	0	0.65387
u_mod_top/u_chirp/U367	0	0.719502
u_mod_top/u_chirp/U318	0	1.46917
u_mod_top/u_chirp/U392	0	0.680413
u_sm_ram_Q/U3709	0	2.20328
u_form_ppdu/Q_mux/U2	0	0.63485
u_sm_ram_Q/PLACE_HFSBUF_722_1086	0	1.55556
u_sm_ram_Q/PLACE_HFSBUF_776_1085	0	0.555556
u_sm_ram_I/mem_reg[50][3]	0	1.12621
u_sm_ram_I/mem_reg[131][1]	0	1.74184
u_mod_top/u_chirp/U9	0	1.30383
u_sm_ram_Q/U3790	0	1.1743
u_mod_top/u_chirp/U391	0	1.75838
u_mod_top/u_chirp/U31	0	1.55827
u_sm_ram_Q/U2465	0	1.3553
u_mod_top/u_chirp/U300	0	1.37594
u_sm_ram_Q/U3109	0	1.14236
u_sm_ram_Q/mem_reg[20][0]	0	0.723329
u_mod_top/u_chirp/U301	0	1.7477
u_sm_ram_Q/U2484	0	1.02922
u_mod_top/u_chirp/U365	0	1.41211
u_sm_ram_I/mem_reg[130][1]	0	0.927639
u_mod_top/u_chirp/U162	0	1.39603
u_mod_top/u_chirp/U413	0.125	0.615644
u_sm_ram_I/U1240	0	0.763939
u_form_ppdu/I_piso/U5	0	0.732353
u_sm_ram_Q/mem_reg[6][3]	0	1.02361
u_form_ppdu/Q_mux/U4	0	1.141
u_sm_ram_Q/mem_reg[179][3]	0	0.64184
u_sm_ram_Q/U858	0	1.76807
u_sm_ram_Q/mem_reg[192][2]	0	1.23279
u_sm_ram_Q/U3092	0	1.4287
u_mod_top/u_chirp/U163	0	1.40576
u_form_ppdu/Q_piso/U8	0	0.741493
u_sm_ram_I/mem_reg[227][0]	0	2.03489
u_sm_ram_I/mem_reg[67][2]	0	0.976204
u_sm_ram_Q/mem_reg[177][3]	0	0.841508
u_sm_ram_Q/mem_reg[20][3]	0	1.95741
u_sm_ram_Q/U1573	0	2.19709
u_sm_ram_I/mem_reg[211][3]	0	1.22128
u_sm_ram_Q/mem_reg[178][1]	0	1.58197
u_form_ppdu/I_mux/U2	0	0.929167
u_sm_ram_Q/mem_reg[113][0]	0	0.670941
u_sm_ram_Q/PLACE_HFSBUF_564_1033	0	0.555556
u_sm_ram_Q/PLACE_HFSBUF_503_1032	0	0.555556
u_mod_top/u_chirp/U74	0	1.21241
u_form_ppdu/I_mux/U3	0	0.697014
u_mod_top/u_chirp/U53	0	0.787249
u_mod_top/u_chirp/U89	0	0.566462
u_sm_ram_Q/U407	0	0.830123
u_sm_ram_Q/mem_reg[7][3]	0	1.42063
u_mod_top/u_chirp/U390	0	0.773762
u_sm_ram_I/U1238	0	0.648715
u_mod_top/u_chirp/U103	0	1.52024
u_sm_ram_Q/mem_reg[177][0]	0	2.4318
u_sm_ram_Q/U1672	0	2.56891
u_sm_ram_Q/U780	0	0.568885
u_mod_top/u_chirp/U139	0	0.86267
u_sm_ram_I/U2181	0	0.90811
u_sm_ram_Q/mem_reg[198][2]	0	0.997338
u_sm_ram_Q/PLACE_HFSBUF_370_1163	0	0.555556
u_mod_top/u_chirp/U400	0	0.831319
u_sm_ram_Q/U2295	0	1.91293
u_form_ppdu/Q_piso/q_reg[3]	0	1.70473
u_form_ppdu/Q_piso/U9	0	1.33014
u_sm_ram_I/data_out_reg[2]	0	1.22861
u_sm_ram_I/mem_reg[50][0]	0	2.31622
u_sm_ram_Q/U2220	0	1.02498
u_sm_ram_Q/U3768	0	0.583403
u_mod_top/u_chirp/U102	0	1.59218
u_form_ppdu/Q_piso/U5	0	1.54464
u_form_ppdu/Q_mux/U3	0	1.11198
u_sm_ram_I/U13	0	1.22179
u_sm_ram_Q/U3198	0	0.610586
u_mod_top/u_chirp/U161	0	0.967245
u_sm_ram_I/U1239	0	0.647955
u_sm_ram_I/U718	0	0.934846
u_sm_ram_Q/mem_reg[6][2]	0	1.76533
u_sm_ram_Q/U2013	0	1.17182
u_sm_ram_I/U1370	0	1.46591
u_sm_ram_I/U1047	0	1.54537
u_sm_ram_Q/mem_reg[7][2]	0	0.991721
u_sm_ram_I/U3945	0	1.01872
u_form_ppdu/I_piso/U9	0	1.40194
u_sm_ram_Q/mem_reg[162][1]	0	1.651
u_sm_ram_I/U3891	0	1.38361
u_sm_ram_Q/U1907	0	1.6429
u_sm_ram_I/mem_reg[115][2]	0	1.18159
u_sm_ram_I/U3900	0	2.26495
u_form_ppdu/I_piso/U10	0	1.47481
u_sm_ram_Q/mem_reg[4][2]	0	2.67141
u_mod_top/u_chirp/U178	0	1.12918
u_sm_ram_I/mem_reg[114][3]	0	0.924101
u_sm_ram_I/U3766	0	1.50806
u_sm_ram_I/mem_reg[50][2]	0	0.9089
u_mod_top/u_chirp/U75	0	0.659981
u_form_ppdu/I_piso/q_reg[1]	0	0.640795
u_sm_ram_I/U3272	0	1.64211
u_sm_ram_I/mem_reg[66][0]	0	1.53271
u_sm_ram_Q/mem_reg[113][1]	0	2.1553
u_sm_ram_Q/mem_reg[4][1]	0	0.834464
u_sm_ram_Q/mem_reg[7][0]	0	2.62535
u_form_ppdu/Q_piso/U11	0	1.19123
u_sm_ram_Q/mem_reg[7][1]	0	1.48163
u_sm_ram_I/mem_reg[67][3]	0	2.60965
u_sm_ram_I/U3733	0	0.977782
u_sm_ram_I/U3889	0	2.24106
u_sm_ram_Q/U3802	0	2.12771
u_mod_top/u_chirp/U72	0	1.03583
u_sm_ram_Q/mem_reg[162][0]	0	3.00071
u_sm_ram_Q/U849	0	1.71302
u_sm_ram_I/PLACE_HFSBUF_34_1142	0	1.55556
u_sm_ram_I/PLACE_HFSBUF_1294_1140	0	0.555556
u_sm_ram_I/mem_reg[242][3]	0	1.81512
u_mod_top/u_chirp/U399	0	0.876678
u_sm_ram_Q/mem_reg[196][2]	0	0.975772
u_sm_ram_I/U3138	0	1.1366
u_mod_top/u_chirp/U86	0	0.651447
u_sm_ram_I/mem_reg[227][1]	0	0.876998
u_sm_ram_I/U3148	0	0.570748
u_mod_top/u_chirp/U98	0	0.992176
u_mod_top/u_chirp/U427	0	0.65713
u_sm_ram_I/U1576	0	1.6825
u_sm_ram_I/U3824	0	1.89497
u_sm_ram_Q/U853	0	2.2648
u_sm_ram_Q/mem_reg[164][2]	0	0.869306
u_sm_ram_Q/mem_reg[196][1]	0	2.16082
u_sm_ram_Q/U3114	0	0.72485
u_sm_ram_I/U1049	0	0.964352
u_mod_top/u_chirp/U457	0	0.918488
u_sm_ram_Q/mem_reg[33][2]	0	0.79037
u_sm_ram_I/mem_reg[66][3]	0	1.6037
u_sm_ram_I/U1578	0	1.1894
u_sm_ram_I/U3153	0	1.01093
u_sm_ram_I/U3139	0	0.953627
u_sm_ram_I/mem_reg[227][3]	0	2.56429
u_form_ppdu/I_piso/q_reg[3]	0	0.822731
u_sm_ram_I/U3755	0	1.82951
u_sm_ram_Q/mem_reg[192][1]	0	1.00091
u_mod_top/u_chirp/U128	0	0.782157
u_sm_ram_I/U3830	0	1.75725
u_sm_ram_Q/U2519	0	0.995297
u_sm_ram_Q/U3605	0	1.50603
u_sm_ram_Q/U365	0	1.36488
u_sm_ram_Q/U4078	0	1.1754
u_mod_top/u_chirp/U95	0	0.902126
u_sm_ram_Q/U3884	0	1.82353
u_sm_ram_I/mem_reg[67][1]	0	0.913534
u_mod_top/u_chirp/U93	0	0.727049
u_sm_ram_Q/U2014	0	0.872276
u_mod_top/u_chirp/U137	0	0.836817
u_sm_ram_Q/U859	0	1.95206
u_sm_ram_I/U721	0	1.05003
u_sm_ram_I/U1050	0	0.556497
u_sm_ram_I/U3463	0	1.26627
u_sm_ram_Q/PLACE_HFSBUF_10180_848	0	1.55556
u_sm_ram_I/U1048	0	1.22535
u_mod_top/u_chirp/U94	0	0.645289
u_sm_ram_I/mem_reg[114][2]	0	2.06301
u_sm_ram_Q/mem_reg[179][1]	0	1.61849
u_mod_top/u_chirp/U430	0	0.952296
u_mod_top/u_chirp/U369	0	0.966235
u_sm_ram_Q/PLACE_HFSBUF_924_1084	0	0.555556
u_sm_ram_I/PLACE_HFSBUF_266_1074	0	1.55556
u_sm_ram_I/U3949	0	2.044
u_sm_ram_I/mem_reg[130][3]	0	1.24441
u_sm_ram_I/mem_reg[162][2]	0	0.820509
u_sm_ram_Q/U1494	0	1.32385
u_mod_top/u_chirp/U428	0	0.980432
u_mod_top/u_chirp/U182	0	1.40275
u_sm_ram_Q/U855	0	0.848441
u_mod_top/u_chirp/U132	0	1.24175
u_mod_top/u_chirp/U358	0	1.79162
u_sm_ram_Q/U2467	0	1.26345
u_mod_top/u_chirp/U184	0	1.47875
u_sm_ram_I/U3395	0	0.959904
u_sm_ram_Q/PLACE_HFSBUF_438_1031	0	1.55556
u_sm_ram_Q/U2817	0	0.885772
u_sm_ram_Q/mem_reg[6][1]	0	0.742095
u_mod_top/u_chirp/U189	0	2.7249
u_mod_top/u_chirp/U173	0	1.06555
u_sm_ram_I/mem_reg[227][2]	0	0.789228
u_sm_ram_Q/U298	0.25	2.91642
u_form_ppdu/I_piso/q_reg[2]	0	1.77644
u_sm_ram_Q/mem_reg[34][2]	0	2.59988
u_mod_top/u_chirp/U181	0	0.962423
u_sm_ram_I/mem_reg[3][1]	0	0.547716
u_sm_ram_Q/data_out_reg[0]	0	0.597002
u_sm_ram_I/mem_reg[243][2]	0	1.8779
u_sm_ram_Q/U3196	0	0.77924
u_sm_ram_Q/U3813	0	0.766617
u_sm_ram_I/U979	0	1.3786
u_form_ppdu/Q_piso/U10	0	1.56298
u_sm_ram_I/U2574	0	0.958391
u_sm_ram_Q/mem_reg[178][3]	0	2.78689
u_sm_ram_I/U3140	0	1.06965
u_sm_ram_Q/U1116	0	0.596296
u_sm_ram_I/U980	0	1.87423
u_sm_ram_Q/U1497	0	1.57152
u_sm_ram_Q/U355	0	1.3209
u_sm_ram_I/U1373	0	1.53515
u_form_ppdu/Q_piso/q_reg[1]	0	1.73948
u_sm_ram_Q/U1676	0	1.92765
u_sm_ram_Q/mem_reg[162][3]	0	0.822265
u_sm_ram_Q/mem_reg[164][3]	0	2.95968
u_sm_ram_Q/mem_reg[212][2]	0	1.63437
u_sm_ram_I/U1375	0	1.14133
u_sm_ram_Q/U3195	0	1.12481
u_sm_ram_I/mem_reg[242][1]	0	0.593426
u_sm_ram_I/U1045	0	1.4339
u_sm_ram_Q/mem_reg[20][2]	0	0.77461
u_sm_ram_Q/U1562	0	0.667851
u_sm_ram_I/mem_reg[242][2]	0	2.88278
u_sm_ram_I/U1044	0	0.945837
u_sm_ram_Q/U2583	0	1.01944
u_sm_ram_Q/mem_reg[35][2]	0	0.989996
u_sm_ram_I/U2573	0	1.6859
u_sm_ram_Q/U2433	0	1.01924
u_sm_ram_Q/mem_reg[35][1]	0	1.7792
u_sm_ram_I/U1043	0	2.2097
u_sm_ram_Q/U1117	0	1.51712
u_sm_ram_I/mem_reg[98][3]	0	0.797967
u_sm_ram_I/U918	0	2.05821
u_sm_ram_I/mem_reg[115][3]	0	0.566219
u_mod_top/u_chirp/U112	0	0.999313
u_sm_ram_I/U3305	0	0.614047
u_sm_ram_I/mem_reg[226][3]	0	1.17243
u_sm_ram_I/mem_reg[243][1]	0	1.17538
u_sm_ram_I/U1706	0	0.729819
u_mod_top/u_chirp/U313	0	1.13932
u_sm_ram_I/U3727	0	2.24365
u_sm_ram_Q/U917	0	1.5549
u_sm_ram_I/mem_reg[131][3]	0	1.81238
u_sm_ram_I/PLACE_HFSBUF_129_1145	0	0.555556
u_sm_ram_Q/U2633	0	1.71079
u_sm_ram_I/U2572	0	1.11451
u_sm_ram_Q/U1667	0	1.5933
u_sm_ram_I/U3393	0	1.54204
u_sm_ram_Q/mem_reg[20][1]	0	1.68565
u_sm_ram_Q/mem_reg[6][0]	0	0.896582
u_sm_ram_I/mem_reg[208][2]	0	1.98692
u_sm_ram_Q/U856	0	1.64397
u_sm_ram_I/U1115	0	1.01772
u_sm_ram_Q/U2505	0	1.24983
u_sm_ram_I/U2286	0	2.10677
u_sm_ram_I/U3972	0	1.87419
u_sm_ram_Q/data_out_reg[2]	0	1.76363
u_sm_ram_I/U1372	0	1.79039
u_sm_ram_I/U3739	0	0.654981
u_sm_ram_Q/U3349	0	1.69674
u_sm_ram_I/mem_reg[162][1]	0	1.24321
u_sm_ram_Q/PLACE_HFSBUF_513_1120	0	0.555556
u_sm_ram_Q/PLACE_HFSBUF_546_1121	0	1.55556
u_sm_ram_Q/U1557	0	1.04251
u_mod_top/u_chirp/U299	0	0.862091
u_sm_ram_Q/U918	0	1.52973
u_sm_ram_Q/U796	0	1.36804
u_sm_ram_I/mem_reg[98][2]	0	0.836157
u_sm_ram_Q/U1558	0	1.91834
u_sm_ram_Q/mem_reg[4][0]	0	0.732477
u_sm_ram_I/U4083	0	1.04214
u_mod_top/u_chirp/U111	0	0.714977
u_sm_ram_Q/U1956	0	1.69648
u_mod_top/u_chirp/U54	0	1.38068
u_sm_ram_I/U653	0	0.813291
u_sm_ram_I/mem_reg[99][3]	0	1.65473
u_sm_ram_Q/mem_reg[33][3]	0	0.873731
u_sm_ram_I/U3151	0	1.08877
u_sm_ram_I/U3865	0	0.753005
u_sm_ram_I/U3954	0	1.0446
u_sm_ram_Q/U2508	0	2.35093
u_sm_ram_Q/U2592	0	1.76167
u_sm_ram_I/mem_reg[163][0]	0	0.868252
u_sm_ram_I/mem_reg[66][1]	0	2.01667
u_sm_ram_Q/mem_reg[212][1]	0	0.791929
u_sm_ram_Q/U1556	0	0.6787
u_sm_ram_Q/U1555	0	2.50112
u_sm_ram_Q/mem_reg[33][1]	0	2.46926
u_sm_ram_Q/U2529	0	1.74155
u_sm_ram_I/U3281	0	0.739086
u_sm_ram_I/U654	0	0.662257
u_sm_ram_Q/U3033	0	1.16418
u_sm_ram_Q/U1666	0	0.892149
u_sm_ram_I/U3242	0	1.01385
u_sm_ram_Q/U1571	0	0.657299
u_sm_ram_I/mem_reg[99][1]	0	1.70004
u_sm_ram_I/U2683	0	0.606987
u_sm_ram_Q/U2294	0	1.51162
u_sm_ram_I/U978	0	2.18672
u_sm_ram_I/U4111	0	1.54147
u_sm_ram_I/PLACE_HFSBUF_444_1068	0	0.555556
u_sm_ram_I/PLACE_HFSBUF_521_1071	0	0.555556
u_sm_ram_I/mem_reg[147][0]	0	0.842172
u_sm_ram_I/U3964	0	0.610559
u_sm_ram_I/U919	0	1.04442
u_sm_ram_I/U369	0	0.598843
u_sm_ram_I/mem_reg[34][3]	0	1.26367
u_mod_top/u_chirp/U130	0	1.32911
u_sm_I/wr_addr_reg[0]	0	1.50764
u_sm_ram_Q/mem_reg[212][3]	0	2.82794
u_form_ppdu/Q_piso/q_reg[2]	0	2.70971
u_sm_ram_I/mem_reg[226][1]	0	1.79735
u_sm_ram_Q/U1119	0	0.54287
u_sm_ram_Q/mem_reg[192][0]	0	0.977133
u_sm_ram_I/U1374	0	1.95458
u_sm_ram_I/U2685	0	1.78527
u_sm_ram_Q/mem_reg[34][1]	0	1.08936
u_sm_ram_I/mem_reg[163][2]	0	2.554
u_sm_ram_I/U3884	0	2.16184
u_sm_ram_I/U981	0	2.05657
u_sm_ram_Q/U3037	0	0.8925
u_sm_ram_Q/U3143	0	0.909772
u_sm_ram_I/U418	0	0.753549
u_sm_ram_I/PLACE_HFSBUF_9547_807	0	0.555556
u_sm_ram_I/PLACE_HFSBUF_9358_808	0	1.55556
u_sm_ram_Q/U920	0	1.67711
u_sm_ram_I/mem_reg[34][0]	0	0.859117
u_sm_ram_Q/U3672	0	0.963538
u_sm_ram_I/U318	0	2.45629
u_sm_ram_Q/U1443	0	1.27394
u_sm_ram_I/U1114	0	0.592921
u_sm_ram_Q/U1439	0	2.13243
u_sm_ram_I/U3304	0	1.45454
u_sm_ram_I/U3832	0	0.826582
u_sm_ram_Q/mem_reg[16][0]	0	0.614703
u_sm_ram_Q/PLACE_HFSBUF_435_1122	0	0.555556
u_sm_ram_Q/U350	0	2.90476
u_sm_ram_I/PLACE_HFSBUF_1684_1073	0	0.555556
u_sm_ram_I/PLACE_HFSBUF_336_1075	0	1.55556
u_sm_ram_Q/PLACE_HFSBUF_9970_849	0	1.55556
u_sm_ram_I/U655	0	1.64259
u_sm_ram_Q/U3348	0	0.630066
u_sm_ram_Q/mem_reg[113][3]	0	1.06441
u_sm_ram_Q/U3673	0	0.922076
u_sm_ram_I/mem_reg[162][0]	0	1.82581
u_sm_ram_I/U593	0	1.36864
u_sm_ram_I/mem_reg[162][3]	0	1.03507
u_sm_ram_Q/PLACE_HFSBUF_326_1162	0	1.55556
u_sm_ram_I/mem_reg[163][1]	0	1.19397
u_sm_ram_I/U656	0	0.80887
u_sm_ram_Q/U1118	0	0.594259
u_sm_ram_Q/mem_reg[37][0]	0	1.10484
u_sm_ram_Q/U2517	0	0.652141
u_sm_ram_Q/data_out_reg[1]	0	0.696983
u_sm_ram_Q/U2189	0	0.713584
u_sm_ram_I/U1424	0	1.19605
u_sm_ram_I/U590	0	0.586848
u_sm_ram_I/U8	0	1.74932
u_sm_ram_Q/U1671	0	1.76687
u_sm_ram_I/mem_reg[243][3]	0	1.25888
u_sm_ram_Q/U3246	0	0.555181
u_sm_ram_I/U3843	0	1.50551
u_sm_ram_I/U3936	0	0.488299
u_sm_I/wr_addr_reg[2]	0	2.36343
u_sm_ram_I/U4141	0	0.722087
u_sm_ram_I/U3775	0	1.71315
u_sm_ram_I/U1046	0	1.10575
u_sm_ram_Q/U3358	0	0.614518
u_sm_ram_Q/U1696	0.0625	0.920444
u_sm_ram_Q/PLACE_HFSBUF_6727_496	0	1.55556
u_sm_ram_I/U3608	0	1.35352
u_sm_ram_Q/U2479	0	0.714738
u_sm_ram_I/U3527	0	0.889498
u_sm_ram_I/U4078	0	1.87257
u_sm_ram_I/mem_reg[147][3]	0	0.699884
u_sm_ram_I/U3681	0	1.20996
u_sm_ram_Q/U3019	0	1.10966
u_sm_ram_I/U3297	0	0.793839
u_sm_ram_Q/U1841	0	2.4573
u_sm_ram_I/mem_reg[35][3]	0	0.559063
u_sm_ram_I/U3149	0	2.01742
u_sm_ram_Q/U919	0	1.30667
u_sm_ram_I/U3147	0	2.0801
u_sm_ram_I/mem_reg[34][2]	0	2.30526
u_sm_ram_Q/U2457	0	1.58646
u_sm_ram_Q/mem_reg[33][0]	0	1.51454
u_sm_ram_Q/U1560	0	0.832631
u_sm_ram_Q/U3611	0	1.00772
u_sm_ram_Q/U1495	0	0.841736
u_zp/U189	0	1.40689
u_sm_ram_I/U3421	0	0.700714
u_sm_ram_I/mem_reg[163][3]	0	2.07017
u_sm_ram_Q/mem_reg[182][1]	0	1.68758
u_sm_ram_Q/U1434	0	1.91056
u_sm_ram_I/U353	0	1.51439
u_sm_ram_Q/U716	0	0.599498
u_sm_ram_I/PLACE_HFSBUF_831_1069	0	1.55556
u_sm_ram_I/PLACE_HFSINV_714_1064	0	0.555556
u_sm_ram_I/PLACE_HFSBUF_617_1070	0	0.555556
u_sm_ram_I/U4132	0	0.85196
u_sm_ram_I/U3846	0	0.740204
u_sm_ram_I/U2092	0	1.8574
u_sm_ram_I/U3639	0	1.31566
u_sm_ram_Q/mem_reg[113][2]	0	1.40663
u_sm_ram_Q/U1442	0	0.664267
u_sm_ram_Q/U3726	0	1.77958
u_sm_ram_I/U4070	0	1.01079
u_sm_ram_I/U594	0	1.04015
u_sm_ram_Q/U1438	0	1.69426
u_sm_ram_I/U3535	0	0.902025
u_sm_ram_Q/U795	0	1.39301
u_sm_ram_I/PLACE_HFSINV_359_1137	0	0.506173
u_sm_ram_I/PLACE_HFSINV_259_1138	0	1.55556
u_sm_ram_I/PLACE_HFSBUF_237_1144	0	1.48148
u_sm_ram_I/PLACE_HFSBUF_432_1143	0	0.506173
u_sm_ram_Q/mem_reg[35][0]	0	0.822276
u_sm_ram_Q/U1677	0	0.697886
u_sm_ram_Q/U1510	0	1.00651
u_sm_ram_I/U4077	0	1.24987
u_sm_ram_I/U3485	0	1.15843
u_sm_ram_Q/U1444	0	2.41016
u_sm_ram_I/mem_reg[208][0]	0	1.40972
u_sm_ram_I/PLACE_HFSINV_533_1065	0	1.51852
u_sm_ram_Q/mem_reg[37][1]	0	1.15975
u_sm_ram_I/mem_reg[226][0]	0	1.59223
u_sm_ram_I/U2684	0	0.657515
u_sm_ram_I/mem_reg[98][1]	0	1.16262
u_sm_ram_I/U354	0	0.538835
u_sm_ram_Q/U1496	0	1.46966
u_sm_ram_Q/mem_reg[162][2]	0	1.06204
u_sm_ram_I/U2320	0	1.07908
u_sm_ram_Q/mem_reg[16][1]	0	1.04458
u_sm_ram_Q/U3130	0	1.01831
u_sm_ram_Q/U715	0	1.22302
u_sm_ram_Q/U3168	0	0.715301
u_sm_ram_Q/U151	0	1.29541
u_sm_ram_I/U4094	0	0.779433
u_sm_ram_I/U3906	0	1.03673
u_sm_ram_Q/mem_reg[19][0]	0	1.81944
u_sm_ram_I/PLACE_HFSBUF_9639_744	0	1.51852
u_sm_ram_I/PLACE_HFSBUF_1239_1139	0	1.55556
u_sm_ram_I/PLACE_HFSBUF_9836_745	0	0.555556
u_sm_ram_I/PLACE_HFSBUF_1125_1141	0	0.444444
u_sm_ram_I/mem_reg[176][1]	0	2.91296
u_sm_ram_I/U913	0	2.43345
u_sm_ram_Q/U3169	0	0.799263
u_sm_ram_I/U4160	0	2.0036
u_sm_ram_I/U660	0	0.530343
u_sm_ram_Q/U717	0	1.81453
u_sm_ram_I/U3296	0	1.85426
u_sm_ram_I/U3150	0	0.704622
u_sm_ram_I/U595	0	1.18064
u_sm_ram_Q/U1435	0	0.846362
u_sm_ram_I/mem_reg[18][1]	0	1.43589
u_sm_ram_I/U4075	0	1.3132
u_sm_ram_I/mem_reg[34][1]	0	3.26988
u_sm_ram_I/U3677	0	1.44377
u_sm_ram_I/U4129	0	0.671177
u_sm_ram_I/U3904	0	0.755197
u_sm_ram_Q/U3328	0	1.31188
u_sm_ram_I/U1111	0	0.727276
u_sm_ram_Q/U299	0	1.01293
u_sm_ram_Q/U798	0	0.658306
u_sm_ram_I/U3653	0	1.32719
u_sm_ram_I/U3875	0	2.10284
u_sm_I/add_60/U1	0	2.27853
u_sm_ram_I/U3466	0	1.37372
u_sm_ram_I/PLACE_HFSBUF_61_1066	0	1.55556
u_sm_ram_I/PLACE_HFSBUF_109_1067	0	1.55556
u_sm_ram_Q/U1433	0	1.71222
u_sm_ram_I/mem_reg[35][2]	0	1.77204
u_sm_ram_Q/mem_reg[161][1]	0	0.916613
u_sm_ram_I/mem_reg[176][2]	0	0.560012
u_sm_ram_I/U920	0	1.08509
u_sm_ram_I/U3176	0	0.74103
u_sm_ram_I/U2553	0	0.725752
u_sm_ram_I/U3617	0	1.31873
u_sm_ram_Q/mem_reg[212][0]	0	1.59041
u_sm_ram_Q/mem_reg[34][0]	0	1.0661
u_sm_I/add_60/U1_1_1	0	0.961636
u_sm_ram_I/U914	0	1.95236
u_sm_ram_I/U3754	0	1.02829
u_sm_ram_I/U4100	0	1.20408
u_sm_ram_I/U3938	0	1.75311
u_sm_ram_Q/U3801	0	0.962427
u_sm_ram_I/U4161	0	1.41874
u_sm_ram_I/U591	0	0.57316
u_sm_ram_I/U1174	0	1.97922
u_sm_ram_I/mem_reg[66][2]	0	1.58973
u_sm_ram_I/U3526	0	0.723989
u_sm_ram_I/U917	0	1.8474
u_sm_ram_I/mem_reg[128][1]	0	0.824807
u_sm_ram_Q/mem_reg[112][0]	0	0.825204
u_sm_ram_Q/U3311	0	0.908218
u_sm_I/wr_addr_reg[3]	0	1.84104
u_sm_ram_I/U3534	0	1.00143
u_sm_ram_I/mem_reg[128][0]	0	2.27874
u_sm_ram_Q/mem_reg[192][3]	0	0.758071
u_sm_ram_I/mem_reg[80][3]	0	0.887319
u_sm_ram_I/U915	0	1.45378
u_sm_ram_I/U2549	0	0.614178
u_sm_ram_Q/U119	0	0.571115
u_sm_ram_I/mem_reg[160][2]	0	1.5436
u_sm_ram_I/PLACE_HFSBUF_10115_701	0	1.55556
u_sm_ram_I/U1440	0	0.562272
u_sm_ram_I/U276	0	2.07343
u_sm_ram_I/mem_reg[80][2]	0	2.3512
u_sm_ram_Q/U1441	0	0.704865
u_sm_ram_Q/mem_reg[19][1]	0	0.75287
u_sm_ram_Q/U837	0	0.691138
u_sm_ram_I/U2229	0	1.57949
u_sm_ram_Q/U3721	0	0.608596
u_sm_ram_Q/mem_reg[160][1]	0	1.8938
u_sm_ram_I/U3680	0	0.76635
u_sm_ram_I/U4145	0	1.0506
u_sm_ram_Q/U3797	0	1.00736
u_sm_ram_I/U4040	0	1.99606
u_sm_ram_Q/U1511	0	1.48419
u_sm_I/U18	0	1.19785
u_sm_ram_I/U3286	0	1.00689
u_sm_ram_I/U2228	0	1.15445
u_sm_ram_I/mem_reg[243][0]	0	1.77562
u_sm_ram_I/U3862	0	1.74641
u_sm_ram_I/U1339	0	0.945347
u_sm_ram_I/U589	0	0.900471
u_sm_ram_I/U916	0	1.77034
u_sm_ram_I/U4057	0	1.14445
u_sm_ram_I/mem_reg[242][0]	0	1.12799
u_sm_ram_Q/mem_reg[182][2]	0	0.998819
u_sm_I/add_60/U1_1_2	0	1.49523
u_sm_ram_Q/mem_reg[161][3]	0	0.609228
u_sm_ram_I/PLACE_HFSBUF_48_476	0	0.555556
u_sm_ram_Q/mem_reg[112][1]	0	2.29702
u_sm_ram_I/U4146	0	0.66765
u_sm_ram_Q/U3329	0	0.943102
u_sm_ram_Q/mem_reg[183][3]	0	1.04436
u_sm_ram_I/U1439	0	0.638094
u_sm_ram_I/mem_reg[99][0]	0	1.21889
u_sm_ram_Q/U1567	0	0.631119
u_sm_ram_I/U657	0	1.62711
u_sm_ram_I/mem_reg[160][1]	0	0.774911
u_sm_ram_Q/U714	0	1.10613
u_sm_ram_I/U861	0	1.83511
u_sm_ram_I/U1438	0	1.28395
u_sm_ram_I/mem_reg[208][3]	0	0.789996
u_sm_ram_I/PLACE_HFSBUF_10277_698	0	0.555556
u_sm_ram_I/mem_reg[98][0]	0	0.926964
u_sm_ram_Q/U941	0	0.87777
u_sm_ram_Q/mem_reg[5][0]	0	0.995224
u_sm_ram_I/U3419	0	1.10812
u_sm_ram_I/mem_reg[161][3]	0	2.11855
u_sm_ram_I/U3920	0	0.712612
u_sm_ram_Q/U3038	0.1875	0.634834
u_sm_ram_I/U1826	0	1.49672
u_sm_ram_I/U588	0	1.847
u_sm_ram_I/mem_reg[226][2]	0	0.833981
u_sm_ram_I/U3669	0	1.43272
u_sm_ram_I/mem_reg[209][1]	0	2.76292
u_sm_ram_Q/U3333	0	0.818596
u_sm_I/U17	0	1.16071
u_sm_ram_Q/mem_reg[37][3]	0	0.659842
u_sm_ram_I/U1436	0	1.60942
u_sm_ram_Q/U1425	0	2.16046
u_sm_ram_I/PLACE_HFSBUF_9812_644	0	1.55556
u_sm_ram_I/PLACE_HFSBUF_9971_642	0	0.555556
u_sm_ram_I/PLACE_HFSBUF_10129_643	0	1.55556
u_sm_ram_Q/mem_reg[101][0]	0	0.802809
u_sm_ram_Q/U1437	0	1.59583
u_sm_ram_Q/U2527	0	0.780664
u_sm_ram_Q/mem_reg[183][2]	0	1.56165
u_sm_ram_I/mem_reg[18][2]	0	0.772797
u_sm_ram_Q/U1988	0	0.818349
u_sm_ram_Q/mem_reg[5][2]	0	2.80691
u_sm_ram_Q/mem_reg[112][3]	0	1.3429
u_sm_ram_I/mem_reg[160][3]	0	0.587801
u_sm_ram_Q/mem_reg[101][3]	0	2.66209
u_sm_ram_I/U3576	0	1.02381
u_sm_ram_I/mem_reg[176][3]	0	0.675718
u_sm_ram_I/mem_reg[160][0]	0	2.15509
u_sm_ram_Q/U1989	0	0.565274
u_sm_ram_I/mem_reg[224][1]	0	0.554205
u_sm_ram_I/U862	0	2.12144
u_sm_ram_Q/U496	0	1.37164
u_sm_ram_I/U2552	0	0.75711
u_sm_ram_I/mem_reg[177][1]	0	2.50321
u_sm_ram_Q/U4066	0	0.605062
u_sm_ram_I/U3684	0	0.566292
u_sm_ram_I/U1777	0	1.53203
u_sm_ram_Q/mem_reg[37][2]	0	0.99365
u_sm_ram_Q/U1498	0	2.56595
u_sm_ram_Q/U2489	0	0.802747
u_sm_ram_I/mem_reg[208][1]	0	1.68432
u_sm_ram_Q/mem_reg[101][1]	0	2.1276
u_sm_ram_I/U592	0	2.23636
u_sm_ram_Q/U838	0	1.79478
u_sm_ram_I/U2193	0	1.59516
u_sm_ram_Q/U118	0	2.59368
u_sm_ram_I/U3635	0	0.823881
u_sm_ram_I/U727	0	0.63966
u_sm_ram_Q/mem_reg[182][3]	0	0.572469
u_sm_ram_I/U2834	0	0.603966
u_sm_ram_Q/mem_reg[183][1]	0	2.48921
u_sm_ram_I/U3784	0	1.45102
u_sm_ram_I/mem_reg[224][3]	0	2.35908
u_sm_ram_I/mem_reg[161][0]	0	0.969965
u_sm_ram_Q/U3310	0	1.46768
u_sm_I/add_60/U1_1_3	0	1.9748
u_sm_ram_I/U3723	0	0.568264
u_sm_ram_I/U3519	0	0.839452
u_sm_ram_I/U2835	0	1.24155
u_sm_ram_Q/U3653	0	1.00674
u_sm_ram_Q/PLACE_HFSBUF_3782_555	0	1.55556
u_sm_ram_Q/PLACE_HFSBUF_3635_554	0	1.48148
u_sm_ram_Q/U1499	0	0.553627
u_sm_ram_I/U3881	0	0.981543
u_sm_ram_Q/U922	0	0.796127
u_sm_ram_Q/U1440	0	0.662828
u_sm_ram_I/U4089	0	1.64956
u_sm_ram_I/U1109	0	1.87745
u_sm_ram_Q/U3120	0	0.688279
u_sm_ram_Q/mem_reg[112][2]	0	0.689518
u_sm_ram_I/mem_reg[161][1]	0	2.8938
u_sm_ram_I/U3397	0	1.225
u_sm_ram_I/U3611	0	0.607512
u_sm_ram_I/mem_reg[128][3]	0	2.03686
u_sm_ram_Q/PLACE_HFSBUF_12108_432	0	1.55556
u_sm_ram_Q/U1992	0	0.835235
u_sm_ram_Q/mem_reg[34][3]	0	1.99935
u_sm_ram_Q/mem_reg[35][3]	0	1.04693
u_sm_I/U16	0	1.34543
u_sm_ram_Q/U2750	0	0.912272
u_sm_ram_I/mem_reg[241][1]	0	0.842789
u_sm_ram_I/U1108	0	1.04357
u_sm_ram_Q/PLACE_HFSBUF_10098_434	0	1.55556
u_sm_ram_Q/PLACE_HFSBUF_9732_439	0	0.555556
u_sm_ram_I/U1253	0	1.5002
u_sm_ram_I/U3353	0	1.04019
u_sm_ram_I/U2960	0	0.622338
u_sm_ram_I/U3675	0	1.02085
u_sm_ram_I/U2231	0	2.01422
u_sm_ram_Q/U3187	0	1.06509
u_sm_ram_I/mem_reg[81][2]	0	0.785602
u_sm_ram_I/U2961	0	1.51026
u_sm_I/wr_addr_reg[1]	0	0.793229
u_sm_ram_I/U3744	0	1.45294
u_sm_ram_Q/U924	0	1.20251
u_sm_ram_I/U2265	0	2.33764
u_sm_ram_Q/U923	0	1.1604
u_sm_ram_I/mem_reg[19][2]	0	0.943179
u_sm_ram_Q/U1512	0	0.952014
u_sm_ram_Q/U2524	0	0.920224
u_sm_ram_Q/U3330	0	1.2377
u_sm_ram_I/mem_reg[80][0]	0	1.67333
u_sm_ram_I/mem_reg[241][0]	0	2.11756
u_sm_ram_I/mem_reg[81][3]	0	1.17036
u_sm_ram_I/mem_reg[81][0]	0	2.03465
u_sm_ram_I/U3778	0	0.957785
u_sm_ram_Q/mem_reg[160][0]	0	0.853854
u_sm_ram_I/U1252	0	1.56715
u_sm_ram_Q/U1500	0	0.917056
u_sm_ram_I/U1369	0	1.08394
u_sm_ram_I/U659	0	1.30465
u_sm_ram_Q/U836	0	1.39287
u_sm_ram_I/U3614	0	0.817392
u_sm_ram_I/U1056	0	2.40787
u_sm_ram_Q/U3009	0	0.964877
u_sm_ram_I/U3358	0	1.21755
u_sm_ram_Q/mem_reg[160][3]	0	1.45215
u_sm_ram_I/U1435	0	2.52475
u_sm_ram_I/PLACE_HFSBUF_143_921	0	1.51852
u_sm_ram_Q/mem_reg[161][0]	0	0.550154
u_sm_ram_Q/mem_reg[19][3]	0	1.21012
u_sm_I/U8	0	0.549664
u_sm_ram_Q/U66	0	2.1558
u_sm_ram_Q/mem_reg[98][1]	0	1.80542
u_sm_ram_Q/PLACE_HFSBUF_734_1096	0	0.493827
u_sm_ram_I/U3578	0	1.71329
u_sm_I/U7	0	1.22133
u_sm_ram_Q/U1993	0	0.830363
u_sm_ram_Q/mem_reg[160][2]	0	2.7293
u_sm_ram_I/U3794	0	0.685532
u_sm_ram_Q/mem_reg[182][0]	0	0.901292
u_sm_ram_I/U1055	0	0.950019
u_sm_ram_I/mem_reg[240][0]	0	1.61623
u_sm_ram_I/U3487	0	1.33043
u_sm_ram_Q/U1501	0	2.68385
u_sm_ram_I/PLACE_HFSBUF_874_1146	0	1.4321
u_sm_ram_I/U3465	0	0.773275
u_sm_ram_I/mem_reg[209][2]	0	0.568792
u_sm_ram_I/U3943	0	1.01135
u_sm_ram_I/mem_reg[115][1]	0	1.09748
u_sm_ram_Q/U2613	0	1.6337
u_sm_ram_Q/PLACE_HFSBUF_11913_440	0	1.50617
u_sm_ram_Q/PLACE_HFSBUF_656_1100	0	2.55556
u_sm_ram_I/mem_reg[241][3]	0	0.674896
u_sm_ram_Q/U1755	0	1.8189
u_sm_ram_Q/U3792	0	0.679525
u_sm_ram_Q/U3277	0	1.05613
u_sm_ram_Q/U835	0	0.656987
u_sm_ram_Q/U3660	0	2.56706
u_sm_ram_Q/U3362	0	0.67299
u_sm_ram_I/U1434	0	0.980397
u_sm_ram_Q/PLACE_HFSBUF_5885_560	0	1.55556
u_sm_ram_Q/mem_reg[16][2]	0	0.640123
u_sm_ram_I/U927	0	1.23193
u_sm_ram_I/mem_reg[209][3]	0	2.34708
u_sm_ram_Q/mem_reg[98][2]	0	0.849954
u_sm_ram_I/U863	0	0.653681
u_sm_ram_Q/U921	0	1.52478
u_sm_ram_I/U3495	0	1.14545
u_sm_ram_I/U3546	0	1.07428
u_sm_ram_I/mem_reg[65][2]	0	2.33602
u_sm_ram_I/PLACE_HFSBUF_9466_743	0	1.51852
u_sm_ram_I/U3094	0	0.759101
u_sm_I/U15	0	1.34971
u_sm_ram_I/U3820	0	1.87309
u_sm_ram_Q/U1659	0	1.16365
u_sm_ram_Q/U2200	0	0.673985
u_sm_ram_Q/U3612	0	2.09132
u_sm_ram_Q/U833	0	0.663167
u_sm_ram_Q/U3555	0	1.937
u_sm_ram_I/U1499	0	1.02396
u_sm_ram_Q/mem_reg[161][2]	0	3.36943
u_sm_ram_I/mem_reg[99][2]	0	0.681092
u_sm_ram_I/U668	0	1.44013
u_sm_ram_Q/mem_reg[18][0]	0	2.43993
u_sm_ram_Q/U3137	0	0.653916
u_sm_ram_I/U1058	0	0.609541
u_sm_ram_I/U857	0	1.02583
u_sm_ram_Q/U1940	0	0.956015
u_sm_ram_Q/U1121	0	1.84928
u_sm_ram_I/U3504	0	1.22257
u_sm_ram_I/U1433	0	0.969275
u_sm_ram_Q/U4082	0	1.03079
u_sm_ram_I/mem_reg[192][2]	0	1.1001
u_sm_ram_Q/mem_reg[181][1]	0	1.26594
u_sm_ram_Q/mem_reg[19][2]	0	0.99294
u_sm_ram_I/U1113	0	0.674471
u_sm_ram_I/U3316	0	1.47722
u_sm_ram_I/mem_reg[224][0]	0	2.08021
u_sm_ram_I/U1673	0	2.34499
u_sm_ram_I/mem_reg[115][0]	0	1.8889
u_sm_ram_Q/PLACE_HFSBUF_9837_847	0	0.555556
u_sm_ram_Q/U3317	0	0.856231
u_sm_ram_I/mem_reg[65][3]	0	0.718615
u_sm_ram_I/U926	0	0.861258
u_sm_ram_I/mem_reg[19][0]	0	1.22358
u_sm_ram_I/mem_reg[176][0]	0	0.548391
u_sm_ram_Q/U834	0	1.15662
u_sm_ram_Q/U1120	0	1.23806
u_sm_ram_Q/U1123	0	1.16768
u_sm_ram_I/U925	0	1.79889
u_sm_ram_I/U1112	0	0.573164
u_sm_ram_Q/PLACE_HFSBUF_11009_851	0	0.555556
u_sm_ram_I/U2239	0	0.864417
u_sm_ram_I/mem_reg[177][3]	0	0.972512
u_sm_ram_I/U928	0	2.3339
u_sm_ram_Q/U1122	0	0.790448
u_sm_ram_Q/U1697	0	0.627689
u_sm_ram_I/mem_reg[114][0]	0	1.90554
u_sm_I/add_60/U1_1_4	0	1.02457
u_sm_ram_I/U922	0	0.588677
u_sm_ram_Q/U3764	0	1.64618
u_sm_ram_I/U1501	0	1.64278
u_sm_ram_I/U2050	0	0.623407
u_sm_ram_I/U3460	0	1.3135
u_sm_ram_Q/PLACE_HFSBUF_739_1015	0	0.555556
u_sm_ram_Q/PLACE_HFSINV_607_1012	0	1.55556
u_sm_I/U6	0	0.745035
u_sm_ram_Q/U338	0	1.80182
u_sm_ram_I/mem_reg[35][1]	0	1.64107
u_sm_ram_I/mem_reg[161][2]	0	0.819985
u_sm_ram_Q/mem_reg[180][1]	0	0.775355
u_sm_ram_I/U666	0	0.922114
u_sm_ram_Q/PLACE_HFSBUF_13197_433	0	1.55556
u_sm_I/U14	0	1.87471
u_sm_ram_I/U860	0	1.80027
u_sm_ram_I/U3298	0	0.883881
u_sm_ram_Q/U2466	0	1.39542
u_sm_ram_Q/U940	0	0.779144
u_sm_ram_Q/U2483	0	1.36784
u_sm_ram_Q/U2982	0	0.918997
u_sm_ram_I/mem_reg[19][1]	0	0.612311
u_sm_ram_I/U2249	0	1.76735
u_sm_ram_Q/mem_reg[183][0]	0	2.5906
u_sm_ram_I/U3230	0	2.51848
u_sm_ram_Q/PLACE_HFSINV_488_940	0	0.518519
u_sm_ram_Q/U3543	0	0.906547
u_sm_ram_I/U859	0	0.835845
u_sm_ram_Q/U1855	0	0.762076
u_sm_I/U34	0	0.681022
u_sm_ram_I/mem_reg[240][1]	0	0.826481
u_sm_ram_Q/mem_reg[99][1]	0	1.10507
u_sm_ram_I/U2051	0	1.85512
u_sm_ram_I/U1249	0	1.52279
u_sm_ram_Q/U1804	0	1.53248
u_sm_ram_Q/U499	0	0.783735
u_sm_ram_I/U2049	0	1.54123
u_sm_ram_I/mem_reg[35][0]	0	0.67662
u_sm_ram_Q/U3126	0	1.03257
u_sm_ram_Q/mem_reg[97][3]	0	0.56115
u_sm_ram_Q/PLACE_HFSBUF_90_1013	0	1.55556
u_sm_ram_I/U480	0	1.1487
u_sm_ram_I/U477	0	0.692276
u_sm_ram_Q/U3445	0	0.5924
u_sm_ram_I/mem_reg[18][3]	0	1.92354
u_sm_ram_I/mem_reg[114][1]	0	1.14562
u_sm_ram_Q/U3883	0	0.638218
u_sm_ram_Q/mem_reg[180][0]	0	0.849383
u_sm_I/add_60/U1_1_5	0	1.49329
u_sm_ram_Q/U406	0	0.723407
u_sm_ram_I/mem_reg[19][3]	0	0.920976
u_sm_ram_Q/U1938	0	0.803187
u_sm_ram_I/U1209	0	0.696377
u_sm_ram_Q/U3423	0	0.597187
u_sm_ram_I/U1707	0	1.77671
u_sm_ram_Q/U2751	0	2.24341
u_sm_ram_I/U597	0	1.32291
u_sm_ram_I/U2240	0	1.5923
u_sm_ram_I/U665	0	0.875718
u_sm_ram_I/U2643	0	1.63924
u_sm_ram_I/U600	0	1.98692
u_sm_ram_I/U3173	0	0.917639
u_sm_ram_Q/mem_reg[18][1]	0	0.815459
u_sm_ram_Q/U3469	0	1.55268
u_sm_ram_Q/U744	0	0.761906
u_sm_ram_Q/U1513	0	1.65373
u_sm_ram_I/mem_reg[177][2]	0	2.06593
u_sm_ram_I/PLACE_HFSINV_11790_655	0	0.506173
u_sm_ram_Q/U3414	0	1.53325
u_sm_ram_Q/U3215	0	0.897145
u_sm_ram_Q/U3201	0	1.68921
u_sm_ram_I/U1250	0	1.88254
u_sm_ram_Q/U408	0	0.705463
u_sm_ram_I/U2233	0	0.638785
u_sm_ram_Q/PLACE_HFSBUF_542_943	0	0.555556
u_sm_ram_I/U3376	0	1.68216
u_sm_ram_Q/U4005	0	0.993877
u_sm_ram_Q/U3146	0	0.624734
u_sm_ram_I/PLACE_HFSBUF_11548_647	0	2.55556
u_sm_I/wr_addr_reg[4]	0	2.15664
u_sm_ram_I/U3547	0	1.30579
u_sm_ram_I/U729	0	1.06763
u_sm_ram_I/mem_reg[96][1]	0	1.1425
u_sm_ram_Q/U3388	0	0.807596
u_sm_ram_I/U667	0	1.45219
u_sm_ram_I/U2652	0	0.78451
u_sm_ram_I/U3299	0	1.22487
u_sm_ram_Q/U841	0	1.34572
u_sm_ram_I/PLACE_HFSBUF_9551_641	0	1.55556
u_sm_ram_I/U192	0	0.969479
u_sm_ram_Q/U3375	0	1.04037
u_sm_ram_Q/U2749	0	1.11723
u_sm_ram_I/U1246	0	1.80911
u_sm_ram_I/U3713	0	1.02891
u_sm_ram_I/U596	0	1.26493
u_sm_ram_I/U599	0	0.696142
u_sm_ram_Q/U3400	0	0.534255
u_sm_ram_I/U2938	0	0.653287
u_sm_ram_Q/mem_reg[16][3]	0	1.06005
u_sm_ram_Q/U3446	0	0.809024
u_sm_ram_I/U1500	0	1.81586
u_sm_ram_Q/U832	0	0.730012
u_sm_ram_I/U2937	0	0.615953
u_sm_ram_Q/U3391	0	1.04736
u_sm_ram_Q/mem_reg[117][0]	0	0.734904
u_sm_ram_Q/U2487	0	1.68471
u_sm_ram_I/U601	0	1.5472
u_sm_ram_Q/U56	0	0.765968
u_sm_ram_Q/PLACE_HFSBUF_986_1127	0	1.55556
u_sm_ram_Q/PLACE_HFSBUF_814_1125	0	2.55556
u_sm_ram_Q/PLACE_HFSBUF_237_1123	0	1.53086
u_sm_ram_I/U3228	0	2.26456
u_sm_ram_Q/U3441	0	0.873877
u_sm_ram_I/U2996	0	0.886435
u_sm_ram_I/U1251	0	1.18805
u_sm_ram_Q/U3544	0	1.02967
u_sm_ram_Q/U3443	0	1.66901
u_sm_ram_Q/U3123	0	2.51944
u_sm_ram_Q/U3552	0	0.689171
u_sm_ram_Q/PLACE_HFSBUF_575_1091	0	1.55556
u_sm_ram_Q/PLACE_HFSBUF_55_1090	0	0.555556
u_sm_ram_Q/U3961	0	1.19932
u_sm_ram_Q/U3551	0	1.39049
u_sm_ram_I/U3874	0	2.93784
u_sm_ram_I/U1859	0	1.82111
u_sm_ram_Q/U3418	0	1.35802
u_sm_ram_I/U4093	0	2.16976
u_sm_ram_I/mem_reg[96][0]	0	3.3246
u_sm_ram_Q/U3558	0	0.860093
u_sm_ram_Q/U1874	0	1.48829
u_sm_ram_Q/U2460	0	0.767832
u_sm_ram_I/U3746	0	1.50517
u_sm_ram_Q/U3444	0	1.06164
u_sm_ram_Q/U2748	0	0.91988
u_sm_ram_Q/U3417	0	0.559919
u_sm_ram_Q/U3962	0	0.649869
u_sm_ram_I/U464	0	1.10228
u_sm_ram_Q/U2747	0	1.55627
u_sm_ram_I/U3205	0	0.854722
u_sm_ram_Q/U2458	0	0.915058
u_sm_ram_I/U1257	0	0.893403
u_sm_ram_Q/mem_reg[101][2]	0	1.35543
u_sm_ram_Q/U3440	0	1.52196
u_sm_ram_Q/U3439	0	0.839988
u_sm_ram_I/U3405	0	0.98865
u_sm_ram_I/mem_reg[144][3]	0	0.930436
u_sm_ram_Q/U3296	0	1.36565
u_sm_ram_Q/mem_reg[17][2]	0	0.988781
u_sm_ram_Q/mem_reg[181][3]	0	0.616894
u_sm_I/add_60/U2	0	0.70022
u_sm_ram_I/U4099	0	1.70607
u_sm_ram_I/mem_reg[192][0]	0	0.699012
u_sm_ram_Q/mem_reg[100][2]	0	3.11113
u_sm_ram_I/mem_reg[97][0]	0	1.15042
u_sm_ram_Q/U3194	0	1.53399
u_sm_ram_I/mem_reg[128][2]	0	1.01269
u_sm_ram_I/U3974	0	1.12791
u_sm_ram_Q/U3943	0	0.582789
u_sm_ram_I/mem_reg[49][0]	0	1.25488
u_sm_ram_Q/mem_reg[181][0]	0	1.14414
u_sm_ram_I/U1498	0	1.81071
u_sm_ram_Q/mem_reg[116][2]	0	1.04005
u_sm_ram_Q/U3493	0	1.10845
u_sm_ram_I/U3317	0	2.00672
u_sm_ram_I/U2052	0	0.760714
u_sm_ram_Q/U1174	0	0.720015
u_sm_ram_Q/U3144	0	1.61346
u_sm_ram_Q/PLACE_HFSBUF_133_1087	0	0.555556
u_sm_I/add_60/U1_1_6	0	1.81796
u_sm_ram_Q/U845	0	2.65514
u_sm_ram_I/U4076	0	0.830324
u_sm_ram_I/U3121	0	1.27881
u_sm_ram_I/U1247	0	1.12836
u_sm_ram_Q/PLACE_HFSBUF_8157_442	0	1.51852
u_sm_ram_Q/PLACE_HFSBUF_7904_443	0	0.555556
u_sm_ram_I/U78	0	0.798951
u_sm_ram_Q/U846	0	1.02378
u_sm_ram_I/U1187	0	1.00267
u_sm_ram_Q/mem_reg[100][0]	0	0.914198
u_sm_ram_Q/U3942	0	0.802427
u_sm_ram_I/U603	0	0.945421
u_sm_ram_I/U3498	0	1.0263
u_sm_ram_Q/mem_reg[100][1]	0	2.62081
u_sm_ram_I/U3506	0	1.4072
u_sm_ram_I/U1188	0	1.94086
u_sm_ram_I/U3876	0	0.705451
u_sm_ram_I/mem_reg[240][3]	0	1.16269
u_sm_ram_Q/U3390	0	1.02429
u_sm_ram_Q/U840	0	1.42986
u_sm_ram_Q/U1503	0	1.72396
u_sm_ram_I/mem_reg[224][2]	0	1.85092
u_sm_ram_Q/U3389	0	0.820602
u_sm_ram_Q/U4006	0	0.658063
u_sm_ram_Q/U3545	0	1.60402
u_sm_ram_Q/U1175	0	0.736906
u_sm_ram_Q/U3226	0	0.991046
u_sm_ram_Q/mem_reg[116][0]	0	2.58255
u_sm_ram_Q/U4056	0	2.70089
u_sm_ram_Q/U1502	0	1.64196
u_sm_ram_I/U797	0	0.892087
u_sm_ram_I/U1376	0	2.41848
u_sm_I/U11	0	1.0451
u_sm_ram_I/mem_reg[80][1]	0	1.06029
u_sm_ram_Q/U2041	0	0.714865
u_sm_ram_I/mem_reg[33][0]	0	1.46184
u_sm_ram_Q/U3359	0	0.812284
u_sm_ram_I/U1313	0	0.712469
u_sm_ram_I/U1314	0	0.843515
u_sm_ram_Q/U3553	0	0.95434
u_sm_ram_I/mem_reg[18][0]	0	1.37409
u_sm_ram_Q/U3401	0	0.562022
u_sm_ram_I/U2232	0	0.922596
u_sm_ram_I/U3767	0	1.44029
u_sm_ram_I/mem_reg[16][1]	0	0.675058
u_sm_ram_Q/U1505	0	1.77943
u_sm_ram_I/mem_reg[17][0]	0	3.34049
u_sm_ram_Q/U1103	0	1.78425
u_sm_ram_Q/U1504	0	2.52096
u_sm_ram_I/U1378	0	0.603515
u_sm_ram_Q/U3514	0	0.596273
u_sm_ram_Q/U2627	0	0.972392
u_sm_ram_Q/mem_reg[99][2]	0	1.16659
u_sm_ram_Q/U1165	0	0.66831
u_sm_ram_Q/U1166	0	1.43481
u_sm_ram_I/U2038	0	0.72341
u_sm_ram_I/mem_reg[96][2]	0	1.19916
u_sm_ram_I/PLACE_HFSBUF_1023_926	0	0.555556
u_sm_ram_I/U2039	0	1.38845
u_sm_ram_I/U858	0	1.65374
u_sm_ram_I/U2498	0	0.681011
u_sm_ram_I/U1311	0	0.854479
u_sm_ram_Q/U3973	0	1.31127
u_sm_ram_Q/U1805	0	0.77027
u_sm_ram_I/U4069	0	1.06542
u_sm_ram_Q/mem_reg[180][2]	0	0.603692
u_sm_ram_Q/mem_reg[227][1]	0	0.874236
u_sm_ram_I/mem_reg[81][1]	0	0.945586
u_sm_ram_Q/mem_reg[17][3]	0	0.781647
u_sm_ram_Q/mem_reg[97][0]	0	1.36743
u_sm_ram_I/U3577	0	0.675694
u_sm_ram_Q/U844	0	2.57174
u_sm_ram_I/U2615	0	1.53883
u_sm_ram_I/mem_reg[96][3]	0	1.24685
u_sm_ram_I/U856	0	0.648738
u_sm_ram_I/U3287	0	1.18403
u_sm_ram_Q/U3646	0	1.98594
u_sm_ram_I/mem_reg[17][1]	0	1.99919
u_sm_ram_I/mem_reg[177][0]	0	1.03336
u_sm_ram_Q/PLACE_HFSBUF_147_832	0	0.555556
u_sm_ram_Q/mem_reg[180][3]	0	1.07338
u_sm_ram_I/U165	0	1.70195
u_sm_ram_Q/U4015	0	0.626111
u_sm_ram_I/mem_reg[193][0]	0	0.967643
u_sm_ram_I/mem_reg[33][1]	0	2.74328
u_sm_ram_Q/U2486	0	1.61175
u_sm_ram_I/PLACE_HFSBUF_989_910	0	0.530864
u_sm_ram_Q/U2504	0	1.79126
u_sm_ram_I/mem_reg[209][0]	0	2.74441
u_sm_ram_Q/U843	0	1.00151
u_sm_ram_I/U3591	0	1.42701
u_sm_ram_I/U3628	0	0.565961
u_sm_ram_Q/mem_reg[227][0]	0	2.61278
u_sm_ram_Q/U1102	0	1.47801
u_sm_ram_Q/U1100	0	1.26367
u_sm_ram_I/mem_reg[65][0]	0	0.711289
u_sm_ram_I/U795	0	0.896578
u_sm_ram_Q/mem_reg[98][0]	0	1.10118
u_sm_ram_Q/U3105	0	0.842122
u_sm_ram_I/U798	0	2.00761
u_sm_ram_I/mem_reg[113][0]	0	1.18399
u_sm_ram_Q/mem_reg[17][0]	0	1.81939
u_sm_I/U13	0	2.06082
u_sm_ram_Q/mem_reg[117][3]	0	0.724163
u_sm_ram_Q/U2434	0	1.46674
u_sm_ram_I/U1207	0	2.3784
u_sm_ram_I/U2155	0	0.615413
u_sm_ram_Q/U1176	0	2.5388
u_sm_ram_Q/mem_reg[18][3]	0	1.92829
u_sm_ram_Q/mem_reg[100][3]	0	0.82821
u_sm_ram_I/mem_reg[49][2]	0	0.996362
u_sm_ram_Q/mem_reg[17][1]	0	0.63865
u_sm_ram_I/mem_reg[97][1]	0	1.30432
u_sm_ram_I/mem_reg[49][3]	0	1.55142
u_sm_ram_Q/mem_reg[18][2]	0	0.806204
u_sm_ram_I/U598	0	1.98828
u_sm_ram_Q/U847	0	2.11104
u_sm_I/U37	0	0.776443
u_sm_ram_Q/mem_reg[227][3]	0	2.72353
u_sm_ram_I/U3486	0	0.671856
u_sm_ram_I/U3212	0	0.647766
u_sm_I/U12	0	0.61929
u_sm_ram_I/mem_reg[192][3]	0	0.677049
u_sm_ram_Q/mem_reg[118][2]	0	0.558711
u_sm_ram_I/mem_reg[193][3]	0	1.5315
u_sm_I/wr_addr_reg[7]	0	1.24749
u_sm_ram_I/U602	0	1.09353
u_sm_ram_I/U4064	0	0.575143
u_sm_ram_I/U2523	0	0.863692
u_sm_ram_Q/mem_reg[98][3]	0	1.93997
u_sm_ram_Q/U1984	0	1.96969
u_sm_ram_Q/U3720	0	2.18953
u_sm_ram_Q/U1104	0	0.640883
u_sm_ram_Q/mem_reg[117][2]	0	1.39209
u_sm_ram_Q/U3542	0	1.3534
u_sm_ram_I/U3955	0	1.42841
u_sm_ram_I/mem_reg[193][1]	0	2.69568
u_sm_ram_Q/U2622	0	0.995374
u_sm_ram_Q/mem_reg[99][3]	0	0.71414
u_sm_ram_I/U1442	0	0.931327
u_sm_ram_Q/PLACE_HFSBUF_1013_1016	0	0.45679
u_sm_ram_Q/PLACE_HFSBUF_504_1020	0	0.382716
u_sm_ram_I/mem_reg[193][2]	0	2.03712
u_sm_ram_Q/U64	0	0.930394
u_sm_ram_I/U3359	0	2.1
u_sm_ram_Q/U65	0	0.919568
u_sm_ram_Q/U72	0	0.879525
u_sm_ram_Q/PLACE_HFSBUF_40_1095	0	1.55556
u_sm_I/wr_addr_reg[5]	0	1.19194
u_sm_ram_I/U796	0	1.15169
u_sm_ram_I/U1511	0	2.19049
u_sm_ram_Q/mem_reg[181][2]	0	1.3632
u_sm_ram_I/U993	0	0.650594
u_sm_ram_Q/mem_reg[118][0]	0	1.83239
u_sm_I/U36	0	1.35347
u_sm_ram_Q/U3141	0	0.804738
u_sm_ram_Q/U1169	0	1.46985
u_sm_ram_I/U681	0	2.61985
u_sm_ram_I/U2530	0	0.583646
u_sm_ram_Q/PLACE_HFSBUF_110_587	0	2.55556
u_sm_ram_Q/U842	0	0.827689
u_sm_I/wr_addr_reg[6]	0	1.94033
u_sm_ram_I/U32	0	0.721752
u_sm_ram_I/mem_reg[17][2]	0	0.810972
u_sm_ram_Q/U4046	0	0.89946
u_sm_ram_Q/mem_reg[116][3]	0	0.707978
u_sm_ram_Q/PLACE_HFSBUF_41_831	0	1.55556
u_sm_ram_Q/U1173	0	1.90875
u_sm_ram_I/U2912	0	0.552766
u_sm_ram_Q/U1170	0	0.983619
u_sm_ram_I/mem_reg[192][1]	0	0.851617
u_sm_ram_Q/mem_reg[227][2]	0	2.25927
u_sm_ram_I/PLACE_HFSBUF_91_934	0	1.55556
u_sm_ram_I/mem_reg[240][2]	0	2.72496
u_sm_ram_I/U2806	0	0.797411
u_sm_ram_I/U3014	0	2.50015
u_sm_ram_I/U3785	0	2.18785
u_sm_ram_Q/U1957	0	1.83417
u_sm_ram_I/U1512	0	1.64501
u_sm_ram_I/mem_reg[241][2]	0	0.613086
u_sm_ram_I/U3120	0	0.720849
u_sm_ram_Q/mem_reg[96][3]	0	1.4223
u_sm_ram_I/U563	0	0.606188
u_sm_ram_I/mem_reg[0][1]	0	0.829699
u_sm_ram_I/U2589	0	0.779259
u_sm_ram_Q/U1171	0	0.847083
u_sm_ram_Q/mem_reg[119][2]	0	0.714425
u_sm_ram_Q/U3086	0	1.67561
u_sm_ram_I/mem_reg[0][3]	0	2.16438
u_sm_ram_Q/PLACE_HFSBUF_61_590	0	0.54321
u_sm_ram_I/U3125	0	0.602222
u_sm_ram_I/U2443	0	1.59262
u_sm_ram_I/U1303	0	0.608704
u_sm_ram_I/U338	0	1.11502
u_sm_ram_I/U1510	0	0.970139
u_sm_ram_I/U180	0	2.38765
u_sm_ram_I/mem_reg[225][0]	0	1.44149
u_sm_ram_Q/U139	0	1.2522
u_sm_ram_Q/U653	0	0.577396
u_sm_ram_I/U3089	0	1.84981
u_sm_ram_Q/mem_reg[99][0]	0	1.28166
u_sm_ram_Q/U1509	0	2.18659
u_sm_ram_I/U1504	0	1.16953
u_sm_ram_Q/U1506	0	1.62606
u_sm_ram_Q/U1508	0	0.64968
u_sm_ram_Q/U3512	0	0.808904
u_sm_ram_I/mem_reg[16][2]	0	0.815035
u_sm_ram_Q/PLACE_HFSBUF_5696_559	0	0.555556
u_sm_ram_I/mem_reg[16][0]	0	1.50639
u_sm_ram_I/U2510	0	2.09179
u_sm_ram_I/U2439	0	1.00971
u_sm_ram_Q/U1172	0	0.785012
u_sm_ram_Q/mem_reg[117][1]	0	2.73427
u_sm_ram_I/PLACE_HFSBUF_141_917	0	0.555556
u_sm_ram_I/PLACE_HFSBUF_66_913	0	1.55556
u_sm_ram_I/U3740	0	2.08328
u_sm_ram_I/U174	0	0.783137
u_sm_ram_I/U3193	0	1.74918
u_sm_ram_Q/U2485	0	1.11862
u_sm_ram_Q/U1865	0	2.15603
u_sm_ram_I/U2942	0	0.654606
u_sm_ram_Q/U2464	0	2.40671
u_sm_ram_Q/U3387	0	0.673148
u_sm_ram_I/U487	0	0.702994
u_sm_ram_I/U1554	0	0.973904
u_sm_ram_I/mem_reg[113][1]	0	0.822118
u_sm_ram_I/PLACE_HFSBUF_34_929	0	1.55556
u_sm_ram_I/U1653	0	1.07179
u_sm_ram_I/U3404	0	0.766127
u_sm_ram_Q/PLACE_HFSBUF_277_1124	0	0.555556
u_sm_ram_Q/U3521	0	1.41727
u_sm_ram_I/U1904	0.125	2.26446
u_sm_ram_Q/U3340	0	0.584985
u_sm_ram_I/PLACE_HFSBUF_803_935	0	0.555556
u_sm_ram_I/U1441	0	1.36054
u_sm_ram_Q/U3197	0	0.970621
u_sm_ram_Q/U2838	0	1.2333
u_sm_ram_Q/U3513	0	1.46639
u_sm_ram_I/U266	0	1.8429
u_sm_ram_Q/U2599	0	2.3185
u_sm_ram_I/PLACE_HFSBUF_191_930	0	0.555556
u_sm_ram_I/PLACE_HFSBUF_460_931	0	0.555556
u_sm_ram_I/PLACE_HFSBUF_299_932	0	1.55556
u_sm_ram_I/PLACE_HFSBUF_148_933	0	1.55556
u_sm_ram_I/PLACE_HFSINV_273_925	0	0.506173
u_sm_ram_Q/U3110	0	0.625833
u_sm_ram_Q/U3603	0	1.33486
u_sm_ram_Q/mem_reg[96][1]	0	1.07936
u_sm_ram_Q/U3665	0	1.45794
u_sm_ram_Q/U826	0	0.881543
u_sm_ram_I/U3124	0	1.21285
u_sm_ram_I/U1443	0	1.09851
u_sm_ram_Q/U3828	0	0.768337
u_sm_ram_Q/mem_reg[131][0]	0	0.744622
u_sm_ram_Q/U1507	0	1.26681
u_sm_ram_I/U3756	0	0.764699
u_sm_ram_Q/U1101	0	0.863565
u_sm_ram_I/mem_reg[33][2]	0	2.25304
u_sm_ram_I/U1379	0	0.857145
u_sm_ram_Q/PLACE_HFSBUF_221_1014	0	1.55556
u_sm_ram_I/mem_reg[65][1]	0	1.10078
u_sm_I/en_w_reg	0	0.914568
u_sm_ram_Q/mem_reg[130][0]	0	1.434
u_sm_ram_I/U1197	0	1.87824
u_sm_ram_I/U1182	0	1.91426
u_sm_ram_Q/U656	0	1.30079
u_sm_ram_Q/U3292	0	0.680247
u_sm_ram_I/U156	0.25	1.31277
u_sm_ram_Q/U3442	0	0.634599
u_sm_ram_I/U3001	0	0.614734
u_sm_ram_Q/U1756	0	0.782867
u_sm_ram_I/U3401	0	0.824225
u_sm_ram_I/U3523	0	1.37236
u_sm_ram_Q/U2981	0	0.864915
u_sm_ram_Q/mem_reg[131][2]	0	2.07171
u_sm_ram_I/mem_reg[49][1]	0	0.594066
u_sm_ram_Q/U3753	0	1.0513
u_sm_ram_I/PLACE_HFSBUF_771_918	0	0.555556
u_sm_ram_I/U1507	0	0.911628
u_sm_ram_I/U1506	0	0.675216
u_sm_ram_I/U991	0	2.04956
u_sm_ram_Q/U1105	0	0.595988
u_sm_ram_I/U2441	0	0.559718
u_sm_ram_Q/U3491	0	0.986161
u_sm_ram_I/mem_reg[225][2]	0	0.562137
u_sm_ram_I/U2213	0	1.50654
u_sm_ram_Q/U2017	0	1.71772
u_sm_ram_Q/PLACE_HFSBUF_881_1126	0	1.55556
u_sm_ram_Q/U3419	0	0.579969
u_sm_ram_I/U3380	0	1.1913
u_sm_ram_I/U218	0	1.20891
u_sm_ram_Q/U3471	0	0.558144
u_sm_ram_I/U992	0	0.643908
u_sm_ram_Q/mem_reg[130][3]	0	2.63809
u_sm_ram_I/U3122	0	2.50937
u_sm_ram_I/U1181	0	0.85456
u_ctrl_fsm/U58	0	1.22325
u_sm_ram_I/U2913	0	1.09296
u_sm_ram_I/U1117	0	1.32802
u_sm_ram_I/PLACE_HFSBUF_973_928	0	2.55556
u_sm_ram_I/PLACE_HFSBUF_1095_927	0	0.333333
u_sm_ram_Q/U655	0	0.782643
u_sm_ram_Q/U4008	0	0.706439
u_sm_ram_I/U1444	0	1.98022
u_sm_ram_I/PLACE_HFSBUF_9253_742	0	0.555556
u_sm_ram_I/U3528	0	1.9412
u_ctrl_fsm/add_159/U1	0	0.905741
u_sm_ram_I/mem_reg[144][2]	0	0.751485
u_sm_ram_I/U4191	0	0.89534
u_sm_I/U10	0	1.6235
u_sm_ram_Q/U2684	0	1.04976
u_sm_ram_Q/U1096	0	0.788021
u_sm_ram_Q/U654	0	0.915891
u_sm_ram_I/U3838	0	1.85342
u_sm_ram_Q/U2814	0	1.84898
u_sm_ram_I/U794	0	0.833495
u_sm_ram_I/U4056	0	0.554136
u_sm_ram_Q/mem_reg[129][0]	0	1.5584
u_sm_ram_I/PLACE_HFSINV_10791_656	0	1.55556
u_sm_ram_I/U1118	0	1.52158
u_sm_ram_I/U3854	0	1.28246
u_sm_ram_Q/U2318	0	0.661127
u_sm_ram_I/U3123	0	1.17108
u_sm_ram_I/mem_reg[225][3]	0	1.97519
u_sm_ram_I/PLACE_HFSBUF_9212_806	0	1.54321
u_sm_ram_I/PLACE_HFSBUF_11270_646	0	0.530864
u_sm_ram_I/PLACE_HFSBUF_11989_648	0	1.49383
u_sm_ram_Q/PLACE_HFSBUF_33_1039	0	1.55556
u_sm_ram_I/PLACE_HFSBUF_9405_645	0	2.55556
u_sm_ram_I/mem_reg[129][0]	0	0.938684
u_sm_ram_I/U3825	0	2.27035
u_sm_ram_Q/mem_reg[131][3]	0	1.34443
u_sm_ram_Q/mem_reg[133][3]	0	0.589086
u_sm_ram_I/mem_reg[225][1]	0	0.678765
u_sm_I/U43	0	0.673322
u_sm_ram_I/mem_reg[129][1]	0	1.97319
u_sm_ram_I/U1184	0	0.653025
u_sm_ram_Q/U2586	0	1.55084
u_sm_ram_Q/mem_reg[135][0]	0	1.01912
u_sm_ram_Q/U3410	0	0.899622
u_sm_ram_Q/U2033	0	0.864124
u_sm_ram_I/U3446	0	0.896397
u_sm_ram_I/mem_reg[129][2]	0	2.70758
u_sm_ram_I/U1591	0	2.1703
u_sm_ram_I/U1592	0	0.65686
u_sm_ram_I/U990	0	2.44474
u_sm_ram_Q/U3360	0	0.848445
u_sm_ram_I/U1119	0	1.17134
u_sm_ram_I/PLACE_HFSBUF_1082_911	0	2.45679
u_sm_ram_I/PLACE_HFSBUF_957_912	0	2.45679
u_sm_ram_I/PLACE_HFSINV_340_909	0	0.506173
u_sm_ram_Q/mem_reg[116][1]	0	1.41312
u_sm_ram_Q/U2490	0	2.50991
u_sm_ram_I/U1513	0	0.581443
u_sm_ram_I/mem_reg[129][3]	0	1.07901
u_sm_ram_I/U792	0	1.33834
u_sm_ram_I/U4231	0	2.0917
u_sm_ram_Q/U3815	0	1.24916
u_sm_ram_I/U1183	0	0.955567
u_sm_ram_I/U2814	0	1.80671
u_sm_ram_I/PLACE_HFSBUF_265_916	0	1.55556
u_sm_ram_I/PLACE_HFSBUF_180_914	0	0.555556
u_sm_ram_I/PLACE_HFSBUF_328_915	0	1.48148
u_sm_ram_Q/U3409	0	0.723893
u_sm_ram_Q/U3164	0	0.808569
u_sm_ram_Q/mem_reg[119][1]	0	1.65336
u_sm_ram_Q/U3473	0	1.00091
u_sm_ram_I/U4269	0	1.45356
u_sm_ram_Q/U2793	0	0.885683
u_sm_ram_I/mem_reg[113][3]	0	1.31688
u_sm_ram_I/mem_reg[97][3]	0	0.877971
u_sm_ram_Q/U3505	0	1.00204
u_sm_ram_Q/U3403	0	0.696057
u_sm_ram_I/mem_reg[144][1]	0	1.89463
u_sm_ram_Q/mem_reg[118][1]	0	1.10466
u_sm_ram_Q/U3584	0	0.589487
u_sm_ram_I/mem_reg[16][3]	0	1.76893
u_sm_ram_Q/U337	0	0.976208
u_ctrl_fsm/sm_ram_rd_addr_reg_reg[0]	0	0.599742
u_sm_ram_I/mem_reg[17][3]	0	1.40202
u_sm_I/U33	0	0.719441
u_sm_ram_I/U3267	0	0.844093
u_sm_ram_I/mem_reg[113][2]	0	0.776802
u_sm_ram_Q/U2826	0	1.19702
u_sm_ram_Q/U3004	0	0.796011
u_sm_ram_Q/mem_reg[135][1]	0	2.89096
u_sm_ram_Q/U2016	0	0.985737
u_sm_ram_Q/U3902	0	0.799626
u_sm_ram_I/mem_reg[33][3]	0	1.27892
u_sm_ram_Q/mem_reg[230][2]	0	0.695995
u_sm_ram_Q/PLACE_HFSBUF_144_591	0	0.555556
u_sm_ram_I/PLACE_HFSINV_11702_761	0	0.555556
u_sm_ram_Q/PLACE_HFSBUF_4784_518	0	0.555556
u_sm_ram_I/U1593	0	1.92965
u_sm_ram_I/U1848	0	2.36516
u_sm_ram_Q/U1896	0	1.25821
u_sm_ram_Q/U2393	0	1.51678
u_sm_ram_Q/PLACE_HFSBUF_633_1034	0	1.55556
u_sm_ram_I/PLACE_HFSINV_11527_759	0	0.481481
u_sm_ram_I/U304	0	1.15546
u_sm_ram_I/U574	0	0.82581
u_sm_ram_I/U3444	0	1.06545
u_sm_ram_I/U1508	0	1.01505
u_sm_ram_I/U3812	0	1.12356
u_sm_ram_Q/U1045	0	0.567631
u_sm_ram_Q/U498	0	0.775428
u_sm_ram_Q/U303	0	2.47066
u_sm_ram_Q/U2306	0	1.69607
u_sm_ram_I/mem_reg[144][0]	0	0.559938
u_sm_ram_I/U1199	0	1.34376
u_sm_ram_Q/U4079	0	1.40433
u_sm_ram_I/U2202	0	0.698981
u_sm_ram_I/U481	0	1.20926
u_sm_ram_I/U26	0	1.43183
u_sm_ram_I/mem_reg[112][3]	0	2.08849
u_sm_ram_Q/PLACE_HFSBUF_5501_563	0	1.55556
u_sm_ram_I/U3699	0	0.757662
u_sm_ram_Q/mem_reg[135][2]	0	1.41841
u_sm_ram_Q/mem_reg[118][3]	0	2.34196
u_sm_ram_I/mem_reg[97][2]	0	2.69198
u_sm_ram_I/mem_reg[145][1]	0	0.786254
u_sm_ram_I/mem_reg[64][2]	0	0.713742
u_sm_ram_I/U1377	0	0.912338
u_sm_ram_I/PLACE_HFSBUF_12639_704	0	0.555556
u_sm_ram_Q/U1043	0	0.993318
u_ctrl_fsm/U92	0	0.938418
u_sm_ram_Q/U2078	0	0.836258
u_sm_ram_I/U3352	0	1.37445
u_sm_ram_Q/mem_reg[129][3]	0	0.77571
u_sm_ram_I/mem_reg[0][2]	0	1.08053
u_sm_ram_Q/mem_reg[96][2]	0	1.09468
u_sm_ram_I/U2098	0	1.7526
u_sm_ram_Q/U3071	0	1.97429
u_sm_ram_Q/U3759	0	2.43035
u_sm_ram_Q/U3398	0	0.91488
u_sm_ram_Q/U3407	0	1.0688
u_ctrl_fsm/U93	0	0.97963
u_sm_ram_I/U3655	0	0.974279
u_sm_ram_I/U1312	0	0.857747
u_ctrl_fsm/U107	0	0.700529
u_sm_ram_I/U49	0	2.03039
u_ctrl_fsm/U13	0	1.50486
u_ctrl_fsm/U10	0	1.05159
u_sm_ram_I/U3589	0	1.02768
u_sm_ram_I/U411	0	2.59186
u_sm_ram_I/mem_reg[48][3]	0	1.16006
u_sm_ram_Q/U2081	0	1.24928
u_sm_ram_Q/U3993	0	0.803264
u_sm_ram_Q/mem_reg[231][2]	0	0.96015
u_sm_ram_I/mem_reg[48][2]	0	0.9125
u_sm_ram_I/U4082	0	1.90175
u_sm_ram_I/U3378	0	1.15986
u_sm_ram_Q/U3992	0	1.47867
u_sm_ram_I/mem_reg[145][3]	0	1.98182
u_sm_ram_Q/PLACE_HFSBUF_848_1169	0	1.55556
u_sm_ram_Q/PLACE_HFSBUF_642_1165	0	0.555556
u_sm_ram_I/mem_reg[145][2]	0	2.77245
u_sm_ram_Q/mem_reg[131][1]	0	0.617782
u_sm_ram_Q/mem_reg[133][2]	0	0.895667
u_sm_ram_Q/U2488	0	1.47178
u_sm_ram_I/U2096	0	0.797168
u_sm_ram_Q/mem_reg[230][0]	0	2.1111
u_sm_ram_Q/mem_reg[135][3]	0	1.14992
u_sm_ram_I/mem_reg[48][0]	0	2.83147
u_sm_ram_Q/U1046	0	1.87338
u_sm_ram_Q/U1029	0	1.43545
u_sm_ram_I/U4108	0	0.817593
u_sm_ram_I/U2204	0	0.657461
u_sm_ram_I/U2203	0	0.752238
u_sm_ram_I/U1590	0	0.791312
u_ctrl_fsm/add_159/U1_1_1	0	1.50437
u_sm_ram_Q/U3785	0	0.672226
u_sm_ram_I/U4107	0	0.746408
u_sm_ram_Q/U3229	0	1.18407
u_ctrl_fsm/U109	0	1.89747
u_sm_ram_Q/U2114	0	0.573248
u_sm_ram_I/mem_reg[1][0]	0	0.751671
u_sm_ram_Q/PLACE_HFSBUF_60_367	0	0.555556
u_sm_ram_Q/PLACE_HFSBUF_94_488	0	0.54321
u_sm_ram_Q/mem_reg[134][1]	0	0.708329
u_sm_ram_I/U1509	0	2.13556
u_sm_ram_I/mem_reg[1][3]	0	2.66595
u_sm_ram_Q/U3500	0	1.39455
u_sm_ram_Q/U3289	0	1.61865
u_ctrl_fsm/U28	0	0.724757
u_sm_ram_I/U3005	0	0.827187
u_sm_ram_Q/U1092	0	0.571478
u_sm_ram_Q/U3996	0	0.545899
u_sm_ram_Q/U3447	0	0.564529
u_sm_ram_I/mem_reg[112][1]	0	1.2965
u_sm_ram_Q/U1099	0	1.62181
u_sm_ram_Q/U3115	0	1.70354
u_sm_ram_I/U1051	0	0.859973
u_sm_ram_Q/U2113	0	1.03828
u_sm_ram_I/U664	0	1.37236
u_sm_ram_Q/U3472	0	1.36641
u_sm_ram_I/mem_reg[32][3]	0	0.673272
u_sm_ram_I/U1053	0	0.766381
u_sm_ram_I/U1054	0	2.38412
u_sm_ram_I/U2522	0	2.17288
u_sm_ram_I/U1381	0	1.52968
u_sm_ram_Q/mem_reg[97][1]	0	1.60675
u_sm_ram_Q/mem_reg[119][3]	0	1.02738
u_sm_ram_Q/mem_reg[230][3]	0	0.64287
u_sm_ram_Q/U1912	0	1.1386
u_sm_ram_Q/U3295	0	1.08146
u_sm_ram_Q/U3594	0	0.749819
u_sm_ram_Q/U3202	0	1.93818
u_sm_ram_I/U1448	0	1.84337
u_sm_ram_Q/mem_reg[96][0]	0	1.07839
u_sm_ram_Q/U3929	0	1.13586
u_ctrl_fsm/sm_ram_rd_addr_reg_reg[1]	0	1.14805
u_sm_ram_I/PLACE_HFSBUF_106_475	0	0.555556
u_sm_ram_Q/U138	0	0.740502
u_sm_ram_I/U1052	0	0.6275
u_sm_ram_Q/mem_reg[128][3]	0	0.568792
u_sm_ram_I/U3571	0	0.606123
u_sm_ram_I/U1718	0	1.16467
u_sm_ram_Q/U2080	0	1.01747
u_sm_ram_Q/mem_reg[119][0]	0	2.04698
u_sm_ram_I/mem_reg[0][0]	0	1.76742
u_sm_ram_I/U4011	0	0.937326
u_sm_ram_I/U4042	0	0.713503
u_sm_ram_I/U3654	0	0.701593
u_sm_ram_Q/mem_reg[134][0]	0	3.10878
u_sm_ram_I/U4038	0	0.871053
u_sm_ram_Q/U3995	0	2.01658
u_sm_ram_Q/mem_reg[97][2]	0	1.91288
u_sm_ram_Q/U1051	0	1.61357
u_sm_ram_Q/U3290	0	1.99243
u_sm_ram_Q/U1537	0	0.993958
u_sm_ram_I/U3073	0	1.1018
u_sm_ram_Q/PLACE_HFSBUF_92_593	0	0.555556
u_ctrl_fsm/U22	0	0.781806
u_sm_ram_I/mem_reg[64][0]	0	3.33676
u_ctrl_fsm/U108	0	0.583515
u_sm_ram_I/U823	0	1.07707
u_sm_ram_I/U4047	0	0.626667
u_sm_ram_Q/U3260	0	1.49383
u_sm_ram_Q/U1027	0	1.21466
u_sm_ram_Q/U643	0	0.735405
u_sm_ram_I/mem_reg[48][1]	0	1.06092
u_sm_ram_Q/U1535	0	1.58979
u_sm_ram_Q/U1028	0	1.71272
u_sm_ram_Q/U1095	0	1.25691
u_sm_ram_Q/U3554	0	0.972041
u_sm_ram_Q/U2079	0	2.25859
u_sm_ram_Q/U4083	0	1.61365
u_sm_ram_I/PLACE_HFSBUF_109_1179	0	1.55556
u_sm_ram_Q/U3770	0	1.43025
u_sm_ram_Q/U3279	0	0.725903
u_sm_ram_Q/U2364	0	0.993812
u_sm_ram_Q/U1030	0	0.712971
u_sm_ram_Q/U3225	0	0.655625
u_sm_ram_Q/U3416	0	2.03877
u_sm_ram_I/U987	0	0.886914
u_sm_ram_Q/U1038	0	1.26937
u_sm_ram_I/U3492	0	0.846813
u_sm_ram_I/U4105	0	0.659749
u_sm_ram_I/PLACE_HFSBUF_138_572	0	1.55556
u_sm_ram_Q/U2389	0	1.08416
u_sm_ram_Q/mem_reg[231][0]	0	2.14379
u_sm_ram_I/U3061	0	0.926316
u_sm_ram_Q/mem_reg[130][2]	0	1.10112
u_sm_ram_Q/U3392	0	0.755486
u_sm_ram_Q/U641	0	1.29543
u_sm_ram_Q/U3499	0	1.71488
u_sm_ram_Q/U2032	0	1.87944
u_sm_ram_Q/mem_reg[146][0]	0	1.49941
u_sm_ram_I/mem_reg[145][0]	0	1.42075
u_sm_ram_Q/PLACE_HFSBUF_205_368	0	0.555556
u_sm_ram_Q/PLACE_HFSBUF_257_366	0	0.555556
u_sm_ram_I/U3200	0	1.55028
u_sm_ram_Q/U1054	0	1.75636
u_sm_ram_Q/mem_reg[128][2]	0	0.70728
u_sm_ram_I/U3489	0	1.54783
u_sm_ram_I/PLACE_HFSBUF_174_583	0	1.55556
u_sm_ram_I/U4088	0	1.13003
u_sm_ram_Q/U1044	0	1.81442
u_sm_ram_I/U988	0	1.61111
u_sm_ram_I/mem_reg[84][3]	0	1.04565
u_sm_ram_I/U1121	0	2.07135
u_sm_ram_Q/U2116	0	0.603175
u_sm_ram_Q/U3701	0	1.28427
u_sm_ram_I/U2503	0	0.990243
u_sm_ram_Q/U3991	0	0.99892
u_sm_ram_Q/mem_reg[80][0]	0	0.71441
u_sm_ram_Q/U3005	0	1.01076
u_sm_ram_I/PLACE_HFSBUF_5423_724	0	1.54321
u_sm_ram_I/PLACE_HFSBUF_5224_723	0	0.518519
u_ctrl_fsm/U57	0	2.14909
u_sm_ram_I/U1447	0	2.03204
u_sm_ram_I/U1936	0	1.31647
u_sm_ram_Q/U3994	0	0.994819
u_sm_ram_I/U3702	0	0.818873
u_sm_ram_Q/U3931	0	2.02289
u_sm_ram_Q/U1034	0	0.871458
u_sm_ram_I/U3273	0	0.853056
u_sm_ram_Q/mem_reg[130][1]	0	1.01564
u_sm_ram_I/U2012	0	2.50914
u_sm_ram_Q/U1037	0	0.709587
u_sm_ram_I/U2587	0	1.49387
u_sm_ram_I/U3682	0	0.758005
u_sm_ram_Q/mem_reg[132][2]	0	0.750698
u_sm_ram_I/mem_reg[1][1]	0	2.20976
u_sm_ram_Q/U3504	0	1.35317
u_ctrl_fsm/U110	0	1.09351
u_sm_ram_I/U1319	0	1.00605
u_sm_ram_I/U1446	0	0.647041
u_sm_ram_Q/PLACE_HFSBUF_248_588	0	0.493827
u_sm_ram_Q/PLACE_HFSBUF_208_589	0	0.419753
u_sm_ram_Q/U1053	0	1.42511
u_sm_ram_I/U3222	0	0.650139
u_sm_ram_I/U3529	0	0.75711
u_sm_ram_I/U2167	0	0.793727
u_sm_ram_I/U3704	0	1.2907
u_ctrl_fsm/U14	0	0.868862
u_sm_ram_Q/PLACE_HFSBUF_10536_510	0	1.51852
u_sm_ram_Q/PLACE_HFSBUF_10681_509	0	0.555556
u_sm_ram_I/U3217	0	0.583835
u_sm_ram_I/U1445	0	0.546921
u_sm_ram_I/U1585	0	1.49688
u_sm_ram_Q/U3901	0	0.834464
u_sm_ram_Q/U3642	0	0.774348
u_sm_ram_Q/U3564	0	1.42203
u_sm_ram_Q/U3930	0	1.24357
u_sm_ram_Q/mem_reg[134][3]	0	1.05844
u_sm_ram_Q/U3339	0	0.898488
u_sm_ram_Q/U1041	0	1.88524
u_sm_ram_Q/mem_reg[129][1]	0	1.22395
u_sm_ram_I/U3683	0	1.26758
u_sm_ram_I/PLACE_HFSBUF_105_821	0	0.555556
u_sm_ram_Q/U3233	0	1.9935
u_sm_ram_Q/U642	0	1.27767
u_sm_ram_Q/U2459	0	2.57568
u_sm_ram_I/U4037	0	0.68799
u_sm_ram_Q/U2392	0	1.68927
u_sm_ram_Q/PLACE_HFSBUF_242_592	0	1.55556
u_sm_ram_I/U4039	0	0.957924
u_sm_ram_I/U1122	0	0.900799
u_sm_ram_I/U3243	0	0.821335
u_sm_ram_Q/mem_reg[69][1]	0	2.17915
u_sm_ram_I/PLACE_HFSINV_686_576	0	0.555556
u_sm_ram_Q/mem_reg[133][1]	0	0.59559
u_sm_ram_Q/mem_reg[83][0]	0	1.34505
u_sm_ram_Q/mem_reg[129][2]	0	2.80747
u_sm_ram_I/U3545	0	0.637307
u_sm_ram_Q/mem_reg[133][0]	0	2.64436
u_sm_ram_I/U1935	0	0.787488
u_sm_ram_Q/U3534	0	1.7225
u_sm_ram_Q/U1058	0	1.07012
u_sm_ram_Q/mem_reg[132][0]	0	1.87338
u_sm_ram_I/U3987	0	0.716508
u_sm_ram_Q/mem_reg[69][3]	0	3.31175
u_sm_ram_I/mem_reg[21][3]	0	1.17302
u_sm_ram_I/U3020	0	0.889008
u_sm_ram_Q/mem_reg[230][1]	0	1.84556
u_sm_ram_Q/mem_reg[81][0]	0	2.25269
u_sm_ram_Q/U1039	0	1.81404
u_sm_ram_Q/PLACE_HFSBUF_198_1088	0	1.55556
u_sm_ram_I/U1120	0	2.26962
u_sm_ram_Q/U1032	0	1.78239
u_sm_ram_I/U4106	0	1.55911
u_sm_ram_Q/U2161	0	1.94692
u_sm_ram_I/U4043	0	0.697377
u_sm_ram_I/mem_reg[21][0]	0	2.85984
PLACE_HFSINV_307_1189	0	1.55556
u_sm_ram_I/U704	0	1.02741
u_sm_ram_I/U3695	0	0.895019
u_sm_ram_I/U3448	0	2.02549
u_sm_ram_I/U4036	0	1.71547
u_sm_ram_Q/U1031	0	0.71706
u_sm_ram_I/U1588	0	1.53258
u_sm_ram_Q/U2162	0	0.588561
u_sm_ram_I/U2588	0	0.588839
u_sm_ram_Q/U249	0	1.60968
u_sm_ram_I/PLACE_HFSBUF_10034_809	0	1.55556
u_sm_ram_Q/PLACE_HFSBUF_381_942	0	1.55556
u_sm_ram_I/PLACE_HFSBUF_10216_810	0	1.48148
u_sm_ram_I/U3315	0	1.48752
u_sm_ram_I/U2501	0	0.608279
u_sm_ram_I/U1059	0	0.646728
u_sm_ram_I/U1026	0	1.18939
u_sm_ram_Q/U23	0	0.891258
u_sm_ram_Q/mem_reg[128][0]	0	0.698326
u_sm_ram_Q/PLACE_HFSBUF_83_1038	0	0.555556
u_sm_ram_I/U3383	0	1.70244
u_sm_ram_Q/U3592	0	1.0141
u_sm_ram_I/U2333	0	0.848522
u_sm_ram_I/mem_reg[32][0]	0	1.19094
u_sm_ram_I/U2989	0	1.48815
u_sm_ram_I/mem_reg[112][2]	0	1.73479
u_sm_ram_Q/U2383	0	1.01077
u_sm_ram_I/U3510	0	1.43613
u_sm_ram_I/PLACE_HFSBUF_61_577	0	0.555556
u_sm_ram_Q/U24	0	2.02289
u_sm_ram_I/U2013	0	0.904321
u_sm_ram_Q/U644	0	0.84152
u_sm_ram_Q/U3893	0	0.924101
u_sm_ram_I/mem_reg[32][1]	0	0.667766
u_sm_ram_Q/U3035	0	1.04367
u_sm_ram_Q/mem_reg[146][2]	0	0.686076
u_sm_ram_Q/mem_reg[132][3]	0	2.46187
u_sm_ram_Q/U3960	0	0.957407
u_sm_ram_I/PLACE_HFSBUF_125_827	0	0.555556
PLACE_HFSINV_393_1191	0	0.555556
u_sm_ram_I/U986	0	0.843785
u_sm_ram_Q/U3760	0	1.94803
u_sm_ram_I/U3597	0	1.06216
u_sm_ram_I/U3117	0	1.46468
u_sm_ram_I/U3190	0	1.00035
u_sm_ram_Q/U3421	0	0.749981
u_sm_ram_Q/U3659	0	2.32005
u_sm_ram_I/mem_reg[64][3]	0	0.949151
u_sm_ram_I/U1189	0	2.21026
u_sm_ram_I/U3497	0	1.79011
u_sm_ram_I/U3137	0	0.828472
u_sm_ram_I/mem_reg[32][2]	0	2.03111
u_sm_ram_I/U3618	0	1.10934
u_ctrl_fsm/add_159/U1_1_2	0	0.592515
u_sm_ram_Q/mem_reg[134][2]	0	0.631898
u_sm_ram_Q/U328	0	0.732975
u_sm_ram_I/mem_reg[21][1]	0	0.706964
u_sm_ram_Q/PLACE_HFSBUF_146_1168	0	1.55556
u_sm_ram_Q/PLACE_HFSBUF_193_1167	0	0.555556
u_sm_ram_I/PLACE_HFSBUF_177_575	0	0.493827
u_ctrl_fsm/U94	0	0.925251
u_sm_ram_Q/U3602	0	0.978881
u_sm_ram_I/U1449	0	0.820606
u_ctrl_fsm/U79	0	1.32494
u_sm_ram_Q/mem_reg[81][3]	0	1.54171
u_sm_ram_I/U1948	0	0.683854
u_sm_ram_Q/mem_reg[231][1]	0	0.586809
u_sm_ram_I/U3595	0	0.864541
u_sm_ram_Q/mem_reg[54][3]	0	1.44852
u_sm_ram_Q/U2492	0	1.67331
u_sm_ram_Q/mem_reg[147][0]	0	1.42739
u_sm_ram_Q/U3420	0	0.710907
u_sm_ram_Q/U1040	0	1.14106
u_sm_ram_I/PLACE_HFSBUF_10598_700	0	1.55556
u_sm_ram_I/PLACE_HFSINV_242_472	0	1.50617
u_sm_ram_I/PLACE_HFSBUF_10450_699	0	1.48148
u_sm_ram_Q/U3691	0	1.89694
u_sm_ram_I/mem_reg[167][3]	0	0.824892
u_sm_ram_Q/U3712	0	1.39243
u_sm_ram_I/U3672	0	1.37909
u_sm_ram_I/U4049	0	0.851644
u_sm_ram_I/U1586	0	0.957338
u_sm_ram_I/U3985	0	0.826073
u_sm_ram_Q/U3967	0	0.798499
u_sm_ram_Q/U3219	0	1.09924
u_sm_ram_I/U3661	0	0.885918
u_sm_ram_Q/U1033	0	2.19834
u_sm_ram_Q/U2160	0	0.723561
u_sm_ram_I/U982	0	1.05742
u_sm_ram_I/PLACE_HFSBUF_61_578	0	0.555556
u_sm_ram_I/U1237	0	0.987218
u_sm_ram_I/U2992	0	1.73647
u_sm_ram_Q/U1194	0	0.605486
u_sm_ram_I/U4034	0	0.805532
u_sm_ram_Q/mem_reg[132][1]	0	0.70581
u_sm_ram_Q/PLACE_HFSBUF_152_1035	0	2.51852
u_sm_ram_I/PLACE_HFSBUF_7883_649	0	1.55556
u_sm_ram_Q/U2675	0	0.696343
u_sm_ram_Q/U4069	0	0.822712
u_sm_ram_Q/mem_reg[145][2]	0	0.778943
u_sm_ram_Q/U3974	0	0.603299
u_sm_ram_Q/U3623	0	1.92635
u_sm_ram_Q/U983	0	1.9022
u_sm_ram_Q/U329	0	0.758333
u_sm_ram_Q/U2461	0	1.96692
u_sm_ram_Q/mem_reg[144][2]	0	2.28686
u_sm_ram_Q/PLACE_HFSBUF_112_1094	0	1.54321
u_ctrl_fsm/U78	0	0.744016
u_sm_ram_Q/mem_reg[83][3]	0	0.825656
u_sm_ram_I/U2502	0	2.15672
u_sm_ram_I/U1234	0	1.04063
u_sm_ram_I/U1602	0	1.15731
u_ctrl_fsm/U56	0	2.28422
u_sm_ram_Q/U3180	0	1.18252
u_sm_ram_Q/U3690	0	1.7312
u_sm_ram_Q/U3516	0	1.19551
u_sm_ram_Q/U2384	0	0.749533
u_sm_ram_Q/U1056	0	1.21606
u_sm_ram_Q/U546	0	0.625702
u_ctrl_fsm/U12	0	0.804117
u_sm_ram_Q/U304	0	0.771613
u_sm_ram_I/U1595	0	1.20106
u_sm_ram_Q/U1036	0	1.47775
u_sm_ram_Q/mem_reg[146][3]	0	1.41873
u_sm_ram_Q/U2175	0	2.38226
u_sm_ram_Q/mem_reg[87][2]	0	1.11288
u_sm_ram_I/U4110	0	1.03695
u_sm_ram_I/U1236	0	1.78451
u_sm_ram_Q/mem_reg[80][3]	0	0.853067
u_sm_ram_Q/U3258	0	0.872461
u_sm_ram_I/U2504	0	1.23319
u_sm_ram_Q/U3985	0	1.20488
u_sm_ram_Q/mem_reg[87][0]	0	1.29494
u_sm_ram_Q/mem_reg[128][1]	0	0.710451
u_sm_ram_I/U1587	0	0.76412
u_sm_ram_I/U1039	0	0.680363
u_sm_ram_Q/mem_reg[146][1]	0	1.4787
u_sm_ram_Q/U1238	0	1.20468
u_sm_ram_I/mem_reg[112][0]	0	1.01359
u_sm_ram_Q/U3969	0	0.706759
u_sm_ram_Q/U3228	0	1.40353
u_sm_ram_Q/U3786	0	0.821732
u_sm_ram_Q/U3987	0	1.28212
u_sm_ram_Q/U3986	0	0.831902
u_sm_ram_I/PLACE_HFSBUF_40_823	0	0.555556
u_sm_ram_I/PLACE_HFSBUF_53_822	0	1.55556
u_sm_ram_I/U1493	0	0.774919
u_sm_ram_I/U3442	0	1.36639
u_sm_ram_I/U1490	0	1.80136
u_sm_ram_Q/U601	0	1.46215
u_sm_ram_I/mem_reg[84][1]	0	1.02452
u_sm_ram_Q/U3998	0	1.01716
u_sm_ram_I/U3343	0	1.47822
u_sm_ram_Q/U2015	0	0.979491
u_sm_ram_Q/U3448	0	0.635556
u_sm_ram_I/U3126	0	0.97843
u_sm_ram_I/U4016	0	0.633503
u_sm_ram_I/U3986	0	0.931231
u_sm_ram_Q/mem_reg[55][3]	0	0.763102
u_sm_ram_Q/U2931	0	1.03189
u_sm_ram_I/mem_reg[132][0]	0	1.02616
u_sm_ram_Q/U638	0	1.21768
u_sm_ram_Q/mem_reg[85][0]	0	1.17873
u_sm_ram_Q/U1296	0	0.592427
u_sm_ram_I/U2414	0	0.581636
u_sm_ram_Q/U2469	0	0.993364
u_sm_ram_Q/U3508	0	0.596755
u_sm_ram_I/U994	0	1.38674
u_sm_ram_Q/PLACE_HFSBUF_317_1019	0	1.55556
u_sm_ram_Q/PLACE_HFSBUF_458_1017	0	1.55556
u_sm_ram_Q/U3806	0	1.17732
u_sm_ram_Q/U3205	0	1.43734
u_sm_ram_Q/mem_reg[85][1]	0	0.910702
u_sm_ram_I/U3701	0	0.983387
u_sm_ram_I/U3711	0	0.724896
u_sm_ram_I/mem_reg[68][1]	0	1.00703
u_sm_ram_Q/U1473	0	1.72595
u_sm_ram_Q/U2895	0	1.01058
u_sm_ram_I/mem_reg[84][2]	0	1.80756
u_sm_ram_Q/mem_reg[55][1]	0	2.42249
u_sm_ram_I/U3700	0	1.13641
u_sm_ram_I/PLACE_HFSBUF_116_470	0	0.555556
u_sm_ram_I/U1491	0	0.628002
u_ctrl_fsm/sm_ram_rd_addr_reg_reg[2]	0	1.32772
u_sm_ram_I/U898	0	1.04311
u_ctrl_fsm/U106	0	1.57493
u_sm_ram_Q/mem_reg[247][0]	0	0.759896
u_sm_ram_Q/mem_reg[68][1]	0	0.552932
u_ctrl_fsm/U25	0	0.835625
u_sm_ram_Q/mem_reg[147][2]	0	0.873206
u_sm_ram_I/mem_reg[84][0]	0	2.42841
u_sm_ram_Q/U1035	0	0.8389
u_sm_ram_Q/U3527	0	1.94568
u_sm_ram_I/U2186	0	0.595154
u_sm_ram_I/U3712	0	0.976115
u_sm_ram_I/PLACE_HFSBUF_34_570	0	1.55556
u_sm_ram_I/U1634	0	0.809691
u_sm_ram_Q/U1768	0	0.70865
u_sm_ram_Q/U1359	0	0.923881
u_sm_ram_Q/U1055	0	0.86588
u_sm_ram_Q/mem_reg[144][1]	0	0.882245
u_sm_ram_Q/U978	0	2.10412
u_sm_ram_Q/PLACE_HFSBUF_177_594	0	0.555556
u_sm_ram_Q/U3511	0	1.23332
u_sm_ram_I/U3325	0	0.932959
u_sm_ram_I/U1300	0	1.14561
u_sm_ram_I/U1563	0	2.19698
u_sm_ram_I/PLACE_HFSINV_580_574	0	0.555556
u_sm_ram_I/U3245	0	0.620494
u_sm_ram_Q/U2201	0	2.55378
u_sm_ram_I/mem_reg[68][3]	0	2.33743
u_sm_ram_Q/U374	0	2.45273
u_sm_ram_I/mem_reg[64][1]	0	1.2269
u_sm_ram_Q/U3299	0	0.826061
u_ctrl_fsm/U105	0	2.89335
u_sm_ram_Q/U992	0	0.781856
u_sm_ram_Q/U3018	0	2.3516
u_sm_ram_I/U897	0	1.33435
u_sm_ram_Q/mem_reg[54][1]	0	0.803206
u_sm_ram_I/U29	0	1.21974
u_sm_ram_I/U1492	0	1.17418
u_sm_ram_Q/U2202	0	1.47939
u_sm_ram_I/U3555	0	0.757461
u_sm_ram_Q/U1224	0	0.750818
u_sm_ram_I/U604	0	1.03926
u_sm_ram_Q/U3301	0	1.07306
u_sm_ram_I/U3559	0	0.729603
u_sm_ram_I/U3988	0	0.856964
u_sm_ram_I/U3100	0	0.575185
u_sm_ram_I/U747	0	0.960505
u_ctrl_fsm/U95	0	0.865895
u_sm_ram_Q/U3181	0	0.592072
u_sm_ram_Q/PLACE_HFSBUF_11007_437	0	1.51852
u_sm_ram_Q/PLACE_HFSBUF_10832_438	0	0.555556
u_sm_ram_I/mem_reg[167][1]	0	0.61912
u_sm_ram_Q/U3429	0	0.666728
u_sm_ram_I/mem_reg[1][2]	0	1.01804
u_sm_ram_Q/U3817	0	1.6714
u_sm_ram_Q/U1302	0	1.6639
u_sm_ram_I/U4109	0	0.825891
u_sm_ram_Q/U3519	0	1.66198
u_sm_ram_I/U682	0	1.01298
u_sm_ram_Q/PLACE_HFSBUF_225_1036	0	1.55556
u_sm_ram_Q/U359	0	0.727284
u_sm_ram_I/U899	0	0.996875
u_sm_ram_I/U2655	0	0.70838
u_sm_ram_Q/U3818	0	0.714958
u_sm_ram_Q/U3428	0	0.787265
u_sm_ram_I/PLACE_HFSBUF_37_571	0	1.55556
u_sm_ram_I/U2512	0	0.860058
u_sm_ram_Q/U1241	0	1.03287
u_sm_ram_I/mem_reg[54][0]	0	2.68394
u_sm_ram_Q/mem_reg[81][1]	0	1.31215
u_sm_ram_Q/U3304	0	1.31379
u_sm_ram_I/U3557	0	0.958677
u_sm_ram_I/mem_reg[167][0]	0	2.05342
u_sm_ram_I/U2569	0	2.07132
u_ctrl_fsm/U7	0	1.50432
u_sm_ram_Q/mem_reg[82][3]	0	0.578893
u_sm_ram_I/mem_reg[54][3]	0	0.680887
u_sm_ram_Q/mem_reg[84][3]	0	0.623318
u_sm_ram_Q/U1299	0	2.54993
u_sm_ram_Q/U1253	0	1.67854
u_sm_ram_Q/PLACE_HFSBUF_38_1128	0	0.555556
u_sm_ram_Q/mem_reg[82][1]	0	2.43687
u_sm_ram_Q/mem_reg[231][3]	0	1.21052
u_sm_ram_I/mem_reg[150][1]	0	0.701238
u_sm_ram_Q/U3816	0	1.17174
u_sm_ram_I/PLACE_HFSBUF_9847_811	0	0.555556
u_sm_ram_Q/U980	0	1.98333
u_sm_ram_I/U2656	0	0.826316
u_sm_ram_Q/U2417	0	1.34532
u_sm_ram_I/U3703	0	1.38074
u_sm_ram_Q/mem_reg[83][1]	0	0.526235
u_sm_ram_Q/mem_reg[84][0]	0	1.54935
u_sm_ram_I/U4117	0	0.882392
u_ctrl_fsm/U6	0	0.713538
u_sm_ram_I/mem_reg[54][2]	0	1.48582
u_sm_ram_Q/mem_reg[87][1]	0	1.02716
u_sm_ram_Q/U572	0	0.668083
u_sm_ram_Q/U2476	0	2.14881
u_sm_ram_I/U4035	0	1.81759
u_sm_ram_I/U2623	0	1.88345
u_sm_ram_I/U3191	0	0.673044
u_sm_ram_I/PLACE_HFSBUF_150_573	0	1.55556
u_sm_ram_Q/mem_reg[68][3]	0	1.39234
u_sm_ram_Q/U1222	0	1.33059
u_sm_ram_Q/U3968	0	2.14583
u_sm_ram_I/U4054	0	0.69392
u_sm_ram_I/U2542	0	0.774807
u_sm_ram_Q/mem_reg[69][2]	0	1.01927
u_sm_ram_I/mem_reg[167][2]	0	2.15598
u_sm_ram_Q/U3036	0	1.3973
u_sm_ram_Q/U2462	0	1.82975
u_sm_ram_I/mem_reg[150][2]	0	2.68219
u_sm_ram_I/U1041	0	0.571323
u_sm_ram_I/U3327	0	0.908175
u_sm_ram_I/mem_reg[21][2]	0	1.04215
u_sm_ram_I/U3183	0	0.755853
u_sm_ram_I/U1296	0	0.966644
u_sm_ram_I/U208	0	0.6662
u_sm_ram_I/mem_reg[69][1]	0	0.954491
u_sm_ram_I/U4118	0	0.728422
u_sm_ram_Q/U3980	0	0.968137
u_sm_ram_I/U1110	0	0.705162
u_sm_ram_Q/U987	0	1.391
u_sm_ram_Q/U2279	0	0.556285
u_sm_ram_Q/U2361	0	1.39571
u_sm_ram_I/PLACE_HFSBUF_37_477	0	1.54321
u_sm_ram_Q/mem_reg[80][1]	0	2.11421
u_sm_ram_I/mem_reg[39][0]	0	1.04174
u_sm_ram_Q/U2555	0	2.34314
u_sm_ram_Q/U3312	0	0.709016
u_sm_ram_I/mem_reg[39][3]	0	2.77315
u_sm_ram_Q/U2210	0	1.93462
u_sm_ram_Q/mem_reg[69][0]	0	2.3459
u_sm_ram_Q/U1225	0	1.02274
u_sm_ram_Q/U1301	0	0.731335
u_sm_ram_Q/U991	0	2.20672
u_sm_ram_Q/U1300	0	0.984865
u_sm_ram_I/U4052	0	0.833353
u_sm_ram_Q/U3275	0	0.625093
u_sm_ram_Q/U1247	0	0.830853
u_sm_ram_Q/mem_reg[247][2]	0	1.41255
u_sm_ram_I/PLACE_HFSBUF_43_579	0	1.55556
u_sm_ram_I/PLACE_HFSBUF_19_580	0	1.55556
PLACE_HFSINV_268_1185	0	0.555556
u_sm_ram_Q/U4087	0	1.459
u_sm_ram_Q/U3824	0	0.915972
u_sm_ram_I/U3697	0	1.2359
u_sm_ram_I/U1343	0	0.870401
u_sm_ram_Q/U1223	0	1.95901
u_sm_ram_I/U1299	0	0.554066
u_ctrl_fsm/add_159/U1_1_3	0	0.895995
u_sm_ram_I/U1040	0	0.772616
u_sm_ram_Q/PLACE_HFSBUF_61_1166	0	0.555556
u_sm_ram_I/PLACE_HFSBUF_78_824	0	1.55556
u_sm_ram_Q/U3979	0	0.943248
u_sm_ram_I/mem_reg[132][2]	0	0.893383
u_sm_ram_I/U3564	0	0.891073
u_sm_ram_I/mem_reg[68][2]	0	2.01214
u_sm_ram_Q/U993	0	0.808144
u_sm_ram_Q/U2269	0	1.276
u_sm_ram_I/U3638	0	2.1158
u_sm_ram_Q/mem_reg[87][3]	0	0.779715
u_sm_ram_Q/U3624	0	1.12923
u_sm_ram_I/U4080	0	1.41409
u_sm_ram_Q/U3697	0	0.705721
u_sm_ram_Q/U3273	0	0.948002
u_sm_ram_Q/U3843	0	0.708966
u_sm_ram_Q/U2197	0	0.791562
u_sm_ram_Q/mem_reg[68][0]	0	1.13598
u_sm_ram_Q/U990	0	1.21408
u_sm_ram_I/U2582	0	0.964147
u_sm_ram_I/U3348	0	1.72209
u_sm_ram_Q/U2216	0	2.3677
u_sm_ram_I/U4130	0	0.843958
u_sm_ram_I/U3461	0	0.685185
u_sm_ram_I/mem_reg[68][0]	0	0.711593
u_sm_ram_I/U1356	0	1.01047
u_sm_ram_Q/U574	0	2.78106
u_ctrl_fsm/U24	0	0.666111
u_sm_ram_I/U3698	0	1.26044
u_sm_ram_I/U4021	0	1.19846
u_sm_ram_I/mem_reg[70][1]	0	0.555733
u_sm_ram_Q/U1230	0	1.43944
u_sm_ram_I/U1298	0	1.18521
u_sm_ram_Q/U2582	0	1.98271
u_sm_ram_Q/U2280	0	1.56368
u_sm_ram_Q/U2588	0	0.86326
u_sm_ram_Q/U1357	0	0.956289
u_sm_ram_I/PLACE_HFSINV_12542_751	0	0.518519
u_sm_ram_I/PLACE_HFSINV_12317_749	0	0.432099
u_sm_ram_Q/mem_reg[68][2]	0	2.88439
u_sm_ram_Q/U1243	0	1.38015
u_sm_ram_Q/U1248	0	1.0952
u_sm_ram_I/U711	0	0.871242
u_sm_ram_Q/mem_reg[145][1]	0	0.961134
u_sm_ram_I/U1042	0	2.76037
u_sm_ram_I/U384	0	1.26911
u_sm_ram_I/U3270	0	0.661227
u_sm_ram_Q/mem_reg[82][0]	0	1.42536
u_sm_ram_Q/U3684	0	0.706019
u_sm_ram_I/U3679	0	0.968588
u_sm_ram_Q/PLACE_HFSBUF_7065_441	0	1.54321
u_sm_ram_I/mem_reg[182][0]	0	1.13288
u_sm_ram_Q/mem_reg[144][0]	0	0.911393
u_sm_ram_Q/mem_reg[81][2]	0	1.1677
u_sm_ram_Q/U2523	0	0.613484
u_sm_ram_I/mem_reg[54][1]	0	0.797265
u_sm_ram_Q/U1245	0	1.08508
u_sm_ram_I/U196	0	0.949988
u_sm_ram_Q/mem_reg[54][0]	0	0.90919
u_sm_ram_Q/U979	0	0.622878
u_sm_ram_I/U2986	0	0.690652
u_sm_ram_Q/mem_reg[147][1]	0	1.73002
u_sm_ram_I/PLACE_HFSBUF_44_826	0	1.55556
u_sm_ram_Q/U1356	0	1.49453
u_ctrl_fsm/U96	0	0.730822
u_sm_ram_I/U1940	0	0.564645
u_sm_ram_Q/U2499	0	2.78073
u_sm_ram_Q/U3682	0	0.950177
u_sm_ram_I/PLACE_HFSBUF_122_922	0	0.555556
u_sm_ram_Q/U1294	0	0.755089
u_sm_ram_I/U3141	0	0.685737
u_sm_ram_I/PLACE_HFSBUF_12543_800	0	1.55556
u_sm_ram_I/PLACE_HFSBUF_12725_799	0	1.55556
u_sm_ram_Q/U1234	0	1.14779
u_sm_ram_Q/mem_reg[243][2]	0	1.24995
u_sm_ram_I/U1295	0	1.0664
u_ctrl_fsm/U55	0	1.02405
u_sm_ram_Q/mem_reg[243][1]	0	2.14949
u_sm_ram_Q/U1240	0	2.43507
u_sm_ram_I/U967	0	0.738561
u_sm_ram_Q/U3276	0	0.659066
u_sm_ram_Q/PLACE_HFSBUF_89_941	0	1.55556
u_sm_ram_Q/U1235	0	1.08174
u_sm_ram_Q/U1237	0	2.01108
u_sm_ram_Q/U1236	0	1.65363
u_sm_ram_I/mem_reg[52][3]	0	0.813052
u_sm_ram_Q/U2198	0	1.01106
u_sm_ram_I/mem_reg[69][3]	0	0.893796
u_ctrl_fsm/U97	0	1.4968
u_sm_ram_Q/mem_reg[70][3]	0	0.991254
u_sm_ram_Q/mem_reg[144][3]	0	1.96267
u_sm_ram_I/U968	0	0.71262
u_sm_ram_I/mem_reg[85][3]	0	1.03171
u_sm_ram_Q/U2244	0	0.797994
u_sm_ram_I/PLACE_HFSBUF_55_481	0	1.55556
u_sm_ram_I/mem_reg[132][1]	0	0.897681
u_sm_ram_I/mem_reg[213][1]	0	0.555748
u_sm_ram_Q/U3134	0	2.53343
u_sm_ram_I/mem_reg[69][2]	0	3.05718
u_sm_ram_I/U1358	0	1.23406
u_sm_ram_I/U4112	0	1.89914
u_sm_ram_Q/mem_reg[147][3]	0	1.08931
u_sm_ram_Q/U2637	0	0.586119
u_sm_ram_Q/U2554	0	2.0509
u_sm_ram_Q/PLACE_HFSBUF_5092_565	0	1.55556
u_sm_ram_Q/PLACE_HFSBUF_8035_567	0	2.54321
u_sm_ram_Q/PLACE_HFSBUF_4483_557	0	3.55556
u_sm_ram_I/PLACE_HFSBUF_10582_804	0	0.555556
u_sm_ram_I/PLACE_HFSBUF_10786_805	0	0.481481
u_sm_ram_Q/U1376	0	0.65157
u_sm_ram_Q/U2199	0	1.7219
u_sm_ram_Q/mem_reg[83][2]	0	1.19397
u_sm_ram_Q/U575	0	0.757465
u_sm_ram_Q/U2211	0	0.669506
u_sm_ram_I/U710	0	2.48399
u_ctrl_fsm/U100	0	0.572731
u_sm_ram_Q/U3302	0	1.26578
u_sm_ram_Q/U3683	0	1.82983
u_sm_ram_I/mem_reg[71][2]	0	1.42321
u_sm_ram_I/U1318	0	2.14086
u_sm_ram_Q/U2212	0	2.47745
u_sm_ram_Q/U981	0	1.64958
u_sm_ram_Q/PLACE_HFSBUF_9380_846	0	0.555556
u_sm_ram_Q/mem_reg[243][0]	0	3.00018
u_sm_ram_I/mem_reg[132][3]	0	1.69922
u_sm_ram_I/U2276	0	2.47632
u_sm_ram_Q/mem_reg[84][2]	0	0.610918
u_sm_ram_Q/U3354	0	0.737122
u_ctrl_fsm/U11	0	1.26179
u_sm_ram_I/U3433	0	1.85448
u_sm_ram_I/U3710	0	0.983302
u_sm_ram_I/U1420	0	1.26506
u_sm_ram_Q/U3628	0	1.62873
u_sm_ram_I/mem_reg[69][0]	0	1.05387
u_sm_ram_Q/mem_reg[49][0]	0	2.12921
u_sm_ram_Q/U3820	0	1.36872
u_sm_ram_I/mem_reg[39][2]	0	1.3556
u_sm_ram_Q/U1242	0	0.90233
u_sm_ram_I/U1939	0	1.7047
u_sm_ram_I/mem_reg[85][1]	0	2.37627
u_ctrl_fsm/U8	0	0.912373
u_sm_ram_I/mem_reg[85][0]	0	1.17784
u_sm_ram_I/U3556	0	0.703546
u_sm_ram_Q/mem_reg[84][1]	0	2.58852
u_sm_ram_I/U3326	0	1.97444
u_sm_ram_Q/U2360	0	0.929718
u_sm_ram_I/mem_reg[70][0]	0	1.3022
u_sm_ram_Q/mem_reg[85][2]	0	1.79787
u_sm_ram_Q/U152	0	0.640652
u_ctrl_fsm/sm_ram_rd_addr_reg_reg[3]	0	1.97298
u_sm_ram_Q/mem_reg[55][0]	0	1.69259
u_sm_ram_I/U712	0	0.755679
u_sm_ram_Q/mem_reg[55][2]	0	0.620949
u_sm_ram_I/U231	0	1.33022
u_sm_ram_Q/U3747	0	0.559826
u_sm_ram_Q/mem_reg[53][1]	0	1.0091
u_sm_ram_I/mem_reg[213][0]	0	0.903893
u_sm_ram_Q/mem_reg[82][2]	0	0.560671
u_sm_ram_Q/mem_reg[247][3]	0	0.716941
u_sm_ram_Q/U4013	0	0.594082
u_sm_ram_Q/mem_reg[48][0]	0	0.67044
u_sm_ram_Q/mem_reg[80][2]	0	2.61279
u_sm_ram_Q/U910	0	1.24887
u_sm_ram_Q/U3406	0	0.819761
u_sm_ram_I/U3554	0	0.574051
u_sm_ram_I/U1556	0	2.48967
u_sm_ram_Q/U3338	0	1.99446
u_sm_ram_Q/mem_reg[85][3]	0	0.733654
u_sm_ram_Q/U3819	0	2.44042
u_sm_ram_I/U969	0	0.896713
u_sm_ram_I/mem_reg[70][3]	0	0.863515
u_sm_ram_Q/U3517	0	1.03063
u_sm_ram_I/U3241	0	0.728646
u_sm_ram_I/U836	0	1.38545
u_sm_ram_Q/PLACE_HFSBUF_4898_566	0	1.49383
u_sm_ram_Q/PLACE_HFSBUF_155_1092	0	0.469136
u_sm_ram_Q/PLACE_HFSBUF_4697_564	0	1.40741
u_sm_ram_Q/PLACE_HFSBUF_219_1093	0	1.55556
u_sm_ram_Q/PLACE_HFSBUF_5368_558	0	0.481481
u_sm_ram_I/U2319	0	1.16059
u_sm_ram_I/mem_reg[52][1]	0	2.4977
u_sm_ram_Q/U1291	0	2.34478
u_sm_ram_I/U713	0	0.62076
u_sm_ram_Q/U1244	0	2.23956
u_sm_ram_Q/U3303	0	0.599317
u_sm_ram_I/U838	0	0.649942
u_sm_ram_I/U3484	0	1.36049
u_sm_ram_Q/mem_reg[53][0]	0	2.34916
u_sm_ram_Q/U2471	0	1.6954
u_sm_ram_I/U3384	0	0.790648
u_sm_ram_Q/U3160	0	0.813854
u_sm_ram_Q/U3830	0	1.10397
u_sm_ram_Q/U3887	0	1.14069
u_sm_ram_I/U2984	0	0.954063
u_sm_ram_I/mem_reg[39][1]	0	2.56823
u_sm_ram_Q/PLACE_HFSBUF_9182_845	0	0.555556
u_sm_ram_I/U837	0	0.812095
u_sm_ram_I/U1419	0	1.08878
u_sm_ram_Q/mem_reg[51][0]	0	0.933646
u_ctrl_fsm/U23	0	1.49523
u_sm_ram_I/U839	0	0.939441
u_sm_ram_Q/U2176	0	0.866597
u_sm_ram_I/U4114	0	1.82391
u_sm_ram_I/mem_reg[213][2]	0	0.741273
u_sm_ram_I/U3244	0	0.992473
u_sm_ram_Q/U3741	0	2.03527
u_sm_ram_Q/PLACE_HFSBUF_312_1089	0	2.49383
u_sm_ram_I/U4065	0	0.587442
u_sm_ram_Q/U3490	0	0.856304
u_sm_ram_Q/U3459	0	1.18288
u_sm_ram_I/U1289	0	2.23202
u_sm_ram_Q/mem_reg[70][0]	0	2.56826
u_sm_ram_Q/U1358	0	2.69708
u_sm_ram_Q/U3382	0	1.82101
u_sm_ram_I/U651	0	1.03769
u_ctrl_fsm/U21	0	1.71035
u_sm_ram_Q/mem_reg[145][3]	0	1.0402
u_ctrl_fsm/U80	0	2.30364
u_sm_ram_Q/mem_reg[242][0]	0	0.647118
u_sm_ram_Q/U589	0	1.31194
u_sm_ram_Q/mem_reg[54][2]	0	1.07711
u_sm_ram_I/U2604	0	2.34172
u_sm_ram_Q/mem_reg[51][1]	0	1.68683
u_sm_ram_I/U3142	0	2.7162
u_sm_ram_I/mem_reg[182][3]	0	1.03924
u_sm_ram_I/mem_reg[228][2]	0	0.671481
u_sm_ram_I/mem_reg[213][3]	0	2.66204
u_ctrl_fsm/U98	0	1.44669
u_sm_ram_I/mem_reg[182][1]	0	2.62241
u_sm_ram_Q/U3576	0	1.72701
u_sm_ram_I/U1230	0	1.71737
u_sm_ram_Q/mem_reg[228][0]	0	1.5939
u_sm_ram_I/U4113	0	1.63044
u_sm_ram_Q/U3889	0	0.921038
u_sm_ram_Q/U1293	0	0.981763
u_sm_ram_I/U966	0	1.20564
u_sm_ram_Q/U3017	0	1.92288
u_sm_ram_I/U3271	0	0.62914
u_sm_ram_I/U1301	0	0.786663
u_sm_ram_I/U1164	0	1.03815
u_sm_ram_I/mem_reg[71][0]	0	1.46618
u_sm_ram_I/U2179	0	0.579707
u_sm_ram_I/U3650	0	0.726327
u_sm_ram_I/U1233	0	0.614448
u_ctrl_fsm/U99	0	0.59331
u_sm_ram_Q/U3579	0	1.74924
u_sm_ram_Q/U2463	0	2.16477
u_sm_ram_I/U2701	0	1.08521
u_sm_ram_Q/PLACE_HFSBUF_9808_544	0	0.555556
u_sm_ram_I/mem_reg[38][0]	0	0.563387
u_sm_ram_Q/U3221	0	1.75193
u_sm_ram_I/mem_reg[182][2]	0	2.22096
u_sm_ram_I/U1364	0	0.911115
u_sm_ram_Q/U2558	0	0.943727
u_sm_ram_I/mem_reg[150][3]	0	0.890428
u_sm_ram_I/U4116	0	1.80702
u_sm_ram_I/U2606	0	2.68148
u_sm_ram_I/U3347	0	0.895845
u_sm_ram_I/U2120	0	0.695887
u_sm_ram_Q/U3808	0	2.69997
u_sm_ram_Q/mem_reg[71][0]	0	0.764252
u_sm_ram_I/U2985	0	1.22136
u_sm_ram_Q/mem_reg[70][2]	0	0.871817
u_sm_ram_Q/mem_reg[244][2]	0	1.39267
u_sm_ram_Q/mem_reg[244][0]	0	0.798133
u_sm_ram_Q/U3518	0	1.23921
u_sm_ram_Q/mem_reg[66][1]	0	1.27351
u_ctrl_fsm/U101	0	1.03757
u_sm_ram_Q/U3422	0	1.36345
u_sm_ram_I/mem_reg[52][0]	0	1.24472
u_sm_ram_Q/U250	0	2.32032
u_ctrl_fsm/add_159/U1_1_4	0	0.73169
u_sm_ram_I/PLACE_HFSINV_526_1187	0	1.49383
u_sm_ram_I/mem_reg[38][3]	0	2.59622
u_sm_ram_I/mem_reg[133][3]	0	1.52118
u_sm_ram_Q/mem_reg[246][3]	0	0.719734
u_sm_ram_I/U1231	0	1.1691
u_sm_ram_Q/U2516	0	1.06865
u_sm_ram_I/mem_reg[87][3]	0	1.12362
u_sm_ram_Q/U590	0	2.13159
u_sm_ram_I/U4101	0	0.63782
u_sm_ram_Q/PLACE_HFSBUF_278_1037	0	1.55556
u_sm_ram_I/U275	0	0.862928
u_sm_ram_Q/U3161	0	1.21399
u_sm_ram_I/U4115	0	0.992558
u_sm_ram_I/mem_reg[150][0]	0	1.63361
u_sm_ram_Q/U3506	0	1.43431
u_sm_ram_I/U4119	0	1.23726
u_sm_ram_Q/mem_reg[244][3]	0	2.90495
u_sm_ram_I/mem_reg[166][2]	0	1.16076
u_sm_ram_Q/U3411	0	0.586227
u_sm_ram_Q/U573	0	2.41699
u_sm_ram_Q/U3773	0	1.9249
u_sm_ram_I/U989	0	1.39461
u_sm_ram_Q/U3533	0	0.962361
u_sm_ram_Q/U248	0	1.53094
u_sm_ram_Q/U3975	0	1.2162
u_sm_ram_Q/U3474	0	0.682157
u_sm_ram_I/PLACE_HFSINV_11351_757	0	1.55556
u_sm_ram_Q/U3857	0	0.871883
u_sm_ram_Q/U3548	0	1.41532
u_sm_ram_Q/U3470	0	0.60821
u_sm_ram_I/mem_reg[70][2]	0	1.38589
u_sm_ram_I/mem_reg[38][1]	0	0.918364
u_sm_ram_Q/U3525	0	1.00961
u_sm_ram_I/mem_reg[55][2]	0	2.86864
u_sm_ram_Q/PLACE_HFSBUF_3853_521	0	0.555556
u_sm_ram_Q/PLACE_HFSBUF_4055_520	0	0.481481
u_sm_ram_Q/PLACE_HFSBUF_3525_522	0	0.555556
u_sm_ram_Q/PLACE_HFSBUF_3677_519	0	0.555556
u_sm_ram_Q/U1292	0	2.16344
u_sm_ram_Q/U2526	0	1.58111
u_sm_ram_I/U652	0	2.01051
u_sm_ram_I/U3323	0	0.710324
u_sm_ram_Q/U592	0	0.872986
u_sm_ram_Q/mem_reg[145][0]	0	0.932392
u_sm_ram_I/U2605	0	0.865147
u_sm_ram_Q/mem_reg[48][3]	0	1.04074
u_sm_ram_Q/U4007	0	1.23946
u_sm_ram_I/U2178	0	2.47116
u_sm_ram_Q/U2602	0	0.822095
u_sm_ram_Q/U1378	0	2.58339
u_sm_ram_Q/U3949	0	0.930235
u_sm_ram_I/U4071	0	0.756582
u_sm_ram_Q/U3262	0	0.741026
u_sm_ram_Q/U1379	0	0.714618
u_sm_ram_Q/U1377	0	0.987986
u_sm_ram_Q/U3385	0	0.584765
u_ctrl_fsm/U103	0	1.45702
u_sm_ram_Q/U3569	0	1.09813
u_sm_ram_Q/U3297	0	1.02189
u_sm_ram_I/U1888	0	1.15314
u_sm_ram_Q/U649	0	0.646258
u_sm_ram_Q/U3162	0	1.86602
u_sm_ram_I/U3537	0	0.574383
u_sm_ram_I/U3458	0	1.21642
u_sm_ram_Q/U2600	0	1.25283
u_sm_ram_I/U1287	0	2.52913
u_sm_ram_Q/U2573	0	0.92515
u_sm_ram_I/U3333	0	0.886173
u_sm_ram_Q/U3412	0	2.31045
u_sm_ram_Q/U650	0	1.02571
u_sm_ram_Q/mem_reg[70][1]	0	1.21
u_sm_ram_I/U2805	0	1.32369
u_sm_ram_I/mem_reg[166][3]	0	1.97566
u_sm_ram_Q/U2601	0	1.58795
u_sm_ram_I/U3989	0	0.781026
u_sm_ram_Q/U1289	0	2.01784
u_sm_ram_I/U3658	0	1.37774
u_sm_ram_I/U3563	0	0.679614
u_sm_ram_Q/mem_reg[228][1]	0	0.704317
u_sm_ram_Q/U2685	0	1.09367
u_sm_ram_Q/mem_reg[247][1]	0	0.663465
u_sm_ram_Q/U1360	0	2.23158
u_sm_ram_Q/U1288	0	2.33686
u_sm_ram_Q/U1290	0	0.959437
u_sm_ram_I/U1222	0	1.0295
u_sm_ram_Q/U1361	0	0.932874
u_sm_ram_Q/U2509	0	0.578576
u_sm_ram_I/U3308	0	0.896296
u_ctrl_fsm/U104	0	0.832087
u_sm_ram_Q/mem_reg[49][1]	0	1.47919
u_sm_ram_Q/U3156	0	0.844124
u_sm_ram_I/mem_reg[55][1]	0	0.841917
u_sm_ram_Q/U3947	0	0.795243
u_sm_ram_I/mem_reg[52][2]	0	1.98024
u_sm_ram_I/U1232	0	1.56044
u_sm_ram_Q/PLACE_HFSBUF_350_1018	0	1.55556
u_sm_ram_Q/U494	0	0.881809
u_sm_ram_I/U3678	0	1.09665
u_sm_ram_Q/U3458	0	1.24564
u_sm_ram_Q/mem_reg[71][2]	0	1.84064
u_sm_ram_I/mem_reg[228][3]	0	1.65029
u_ctrl_fsm/add_159/U1_1_5	0	0.846073
u_sm_ram_Q/U652	0	0.766238
u_sm_ram_I/mem_reg[166][0]	0	0.648754
u_sm_ram_I/U4095	0	1.20816
u_sm_ram_Q/U3405	0	0.880953
u_sm_ram_Q/mem_reg[67][0]	0	1.44514
u_sm_ram_Q/U593	0	1.30659
u_sm_ram_I/U3469	0	1.63278
u_sm_ram_I/mem_reg[151][1]	0	1.34486
u_sm_ram_Q/mem_reg[242][1]	0	0.745579
u_sm_ram_Q/U1287	0	1.29725
u_sm_ram_I/U3533	0	0.707693
u_sm_ram_I/U1421	0	2.04483
u_sm_ram_Q/U3415	0	1.44263
u_sm_ram_Q/U2076	0	1.97963
u_sm_ram_Q/U3535	0	1.81219
u_sm_ram_I/U703	0	0.658013
u_sm_ram_Q/U3413	0	0.572867
u_sm_ram_Q/U3402	0	0.891952
u_sm_ram_Q/mem_reg[246][2]	0	0.940413
u_ctrl_fsm/U102	0	2.04504
u_sm_ram_Q/U3163	0	1.07075
u_sm_ram_Q/mem_reg[151][3]	0	0.68939
u_sm_ram_Q/PLACE_HFSINV_4010_869	0	1.53086
u_sm_ram_Q/mem_reg[49][3]	0	0.562299
u_sm_ram_Q/mem_reg[51][3]	0	1.2272
u_sm_ram_Q/U2039	0	2.39063
u_sm_ram_I/U1288	0	0.60554
u_sm_ram_I/U3303	0	0.783634
u_sm_ram_I/U1938	0	1.46755
u_sm_ram_I/mem_reg[151][2]	0	0.915386
u_sm_ram_Q/PLACE_HFSBUF_174_372	0	1.55556
u_sm_ram_I/U2620	0	1.02893
u_sm_ram_I/mem_reg[151][0]	0	2.68429
u_sm_ram_I/U1035	0	1.83789
u_sm_ram_Q/U586	0	1.62171
u_ctrl_fsm/U54	0	0.726049
u_sm_ram_Q/mem_reg[229][0]	0	2.51925
u_sm_ram_I/U2369	0	0.670162
u_sm_ram_Q/mem_reg[51][2]	0	1.76431
u_sm_ram_I/mem_reg[85][2]	0	1.53637
u_sm_ram_I/PLACE_HFSBUF_11593_705	0	0.555556
u_sm_ram_I/PLACE_HFSBUF_11777_706	0	1.55556
u_sm_ram_I/U1225	0	1.34507
u_sm_ram_Q/mem_reg[229][2]	0	1.53338
u_sm_ram_Q/U1315	0	1.71702
u_sm_ram_I/U1224	0	1.81978
u_sm_ram_I/U1037	0	0.607018
u_sm_ram_I/U3741	0	1.50717
u_sm_ram_I/U2185	0	0.962122
u_sm_ram_I/mem_reg[215][1]	0	0.820428
u_sm_ram_Q/mem_reg[53][3]	0	1.83294
u_sm_ram_Q/U3230	0	1.58295
u_sm_ram_Q/mem_reg[71][1]	0	0.650941
u_sm_ram_Q/mem_reg[66][2]	0	1.1341
u_sm_ram_Q/mem_reg[228][3]	0	1.04291
u_sm_ram_I/U705	0	1.66674
u_sm_ram_I/U642	0	0.586061
u_sm_ram_I/U4090	0	1.41824
u_sm_ram_I/U1036	0	2.13384
u_sm_ram_I/U2962	0	0.991096
u_sm_ram_I/mem_reg[71][1]	0	0.601505
u_sm_ram_Q/U594	0	2.37957
u_sm_ram_Q/mem_reg[71][3]	0	2.44493
u_sm_ram_Q/mem_reg[49][2]	0	1.88832
u_sm_ram_I/mem_reg[86][2]	0	1.56007
u_sm_ram_Q/mem_reg[228][2]	0	1.73864
u_sm_ram_I/U1223	0	1.96235
u_sm_ram_Q/U3075	0	1.72571
u_sm_ram_I/U3275	0	1.02083
u_sm_ram_I/mem_reg[133][0]	0	0.978333
u_sm_ram_Q/U584	0	0.872793
u_sm_ram_I/mem_reg[87][0]	0	0.980502
u_sm_ram_I/U3511	0	0.583218
u_sm_ram_Q/U2521	0	2.4773
u_sm_ram_I/PLACE_HFSINV_11959_753	0	1.51852
u_sm_ram_I/mem_reg[87][2]	0	1.1289
u_sm_ram_I/U2201	0	0.697728
u_ctrl_fsm/add_159/U1_1_6	0	1.30752
u_sm_ram_Q/U3627	0	2.23807
u_sm_ram_I/U1354	0	0.7525
u_sm_ram_I/PLACE_HFSINV_12094_755	0	0.555556
u_sm_ram_Q/U2472	0	1.6563
u_sm_ram_Q/mem_reg[64][0]	0	1.07538
u_sm_ram_I/U3604	0	0.623353
u_sm_ram_I/mem_reg[133][2]	0	2.83578
u_sm_ram_I/mem_reg[87][1]	0	2.0203
u_sm_ram_I/U2081	0	0.839491
u_sm_ram_I/U903	0	2.35103
u_sm_ram_Q/mem_reg[246][0]	0	1.21874
u_sm_ram_I/U1422	0	0.748299
u_sm_ram_Q/U587	0	1.0803
u_sm_ram_Q/U2653	0	2.52976
u_sm_ram_Q/U3404	0	0.895957
u_sm_ram_I/mem_reg[133][1]	0	0.75517
u_sm_ram_I/U1290	0	2.33185
u_sm_ram_I/U2367	0	0.856026
u_sm_ram_I/U1353	0	1.2323
u_sm_ram_I/U2839	0	1.97346
u_sm_ram_Q/U3384	0	0.591007
u_sm_ram_Q/U595	0	1.24205
u_sm_ram_Q/U1383	0	1.44368
u_sm_ram_Q/U1363	0	1.43299
u_sm_ram_I/U3338	0	1.18433
u_sm_ram_I/U3482	0	1.26438
u_sm_ram_Q/mem_reg[244][1]	0	0.792461
u_sm_ram_I/U4079	0	1.8881
u_sm_ram_I/U2963	0	0.978611
u_sm_ram_I/U4084	0	0.86005
u_sm_ram_I/U3294	0	0.695656
u_sm_ram_Q/U3578	0	1.03307
u_sm_ram_Q/U3117	0	1.27098
u_ctrl_fsm/U53	0	0.546752
u_sm_ram_Q/U1317	0	0.569136
u_sm_ram_I/mem_reg[230][1]	0	1.37632
u_sm_ram_I/U3992	0	1.06665
u_sm_ram_I/mem_reg[230][2]	0	0.626177
u_sm_ram_I/mem_reg[53][1]	0	1.46297
u_sm_ram_Q/U2002	0	0.9837
u_sm_ram_I/U3662	0	1.34108
u_sm_ram_I/U2371	0	1.33213
u_sm_ram_I/U4193	0	1.06939
u_sm_ram_Q/U3098	0	1.11533
u_sm_ram_Q/U2418	0	1.52754
u_sm_ram_I/mem_reg[71][3]	0	0.657099
u_sm_ram_Q/U1382	0	0.864086
u_sm_ram_Q/U588	0	1.99511
u_sm_ram_I/U3795	0	0.566215
u_sm_ram_I/U3450	0	1.34052
u_sm_ram_I/U2168	0	1.03277
u_sm_ram_I/U3162	0	0.62137
u_sm_ram_Q/U1362	0	2.12728
u_sm_ram_Q/mem_reg[242][2]	0	1.02632
u_sm_ram_I/U4031	0	2.14811
u_sm_ram_I/U3598	0	1.36801
u_ctrl_fsm/sm_ram_rd_addr_reg_reg[4]	0	1.00947
u_sm_ram_Q/U651	0	0.811208
u_sm_ram_Q/mem_reg[50][3]	0	1.31033
u_sm_ram_Q/mem_reg[149][2]	0	1.01158
u_sm_ram_Q/U1381	0	0.798777
u_sm_ram_I/mem_reg[215][3]	0	0.643873
u_sm_ram_Q/U3714	0	2.05166
u_sm_ram_Q/U2419	0	0.818526
u_sm_ram_Q/U3240	0	0.767504
u_sm_ram_I/U4246	0	1.85733
u_sm_ram_Q/U3166	0	1.73438
u_sm_ram_I/U901	0	0.698368
u_sm_ram_I/U2269	0	0.590374
u_sm_ram_I/U1355	0	1.1232
u_sm_ram_I/PLACE_HFSBUF_9056_803	0	1.55556
u_sm_ram_Q/U576	0	0.849464
u_sm_ram_Q/mem_reg[242][3]	0	2.53
u_sm_ram_I/U3813	0	2.22009
u_sm_ram_Q/U2077	0	0.943322
u_sm_ram_Q/U3159	0	0.842265
u_sm_ram_Q/U2513	0	0.811755
u_sm_ram_Q/U2163	0	1.04205
u_sm_ram_I/U964	0	1.42262
u_sm_ram_I/mem_reg[103][1]	0	2.04506
u_sm_ram_Q/U2491	0	2.0837
u_sm_ram_I/U962	0	1.24106
u_sm_ram_Q/mem_reg[149][1]	0	0.858742
u_sm_ram_I/mem_reg[86][0]	0	0.835529
u_sm_ram_Q/mem_reg[64][2]	0	1.3306
u_sm_ram_Q/U647	0	1.49392
u_sm_ram_Q/U585	0	1.74086
u_sm_ram_Q/mem_reg[53][2]	0	2.28625
u_sm_ram_I/mem_reg[212][1]	0	0.65613
u_sm_ram_Q/U3426	0	0.731802
u_sm_ram_I/U1423	0	0.61336
u_sm_ram_Q/U1375	0	1.55866
u_sm_ram_Q/U578	0	1.31755
u_sm_ram_I/U904	0	0.6288
u_sm_ram_I/mem_reg[151][3]	0	0.993816
u_sm_ram_Q/mem_reg[48][2]	0	0.992921
u_sm_ram_I/mem_reg[86][3]	0	1.46682
u_ctrl_fsm/U52	0	1.70383
u_sm_ram_Q/U3178	0	1.49569
u_sm_ram_I/mem_reg[86][1]	0	2.63953
u_sm_ram_I/mem_reg[212][0]	0	0.945008
u_sm_ram_Q/U645	0	0.695702
u_sm_ram_I/mem_reg[215][0]	0	0.710779
u_sm_ram_Q/U3079	0	0.641015
u_sm_ram_I/U4143	0	1.91068
u_sm_ram_I/U902	0	0.96039
u_sm_ram_I/U575	0	1.84501
u_sm_ram_I/U3956	0	0.649529
u_sm_ram_Q/U3501	0	0.919402
u_sm_ram_I/mem_reg[134][0]	0	1.03456
u_sm_ram_I/U1352	0	0.600301
u_sm_ram_Q/U3745	0	1.65634
u_sm_ram_I/U4192	0	1.97492
u_sm_ram_Q/U3689	0	1.32901
u_sm_ram_Q/mem_reg[66][0]	0	1.11149
u_sm_ram_I/mem_reg[214][2]	0	1.50365
u_sm_ram_I/U1361	0	2.58413
u_sm_ram_Q/mem_reg[67][1]	0	0.934765
u_sm_ram_I/mem_reg[103][0]	0	1.37913
u_sm_ram_Q/U3580	0	0.878079
u_sm_ram_I/mem_reg[214][0]	0	1.64178
u_sm_ram_I/U3175	0	0.76598
u_sm_ram_I/U4198	0	2.04854
u_sm_ram_Q/U2164	0	1.05978
u_sm_ram_Q/U3118	0	0.643623
u_sm_ram_Q/mem_reg[48][1]	0	2.80595
u_sm_ram_I/mem_reg[55][3]	0	0.625478
u_sm_ram_I/U2024	0	2.27262
u_sm_ram_Q/mem_reg[240][0]	0	1.35385
u_sm_ram_Q/U3093	0	1.37258
u_sm_ram_I/mem_reg[166][1]	0	0.863769
u_sm_ram_I/mem_reg[134][1]	0	0.713816
u_sm_ram_I/U3970	0	0.660521
u_sm_ram_Q/U577	0	1.53044
u_sm_ram_Q/U3757	0	0.962785
u_sm_ram_Q/U3102	0	2.24772
u_sm_ram_I/mem_reg[38][2]	0	0.694491
u_sm_ram_I/U3512	0	0.548295
u_sm_ram_I/U3826	0	0.754221
u_sm_ram_I/U965	0	2.7157
u_sm_ram_I/U3276	0	1.9123
u_sm_ram_I/U3724	0	2.36479
u_sm_ram_Q/U1897	0	1.12458
u_sm_ram_Q/PLACE_HFSBUF_12887_855	0	1.55556
u_sm_ram_I/U2384	0	0.920077
u_sm_ram_I/mem_reg[215][2]	0	2.49184
u_sm_ram_I/mem_reg[100][1]	0	1.06152
u_sm_ram_Q/U336	0	0.95375
u_sm_ram_Q/PLACE_HFSBUF_9601_446	0	0.555556
u_sm_ram_Q/PLACE_HFSBUF_7549_444	0	0.555556
u_sm_ram_Q/PLACE_HFSBUF_8676_445	0	1.55556
u_sm_ram_I/U3462	0	1.9038
u_sm_ram_Q/U2075	0	2.15815
u_ctrl_fsm/U51	0	0.560548
u_sm_ram_I/mem_reg[55][0]	0	2.59964
u_sm_ram_Q/U2654	0	2.39281
u_sm_ram_I/U3957	0	0.604823
u_sm_ram_Q/U2474	0	2.1757
u_sm_ram_Q/U962	0	0.917496
u_sm_ram_Q/U2655	0	0.925737
u_sm_ram_Q/U4071	0	0.869583
u_sm_ram_I/U2407	0	2.34682
u_sm_ram_I/U3146	0	0.762681
u_sm_ram_Q/U3732	0	1.46131
u_sm_ram_I/mem_reg[23][2]	0	0.900637
u_sm_ram_Q/U1373	0	0.674379
u_sm_ram_Q/U1670	0	0.959765
u_sm_ram_Q/U495	0	1.67698
u_sm_ram_I/U714	0	1.2257
u_sm_ram_Q/U1318	0	2.62319
u_sm_ram_I/U641	0	1.05523
u_sm_ram_I/U2008	0	1.00057
u_ctrl_fsm/add_159/U2	0	0.740517
u_sm_ram_I/U3295	0	1.85326
u_sm_ram_Q/U646	0	0.708924
u_sm_ram_I/mem_reg[23][1]	0	0.564923
u_sm_ram_Q/U3386	0	1.08902
u_sm_ram_Q/U3379	0	0.590664
u_sm_ram_Q/U1372	0	0.692674
u_sm_ram_Q/mem_reg[245][1]	0	0.761389
u_sm_ram_Q/mem_reg[151][2]	0	1.13098
u_sm_ram_Q/U3573	0	0.850563
u_sm_ram_I/mem_reg[231][1]	0	1.7091
u_sm_ram_Q/U970	0	1.94284
u_sm_ram_I/U2021	0	2.29282
u_sm_ram_Q/U581	0	1.07802
u_sm_ram_I/U3599	0	0.716806
u_sm_ram_I/mem_reg[183][1]	0	1.46446
u_sm_ram_Q/U3626	0	1.12874
u_sm_ram_I/U2016	0	1.30894
u_sm_ram_Q/U971	0	1.48923
u_sm_ram_Q/mem_reg[246][1]	0	0.668823
u_sm_ram_I/mem_reg[230][3]	0	1.47217
u_ctrl_fsm/sm_ram_rd_addr_reg_reg[5]	0	1.4049
u_sm_ram_Q/U3639	0	0.988519
u_sm_ram_I/U3734	0	0.587689
u_sm_ram_Q/U3941	0	0.828275
u_sm_ram_Q/U360	0	1.38771
u_sm_ram_I/mem_reg[37][1]	0	0.552056
u_sm_ram_Q/U3746	0	0.941755
u_sm_ram_Q/U648	0	1.66491
u_sm_ram_I/mem_reg[53][2]	0	0.981535
u_sm_ram_Q/U2477	0	2.0151
u_sm_ram_Q/mem_reg[50][1]	0	1.2834
u_sm_ram_Q/U1955	0	1.23753
u_sm_ram_Q/U596	0	1.93325
u_sm_ram_I/U1229	0	2.36801
u_sm_ram_Q/U3734	0	2.54589
u_sm_ram_Q/PLACE_HFSBUF_9652_850	0	0.555556
u_sm_ram_Q/PLACE_HFSINV_12910_857	0	1.55556
u_sm_ram_Q/U2180	0	1.86928
u_sm_ram_Q/U1374	0	0.847064
u_sm_ram_Q/mem_reg[151][0]	0	1.23624
u_sm_ram_I/U1227	0	0.754738
u_sm_ram_Q/U1316	0	0.661906
u_sm_ram_Q/U1310	0	2.13557
u_sm_ram_Q/PLACE_HFSBUF_4581_517	0	0.555556
u_sm_ram_Q/U117	0	0.934417
u_sm_ram_Q/U3076	0	2.37365
u_sm_ram_Q/U3781	0	1.10882
u_sm_ram_Q/U3609	0	0.742512
u_sm_ram_Q/mem_reg[50][0]	0	1.71437
u_sm_ram_I/U3171	0	1.43583
u_sm_ram_Q/mem_reg[64][3]	0	0.807068
u_sm_ram_Q/U3291	0	0.885127
u_sm_ram_Q/mem_reg[67][2]	0	0.865401
u_sm_ram_Q/U2652	0	1.41696
u_sm_ram_I/U3113	0	0.998858
u_sm_ram_I/mem_reg[229][3]	0	1.54303
u_sm_ram_Q/mem_reg[243][3]	0	2.43503
u_sm_ram_I/PLACE_HFSBUF_8228_651	0	1.53086
u_sm_ram_Q/mem_reg[229][1]	0	1.25829
u_sm_ram_I/mem_reg[230][0]	0	1.15736
u_sm_ram_Q/U3698	0	2.3668
u_sm_ram_I/U1362	0	1.96348
u_sm_ram_I/U715	0	1.33354
u_sm_ram_I/U1937	0	0.743106
u_sm_ram_Q/PLACE_HFSINV_3804_871	0	0.481481
u_sm_ram_Q/mem_reg[67][3]	0	1.53351
u_sm_ram_Q/U3119	0	1.11508
u_sm_ram_I/U2251	0	0.997948
u_sm_ram_Q/mem_reg[66][3]	0	0.693769
u_sm_ram_Q/U3823	0	0.868179
u_sm_ram_I/U1031	0	1.7142
u_sm_ram_Q/mem_reg[241][0]	0	0.822488
u_sm_ram_Q/PLACE_HFSBUF_3732_870	0	1.55556
u_sm_ram_I/PLACE_HFSINV_9085_658	0	1.55556
u_sm_ram_Q/U911	0	0.789684
u_sm_ram_I/U2408	0	1.18007
u_sm_ram_I/U1158	0	2.10057
u_ctrl_fsm/sm_ram_rd_addr_reg_reg[6]	0	0.72039
u_sm_ram_Q/U3615	0	0.624279
u_sm_ram_I/U248	0	1.0424
u_sm_ram_I/U3863	0	0.924788
u_sm_ram_Q/U580	0	1.70156
u_sm_ram_Q/mem_reg[50][2]	0	1.31928
u_sm_ram_Q/mem_reg[64][1]	0	2.17799
u_sm_ram_Q/U3656	0	1.92221
u_sm_ram_I/PLACE_HFSBUF_12563_657	0	0.54321
u_sm_ram_I/PLACE_HFSBUF_13802_659	0	1.55556
u_sm_ram_I/PLACE_HFSBUF_8962_654	0	1.55556
u_sm_ram_Q/U3101	0	0.701454
u_sm_ram_Q/U969	0	1.36447
u_sm_ram_I/U2260	0	1.45615
u_sm_ram_I/U1360	0	1.4743
u_sm_ram_Q/U1312	0	1.78839
u_sm_ram_Q/U2070	0	0.925162
u_sm_ram_Q/mem_reg[229][3]	0	0.687014
u_sm_ram_Q/mem_reg[148][1]	0	1.86098
u_sm_ram_I/U1363	0	1.68498
u_sm_ram_I/U1157	0	1.47878
u_sm_ram_I/U2070	0	0.890204
u_sm_ram_Q/U2257	0	0.957469
u_sm_ram_I/U3471	0	0.996354
u_sm_ram_I/U3768	0	0.678021
u_sm_ram_I/U193	0	0.866007
u_sm_ram_Q/U1901	0	0.758715
u_sm_ram_I/PLACE_HFSBUF_249_1055	0	1.53086
u_sm_ram_I/PLACE_HFSBUF_1149_1060	0	0.518519
u_sm_ram_I/U2017	0	2.39223
u_sm_ram_I/U2064	0	0.720069
u_sm_ram_I/U2022	0	2.45486
u_sm_ram_I/U2080	0	1.25189
u_sm_ram_Q/U2165	0	0.829888
u_sm_ram_Q/U2001	0	2.11567
u_sm_ram_I/U4270	0	1.9679
u_sm_ram_Q/U3185	0	1.05887
u_sm_ram_Q/U582	0	0.925637
u_sm_ram_I/U2046	0	2.01248
u_sm_ram_Q/U1150	0	1.46319
u_sm_ram_I/U3432	0	1.40803
u_sm_ram_I/U708	0	0.557897
u_sm_ram_I/U2023	0	1.00027
u_sm_ram_I/PLACE_HFSBUF_919_980	0	0.469136
u_sm_ram_I/PLACE_HFSBUF_1408_974	0	0.518519
u_sm_ram_I/PLACE_HFSBUF_1293_973	0	0.518519
u_sm_ram_Q/U3432	0	1.15159
u_sm_ram_Q/U2259	0	0.719734
u_sm_ram_I/U833	0	1.37561
u_sm_ram_Q/U3636	0	0.740721
u_sm_ram_Q/mem_reg[240][1]	0	1.84034
u_sm_ram_I/PLACE_HFSBUF_871_1058	0	1.51852
u_sm_ram_I/PLACE_HFSBUF_442_1059	0	1.49383
u_sm_ram_I/PLACE_HFSBUF_8429_652	0	0.407407
u_sm_ram_I/U2410	0	0.688607
u_sm_ram_Q/mem_reg[65][2]	0	0.890756
u_sm_ram_I/U3027	0	2.00352
u_sm_ram_I/U3844	0	0.615586
u_sm_ram_I/mem_reg[100][0]	0	1.05894
u_sm_ram_I/U1226	0	1.09232
u_sm_ram_Q/mem_reg[52][2]	0	0.80196
u_sm_ram_I/U3834	0	1.96194
u_sm_ram_Q/U3631	0	2.4602
u_sm_ram_I/U2068	0	1.72989
u_sm_ram_Q/U1774	0	2.07962
u_sm_ram_Q/U2643	0	1.41388
u_sm_ram_Q/U2642	0	0.895702
u_sm_ram_I/U334	0	2.17022
u_sm_ram_Q/U966	0	0.699888
u_sm_ram_I/U2983	0	2.14314
u_sm_ram_Q/U2557	0	0.590197
u_sm_ram_I/U1170	0	2.16991
u_sm_ram_I/U1032	0	1.12966
u_sm_ram_Q/U3661	0	1.39771
u_sm_ram_Q/mem_reg[245][2]	0	1.68306
u_sm_ram_Q/U529	0	0.902477
u_sm_ram_Q/U3125	0	2.31569
u_sm_ram_Q/PLACE_HFSBUF_10325_508	0	0.493827
u_sm_ram_I/mem_reg[231][3]	0	2.11147
u_sm_ram_I/U2071	0	0.843677
u_sm_ram_I/U3757	0	1.57021
u_sm_ram_I/U3745	0	0.779429
u_sm_ram_Q/U583	0	1.51241
u_sm_ram_I/U4205	0	2.03069
u_sm_ram_I/U3659	0	1.10453
u_sm_ram_Q/U302	0	1.33745
u_sm_ram_Q/U3227	0	1.88117
u_sm_ram_I/U3167	0	1.51465
u_sm_ram_Q/mem_reg[65][1]	0	0.724884
u_sm_ram_I/U2943	0	0.883441
u_sm_ram_I/U202	0	1.08833
u_sm_ram_Q/U3621	0	0.617477
u_sm_ram_I/U1674	0	1.85326
u_sm_ram_I/U1687	0	0.607728
u_sm_ram_Q/U3620	0	2.37486
u_sm_ram_Q/mem_reg[150][0]	0	0.834595
u_sm_ram_Q/U968	0	1.14604
u_sm_ram_I/U3558	0	0.961489
u_sm_ram_Q/U2174	0	1.76986
u_sm_ram_I/U716	0	0.6876
u_sm_ram_Q/mem_reg[245][0]	0	1.49017
u_sm_ram_I/U707	0	1.08507
u_sm_ram_Q/U3082	0	1.45906
u_sm_ram_I/U3349	0	0.737924
u_sm_ram_Q/U1939	0	0.691061
u_sm_ram_I/U638	0	1.91115
u_sm_ram_Q/U599	0	2.13954
u_sm_ram_I/U717	0	0.782288
u_sm_ram_I/PLACE_HFSBUF_386_977	0	0.493827
u_sm_ram_I/PLACE_HFSBUF_124_979	0	1.50617
u_sm_ram_I/PLACE_HFSBUF_535_978	0	0.555556
u_sm_ram_I/PLACE_HFSBUF_218_975	0	1.55556
u_sm_ram_I/PLACE_HFSBUF_340_976	0	1.48148
u_sm_ram_I/PLACE_HFSBUF_9080_746	0	1.55556
u_sm_ram_I/U3443	0	1.02278
u_sm_ram_I/U2545	0	1.5276
u_sm_ram_I/U2409	0	0.706686
u_sm_ram_Q/U3637	0	0.607774
u_sm_ram_I/PLACE_HFSBUF_533_1049	0	1.49383
u_sm_ram_Q/mem_reg[150][3]	0	1.05257
u_sm_ram_Q/U3463	0	1.48974
u_sm_ram_I/mem_reg[53][0]	0	0.881038
u_sm_ram_I/U648	0	0.819981
u_sm_ram_Q/mem_reg[151][1]	0	2.23346
u_sm_ram_I/U1206	0	1.70271
u_sm_ram_Q/U909	0	1.6759
u_sm_ram_I/U1159	0	1.39052
u_sm_ram_I/U834	0	2.0275
u_sm_ram_I/U832	0	2.22519
u_sm_ram_Q/U3845	0	0.875035
u_sm_ram_Q/U3662	0	0.902982
u_sm_ram_Q/mem_reg[86][0]	0	1.01168
u_sm_ram_I/PLACE_HFSBUF_541_1056	0	0.555556
u_sm_ram_I/PLACE_HFSBUF_656_1057	0	1.45679
u_sm_ram_I/U2018	0	2.25128
u_sm_ram_Q/U967	0	0.847083
u_sm_ram_Q/U3104	0	0.912188
u_sm_ram_I/U3388	0	0.687481
u_sm_ram_I/U2136	0	0.563858
u_sm_ram_Q/U2179	0	1.01697
u_sm_ram_Q/U3596	0	0.837025
u_sm_ram_Q/U677	0	2.13863
u_ctrl_fsm/sm_ram_rd_addr_reg_reg[7]	0	0.671061
u_sm_ram_I/U2412	0	1.68443
u_sm_ram_I/U835	0	1.25022
u_sm_ram_I/U647	0	0.67664
u_sm_ram_I/mem_reg[212][2]	0	0.910093
u_sm_ram_Q/U375	0	0.730552
u_sm_ram_I/U3329	0	1.79186
u_sm_ram_I/U3170	0	0.602126
u_sm_ram_Q/U598	0	2.41108
u_sm_ram_I/mem_reg[214][1]	0	1.54098
u_sm_ram_Q/U973	0	0.595945
u_sm_ram_I/U1160	0	0.735258
u_sm_ram_Q/U3427	0	0.560355
u_sm_ram_Q/U3938	0	1.09796
u_sm_ram_I/U3097	0	0.677052
u_sm_ram_I/U3070	0	0.946316
u_sm_ram_Q/mem_reg[241][2]	0	1.35186
u_sm_ram_I/PLACE_HFSBUF_7735_653	0	0.555556
u_sm_ram_I/U3892	0	0.716956
u_sm_ram_I/U1917	0	1.06227
u_sm_ram_I/mem_reg[53][3]	0	2.0826
u_sm_ram_I/U2444	0	1.50613
u_sm_ram_I/U1654	0	1.04123
u_sm_ram_I/mem_reg[212][3]	0	1.07781
u_sm_ram_I/U3144	0	2.18262
u_sm_ram_I/U3143	0	1.94559
u_sm_ram_Q/mem_reg[245][3]	0	0.968762
PLACE_HFSINV_636_428	0	0.45679
u_sm_ram_Q/mem_reg[149][0]	0	1.04956
u_sm_ram_Q/U597	0	0.705193
u_sm_ram_I/mem_reg[183][2]	0	0.915023
u_sm_ram_I/mem_reg[214][3]	0	2.91282
u_sm_ram_Q/U1840	0	0.98343
u_sm_ram_I/U3165	0	2.1274
u_sm_ram_I/U1426	0	1.54492
u_sm_ram_I/PLACE_HFSBUF_5019_722	0	1.55556
u_sm_ram_Q/U977	0	0.65826
u_sm_ram_I/U2364	0	1.06415
u_sm_ram_Q/U3648	0	0.628816
u_sm_ram_I/U3877	0	1.0141
u_sm_ram_I/U1171	0	0.615613
u_sm_ram_I/mem_reg[229][2]	0	1.0211
u_sm_ram_Q/U3664	0	0.919506
u_sm_ram_I/PLACE_HFSBUF_4905_814	0	2.38272
u_sm_ram_I/PLACE_HFSBUF_560_907	0	1.55556
u_sm_ram_Q/U3649	0	2.20754
u_sm_ram_I/U219	0	0.749097
u_sm_ram_I/mem_reg[180][2]	0	0.919973
u_sm_ram_Q/mem_reg[148][3]	0	1.07521
u_sm_ram_I/U3923	0	1.44704
u_sm_ram_I/U2047	0	0.903322
u_sm_ram_Q/mem_reg[241][3]	0	1.65004
u_sm_ram_I/U2045	0	1.51209
u_sm_ram_I/mem_reg[103][2]	0	1.00373
u_sm_ram_Q/mem_reg[150][1]	0	1.43885
u_sm_ram_I/U2365	0	1.26036
u_sm_ram_I/PLACE_HFSBUF_12367_798	0	1.51852
u_sm_ram_I/mem_reg[165][2]	0	0.700644
u_sm_ram_I/U3916	0	2.17841
u_sm_ram_I/U640	0	0.951165
u_sm_ram_I/U3077	0	1.57127
u_sm_ram_Q/U2173	0	2.0741
u_sm_ram_I/mem_reg[231][2]	0	1.05602
u_sm_ram_I/mem_reg[23][0]	0	0.629225
u_sm_ram_Q/U3179	0	0.607546
u_sm_ram_I/mem_reg[183][0]	0	2.09609
u_sm_ram_I/U1169	0	1.41823
u_sm_ram_I/mem_reg[7][0]	0	0.942766
u_sm_ram_I/mem_reg[183][3]	0	2.581
u_sm_ram_I/mem_reg[100][2]	0	0.581786
u_sm_ram_Q/U579	0	0.554174
u_sm_ram_I/mem_reg[6][1]	0	1.12589
u_sm_ram_Q/U2068	0	1.04096
u_sm_ram_Q/mem_reg[241][1]	0	1.37219
u_sm_ram_Q/PLACE_HFSBUF_10055_511	0	0.555556
u_sm_ram_Q/U3243	0	0.557901
u_sm_ram_Q/mem_reg[86][2]	0	1.1617
u_sm_ram_Q/U3244	0	1.13583
u_sm_ram_Q/U974	0	2.55745
u_sm_ram_I/mem_reg[164][2]	0	2.54145
u_sm_ram_I/U2007	0	1.76128
u_sm_ram_I/U2472	0	2.16755
u_sm_ram_I/mem_reg[103][3]	0	2.00411
u_sm_ram_Q/U3934	0	0.671528
u_sm_ram_Q/U3676	0	1.0745
u_sm_ram_Q/PLACE_HFSBUF_9404_542	0	0.555556
u_sm_ram_I/mem_reg[231][0]	0	0.950907
u_sm_ram_Q/U3467	0	0.815992
u_sm_ram_I/U3136	0	1.04032
u_sm_ram_Q/U327	0	1.4872
u_sm_ram_I/mem_reg[6][3]	0	2.48664
u_sm_ram_Q/U3670	0	0.752346
u_sm_ram_Q/U3680	0	1.54819
u_sm_ram_Q/U2213	0	1.34019
u_sm_ram_Q/U1366	0	2.46433
u_sm_ram_Q/mem_reg[150][2]	0	2.25856
u_sm_ram_Q/U3663	0	1.57709
u_sm_ram_I/mem_reg[7][3]	0	2.35676
u_sm_ram_Q/U3935	0	1.41091
u_sm_ram_Q/PLACE_HFSBUF_3313_516	0	1.55556
u_sm_ram_Q/U3681	0	0.717334
u_sm_ram_I/U2987	0	1.99844
u_sm_ram_Q/U3585	0	0.913897
u_sm_ram_I/U3634	0	0.675791
u_sm_ram_Q/U2069	0	1.27413
u_sm_ram_Q/U2260	0	0.879996
u_sm_ram_Q/U3590	0	1.35279
u_sm_ram_Q/PLACE_HFSBUF_78_490	0	0.555556
u_sm_ram_Q/U2258	0	0.560258
u_sm_ram_I/U3385	0	0.989008
u_sm_ram_I/U709	0	0.935324
u_sm_ram_Q/U3622	0	0.601755
u_sm_ram_Q/PLACE_HFSBUF_9061_541	0	0.555556
u_sm_ram_Q/mem_reg[65][3]	0	0.544147
u_sm_ram_I/mem_reg[7][1]	0	1.47243
u_sm_ram_Q/U1675	0	0.767238
u_sm_ram_Q/U497	0	0.762994
u_sm_ram_Q/U3888	0	0.721535
u_sm_ram_I/U1425	0	0.576925
u_sm_ram_Q/U2501	0	0.63963
u_sm_ram_I/U3351	0	1.02389
u_sm_ram_I/PLACE_HFSBUF_11526_812	0	0.555556
u_sm_ram_Q/mem_reg[149][3]	0	1.71229
u_sm_ram_Q/mem_reg[148][0]	0	0.98407
u_sm_ram_Q/U2497	0	0.61015
u_sm_ram_I/U3928	0	1.36777
u_sm_ram_I/U2988	0	1.54793
u_sm_ram_I/U3553	0	1.39745
u_sm_ram_I/U1428	0	0.72446
u_sm_ram_I/mem_reg[23][3]	0	2.1416
u_sm_ram_I/U2252	0	0.934425
u_sm_ram_Q/mem_reg[148][2]	0	2.76246
u_sm_ram_Q/U3650	0	0.748086
u_sm_ram_I/PLACE_HFSBUF_1466_1053	0	1.54321
u_sm_ram_I/PLACE_HFSBUF_38_1046	0	0.555556
u_sm_ram_I/PLACE_HFSBUF_137_1047	0	1.55556
u_sm_ram_Q/U3700	0	1.47671
u_sm_ram_Q/U3638	0	1.30662
u_sm_ram_I/U3602	0	0.904522
PLACE_HFSINV_182_426	0	1.55556
u_sm_ram_I/U1427	0	1.17714
u_sm_ram_I/U4015	0	0.567068
u_sm_ram_Q/U3158	0	1.27037
u_sm_ram_Q/PLACE_HFSINV_3436_1109	0	0.555556
u_sm_ram_I/PLACE_HFSBUF_156_919	0	0.555556
u_sm_ram_I/PLACE_HFSBUF_110_920	0	1.55556
u_sm_ram_Q/U3601	0	1.61443
u_sm_ram_Q/U3052	0	1.57634
u_sm_ram_Q/U1365	0	1.95106
u_sm_ram_Q/U3034	0	0.584275
u_sm_ram_Q/U3937	0	0.820266
u_sm_ram_Q/U2799	0	1.67204
u_sm_ram_Q/PLACE_HFSBUF_49_950	0	1.55556
u_sm_ram_Q/PLACE_HFSBUF_15_951	0	1.55556
u_sm_ram_Q/PLACE_HFSINV_503_1003	0	0.555556
u_sm_ram_I/U2156	0	1.25811
u_sm_ram_I/U2497	0	0.652434
u_sm_ram_Q/U3692	0	0.727951
u_ctrl_fsm/U5	0	1.62227
u_sm_ram_I/U1905	0	0.545463
u_sm_ram_I/mem_reg[180][1]	0	1.54228
u_sm_ram_I/U2108	0	0.82086
u_sm_ram_Q/PLACE_HFSBUF_99_371	0	0.555556
u_sm_ram_Q/U3096	0	1.87287
u_sm_ram_Q/U3466	0	0.790243
u_sm_ram_I/mem_reg[228][1]	0	0.877863
u_sm_ram_I/U4181	0	1.90676
u_sm_ram_I/U3565	0	0.6013
u_sm_ram_I/U646	0	0.859032
u_sm_ram_Q/U2603	0	1.46345
u_sm_ram_I/mem_reg[7][2]	0	0.661258
u_sm_ram_I/U3896	0	1.79458
u_sm_ram_Q/U3894	0	1.33344
u_sm_ram_Q/PLACE_HFSBUF_69_829	0	1.55556
u_sm_ram_Q/mem_reg[65][0]	0	1.04208
u_sm_ram_I/U2997	0	0.969606
u_sm_ram_I/mem_reg[164][1]	0	0.633777
u_sm_ram_I/U3322	0	1.21105
u_sm_ram_Q/U2604	0	0.559541
u_sm_ram_I/U2153	0	1.35219
u_sm_ram_I/mem_reg[181][2]	0	0.867168
u_sm_ram_I/U3321	0	1.65744
u_sm_ram_Q/U326	0	0.79581
u_sm_ram_I/PLACE_HFSBUF_76_905	0	1.55556
u_sm_ram_I/PLACE_HFSBUF_26_906	0	1.55556
u_ctrl_fsm/U4	0	1.13667
u_sm_ram_I/mem_reg[37][0]	0	1.70181
u_sm_ram_I/mem_reg[199][1]	0	2.3285
u_sm_ram_I/mem_reg[135][3]	0	1.25712
u_sm_ram_Q/mem_reg[52][0]	0	1.78159
u_sm_ram_Q/U3940	0	0.975224
u_sm_ram_I/mem_reg[101][2]	0	0.700359
u_sm_ram_I/mem_reg[199][0]	0	0.592365
u_sm_ram_I/mem_reg[37][3]	0	0.835004
u_sm_ram_I/mem_reg[134][3]	0	2.94265
u_sm_ram_I/U4235	0	1.10541
u_sm_ram_I/U3414	0	1.21008
u_sm_ram_I/U2113	0	0.730883
u_sm_ram_I/U2677	0	1.12948
u_sm_ram_Q/U3719	0	1.05642
u_sm_ram_I/U3567	0	0.959749
u_sm_ram_I/mem_reg[229][0]	0	0.754336
u_sm_ram_Q/mem_reg[240][2]	0	1.54891
u_sm_ram_I/U767	0	1.04574
u_sm_ram_Q/U2515	0	1.21198
u_sm_ram_Q/U3591	0	1.43769
u_sm_ram_Q/U2214	0	1.02759
u_sm_ram_Q/U3708	0	0.993885
u_sm_ram_Q/U2215	0	1.55674
u_sm_ram_Q/PLACE_HFSBUF_81_598	0	0.555556
u_sm_ram_I/mem_reg[245][0]	0	0.934375
u_sm_ram_I/U3664	0	1.12192
u_sm_ram_Q/U1227	0	1.97753
u_sm_ram_Q/mem_reg[240][3]	0	0.70152
u_sm_ram_I/mem_reg[247][0]	0	1.06954
u_sm_ram_Q/U2867	0	0.632527
u_sm_ram_Q/U3688	0	1.00681
u_sm_ram_I/mem_reg[101][1]	0	2.16463
u_sm_ram_Q/U3251	0	0.977137
u_sm_ram_I/U2020	0	1.01608
u_sm_ram_I/mem_reg[229][1]	0	2.56395
u_sm_ram_Q/PLACE_HFSBUF_146_599	0	1.55556
u_sm_ram_Q/U3957	0	1.2186
u_sm_ram_I/mem_reg[101][3]	0	0.76446
u_sm_ram_Q/U3903	0	0.560737
u_sm_ram_I/U232	0	1.01475
u_sm_ram_Q/U2514	0	0.894028
u_sm_ram_Q/U3081	0	0.521902
u_sm_ram_Q/U41	0	2.02025
u_sm_ram_Q/U2863	0	0.584676
u_sm_ram_I/U2662	0	2.42581
u_sm_ram_I/U4149	0	2.39797
u_sm_ram_I/PLACE_HFSBUF_8664_740	0	0.555556
u_sm_ram_Q/mem_reg[52][1]	0	1.07183
u_sm_ram_Q/U3026	0	0.950309
u_sm_ram_Q/PLACE_HFSBUF_100_841	0	0.555556
u_sm_ram_I/mem_reg[181][1]	0	1.25856
u_sm_ram_I/U2973	0	1.95877
u_sm_ram_I/U3971	0	0.729039
u_sm_ram_Q/U3595	0	0.965532
u_sm_ram_Q/U1254	0	1.12965
u_sm_ram_Q/U3598	0	0.633202
u_sm_ram_Q/U3597	0	0.993164
u_sm_ram_Q/U3948	0	0.554965
u_sm_ram_I/U768	0	0.654414
u_sm_ram_I/U2069	0	0.947265
u_sm_ram_Q/U2042	0	0.654483
u_sm_ram_I/U2368	0	1.29214
u_sm_ram_Q/U3844	0	0.80064
u_sm_ram_I/U1918	0	0.808476
u_sm_ram_Q/U3136	0	0.883368
u_sm_ram_I/U1172	0	1.73973
u_sm_ram_I/U769	0	1.99211
u_sm_ram_I/U3213	0	2.11404
u_sm_ram_Q/U364	0	0.889961
u_sm_ram_Q/U3939	0	1.41791
u_sm_ram_Q/U3696	0	0.82387
u_sm_ram_Q/U3027	0	0.725077
u_sm_ram_I/U3505	0	1.32012
u_sm_ram_I/U822	0	1.05305
u_sm_ram_Q/U3981	0	1.18858
u_sm_ram_Q/mem_reg[86][1]	0	0.693395
u_sm_ram_I/PLACE_HFSBUF_115_1054	0	0.555556
u_sm_ram_Q/U3716	0	1.24701
u_sm_ram_Q/U3057	0	0.800386
u_sm_ram_Q/PLACE_HFSBUF_50_484	0	0.555556
u_sm_ram_I/mem_reg[100][3]	0	1.21086
u_sm_ram_Q/U3067	0	0.679163
u_sm_ram_I/U4131	0	0.609985
u_sm_ram_Q/U1164	0	1.91035
u_sm_ram_I/U1561	0	0.768245
u_sm_ram_I/U4166	0	1.10914
u_sm_ram_Q/U3718	0	0.808758
u_sm_ram_I/U911	0	2.3794
u_sm_ram_I/U305	0	0.556312
u_sm_ram_Q/U3695	0	2.29128
u_sm_ram_I/mem_reg[37][2]	0	1.24865
u_sm_ram_I/U2974	0	0.714171
u_sm_ram_Q/U3717	0	1.35
u_sm_ram_Q/U1665	0	0.733561
u_sm_ram_I/PLACE_HFSBUF_1222_1052	0	1.48148
u_sm_ram_Q/PLACE_HFSBUF_49_365	0	1.55556
u_sm_ram_Q/PLACE_HFSBUF_132_364	0	1.55556
u_sm_ram_I/U3829	0	1.83459
u_sm_ram_Q/U3135	0	0.946929
u_sm_ram_Q/U3955	0	1.43469
u_sm_ram_Q/U3138	0	1.18911
u_sm_ram_I/U3962	0	1.09918
u_sm_ram_I/U844	0	2.01709
u_sm_ram_I/mem_reg[134][2]	0	1.11149
u_sm_ram_I/U3168	0	0.564421
u_sm_ram_I/U1560	0	0.588175
u_sm_ram_I/U4241	0	1.95014
u_sm_ram_Q/U3959	0	0.776385
u_sm_ram_I/U770	0	0.904846
u_sm_ram_Q/PLACE_HFSBUF_38_839	0	2.55556
u_sm_ram_I/mem_reg[6][0]	0	0.792886
u_sm_ram_I/U2019	0	0.561628
u_sm_ram_Q/U1844	0	0.799981
u_sm_ram_I/mem_reg[199][3]	0	0.728318
u_sm_ram_I/U3234	0	0.980525
u_sm_ram_Q/U22	0	1.36039
u_sm_ram_Q/U358	0	1.87437
u_sm_ram_I/mem_reg[245][2]	0	1.99708
u_sm_ram_Q/U1794	0	0.608333
u_sm_ram_I/U3483	0	0.880127
u_sm_ram_I/U2370	0	1.20025
u_sm_ram_I/PLACE_HFSINV_13548_762	0	2.55556
u_sm_ram_Q/U2503	0	0.751944
u_sm_ram_I/U847	0	1.91672
u_sm_ram_I/mem_reg[199][2]	0	1.18708
u_sm_ram_Q/U3053	0	0.597921
u_sm_ram_Q/mem_reg[86][3]	0	0.708229
u_sm_ram_Q/U353	0	1.28852
u_sm_ram_I/U3169	0	0.746204
u_sm_ram_I/U1167	0	1.76461
u_sm_ram_I/U650	0	1.51405
u_sm_ram_I/U267	0	0.615648
u_sm_ram_Q/U3084	0	0.571952
u_sm_ram_Q/U1449	0	0.929456
u_sm_ram_I/U1505	0	1.6415
u_sm_ram_I/U3562	0	0.78696
u_sm_ram_Q/U2546	0	0.815421
u_sm_ram_I/U33	0	1.92697
u_sm_ram_Q/PLACE_HFSINV_1706_991	0	1.55556
u_sm_ram_I/U2411	0	0.876717
u_sm_ram_Q/U2500	0	1.91936
u_sm_ram_I/mem_reg[228][0]	0	0.831763
u_sm_ram_Q/U3025	0	0.671871
u_sm_ram_I/U3773	0	2.08498
u_sm_ram_I/U3560	0	0.856474
u_sm_ram_Q/U2864	0	0.994549
u_sm_ram_Q/U1514	0	1.23019
u_sm_ram_I/U840	0	1.03014
u_sm_ram_I/U910	0	0.852137
u_sm_ram_I/U845	0	1.46424
u_sm_ram_Q/U3767	0	1.24904
u_sm_ram_I/mem_reg[116][3]	0	1.32133
u_sm_ram_I/U3346	0	0.779051
u_sm_ram_I/mem_reg[197][0]	0	1.35629
u_sm_ram_Q/U3129	0	0.636173
u_sm_ram_I/mem_reg[135][1]	0	1.89506
u_sm_ram_I/U580	0	0.79973
u_sm_ram_I/mem_reg[20][3]	0	0.778688
u_sm_ram_Q/PLACE_HFSBUF_34_830	0	0.555556
u_sm_ram_I/PLACE_HFSBUF_8048_650	0	0.555556
u_sm_ram_I/mem_reg[198][3]	0	1.01827
u_sm_ram_Q/U3113	0	0.989603
u_sm_ram_Q/U3904	0	1.74761
u_sm_ram_Q/U3065	0	0.739078
u_sm_ram_Q/PLACE_HFSBUF_73_316	0	1.55556
u_sm_ram_Q/PLACE_HFSBUF_116_317	0	1.55556
u_sm_ram_I/U842	0	0.816671
u_sm_ram_I/mem_reg[20][1]	0	0.672585
u_sm_ram_Q/U4003	0	0.932959
u_sm_ram_Q/mem_reg[52][3]	0	0.81522
u_sm_ram_Q/U3779	0	1.07121
u_sm_ram_Q/U1895	0	0.791034
u_sm_ram_I/U1497	0	2.09325
u_sm_ram_I/mem_reg[180][0]	0	0.699008
u_sm_ram_Q/PLACE_HFSBUF_112_193	0	0.555556
u_sm_ram_Q/PLACE_HFSBUF_145_194	0	1.55556
u_sm_ram_I/mem_reg[198][2]	0	1.01423
u_sm_ram_I/U906	0	0.864333
u_sm_ram_Q/U3066	0	1.06694
u_sm_ram_I/mem_reg[180][3]	0	0.654024
u_sm_ram_I/U3344	0	1.33483
u_sm_ram_I/mem_reg[4][3]	0	0.89598
u_sm_ram_I/PLACE_HFSBUF_8773_741	0	0.54321
u_sm_ram_I/PLACE_HFSBUF_8888_747	0	1.55556
u_sm_ram_I/PLACE_HFSBUF_13295_739	0	1.55556
u_sm_ram_I/U905	0	0.89549
u_sm_ram_I/U3210	0	1.14941
u_sm_ram_Q/U3091	0	2.09627
u_sm_ram_Q/PLACE_HFSBUF_99_586	0	0.555556
u_sm_ram_Q/PLACE_HFSBUF_109_491	0	0.555556
u_sm_ram_I/U1893	0	0.834992
u_sm_ram_Q/U3780	0	1.91291
u_sm_ram_Q/U2441	0	1.4082
u_sm_ram_I/U3260	0	0.900255
u_sm_ram_I/U3502	0	0.757407
u_sm_ram_I/U279	0	1.25163
u_sm_ram_Q/PLACE_HFSBUF_99_318	0	1.54321
u_sm_ram_Q/PLACE_HFSBUF_132_319	0	1.54321
u_sm_ram_I/U169	0	2.13025
u_sm_ram_I/U3116	0	2.57466
u_sm_ram_Q/U297	0	0.780517
u_sm_ram_I/U649	0	1.70074
u_sm_ram_I/mem_reg[165][0]	0	2.97166
u_sm_ram_Q/U348	0	1.50015
u_sm_ram_I/U3319	0	1.44024
u_sm_ram_I/U1562	0	0.579487
u_sm_ram_I/U3206	0	1.00176
u_sm_ram_I/U1028	0	0.941308
u_sm_ram_I/U3524	0	0.742469
u_sm_ram_Q/U3707	0	0.67419
u_sm_ram_I/U841	0	0.799664
u_sm_ram_I/mem_reg[6][2]	0	1.5553
u_sm_ram_I/mem_reg[245][1]	0	0.601678
u_sm_ram_I/mem_reg[181][0]	0	1.1814
u_sm_ram_I/mem_reg[4][0]	0	1.9828
u_sm_ram_I/U1166	0	0.687596
u_sm_ram_I/U3166	0	0.59262
u_sm_ram_Q/mem_reg[172][3]	0	1.75883
u_sm_ram_Q/PLACE_HFSBUF_52_482	0	0.555556
u_sm_ram_I/U1100	0	0.914329
u_sm_ram_Q/U3078	0	1.18137
u_sm_ram_Q/U137	0	0.94397
u_sm_ram_I/U908	0	0.993264
u_sm_ram_I/mem_reg[117][0]	0	1.1005
u_sm_ram_Q/U2746	0	1.42218
u_sm_ram_I/U775	0	1.71929
u_sm_ram_Q/U3800	0	1.25231
u_sm_ram_Q/U1189	0	1.02324
u_sm_ram_Q/U3755	0	0.571142
u_sm_ram_I/U843	0	1.42314
u_sm_ram_Q/U3056	0	1.60889
u_sm_ram_Q/U3809	0	1.52487
u_sm_ram_I/U3847	0	1.31203
u_sm_ram_Q/U3108	0	1.22565
u_sm_ram_I/U583	0	2.50275
u_sm_ram_Q/U3777	0	1.4292
u_sm_ram_I/U2109	0	1.3831
u_sm_ram_Q/U2608	0	1.25322
u_sm_ram_Q/U3756	0	0.681551
u_sm_ram_I/U1916	0	1.05809
u_sm_ram_Q/U3784	0	0.550073
u_sm_ram_I/U1168	0	0.682747
u_sm_ram_Q/U3778	0	1.40388
u_sm_ram_I/mem_reg[181][3]	0	2.41563
u_sm_ram_I/PLACE_HFSBUF_118_972	0	1.50617
u_sm_ram_I/U2009	0	1.6538
u_sm_ram_Q/U3122	0	1.27061
u_sm_ram_I/U1495	0	1.08084
u_sm_ram_Q/PLACE_HFSBUF_102_840	0	1.55556
u_sm_ram_I/U3566	0	1.33235
u_sm_ram_Q/U1991	0	0.811088
u_sm_ram_Q/U3810	0	2.31329
u_sm_ram_I/mem_reg[165][1]	0	0.861227
u_sm_ram_I/U3605	0	1.30462
u_sm_ram_Q/U994	0	1.58694
u_sm_ram_I/U2878	0	0.740069
u_sm_ram_I/U3350	0	0.953719
u_sm_ram_I/U3786	0	0.776478
u_sm_ram_I/PLACE_HFSBUF_11447_707	0	1.55556
u_sm_ram_I/U2055	0	2.47588
u_sm_ram_I/U3441	0	1.59963
u_sm_ram_I/PLACE_HFSBUF_203_971	0	1.55556
u_sm_ram_I/PLACE_HFSBUF_240_968	0	1.55556
u_sm_ram_I/U776	0	2.14127
u_sm_ram_I/mem_reg[244][2]	0	0.598646
u_sm_ram_Q/U3794	0	0.661505
u_sm_ram_Q/U929	0	0.963889
u_sm_ram_Q/U3827	0	0.866208
u_sm_ram_I/PLACE_HFSBUF_447_1050	0	1.55556
u_sm_ram_I/PLACE_HFSBUF_382_1048	0	1.55556
u_sm_ram_I/PLACE_HFSBUF_822_1051	0	1.48148
u_sm_ram_I/U773	0	0.578453
u_sm_ram_I/U3657	0	0.551856
u_sm_ram_Q/U1465	0	0.929205
u_sm_ram_Q/mem_reg[28][3]	0	0.971836
u_sm_ram_Q/U3724	0	1.68696
u_sm_ram_I/U1027	0	0.897269
u_sm_ram_I/mem_reg[197][1]	0	0.562207
u_sm_ram_Q/U3058	0	0.676964
u_sm_ram_I/U3174	0	1.08084
u_sm_ram_Q/PLACE_HFSBUF_41_483	0	2.55556
u_sm_ram_Q/PLACE_HFSBUF_235_1011	0	1.55556
u_sm_ram_I/U3839	0	0.947816
u_sm_ram_I/U3194	0	1.88056
u_sm_ram_Q/U3766	0	1.42599
u_sm_ram_I/U3218	0	1.73706
u_sm_ram_I/U3525	0	0.785012
u_sm_ram_I/U1494	0	0.809209
u_sm_ram_I/mem_reg[149][3]	0	0.78588
u_sm_ram_I/U3390	0	0.934209
u_sm_ram_I/mem_reg[4][1]	0	0.544456
u_sm_ram_I/U1496	0	0.64554
u_sm_ram_I/mem_reg[245][3]	0	0.994552
u_sm_ram_I/mem_reg[36][1]	0	1.01468
u_sm_ram_I/U1107	0	0.799213
u_sm_ram_I/U1571	0	1.65598
u_sm_ram_Q/U1754	0	1.00121
u_sm_ram_I/U3932	0	0.644784
u_sm_ram_Q/U3956	0	1.02988
u_sm_ram_I/PLACE_HFSBUF_287_969	0	0.555556
u_sm_ram_Q/PLACE_HFSBUF_106_1180	0	0.555556
u_sm_ram_I/PLACE_HFSBUF_334_970	0	1.54321
u_sm_ram_I/U3084	0	0.735108
u_sm_ram_I/U1165	0	1.01441
u_sm_ram_I/mem_reg[135][0]	0	0.581138
u_sm_ram_I/U774	0	0.677855
u_sm_ram_I/PLACE_HFSBUF_3700_662	0	1.55556
u_sm_ram_I/PLACE_HFSBUF_3903_663	0	1.48148
u_sm_ram_I/mem_reg[244][0]	0	1.7981
u_sm_ram_Q/mem_reg[201][2]	0	0.844576
u_sm_ram_Q/U2000	0	0.939626
u_sm_ram_I/U1102	0	0.631277
u_sm_ram_I/mem_reg[165][3]	0	1.50473
u_sm_ram_I/mem_reg[20][0]	0	1.23192
u_sm_ram_I/U3145	0	2.64773
u_sm_ram_Q/U3054	0	0.917774
u_sm_ram_Q/U1463	0	1.69118
u_sm_ram_I/U584	0	2.68931
u_sm_ram_Q/U3793	0	0.814861
u_sm_ram_I/U1570	0	1.61113
u_sm_ram_Q/U3822	0	0.856798
u_sm_ram_I/U1573	0	1.11416
u_sm_ram_Q/U4049	0	0.601076
u_sm_ram_I/U1103	0	1.22513
u_sm_ram_Q/U1059	0	1.22393
u_sm_ram_I/mem_reg[117][2]	0	1.12059
u_sm_ram_I/U3345	0	0.96625
u_sm_ram_Q/U3958	0	1.03214
u_sm_ram_I/U465	0	1.22228
u_sm_ram_Q/U2740	0	0.823438
u_sm_ram_I/U3539	0	1.11813
u_sm_ram_Q/U3750	0	0.575756
u_sm_ram_Q/U3740	0	0.751335
u_sm_ram_I/U2879	0	1.65499
u_sm_ram_Q/U3208	0	0.867569
u_sm_ram_Q/U880	0	0.556713
u_sm_ram_I/U3603	0	0.904437
u_sm_ram_I/U3452	0	1.13468
u_sm_ram_Q/U3318	0	0.605544
u_sm_ram_Q/U2432	0	1.52616
u_sm_ram_Q/U3744	0	1.45002
u_sm_ram_I/U778	0	1.66038
u_sm_ram_I/PLACE_HFSBUF_731_682	0	0.555556
u_sm_ram_Q/U3805	0	0.99755
u_sm_ram_I/U1029	0	2.16019
u_sm_ram_I/U3231	0	0.929005
u_sm_ram_Q/mem_reg[200][2]	0	0.613449
u_sm_ram_I/U3006	0	2.59467
u_sm_ram_Q/U1078	0	1.03709
u_sm_ram_I/mem_reg[101][0]	0	2.9241
u_sm_ram_I/U3309	0	0.99451
u_sm_ram_I/U1106	0	0.631235
u_sm_ram_I/mem_reg[196][2]	0	0.833947
u_sm_ram_Q/U4085	0	0.825965
u_sm_ram_Q/U3971	0	1.32533
u_sm_ram_Q/U1531	0	0.764552
u_sm_ram_I/mem_reg[20][2]	0	1.91643
u_sm_ram_Q/U3486	0	1.87022
u_sm_ram_Q/mem_reg[200][0]	0	2.34844
u_sm_ram_I/PLACE_HFSBUF_299_783	0	0.555556
u_sm_ram_Q/PLACE_HFSBUF_4525_451	0	1.55556
u_sm_ram_Q/PLACE_HFSBUF_4737_452	0	0.555556
u_sm_ram_I/U973	0	1.46253
u_sm_ram_I/U93	0	0.605602
u_sm_ram_Q/U1462	0	1.54981
u_sm_ram_I/U2621	0	0.810382
u_sm_ram_I/U4177	0	0.674823
u_sm_ram_I/mem_reg[117][3]	0	1.03406
u_sm_ram_Q/U3320	0	0.619244
u_sm_ram_I/U3561	0	1.03124
u_sm_ram_Q/U1080	0	0.54228
u_sm_ram_I/U3630	0	2.23801
u_sm_ram_Q/U1319	0	1.05398
u_sm_ram_I/U1105	0	1.11283
u_sm_ram_I/U1101	0	1.5041
u_sm_ram_Q/U1398	0	0.974151
u_sm_ram_I/U771	0	1.59758
u_sm_ram_I/U4201	0	1.49569
u_sm_ram_I/U1880	0	0.718067
u_sm_ram_Q/U3319	0	0.679599
u_sm_ram_I/U2622	0	0.771728
u_sm_ram_I/U2027	0	0.856019
u_sm_ram_I/U2149	0	2.02199
u_sm_ram_I/U3412	0	1.22488
u_sm_ram_I/PLACE_HFSBUF_4815_721	0	0.555556
u_sm_ram_Q/U3983	0	0.776316
u_sm_ram_Q/U476	0	0.849205
u_sm_ram_I/U84	0	1.57981
u_sm_ram_Q/U436	0	0.843611
u_sm_ram_I/U4178	0	0.632577
u_sm_ram_Q/mem_reg[13][2]	0	0.635297
u_sm_ram_I/U3386	0	1.53386
u_sm_ram_I/U3002	0	0.962338
u_sm_ram_I/U972	0	1.70755
u_sm_ram_Q/U156	0	1.10548
u_sm_ram_I/U971	0	1.2089
u_sm_ram_Q/mem_reg[12][2]	0	0.713553
u_sm_ram_Q/U3789	0	0.696806
u_sm_ram_I/U2551	0	0.84723
u_sm_ram_Q/U3059	0	1.87518
u_sm_ram_Q/U1464	0	1.907
u_sm_ram_I/U912	0	1.09736
u_sm_ram_Q/U3739	0	0.621227
u_sm_ram_I/mem_reg[197][3]	0	1.36858
u_sm_ram_Q/mem_reg[12][1]	0	0.553981
u_sm_ram_Q/U3738	0	0.917743
u_sm_ram_I/U3855	0	1.7541
u_sm_ram_I/U2054	0	0.621003
u_sm_ram_I/U4179	0	1.89513
u_sm_ram_Q/U2980	0	1.44562
u_sm_ram_Q/mem_reg[28][1]	0	0.699236
u_sm_ram_Q/U274	0	1.01751
u_sm_ram_I/mem_reg[116][1]	0	1.00863
u_sm_ram_I/U777	0	2.41103
u_sm_ram_Q/mem_reg[40][3]	0	0.848349
u_sm_ram_I/PLACE_HFSBUF_4705_815	0	1.55556
u_sm_ram_Q/U877	0	0.748102
u_sm_ram_I/U3182	0	0.579117
u_sm_ram_I/U970	0	0.864336
u_sm_ram_Q/U879	0	0.959699
u_sm_ram_Q/U878	0	2.00174
u_sm_ram_I/U2679	0	2.01553
u_sm_ram_I/mem_reg[135][2]	0	0.755374
u_sm_ram_I/U4180	0	1.68654
u_sm_ram_Q/U3729	0	0.954688
u_sm_ram_I/U100	0	1.73788
u_sm_ram_I/U2624	0	1.03145
u_sm_ram_I/mem_reg[116][2]	0	1.81669
u_sm_ram_I/mem_reg[198][0]	0	0.655914
u_sm_ram_Q/mem_reg[201][0]	0	0.676937
u_sm_ram_I/U1430	0	0.778962
u_sm_ram_Q/U4001	0	0.556447
u_sm_ram_Q/mem_reg[13][1]	0	1.97364
u_sm_ram_Q/U524	0	0.977743
u_sm_ram_Q/U1533	0	0.599128
u_sm_ram_Q/mem_reg[172][0]	0	0.960552
u_sm_ram_Q/U3396	0	0.742045
u_sm_ram_I/mem_reg[164][3]	0	0.779992
u_sm_ram_Q/mem_reg[13][0]	0	1.59673
u_sm_ram_I/U1429	0	1.02582
u_sm_ram_Q/U3008	0	1.37536
u_sm_ram_I/mem_reg[149][1]	0	0.940413
u_sm_ram_I/mem_reg[244][1]	0	1.06083
u_sm_ram_Q/U1530	0	2.27589
u_sm_ram_Q/U3477	0	0.830756
u_sm_ram_Q/mem_reg[44][1]	0	0.56919
u_sm_ram_I/mem_reg[244][3]	0	2.35049
u_sm_ram_I/mem_reg[117][1]	0	2.38128
u_sm_ram_I/mem_reg[149][0]	0	2.94632
u_sm_ram_I/mem_reg[149][2]	0	1.81003
u_sm_ram_Q/U3498	0	0.79439
u_sm_ram_Q/U3999	0	1.00736
u_sm_Q/en_w_reg	0	1.23719
u_sm_ram_I/mem_reg[4][2]	0	0.765478
u_sm_ram_I/U4058	0	0.969444
u_sm_ram_I/mem_reg[197][2]	0	0.752311
u_sm_ram_I/mem_reg[198][1]	0	2.66548
u_sm_ram_I/U1259	0	0.857971
u_sm_ram_I/mem_reg[247][3]	0	0.603619
u_sm_ram_I/mem_reg[247][2]	0	1.38824
u_sm_ram_Q/mem_reg[172][1]	0	0.573846
u_sm_ram_I/U3858	0	2.2653
u_sm_ram_Q/PLACE_HFSBUF_105_949	0	0.555556
u_sm_ram_I/mem_reg[247][1]	0	2.28056
u_sm_ram_Q/U762	0	0.690309
u_sm_ram_I/U412	0	0.957512
u_sm_ram_Q/mem_reg[12][3]	0	1.49889
u_sm_ram_I/U1860	0	2.55916
u_sm_ram_I/mem_reg[36][3]	0	0.788561
u_sm_ram_Q/mem_reg[12][0]	0	1.46772
u_sm_ram_I/U3714	0	1.94912
u_sm_ram_I/mem_reg[5][3]	0	0.833237
u_sm_ram_I/U3912	0	1.07709
u_sm_ram_Q/U3394	0	0.981343
u_sm_ram_Q/mem_reg[28][0]	0	1.65395
u_sm_ram_Q/U1695	0	0.58341
u_sm_ram_I/U339	0.0625	2.49091
u_sm_ram_I/mem_reg[36][0]	0	2.33769
u_sm_ram_I/U3719	0	1.94425
u_sm_ram_I/U3885	0	1.82976
u_sm_ram_I/mem_reg[164][0]	0	2.10465
u_sm_ram_Q/mem_reg[172][2]	0	2.31231
u_sm_ram_I/U1104	0	1.38201
u_sm_ram_Q/mem_reg[28][2]	0	2.92113
u_sm_ram_Q/U1397	0	1.40401
u_sm_ram_Q/U1399	0	1.47781
u_sm_ram_Q/mem_reg[108][2]	0	0.859556
u_sm_ram_I/U4053	0	0.751532
u_sm_ram_Q/mem_reg[44][3]	0	0.934421
u_sm_ram_Q/mem_reg[201][3]	0	1.02544
u_sm_ram_I/U2564	0	0.948414
u_sm_ram_I/U1432	0	1.55159
u_sm_ram_I/U3015	0	1.25012
u_sm_ram_I/PLACE_HFSBUF_5492_768	0	0.555556
u_sm_ram_Q/U3210	0	0.805208
u_sm_ram_I/U1431	0	1.71408
u_sm_ram_I/mem_reg[36][2]	0	0.660285
u_sm_ram_Q/U1416	0	0.879653
u_sm_ram_I/U3880	0	0.640656
u_sm_ram_I/U3474	0	1.42143
u_sm_ram_I/U853	0	0.654981
u_sm_ram_Q/U3238	0	1.59702
u_sm_ram_I/mem_reg[118][0]	0	1.09293
u_sm_ram_Q/mem_reg[29][1]	0	0.868017
u_sm_ram_Q/mem_reg[45][1]	0	1.62661
u_sm_ram_Q/U765	0	0.861852
u_sm_ram_I/U3011	0	0.784772
u_sm_ram_I/mem_reg[116][0]	0	1.26177
u_sm_ram_I/U1652	0	0.647087
u_sm_ram_Q/mem_reg[45][3]	0	2.44757
u_sm_ram_I/U3747	0	1.07897
u_sm_ram_Q/U761	0	1.38274
u_sm_ram_Q/U1829	0	0.772025
u_sm_ram_I/mem_reg[5][2]	0	0.850093
u_sm_ram_Q/U763	0	0.598862
u_sm_ram_I/U3220	0	0.794082
u_sm_ram_Q/U3265	0	1.2651
u_sm_ram_I/U3211	0	1.16245
u_sm_ram_Q/U89	0	0.967855
u_sm_ram_I/U1099	0	0.968337
u_sm_ram_I/U1208	0	0.850559
u_sm_ram_Q/U1139	0	2.24013
u_sm_ram_Q/U1525	0	0.784471
u_sm_ram_I/U181	0	1.43695
u_sm_ram_Q/U437	0	1.60882
u_sm_ram_Q/U3285	0	0.901543
u_sm_ram_Q/U1527	0	0.650895
u_sm_ram_Q/U4002	0	0.812593
u_sm_ram_I/U3216	0	1.29844
u_sm_ram_I/U3320	0	1.92234
u_sm_ram_I/U782	0	0.802118
u_sm_ram_I/mem_reg[246][3]	0	1.18235
u_sm_ram_I/U2150	0	1.46086
u_sm_ram_I/U2995	0	2.0959
u_sm_ram_I/PLACE_HFSBUF_143_784	0	1.55556
u_sm_ram_I/U3225	0	0.57733
u_sm_ram_Q/U1526	0	1.50892
u_sm_ram_Q/U1673	0	0.999904
u_sm_ram_I/U1858	0	0.704564
u_sm_ram_I/U3368	0	0.622245
u_sm_ram_I/U4204	0	1.41684
u_sm_ram_I/U3004	0	1.93215
u_sm_ram_Q/mem_reg[44][0]	0	0.730243
u_sm_ram_Q/PLACE_HFSBUF_94_485	0	0.555556
u_sm_ram_I/U852	0	0.944545
u_sm_ram_Q/mem_reg[40][0]	0	0.661223
u_sm_ram_Q/mem_reg[29][2]	0	1.12825
u_sm_ram_Q/mem_reg[156][3]	0	1.78425
u_sm_ram_Q/U385	0	1.01982
u_sm_ram_I/U41	0	1.00382
u_sm_ram_I/U66	0	0.837701
u_sm_ram_Q/U1137	0	0.937492
u_sm_ram_Q/U759	0	1.57647
u_sm_ram_I/mem_reg[22][3]	0	1.73845
u_sm_ram_Q/U3510	0	0.622234
u_sm_ram_Q/mem_reg[156][2]	0	1.60933
u_sm_ram_I/U1503	0	0.94615
u_sm_ram_Q/mem_reg[13][3]	0	1.71785
u_sm_ram_I/U3188	0	1.44737
u_sm_ram_Q/U764	0	0.813592
u_sm_ram_Q/U3728	0	1.57482
u_sm_ram_I/U463	0	1.54617
u_sm_ram_I/U578	0	2.06371
u_sm_ram_I/U3009	0	0.832346
u_sm_ram_Q/U4000	0	1.03077
u_sm_ram_I/U265	0	0.798472
u_sm_ram_I/U1903	0	1.48578
u_sm_ram_Q/U1413	0	1.46798
u_sm_ram_Q/U4004	0	0.77566
u_sm_ram_Q/U3307	0	1.6814
u_sm_ram_I/U3706	0	1.47581
u_sm_ram_I/U3861	0	1.17389
u_sm_ram_I/U3088	0	0.841169
u_sm_ram_Q/U67	0	0.73412
u_sm_ram_I/U332	0	0.696898
u_sm_ram_I/U303	0	0.895563
u_sm_ram_Q/U766	0	1.11746
u_sm_ram_I/U3227	0	0.953241
u_sm_ram_Q/PLACE_HFSBUF_357_1119	0	1.55556
u_sm_ram_Q/PLACE_HFSBUF_489_1114	0	0.555556
u_sm_ram_I/U3083	0	2.22567
u_sm_ram_Q/U1140	0	0.589201
u_sm_ram_Q/U1459	0	0.902639
u_sm_ram_Q/mem_reg[204][3]	0	0.971848
u_sm_ram_Q/PLACE_HFSINV_4830_863	0	1.55556
u_sm_ram_Q/U3614	0	0.733688
u_sm_ram_I/mem_reg[118][3]	0	1.27125
u_sm_ram_I/U3816	0	1.0013
u_sm_ram_I/U217	0	1.0008
u_sm_ram_I/U3888	0	1.60981
u_sm_ram_I/U337	0	0.746111
u_sm_ram_I/U3919	0	1.15416
u_sm_ram_I/U3867	0	0.730698
u_sm_ram_I/U3709	0	0.943399
u_sm_ram_I/U2366	0	0.760567
u_sm_ram_I/U3665	0	0.727917
u_sm_ram_Q/mem_reg[44][2]	0	1.91595
u_sm_ram_I/U3898	0	0.845378
u_sm_ram_I/mem_reg[246][0]	0	1.16693
u_sm_ram_Q/U1138	0	1.48489
u_sm_ram_I/mem_reg[246][2]	0	3.03281
u_sm_ram_Q/U1528	0	0.823137
u_sm_ram_I/U3233	0	0.977955
u_sm_ram_Q/U2448	0	1.29476
u_sm_ram_I/U1568	0	0.778337
u_sm_ram_Q/U2137	0	1.72788
u_sm_ram_I/U3732	0	1.13858
u_sm_ram_Q/U1415	0	0.89784
u_sm_ram_I/U1096	0	0.646366
u_sm_ram_Q/U760	0	0.634414
u_sm_ram_I/U577	0	1.33025
u_sm_ram_Q/PLACE_HFSBUF_182_596	0	0.530864
u_sm_ram_I/U1672	0	1.08398
u_sm_ram_I/mem_reg[196][3]	0	0.637897
u_sm_ram_Q/U3363	0	1.05579
u_sm_ram_Q/U163	0	0.67968
u_sm_ram_I/PLACE_HFSBUF_44_192	0	1.55556
u_sm_ram_Q/mem_reg[170][0]	0	1.14062
u_sm_ram_Q/U3557	0	0.549861
u_sm_ram_I/U2097	0	1.37295
u_sm_ram_I/U3952	0	0.921894
u_sm_ram_Q/mem_reg[41][0]	0	1.98102
u_sm_ram_I/U1098	0	1.03475
u_sm_ram_I/U3265	0	0.681578
u_sm_ram_I/U2375	0	1.18927
u_sm_ram_I/U3857	0	1.21674
u_sm_ram_Q/U3496	0	0.724356
u_sm_ram_I/U1892	0	1.57274
u_sm_ram_Q/U3140	0	0.70517
u_sm_ram_Q/U2230	0	1.7129
u_sm_ram_I/U3389	0	1.01975
u_sm_ram_I/U410	0	1.15891
u_sm_ram_Q/U3970	0	1.6054
u_sm_ram_Q/U750	0	1.2566
u_sm_ram_I/U3172	0	0.831532
u_sm_ram_I/U11	0	0.804718
u_sm_ram_I/U3842	0	1.48405
u_sm_ram_I/U3836	0	1.18888
u_sm_ram_Q/mem_reg[108][0]	0	1.15783
u_sm_ram_Q/U2231	0	1.6624
u_sm_ram_I/U3966	0	0.929556
u_sm_ram_Q/mem_reg[204][2]	0	1.59949
u_sm_ram_I/U3911	0	0.610012
u_sm_ram_I/U3196	0	0.653858
u_sm_ram_I/U3915	0	0.704302
u_sm_ram_I/U3887	0	1.28873
u_sm_ram_I/U3765	0	1.20307
u_sm_ram_Q/mem_reg[108][3]	0	3.3048
u_sm_ram_Q/U3537	0	0.881717
u_sm_ram_I/U35	0	1.09739
u_sm_ram_I/U3868	0	1.80791
u_sm_ram_I/U3961	0	1.07336
u_sm_ram_I/mem_reg[119][1]	0	1.51997
u_sm_ram_I/U3575	0	1.2595
u_sm_ram_I/U3899	0	2.46587
u_sm_ram_Q/U1460	0	0.990127
u_sm_ram_Q/U300	0	1.29785
u_sm_ram_Q/mem_reg[200][1]	0	0.830505
u_sm_ram_Q/U1843	0	0.822573
u_sm_ram_I/U1256	0	1.55475
u_sm_ram_Q/U1392	0	1.09565
u_sm_ram_I/U3837	0	0.798376
u_sm_ram_I/U3822	0	1.136
u_sm_ram_Q/mem_reg[200][3]	0	2.66911
u_sm_ram_Q/U1458	0	1.36822
u_sm_ram_I/U3926	0	0.607998
u_sm_ram_I/U3927	0	1.17695
u_sm_ram_I/U191	0	0.840829
u_sm_ram_Q/U3669	0	0.571235
u_sm_ram_I/U3941	0	0.671358
u_sm_ram_Q/mem_reg[108][1]	0	2.77155
u_sm_ram_Q/U1389	0	0.949082
u_sm_ram_Q/PLACE_HFSINV_4574_865	0	0.469136
u_sm_ram_I/U3823	0	1.26981
u_sm_ram_Q/U3965	0	0.652442
u_sm_ram_I/U1487	0	1.14703
u_sm_ram_I/U3705	0	0.712747
u_sm_ram_I/mem_reg[118][2]	0	1.1067
u_sm_ram_I/U3967	0	0.898326
u_sm_ram_Q/mem_reg[173][2]	0	0.553248
u_sm_ram_Q/U3434	0	1.00903
u_sm_ram_Q/mem_reg[45][0]	0	1.84922
u_sm_ram_Q/U884	0	0.587133
u_sm_ram_I/PLACE_HFSBUF_105_312	0	0.555556
u_sm_ram_I/U3357	0	1.49322
u_sm_ram_I/U3953	0	1.82926
u_sm_ram_I/U3850	0	1.43436
u_sm_ram_I/U3753	0	0.580548
u_sm_ram_Q/mem_reg[26][2]	0	1.02405
u_sm_ram_Q/U1453	0	1.54901
u_sm_ram_Q/mem_reg[201][1]	0	1.40232
u_sm_ram_I/U1328	0	1.12321
u_sm_ram_I/U3717	0	0.876539
u_sm_ram_I/U3453	0	1.52903
u_sm_ram_I/U2214	0	0.956624
u_sm_ram_I/U3192	0	0.557731
u_sm_ram_I/U3000	0	1.10802
u_sm_ram_I/PLACE_HFSBUF_105_313	0	1.55556
u_sm_ram_I/U3851	0	0.864988
u_sm_ram_I/U1488	0	1.38809
u_sm_ram_Q/U1414	0	1.42958
u_sm_ram_I/U1097	0	0.94566
u_sm_ram_Q/U3723	0	1.37347
u_sm_ram_Q/U3189	0	0.909579
u_sm_ram_Q/mem_reg[29][3]	0	0.74887
u_sm_ram_Q/U944	0	1.76555
u_sm_ram_I/U2284	0	0.688954
u_sm_ram_I/U2374	0	1.23706
u_sm_ram_I/U2363	0	1.03773
u_sm_ram_Q/mem_reg[157][2]	0	0.813997
u_sm_ram_Q/mem_reg[30][2]	0	1.66473
u_sm_ram_I/U31	0	1.02586
u_sm_ram_Q/U3449	0	1.16825
u_sm_ram_I/U3909	0	2.39732
u_sm_ram_I/U114	0	1.15982
u_sm_ram_I/U573	0	0.7011
u_sm_ram_I/U974	0	0.904236
u_sm_ram_I/U1933	0	0.570532
u_sm_ram_Q/mem_reg[173][0]	0	0.754479
u_sm_ram_I/U3722	0	1.20719
u_sm_ram_Q/U945	0	2.41842
u_sm_ram_I/U1489	0	0.984298
u_sm_ram_I/U2053	0	0.874981
u_sm_ram_Q/U3963	0	0.934676
u_sm_ram_I/PLACE_HFSBUF_102_360	0	0.555556
u_sm_ram_I/U4207	0	0.587423
u_sm_ram_Q/U1810	0	0.91385
u_sm_ram_I/U3910	0	1.15712
u_sm_ram_Q/U3342	0	0.960255
u_sm_ram_Q/mem_reg[40][2]	0	0.939653
u_sm_ram_Q/mem_reg[40][1]	0	2.75358
u_sm_ram_Q/U1792	0	1.74427
u_sm_ram_I/U2154	0	1.22506
u_sm_ram_I/U3908	0	0.847569
u_sm_ram_I/mem_reg[246][1]	0	0.814869
u_sm_ram_I/U976	0	0.963657
u_sm_ram_I/U779	0	0.830054
u_sm_ram_Q/U1393	0	1.36078
u_sm_ram_Q/mem_reg[46][0]	0	1.54908
u_sm_ram_Q/mem_reg[47][0]	0	0.676995
u_sm_ram_I/U1486	0	0.671782
u_sm_ram_Q/U3072	0	2.36767
u_sm_ram_Q/mem_reg[31][3]	0	2.35268
u_sm_ram_I/U3853	0	1.01569
u_sm_ram_I/U3852	0	1.00805
u_sm_ram_I/U3731	0	0.615262
u_sm_ram_I/U977	0	1.40851
u_sm_ram_Q/U3475	0	0.826273
u_sm_ram_I/U3968	0	0.920529
u_sm_ram_Q/U754	0	1.46283
u_sm_ram_I/mem_reg[148][0]	0	1.1073
u_sm_ram_I/U3969	0	0.914379
u_sm_ram_Q/U752	0	0.552392
u_sm_ram_Q/U3322	0	0.771242
u_sm_ram_Q/PLACE_HFSBUF_1664_1010	0	0.555556
u_sm_ram_I/U576	0	1.38007
u_sm_ram_I/U3764	0	1.83114
u_sm_ram_I/U2941	0	0.799348
u_sm_ram_I/U2215	0	0.615988
u_sm_ram_I/U3209	0	1.31379
u_sm_ram_Q/U1811	0	1.4036
u_sm_ram_I/mem_reg[148][2]	0	1.94155
u_sm_ram_Q/U262	0	1.75471
u_sm_ram_I/U3942	0	0.889541
u_sm_ram_Q/U3524	0	0.589063
u_sm_ram_I/mem_reg[5][0]	0	0.573295
u_sm_ram_I/U1093	0	0.775841
u_sm_ram_I/PLACE_HFSBUF_11817_802	0	1.51852
u_sm_ram_I/mem_reg[22][0]	0	1.23108
u_sm_ram_Q/U362	0	2.04976
u_sm_ram_Q/mem_reg[46][3]	0	3.07543
u_sm_ram_Q/mem_reg[204][0]	0	2.34538
u_sm_ram_Q/mem_reg[203][3]	0	0.601015
u_sm_ram_Q/mem_reg[29][0]	0	1.82361
u_sm_ram_Q/PLACE_HFSBUF_9891_507	0	0.345679
u_sm_ram_I/U3771	0	0.858148
u_sm_ram_I/mem_reg[22][1]	0	1.23341
u_sm_ram_I/mem_reg[217][1]	0	1.9195
u_sm_ram_Q/mem_reg[205][2]	0	1.2031
u_sm_ram_I/U2283	0	2.6102
u_sm_ram_Q/U1813	0	2.14043
u_sm_ram_I/U3013	0	0.754699
u_sm_ram_Q/U3315	0	1.00878
u_sm_ram_Q/U1796	0	0.907755
u_sm_ram_Q/mem_reg[205][3]	0	2.83698
u_sm_ram_I/U1092	0	0.678951
u_sm_ram_I/mem_reg[118][1]	0	1.91014
u_sm_ram_I/U3730	0	0.802716
u_sm_ram_I/U975	0	0.877762
u_sm_ram_Q/U751	0	1.46534
u_sm_ram_Q/U3282	0	1.05921
u_sm_ram_I/U3367	0	0.849132
u_sm_ram_I/U3781	0	1.01845
u_sm_ram_I/mem_reg[119][0]	0	0.889495
u_sm_ram_I/U3806	0	2.5804
u_sm_ram_I/U3229	0	0.740077
u_sm_ram_Q/mem_reg[170][1]	0	1.11884
u_sm_ram_Q/U1812	0	1.85811
u_sm_ram_Q/U3325	0	1.97064
u_sm_ram_I/U3763	0	0.602029
u_sm_ram_Q/U2423	0	0.839471
u_sm_ram_I/U3743	0	1.34897
u_sm_ram_Q/U3247	0	2.09561
u_sm_ram_I/mem_reg[22][2]	0	2.65851
u_sm_ram_I/U3223	0	0.858819
u_sm_ram_Q/U1452	0	1.76095
u_sm_ram_Q/U3324	0	0.575374
u_sm_ram_I/mem_reg[148][3]	0	0.984834
u_sm_ram_I/U3522	0	2.07307
u_sm_ram_I/U3780	0	0.786755
u_sm_ram_I/U780	0	2.30914
u_sm_ram_Q/PLACE_HFSBUF_133_1004	0	1.55556
u_sm_ram_Q/PLACE_HFSBUF_1162_1008	0	0.555556
u_sm_ram_I/U3204	0	0.767994
u_sm_ram_I/U3783	0	1.11576
u_sm_ram_Q/U120	0	0.640671
u_sm_ram_Q/U1409	0	1.47881
u_sm_ram_Q/U3847	0	1.28328
u_sm_ram_Q/U3550	0	0.957411
u_sm_ram_Q/PLACE_HFSBUF_44_597	0	1.55556
u_sm_ram_I/U3751	0	0.906659
u_sm_ram_I/U3750	0	0.639263
u_sm_ram_Q/mem_reg[170][2]	0	1.0516
u_sm_ram_Q/U1450	0	0.881636
u_sm_ram_Q/U748	0	0.782735
u_sm_ram_I/U3782	0	0.886088
u_sm_ram_Q/U1456	0	0.748499
u_sm_ram_I/mem_reg[196][1]	0	0.879981
u_sm_ram_Q/U875	0	1.32054
u_sm_ram_Q/U753	0	0.553279
u_sm_ram_Q/U3468	0	0.608403
u_sm_ram_I/U3752	0	0.72711
u_sm_ram_Q/U247	0	1.77905
u_sm_ram_I/U3935	0	1.22093
u_sm_ram_Q/U3952	0	1.22992
u_sm_ram_I/U1095	0	0.873989
u_sm_ram_Q/U1451	0	1.03761
u_sm_ram_Q/U3617	0	0.560768
u_sm_ram_Q/PLACE_HFSBUF_48_838	0	2.53086
u_sm_ram_Q/mem_reg[26][3]	0	2.54415
u_sm_ram_Q/U873	0	1.68441
u_sm_ram_Q/U2232	0	2.05363
u_sm_ram_Q/mem_reg[26][1]	0	2.44323
u_sm_ram_Q/mem_reg[31][2]	0	0.95446
u_sm_ram_Q/U3530	0	1.61347
u_sm_ram_Q/U942	0	0.714333
u_sm_ram_Q/U3515	0	1.15511
u_sm_ram_Q/U2841	0	0.746134
u_sm_ram_Q/U121	0	0.770401
u_sm_ram_I/U3279	0	0.735012
u_sm_ram_Q/U3455	0	0.757936
u_sm_ram_Q/U532	0	0.967087
u_sm_ram_I/mem_reg[148][1]	0	1.49123
u_sm_ram_Q/U1472	0	1.74834
u_sm_ram_Q/mem_reg[203][0]	0	1.94253
u_sm_ram_I/U3790	0	1.45331
u_sm_ram_Q/U1477	0	1.04878
u_sm_ram_I/U1346	0	1.30504
u_sm_ram_I/U3931	0	1.66886
u_sm_ram_I/U1344	0	0.917222
u_sm_ram_Q/mem_reg[203][1]	0	0.64858
u_sm_ram_I/U3807	0	0.758117
u_sm_ram_I/U1347	0	0.957477
u_sm_ram_I/U1094	0	1.15115
u_sm_ram_Q/mem_reg[24][3]	0	0.820714
u_sm_ram_Q/U1385	0	1.45906
u_sm_ram_I/U3738	0	0.941678
u_sm_ram_Q/U57	0	0.793129
u_sm_ram_Q/PLACE_HFSBUF_6123_524	0	0.555556
u_sm_ram_Q/PLACE_HFSBUF_16855_514	0	0.555556
u_sm_ram_Q/PLACE_HFSBUF_9617_499	0	1.55556
u_sm_ram_I/U3285	0	2.00788
u_sm_ram_Q/U3128	0	2.11115
u_sm_ram_I/U3201	0	1.27704
u_sm_ram_I/PLACE_HFSINV_13914_708	0	0.555556
u_sm_ram_I/PLACE_HFSINV_11241_702	0	1.55556
u_sm_ram_I/U3793	0	0.854244
u_sm_ram_I/U179	0	1.4062
u_sm_ram_Q/U1412	0	1.7443
u_sm_ram_I/PLACE_HFSBUF_6562_719	0	1.55556
u_sm_ram_I/PLACE_HFSBUF_4677_725	0	0.555556
u_sm_ram_I/PLACE_HFSBUF_3528_661	0	0.555556
u_sm_ram_I/PLACE_HFSBUF_6374_718	0	0.555556
u_sm_ram_Q/mem_reg[30][1]	0	0.859969
u_sm_ram_I/U4059	0	0.675324
u_sm_ram_Q/U1790	0	2.07426
u_sm_ram_I/mem_reg[5][1]	0	0.9387
u_sm_ram_I/PLACE_HFSBUF_34_480	0	1.55556
u_sm_ram_I/PLACE_HFSINV_179_479	0	0.432099
u_sm_ram_I/mem_reg[137][3]	0	0.801551
u_sm_ram_I/U1162	0	1.81542
u_sm_ram_Q/U1479	0	1.12815
u_sm_ram_Q/mem_reg[31][1]	0	2.58041
u_sm_ram_Q/U357	0	1.73601
u_sm_ram_I/U1345	0	1.90258
u_sm_ram_I/mem_reg[8][1]	0	0.9912
u_sm_ram_I/U1163	0	1.37183
u_sm_ram_I/U2550	0	1.66502
u_sm_ram_Q/mem_reg[45][2]	0	0.892037
u_sm_ram_Q/mem_reg[25][3]	0	2.03571
u_sm_ram_Q/U3976	0	0.715872
u_sm_ram_Q/U943	0	0.834313
u_sm_ram_Q/mem_reg[47][1]	0	1.98147
u_sm_ram_Q/U3356	0	1.3627
u_sm_ram_Q/U938	0	1.0173
u_sm_ram_Q/U3188	0	0.616829
u_sm_ram_Q/U1481	0	2.43223
u_sm_ram_Q/U3433	0	1.03733
u_sm_ram_Q/U1410	0	0.716235
u_sm_ram_Q/U90	0	1.39124
u_sm_ram_Q/mem_reg[31][0]	0	0.748534
u_sm_ram_Q/U1411	0	1.44328
u_sm_ram_Q/U2324	0	1.56808
u_sm_ram_Q/U2145	0	1.13909
u_sm_ram_Q/mem_reg[156][0]	0	0.937087
u_sm_ram_Q/U3139	0	2.30071
u_sm_ram_I/mem_reg[57][3]	0	0.638252
u_sm_ram_Q/U1455	0	0.814221
u_sm_ram_Q/U3175	0	0.638758
u_sm_ram_Q/U3430	0	0.844919
u_sm_ram_Q/PLACE_HFSBUF_37_489	0	1.55556
u_sm_ram_Q/U2569	0	1.98063
u_sm_ram_I/mem_reg[102][1]	0	2.07419
u_sm_ram_Q/U876	0	0.745216
u_sm_ram_Q/mem_reg[204][1]	0	0.799005
u_sm_ram_Q/U2507	0	2.36871
u_sm_ram_I/mem_reg[119][3]	0	0.945876
u_sm_ram_Q/U3236	0	0.6724
u_sm_ram_Q/U2597	0	0.762774
u_sm_ram_Q/mem_reg[157][0]	0	1.13931
u_sm_ram_Q/U1474	0	2.44921
u_sm_ram_I/mem_reg[57][2]	0	2.72388
u_sm_ram_Q/U2673	0	0.801555
u_sm_ram_Q/U874	0	0.976269
u_sm_ram_I/PLACE_HFSBUF_12326_703	0	0.555556
u_sm_ram_Q/PLACE_HFSINV_4351_862	0	0.555556
u_sm_ram_Q/PLACE_HFSBUF_3155_523	0	1.55556
u_sm_ram_Q/PLACE_HFSBUF_3015_515	0	0.555556
u_sm_ram_I/U695	0	2.4239
u_sm_ram_I/U3515	0	0.651138
u_sm_ram_I/U3647	0	1.71006
u_sm_ram_Q/U745	0	1.23925
u_sm_ram_I/mem_reg[57][0]	0	2.21231
u_sm_ram_Q/PLACE_HFSBUF_11405_512	0	1.53086
u_sm_ram_Q/PLACE_HFSINV_3565_867	0	1.55556
u_sm_ram_Q/U1390	0	2.09711
u_sm_ram_Q/U2672	0	2.68021
u_sm_ram_Q/U3364	0	1.38534
u_sm_ram_Q/mem_reg[170][3]	0	1.22844
u_sm_ram_Q/mem_reg[41][1]	0	0.596103
u_sm_ram_Q/U511	0	0.832002
u_sm_ram_I/U2592	0	1.95896
u_sm_ram_Q/U1475	0	0.708661
u_sm_ram_Q/mem_reg[24][1]	0	1.18633
u_sm_ram_Q/mem_reg[27][2]	0	1.01986
u_sm_ram_Q/U1773	0	1.46833
u_sm_ram_Q/U1478	0	2.66821
u_sm_ram_I/U565	0	0.930062
u_sm_ram_Q/U3183	0	0.945992
u_sm_ram_I/U3430	0	1.01091
u_sm_ram_I/mem_reg[88][3]	0	0.815166
u_sm_ram_I/mem_reg[119][2]	0	1.50425
u_sm_ram_I/U3674	0	0.972025
u_sm_ram_I/U3336	0	1.31008
u_sm_ram_I/U3616	0	1.7552
u_sm_ram_Q/PLACE_HFSBUF_9253_543	0	0.555556
u_sm_ram_I/mem_reg[196][0]	0	1.02557
u_sm_ram_Q/U3978	0	1.36992
u_sm_ram_Q/U2671	0	0.87527
u_sm_ram_Q/mem_reg[41][2]	0	2.36618
u_sm_ram_I/U3473	0	1.50795
u_sm_ram_I/U2591	0	0.927998
u_sm_ram_Q/U3846	0	1.99127
u_sm_ram_Q/U3345	0	0.69865
u_sm_ram_I/U2597	0	0.869221
u_sm_ram_Q/U1391	0	0.887527
u_sm_ram_I/U2841	0	1.07937
u_sm_ram_Q/mem_reg[207][0]	0	1.45042
u_sm_ram_I/mem_reg[57][1]	0	0.823947
u_sm_ram_Q/U1454	0	2.42469
u_sm_ram_I/mem_reg[102][3]	0	0.712789
u_sm_ram_Q/U1470	0	2.12896
u_sm_ram_I/U2548	0	1.08542
u_sm_ram_Q/U1467	0	1.02856
u_sm_ram_I/U1022	0	2.35256
u_sm_ram_I/U3532	0	1.2183
u_sm_ram_I/mem_reg[102][2]	0	2.57652
u_sm_ram_Q/U3321	0	0.745262
u_sm_ram_Q/U1480	0	0.849309
u_sm_ram_I/U825	0	0.918627
u_sm_ram_Q/U468	0	0.698029
u_sm_ram_I/mem_reg[185][2]	0	0.919155
u_sm_ram_Q/U2596	0	1.44297
u_sm_ram_I/U3202	0	0.993584
u_sm_ram_Q/mem_reg[157][1]	0	1.49549
u_sm_ram_I/U3399	0	1.99557
u_sm_ram_I/U4085	0	0.667747
u_sm_ram_I/U1282	0	0.895718
u_sm_ram_Q/PLACE_HFSBUF_672_1007	0	0.555556
u_sm_ram_Q/mem_reg[25][0]	0	1.23616
u_sm_ram_I/U2261	0	0.779414
u_sm_ram_Q/PLACE_HFSBUF_399_996	0	1.55556
u_sm_ram_Q/mem_reg[27][1]	0	0.971262
u_sm_ram_Q/mem_reg[25][1]	0	1.77075
u_sm_ram_I/U1552	0	1.55062
u_sm_ram_I/U3302	0	0.869576
u_sm_ram_Q/mem_reg[157][3]	0	0.929873
u_sm_ram_I/U1551	0	1.96944
u_sm_ram_Q/mem_reg[173][3]	0	0.951466
u_sm_ram_Q/mem_reg[203][2]	0	1.44321
u_sm_ram_I/mem_reg[137][2]	0	1.92472
u_sm_ram_Q/U3561	0	1.63138
u_sm_ram_Q/mem_reg[207][3]	0	0.618391
u_sm_ram_Q/mem_reg[47][3]	0	0.650806
u_sm_ram_Q/mem_reg[156][1]	0	1.26026
u_sm_ram_Q/U2674	0	1.79013
u_sm_ram_Q/mem_reg[202][0]	0	1.19155
u_sm_ram_I/U697	0	0.615343
u_sm_ram_Q/U3803	0	2.55894
u_sm_ram_Q/U3570	0	0.652454
u_sm_ram_Q/U1457	0	1.82595
u_sm_ram_Q/PLACE_HFSBUF_12007_548	0	0.469136
u_sm_ram_I/U564	0	0.986663
u_sm_ram_Q/U1386	0	0.705139
u_sm_ram_I/mem_reg[185][0]	0	1.31559
u_sm_ram_Q/mem_reg[207][1]	0	2.3903
u_sm_ram_Q/mem_reg[26][0]	0	0.581952
u_sm_ram_Q/mem_reg[30][0]	0	1.04691
u_sm_ram_Q/PLACE_HFSBUF_107_1177	0	1.55556
u_sm_ram_Q/mem_reg[24][2]	0	1.42536
u_sm_ram_Q/U743	0	0.760039
u_sm_ram_Q/U1814	0	1.25006
u_sm_ram_Q/mem_reg[46][1]	0	1.08634
u_sm_ram_I/U566	0	0.810559
u_sm_ram_Q/mem_reg[202][3]	0	1.52127
u_sm_ram_I/mem_reg[73][3]	0	1.55128
u_sm_ram_Q/PLACE_HFSBUF_57_948	0	0.481481
u_sm_ram_Q/U1387	0	2.44135
u_sm_ram_I/mem_reg[217][2]	0	0.610019
u_sm_ram_Q/U3149	0	0.606458
u_sm_ram_Q/mem_reg[173][1]	0	2.23991
u_sm_ram_I/mem_reg[8][2]	0	1.48722
u_sm_ram_I/U1553	0	1.03869
u_sm_ram_I/mem_reg[102][0]	0	0.766833
u_sm_ram_I/U1021	0	0.581929
u_sm_ram_Q/U3668	0	0.747118
u_sm_ram_I/U1550	0	0.583731
u_sm_ram_I/mem_reg[249][1]	0	1.14957
u_sm_ram_Q/U925	0	0.831269
u_sm_ram_Q/mem_reg[207][2]	0	1.31995
u_sm_ram_Q/mem_reg[175][0]	0	1.0613
u_sm_ram_I/U2505	0	1.00519
u_sm_ram_I/mem_reg[185][1]	0	1.69851
u_sm_ram_I/U4096	0	0.930312
u_sm_ram_Q/PLACE_HFSBUF_709_539	0	0.555556
u_sm_ram_Q/PLACE_HFSBUF_931_538	0	0.481481
u_sm_ram_I/mem_reg[249][2]	0	0.770748
u_sm_ram_I/U567	0	2.33871
u_sm_ram_Q/mem_reg[206][3]	0	2.90984
u_sm_ram_Q/mem_reg[30][3]	0	2.56345
u_sm_ram_I/U692	0	0.912948
u_sm_ram_Q/mem_reg[46][2]	0	1.47281
u_sm_ram_Q/mem_reg[47][2]	0	0.69213
u_sm_ram_I/U1738	0	1.04984
u_sm_ram_I/U1380	0	0.731775
u_sm_ram_I/mem_reg[8][3]	0	1.09906
u_sm_ram_Q/U2594	0	1.64209
u_sm_ram_Q/U1468	0	2.42744
u_sm_ram_Q/mem_reg[205][1]	0	0.613368
u_sm_ram_I/mem_reg[217][0]	0	2.17589
u_sm_ram_Q/U3678	0	1.48192
u_sm_ram_I/U1348	0	1.83917
u_sm_ram_Q/U3722	0	1.31047
u_sm_ram_I/mem_reg[217][3]	0	0.879209
u_sm_ram_I/U3293	0	1.62705
u_sm_ram_I/mem_reg[248][1]	0	1.54557
u_sm_ram_I/PLACE_HFSBUF_60_361	0	1.55556
u_sm_ram_Q/U3607	0	1.74825
u_sm_ram_Q/mem_reg[27][3]	0	1.72454
u_sm_ram_Q/U1698	0	1.10062
u_sm_ram_Q/U3667	0	2.18942
u_sm_ram_Q/mem_reg[41][3]	0	1.03849
u_sm_ram_I/U3625	0	1.03519
u_sm_ram_Q/U3608	0	1.78147
u_sm_ram_I/mem_reg[24][0]	0	1.05204
u_sm_ram_Q/U1668	0	1.77733
u_sm_ram_I/U1350	0	0.840444
u_sm_ram_I/U2653	0	0.903603
u_sm_ram_Q/U1699	0	1.44234
u_sm_ram_I/mem_reg[9][0]	0	1.68165
u_sm_ram_I/mem_reg[8][0]	0	2.91579
u_sm_ram_I/U3516	0	0.758187
u_sm_ram_Q/U742	0	1.95954
u_sm_ram_I/U2936	0	0.691825
u_sm_ram_Q/U1834	0	2.17247
u_sm_ram_Q/PLACE_HFSBUF_141_1001	0	0.506173
u_sm_ram_Q/U3783	0	0.864117
u_sm_ram_I/U3280	0	1.46818
u_sm_ram_I/mem_reg[201][0]	0	0.710883
u_sm_ram_I/U2041	0	0.935999
u_sm_ram_I/U1349	0	1.22649
u_sm_ram_Q/U2536	0	0.593777
u_sm_ram_I/mem_reg[25][0]	0	0.632832
u_sm_ram_Q/U1842	0	1.72244
u_sm_ram_I/U3668	0	1.6717
u_sm_ram_I/mem_reg[136][3]	0	0.636177
u_sm_ram_I/mem_reg[184][1]	0	0.82745
u_sm_ram_Q/U1476	0	1.85418
u_sm_ram_I/mem_reg[249][3]	0	0.913337
u_sm_ram_Q/mem_reg[175][3]	0	0.741053
u_sm_ram_I/mem_reg[56][0]	0	1.19044
u_sm_ram_Q/PLACE_HFSBUF_443_1000	0	1.55556
u_sm_ram_Q/U3454	0	0.665687
u_sm_ram_I/mem_reg[89][3]	0	3.01571
u_sm_ram_I/U1090	0	2.05732
u_sm_ram_I/U4066	0	1.70581
u_sm_ram_I/U1351	0	2.20073
u_sm_ram_I/U3569	0	0.940737
u_sm_ram_Q/mem_reg[175][1]	0	1.9884
u_sm_ram_I/PLACE_HFSBUF_95_474	0	1.55556
u_sm_ram_Q/U3804	0	1.48715
u_sm_ram_I/mem_reg[56][1]	0	0.637465
u_sm_ram_I/U1221	0	2.39802
u_sm_ram_I/U2042	0	2.33468
u_sm_ram_I/mem_reg[200][0]	0	2.49031
u_sm_ram_Q/mem_reg[174][1]	0	0.9487
u_sm_ram_Q/U2506	0	1.59759
u_sm_ram_Q/PLACE_HFSBUF_3133_1108	0	1.55556
u_sm_ram_Q/U3073	0	1.07212
u_sm_ram_Q/PLACE_HFSBUF_554_1112	0	1.55556
u_sm_ram_Q/U3029	0	1.17446
u_sm_ram_Q/U739	0	0.825868
u_sm_ram_I/U1280	0	0.623329
u_sm_ram_Q/mem_reg[92][3]	0	0.797747
u_sm_ram_I/U2594	0	2.35503
u_sm_ram_I/mem_reg[88][1]	0	1.14164
u_sm_ram_I/mem_reg[89][1]	0	0.663376
u_sm_ram_I/mem_reg[248][3]	0	0.777176
u_sm_ram_I/mem_reg[137][0]	0	1.27853
u_sm_ram_Q/U1669	0	2.01191
u_sm_ram_I/mem_reg[73][0]	0	1.15492
u_sm_ram_I/mem_reg[73][2]	0	2.58496
u_sm_ram_I/PLACE_HFSBUF_473_681	0	2.48148
u_sm_ram_Q/U2265	0	0.856535
u_sm_ram_I/mem_reg[184][0]	0	1.12173
u_sm_ram_I/mem_reg[137][1]	0	2.27667
u_sm_ram_Q/mem_reg[174][3]	0	2.24399
u_sm_ram_Q/mem_reg[25][2]	0	1.60575
u_sm_ram_I/mem_reg[9][2]	0	1.80507
u_sm_ram_Q/U2262	0	1.41226
u_sm_ram_I/mem_reg[56][2]	0	0.675478
u_sm_ram_Q/mem_reg[125][1]	0	0.952701
u_sm_ram_I/mem_reg[120][2]	0	1.83931
u_sm_ram_I/U570	0	0.568422
u_sm_ram_Q/mem_reg[24][0]	0	1.14874
u_sm_ram_Q/U1469	0	1.41543
u_sm_ram_I/U3574	0	0.665255
u_sm_ram_Q/U740	0	0.57924
u_sm_ram_I/mem_reg[249][0]	0	0.729402
u_sm_ram_Q/U3263	0	0.728083
u_sm_ram_Q/U3080	0	0.588873
u_sm_ram_Q/U1466	0	0.71745
u_sm_ram_Q/U141	0	0.697334
u_sm_ram_Q/U3577	0	0.792739
u_sm_ram_I/U571	0	1.43838
u_sm_ram_I/mem_reg[185][3]	0	2.39877
u_sm_ram_Q/PLACE_HFSBUF_90_370	0	0.555556
u_sm_ram_Q/PLACE_HFSBUF_129_369	0	1.55556
u_sm_ram_Q/U3494	0	0.92593
u_sm_ram_Q/mem_reg[174][0]	0	0.768819
u_sm_ram_Q/U3812	0	1.22098
u_sm_ram_Q/U1073	0	0.981501
u_sm_ram_I/mem_reg[216][1]	0	0.556543
u_sm_ram_I/mem_reg[248][0]	0	1.25184
u_sm_ram_Q/U866	0	0.771786
u_sm_ram_Q/U741	0	1.10431
u_sm_ram_Q/mem_reg[124][1]	0	1.14242
u_sm_ram_I/U759	0	1.40963
u_sm_ram_Q/U1995	0	1.59527
u_sm_ram_Q/U755	0	0.751551
u_sm_ram_I/mem_reg[73][1]	0	1.29028
u_sm_ram_I/U220	0	2.6649
u_sm_ram_Q/U1154	0	1.33509
u_sm_ram_Q/PLACE_HFSBUF_617_1113	0	0.555556
u_sm_ram_Q/U3731	0	0.602122
u_sm_ram_I/mem_reg[56][3]	0	2.2672
u_sm_ram_Q/mem_reg[205][0]	0	1.34669
u_sm_ram_Q/U1153	0	1.45509
u_sm_ram_Q/mem_reg[27][0]	0	0.959001
u_sm_ram_Q/mem_reg[206][0]	0	0.991705
u_sm_ram_Q/U758	0	0.94608
u_sm_ram_I/mem_reg[248][2]	0	1.00844
u_sm_ram_I/U2072	0	1.89769
u_sm_ram_Q/PLACE_HFSBUF_947_1028	0	1.55556
u_sm_ram_I/PLACE_HFSBUF_117_1159	0	1.55556
u_sm_ram_Q/U3355	0	1.33367
u_sm_ram_I/U3720	0	0.853993
u_sm_ram_I/U3332	0	0.609209
u_sm_ram_Q/mem_reg[206][1]	0	2.39885
u_sm_ram_Q/U3711	0	1.66341
u_sm_ram_I/PLACE_HFSBUF_639_690	0	2.55556
u_sm_ram_Q/U2264	0	1.08618
u_sm_ram_Q/U3203	0	0.749695
u_sm_ram_Q/U3946	0	0.961065
u_sm_ram_I/U4102	0	0.745914
u_sm_ram_I/U1890	0	0.586292
u_sm_ram_I/U3356	0	0.750239
u_sm_ram_Q/U3549	0	1.03232
u_sm_ram_I/U1474	0	0.687913
u_sm_ram_Q/U865	0	1.143
u_sm_ram_I/U829	0	1.35747
u_sm_ram_I/U3410	0	0.758997
u_sm_ram_I/U763	0	1.24896
u_sm_ram_Q/U3462	0	0.616184
u_sm_ram_Q/mem_reg[105][1]	0	0.859514
u_sm_ram_I/U3481	0	1.46398
u_sm_ram_Q/U1145	0	0.800482
u_sm_ram_I/U1478	0	0.61216
u_sm_ram_Q/U870	0	2.30271
u_sm_ram_Q/U3287	0	0.688951
u_sm_ram_Q/mem_reg[206][2]	0	0.849336
u_sm_ram_I/U194	0	0.724626
u_sm_ram_Q/U3606	0	1.43185
u_sm_ram_I/U470	0	1.16793
u_sm_ram_I/mem_reg[168][1]	0	0.633005
u_sm_ram_I/U2710	0	0.529931
u_sm_ram_Q/mem_reg[104][1]	0	1.11889
u_sm_ram_I/U2157	0	1.66261
u_sm_ram_Q/U2593	0	0.871516
u_sm_ram_Q/U3568	0	0.620961
u_sm_ram_I/U3494	0	1.44829
u_sm_ram_Q/U3207	0	0.635451
u_sm_ram_I/U3917	0	1.78035
u_sm_ram_I/U3195	0	2.50322
u_sm_ram_Q/mem_reg[104][0]	0	1.54877
u_sm_ram_Q/U2031	0	2.05412
u_sm_ram_Q/U868	0	1.95856
u_sm_ram_Q/U3465	0	0.903827
u_sm_ram_Q/U1155	0	0.611944
u_sm_ram_I/U831	0	0.633758
u_sm_ram_Q/U3944	0	0.964244
u_sm_ram_I/mem_reg[232][3]	0	1.49476
u_sm_ram_I/mem_reg[184][3]	0	1.41481
u_sm_ram_I/PLACE_HFSBUF_6020_717	0	0.555556
u_sm_ram_I/PLACE_HFSBUF_6198_720	0	0.555556
u_sm_ram_Q/PLACE_HFSBUF_33_999	0	1.54321
u_sm_ram_I/U1545	0	1.3938
u_sm_ram_Q/U3572	0	1.77434
u_sm_ram_Q/U2531	0	1.92884
u_sm_ram_Q/PLACE_HFSBUF_100_314	0	0.506173
u_sm_ram_Q/U3982	0	0.671887
u_sm_ram_Q/U3541	0	1.94573
u_sm_ram_I/U3366	0	0.768167
u_sm_ram_Q/mem_reg[106][0]	0	0.941242
u_sm_ram_I/U1548	0	1.211
u_sm_ram_Q/U2983	0	0.870625
u_sm_ram_I/U1219	0	0.831208
u_sm_ram_I/U1675	0	1.53884
u_sm_ram_Q/U1780	0	2.09206
u_sm_ram_I/mem_reg[201][2]	0	1.13572
u_sm_ram_Q/U3645	0	1.60319
u_sm_ram_I/U820	0	2.30204
u_sm_ram_I/U3993	0	1.61489
u_sm_ram_I/U3544	0	1.31873
u_sm_ram_Q/U3704	0	0.665806
u_sm_ram_Q/U3452	0	1.0678
u_sm_ram_Q/U872	0	1.28551
u_sm_ram_I/mem_reg[25][1]	0	0.75157
u_sm_ram_I/PLACE_HFSBUF_4466_816	0	1.55556
u_sm_ram_Q/U1069	0	0.7387
u_sm_ram_I/mem_reg[136][0]	0	0.759761
u_sm_ram_I/U235	0	0.691026
u_sm_ram_I/mem_reg[88][0]	0	1.1626
u_sm_ram_Q/U2157	0	2.69425
u_sm_ram_Q/U3984	0	1.74289
u_sm_ram_Q/mem_reg[175][2]	0	1.65796
u_sm_ram_I/U3715	0	0.874228
u_sm_ram_I/U3431	0	1.92215
u_sm_ram_Q/PLACE_HFSBUF_870_463	0	0.555556
u_sm_ram_I/PLACE_HFSBUF_1114_1083	0	1.53086
u_sm_ram_I/PLACE_HFSBUF_12008_801	0	1.55556
u_sm_ram_I/PLACE_HFSBUF_1270_1076	0	1.55556
u_sm_ram_I/PLACE_HFSBUF_1379_1077	0	1.55556
u_sm_ram_I/U3314	0	0.880394
u_sm_ram_Q/U869	0	1.01535
u_sm_ram_I/U103	0	1.3056
u_sm_ram_I/U3221	0	1.01404
u_sm_ram_Q/U368	0	1.7097
u_sm_ram_I/U1546	0	0.653746
u_sm_ram_I/U1547	0	1.11331
u_sm_ram_I/U1475	0	2.33121
u_sm_ram_I/U1215	0	2.20603
u_sm_ram_I/U569	0	0.996373
u_sm_ram_I/U1088	0	2.49583
u_sm_ram_Q/U3438	0	1.96192
u_sm_ram_I/U761	0	1.34815
u_sm_ram_I/U1479	0	0.779062
u_sm_ram_I/mem_reg[184][2]	0	3.10625
u_sm_ram_I/U1089	0	0.90684
u_sm_ram_I/U3610	0	0.57816
u_sm_ram_Q/mem_reg[124][2]	0	1.11605
u_sm_ram_I/PLACE_HFSBUF_3316_664	0	1.55556
u_sm_ram_I/U3581	0	0.831817
u_sm_ram_Q/U3523	0	1.86688
u_sm_ram_I/U1217	0	0.629159
u_sm_ram_Q/mem_reg[107][0]	0	3.07506
u_sm_ram_Q/U2155	0	1.68395
u_sm_ram_Q/mem_reg[216][3]	0	0.638808
u_sm_ram_Q/PLACE_HFSBUF_880_526	0	2.53086
u_sm_ram_Q/mem_reg[93][3]	0	1.08485
u_sm_ram_Q/U3540	0	0.776092
u_sm_ram_Q/U3658	0	0.972824
u_sm_ram_Q/U3222	0	0.775992
u_sm_ram_Q/PLACE_HFSBUF_300_1006	0	1.50617
u_sm_ram_Q/U757	0	0.735752
u_sm_ram_Q/mem_reg[125][2]	0	0.64353
u_sm_ram_I/U762	0	1.43685
u_sm_ram_Q/U1146	0	1.56217
u_sm_ram_I/U1480	0	1.77258
u_sm_ram_Q/mem_reg[217][3]	0	1.31643
u_sm_ram_Q/U2053	0	1.79252
u_sm_ram_I/U3219	0	3.05509
u_sm_ram_I/U3607	0	0.977091
u_sm_ram_I/U1655	0	0.949147
u_sm_ram_Q/U2537	0	1.20034
u_sm_ram_I/U3207	0	0.720914
u_sm_ram_Q/mem_reg[202][2]	0	1.18309
u_sm_ram_Q/mem_reg[174][2]	0	0.612515
u_sm_ram_Q/U1674	0	0.748368
u_sm_ram_Q/U871	0	2.54763
u_sm_ram_Q/U3294	0	0.612049
u_sm_ram_Q/U2664	0	1.32045
u_sm_ram_I/U568	0	1.30289
u_sm_ram_Q/U3791	0	0.569352
u_sm_ram_I/U3394	0	1.37963
u_sm_ram_I/mem_reg[120][1]	0	1.50958
u_sm_ram_I/U2099	0	0.922531
u_sm_ram_I/mem_reg[120][0]	0	0.580517
u_sm_ram_I/U699	0	0.641782
u_sm_ram_I/U830	0	0.871404
u_sm_ram_I/U1091	0	1.32918
u_sm_ram_I/U3501	0	1.23433
u_sm_ram_Q/mem_reg[217][2]	0	0.944082
u_sm_ram_Q/U3209	0	1.37447
u_sm_ram_Q/PLACE_HFSINV_12170_513	0	0.555556
u_sm_ram_Q/PLACE_HFSBUF_51_487	0	1.55556
u_sm_ram_Q/PLACE_HFSBUF_13935_859	0	0.555556
u_sm_ram_Q/PLACE_HFSBUF_8782_858	0	0.481481
u_sm_ram_Q/PLACE_HFSBUF_108_486	0	0.555556
u_sm_ram_Q/U2154	0	0.875158
u_sm_ram_I/U182	0	0.974552
u_sm_ram_I/U3418	0	0.890077
u_sm_ram_Q/mem_reg[93][0]	0	1.08168
u_sm_ram_I/mem_reg[104][1]	0	0.982878
u_sm_ram_Q/PLACE_HFSBUF_1054_462	0	1.55556
u_sm_ram_Q/PLACE_HFSBUF_12213_504	0	1.55556
u_sm_ram_I/U3542	0	1.17733
u_sm_ram_Q/U1833	0	1.04269
u_sm_ram_Q/U867	0	1.0838
u_sm_ram_Q/U500	0	0.941836
u_sm_ram_I/U3648	0	1.02289
u_sm_ram_I/U3623	0	0.597215
u_sm_ram_Q/U2662	0	2.39311
u_sm_ram_I/U1476	0	0.628981
u_sm_ram_Q/U3147	0	0.631836
u_sm_ram_Q/U3566	0	0.87304
u_sm_ram_Q/U3497	0	0.898846
u_sm_ram_Q/mem_reg[104][3]	0	0.600258
u_sm_ram_I/U3409	0	1.79012
u_sm_ram_I/mem_reg[9][3]	0	0.909742
u_sm_ram_Q/U3897	0	0.667735
u_sm_ram_I/mem_reg[9][1]	0	2.85198
u_sm_ram_Q/U699	0	1.63525
u_sm_ram_I/U636	0	1.80472
u_sm_ram_I/mem_reg[24][1]	0	0.744784
u_sm_ram_I/U4072	0	1.16756
u_sm_ram_I/U1216	0	0.805262
u_sm_ram_I/U1218	0	2.14725
u_sm_ram_Q/U756	0	1.64188
u_sm_ram_I/U1477	0	0.793885
u_sm_ram_Q/U3890	0	0.568144
u_sm_ram_I/PLACE_HFSBUF_390_1155	0	0.555556
u_sm_ram_I/U760	0	0.659826
u_sm_ram_I/U1906	0	0.675621
u_sm_ram_Q/U3878	0	0.803183
u_sm_ram_I/U1260	0	0.686532
u_sm_ram_I/U335	0	0.841188
u_sm_ram_Q/mem_reg[106][1]	0	0.999244
u_sm_ram_I/U1481	0	0.979568
u_sm_ram_I/U3392	0	0.908681
u_sm_ram_I/U466	0	1.13959
u_sm_ram_I/mem_reg[25][2]	0	0.91441
u_sm_ram_Q/U3249	0	0.624726
u_sm_ram_Q/mem_reg[107][3]	0	2.90073
u_sm_ram_Q/U3798	0	0.818657
u_sm_ram_Q/U3892	0	0.63304
u_sm_ram_I/PLACE_HFSBUF_229_1080	0	1.55556
u_sm_ram_I/PLACE_HFSBUF_830_1081	0	0.555556
u_sm_ram_I/PLACE_HFSBUF_177_1160	0	1.55556
u_sm_ram_I/PLACE_HFSBUF_232_1161	0	1.55556
u_sm_ram_I/PLACE_HFSBUF_155_1082	0	1.55556
u_sm_ram_I/U632	0	0.685459
u_sm_ram_I/mem_reg[233][3]	0	1.52289
u_sm_ram_Q/mem_reg[106][3]	0	1.13203
u_sm_ram_Q/U4080	0	1.20562
u_sm_ram_Q/U3028	0	0.725505
u_sm_ram_I/U700	0	1.41417
u_sm_ram_Q/PLACE_HFSBUF_428_1176	0	1.55556
u_sm_ram_Q/PLACE_HFSBUF_227_1178	0	2.55556
u_sm_ram_I/U894	0	2.46762
u_sm_ram_Q/mem_reg[188][0]	0	1.52581
u_sm_ram_Q/U1203	0	0.679055
u_sm_ram_Q/mem_reg[105][3]	0	2.38997
u_sm_ram_Q/U3763	0	1.62475
u_sm_ram_Q/PLACE_HFSBUF_47_595	0	0.54321
u_sm_ram_Q/U701	0	0.599248
u_sm_ram_I/mem_reg[24][2]	0	2.20642
u_sm_ram_I/mem_reg[89][2]	0	0.596385
u_sm_ram_Q/U2156	0	2.20181
u_sm_ram_I/U3313	0	0.928044
u_sm_ram_I/PLACE_HFSBUF_1198_680	0	0.555556
u_sm_ram_Q/U812	0	0.695023
u_sm_ram_Q/mem_reg[189][0]	0	1.06009
u_sm_ram_I/mem_reg[120][3]	0	1.24082
u_sm_ram_Q/mem_reg[104][2]	0	2.37809
u_sm_ram_Q/PLACE_HFSINV_14767_860	0	1.55556
u_sm_ram_I/mem_reg[24][3]	0	1.99023
u_sm_ram_I/U958	0	0.636971
u_sm_ram_Q/U1404	0	1.08111
u_sm_ram_I/U3455	0	1.38188
u_sm_ram_I/U1220	0	0.965922
u_sm_ram_Q/U3064	0	0.73723
u_sm_ram_Q/mem_reg[92][0]	0	1.2257
u_sm_ram_I/U579	0	0.953198
u_sm_ram_Q/U2663	0	0.736968
u_sm_ram_I/U634	0	1.10535
u_sm_ram_Q/mem_reg[216][1]	0	0.995498
u_sm_ram_I/U3879	0	0.92576
u_sm_ram_I/mem_reg[88][2]	0	1.18578
u_sm_ram_I/PLACE_HFSBUF_478_1156	0	0.555556
u_sm_ram_I/U3435	0	0.58838
u_sm_ram_I/mem_reg[232][1]	0	1.04955
u_sm_ram_I/U1025	0	0.661096
u_sm_ram_I/U3959	0	0.703831
u_sm_ram_I/U893	0	0.883071
u_sm_ram_I/mem_reg[201][1]	0	0.573997
u_sm_ram_I/mem_reg[25][3]	0	1.43073
u_sm_ram_I/U3179	0	1.84481
u_sm_ram_I/U701	0	0.622666
u_sm_ram_I/U1024	0	1.08497
u_sm_ram_Q/mem_reg[202][1]	0	0.600733
u_sm_ram_I/U2091	0	0.995266
u_sm_ram_I/U2645	0	1.86198
u_sm_ram_I/U3929	0	1.32301
u_sm_ram_I/U3629	0	0.920255
u_sm_ram_I/U766	0	1.7629
u_sm_ram_Q/U1832	0	0.706157
u_sm_ram_Q/U3132	0	0.589977
u_sm_ram_Q/U1070	0	0.713835
u_sm_ram_Q/U2836	0	1.21602
u_sm_ram_Q/U3951	0	1.05272
u_sm_ram_I/U2998	0	1.48239
u_sm_ram_I/U895	0	0.667778
u_sm_ram_I/U1023	0	1.7149
u_sm_ram_Q/U3483	0	0.980802
u_sm_ram_I/U1154	0	0.601285
u_sm_ram_I/U3933	0	2.11568
u_sm_ram_Q/U1758	0	0.655355
u_sm_ram_I/U1214	0	2.02845
u_sm_ram_I/U3012	0	1.48511
u_sm_ram_I/U764	0	1.43277
u_sm_ram_Q/U3376	0	1.08758
u_sm_ram_Q/mem_reg[105][0]	0	1.76386
u_sm_ram_I/U960	0	0.846478
u_sm_ram_I/U1153	0	0.828692
u_sm_ram_Q/mem_reg[106][2]	0	0.887735
u_sm_ram_Q/U1201	0	0.990941
u_sm_ram_Q/PLACE_HFSBUF_1552_1009	0	1.55556
u_sm_ram_I/mem_reg[152][0]	0	1.79937
u_sm_ram_I/U3198	0	0.824981
u_sm_ram_I/mem_reg[152][1]	0	1.3429
u_sm_ram_Q/mem_reg[92][2]	0	0.916258
u_sm_ram_I/PLACE_HFSBUF_1024_679	0	2.54321
u_sm_ram_Q/mem_reg[92][1]	0	1.97089
u_sm_ram_I/U3735	0	0.617569
u_sm_ram_I/U631	0	0.986979
u_sm_ram_Q/U3425	0	0.697681
u_sm_ram_I/mem_reg[216][2]	0	2.82107
u_sm_ram_Q/mem_reg[105][2]	0	0.65946
u_sm_ram_Q/U335	0	1.27014
u_sm_ram_I/mem_reg[136][2]	0	0.72956
u_sm_ram_Q/PLACE_HFSINV_3380_891	0	1.55556
u_sm_ram_I/mem_reg[168][0]	0	0.572191
u_sm_ram_I/U765	0	2.01002
u_sm_ram_I/mem_reg[136][1]	0	1.50155
u_sm_ram_Q/U3950	0	0.951427
u_sm_ram_I/U3214	0	1.03552
u_sm_ram_I/U3791	0	0.696204
u_sm_ram_I/U896	0	0.920054
u_sm_ram_Q/U3571	0	1.21454
u_sm_ram_Q/PLACE_HFSBUF_85_1118	0	0.555556
u_sm_ram_Q/U1144	0	0.682577
u_sm_ram_I/U3788	0	1.34456
u_sm_ram_I/U3226	0	1.00594
u_sm_ram_Q/U2542	0	0.743966
u_sm_ram_Q/U1198	0	0.809275
u_sm_ram_Q/U3529	0	1.2772
u_sm_ram_I/U3840	0	0.735737
u_sm_ram_Q/U376	0	1.03686
u_sm_ram_Q/mem_reg[188][3]	0	0.990714
u_sm_ram_Q/U1945	0	1.41151
u_sm_ram_I/U633	0	0.92098
u_sm_ram_Q/U1068	0	0.768542
u_sm_ram_I/mem_reg[152][2]	0	0.741508
u_sm_ram_Q/mem_reg[217][0]	0	2.55723
u_sm_ram_I/mem_reg[216][3]	0	2.13769
u_sm_ram_I/U1514	0	1.93996
u_sm_ram_I/PLACE_HFSBUF_618_1157	0	1.55556
u_sm_ram_I/PLACE_HFSBUF_526_1158	0	0.555556
u_sm_ram_I/U635	0	0.545069
u_sm_ram_Q/U3563	0	1.41399
u_sm_ram_Q/U3369	0	0.706987
u_sm_ram_Q/U2030	0	1.87262
u_sm_ram_Q/U815	0	1.98397
u_sm_ram_I/U3521	0	1.11342
u_sm_ram_Q/U3256	0	0.635745
u_sm_ram_Q/U808	0	2.03368
u_sm_ram_I/U3189	0	1.07682
u_sm_ram_I/PLACE_HFSBUF_374_1078	0	1.55556
u_sm_ram_I/PLACE_HFSBUF_323_1079	0	0.555556
u_sm_ram_I/mem_reg[168][3]	0	2.58375
u_sm_ram_Q/U4062	0	0.713754
u_sm_ram_Q/U700	0	1.715
u_sm_ram_Q/mem_reg[125][0]	0	0.669603
u_sm_ram_I/mem_reg[72][0]	0	1.29939
u_sm_ram_I/mem_reg[233][2]	0	1.87544
u_sm_ram_I/U3748	0	1.53964
u_sm_ram_Q/U2022	0	0.842242
u_sm_ram_Q/U3283	0	0.558337
u_sm_ram_Q/U3253	0	0.701505
u_sm_ram_Q/U3131	0	0.626902
u_sm_ram_Q/U698	0	1.96868
u_sm_ram_Q/U2871	0	0.643538
u_sm_ram_Q/U3235	0	0.63446
u_sm_ram_I/U3814	0	1.02058
u_sm_ram_I/U1155	0	0.623723
u_sm_ram_I/U3085	0	0.601948
u_sm_ram_Q/U3528	0	0.893106
u_sm_ram_Q/U3509	0	1.67927
u_sm_ram_I/PLACE_HFSBUF_23_582	0	1.55556
u_sm_ram_I/PLACE_HFSBUF_47_581	0	1.55556
u_sm_ram_Q/U1779	0	1.31098
u_sm_ram_I/U4237	0	1.02332
u_sm_ram_I/U1366	0.125	1.32206
u_sm_ram_Q/mem_reg[171][2]	0	1.20863
u_sm_ram_I/mem_reg[168][2]	0	1.42916
u_sm_ram_Q/U3559	0	1.11679
u_sm_ram_Q/PLACE_HFSBUF_125_997	0	0.493827
u_sm_ram_I/U630	0	0.820787
u_sm_ram_Q/U523	0	0.596246
u_sm_ram_I/U2089	0	1.23958
u_sm_ram_I/mem_reg[200][2]	0	0.959606
u_sm_ram_Q/U1071	0	0.731667
u_sm_ram_Q/U3245	0	1.06375
u_sm_ram_I/U3856	0	0.993318
u_sm_ram_I/mem_reg[89][0]	0	0.71407
u_sm_ram_Q/U1658	0	0.8276
u_sm_ram_Q/U1785	0	0.658731
u_sm_ram_Q/U1199	0	1.75347
u_sm_ram_Q/U814	0	0.702253
u_sm_ram_I/mem_reg[200][1]	0	2.50451
u_sm_ram_Q/U1523	0	2.39885
u_sm_ram_I/mem_reg[40][2]	0	1.00674
u_sm_ram_I/mem_reg[232][2]	0	0.852184
u_sm_ram_Q/U3313	0	1.31696
u_sm_ram_I/mem_reg[104][2]	0	0.7251
u_sm_ram_I/mem_reg[200][3]	0	0.831493
u_sm_ram_I/mem_reg[232][0]	0	0.694907
u_sm_ram_Q/U3526	0	0.628993
u_sm_ram_I/U306	0	1.25293
u_sm_ram_Q/mem_reg[107][1]	0	0.678218
u_sm_ram_Q/U3574	0	0.832627
u_sm_ram_I/U3003	0	2.59392
u_sm_ram_Q/U809	0	0.895606
u_sm_ram_I/mem_reg[104][0]	0	2.34602
u_sm_ram_I/U1415	0	0.906404
u_sm_ram_I/U3377	0	0.631547
u_sm_ram_Q/mem_reg[188][2]	0	2.24279
u_sm_ram_I/U3613	0	0.965251
u_sm_ram_I/U629	0	1.26164
u_sm_ram_Q/U813	0	0.610235
u_sm_ram_Q/U3479	0	1.16685
u_sm_ram_Q/mem_reg[189][3]	0	1.09948
u_sm_ram_I/U1635	0	0.722164
u_sm_ram_Q/mem_reg[169][2]	0	1.08563
u_sm_ram_Q/mem_reg[76][1]	0	0.953056
u_sm_ram_Q/mem_reg[216][0]	0	0.952596
u_sm_ram_Q/PLACE_HFSBUF_4332_453	0	1.55556
u_sm_ram_Q/mem_reg[189][2]	0	1.59743
u_sm_ram_Q/U895	0	0.61689
u_sm_ram_I/mem_reg[233][1]	0	0.696489
u_sm_ram_I/mem_reg[216][0]	0	0.982535
u_sm_ram_Q/U3879	0	1.39624
u_sm_ram_I/mem_reg[72][3]	0	0.572461
u_sm_ram_Q/mem_reg[217][1]	0	1.61332
u_sm_ram_Q/mem_reg[124][0]	0	0.982064
u_sm_ram_Q/U810	0	1.01517
u_sm_ram_I/U3417	0	0.785637
u_sm_ram_I/U1015	0	1.16503
u_sm_ram_Q/mem_reg[189][1]	0	0.566497
u_sm_ram_I/U3637	0	1.37221
u_sm_ram_Q/mem_reg[124][3]	0	3.06448
u_sm_ram_Q/mem_reg[125][3]	0	1.9445
u_sm_ram_Q/U1200	0	1.02508
u_sm_ram_I/mem_reg[201][3]	0	1.64481
u_sm_ram_Q/U1521	0	0.986366
u_sm_ram_Q/U3565	0	1.57512
u_sm_ram_Q/U3213	0	0.681065
u_sm_ram_Q/mem_reg[14][2]	0	0.559549
u_sm_ram_I/U268	0	1.59444
u_sm_ram_I/U3396	0	2.02875
u_sm_ram_I/U961	0	1.75078
u_sm_ram_I/U2534	0	1.1599
u_sm_ram_Q/U3377	0	0.839815
u_sm_ram_Q/U3743	0	0.906242
u_sm_ram_Q/U891	0	1.92679
u_sm_ram_Q/U820	0	2.17151
u_sm_ram_I/U2991	0.25	1.47486
u_sm_ram_I/U3621	0	0.879255
u_sm_ram_Q/mem_reg[186][2]	0	0.791319
u_sm_ram_Q/mem_reg[93][1]	0	2.29552
u_sm_ram_Q/U1142	0	1.87262
u_sm_ram_Q/U1522	0	1.22085
u_sm_ram_Q/U3654	0	0.915093
u_sm_ram_I/U3913	0	0.759325
u_sm_ram_Q/U4050	0	1.21145
u_sm_ram_I/U3235	0	1.74868
u_sm_ram_I/U413	0	1.02093
u_sm_ram_I/PLACE_HFSBUF_8775_797	0	1.55556
u_sm_ram_Q/mem_reg[216][2]	0	2.36035
u_sm_ram_Q/mem_reg[14][3]	0	1.34807
u_sm_ram_I/U1017	0	0.897215
u_sm_ram_Q/U883	0	0.834734
u_sm_ram_I/PLACE_HFSINV_15289_820	0	1.55556
u_sm_ram_I/U2406	0	1.89684
u_sm_ram_I/mem_reg[152][3]	0	1.02227
u_sm_ram_I/U3828	0	2.14605
u_sm_ram_I/U1156	0	1.88108
u_sm_ram_I/U340	0	1.52659
u_sm_ram_I/U3292	0	0.725652
u_sm_ram_I/U1861	0	0.921358
u_sm_ram_Q/mem_reg[159][0]	0	1.98154
u_sm_ram_Q/mem_reg[168][2]	0	0.658646
u_sm_ram_I/U3660	0	1.05152
u_sm_ram_Q/mem_reg[188][1]	0	2.35355
u_sm_ram_I/U3007	0	0.896053
u_sm_ram_Q/U140	0	0.803939
u_sm_ram_Q/U3211	0	0.922276
u_sm_ram_I/U1085	0	0.979132
u_sm_ram_Q/U823	0	2.35735
u_sm_ram_I/mem_reg[138][1]	0	1.13775
u_sm_ram_Q/mem_reg[93][2]	0	0.982288
u_sm_ram_I/mem_reg[138][0]	0	2.10454
u_sm_ram_Q/mem_reg[171][1]	0	0.563218
u_sm_ram_I/U3437	0	1.16298
u_sm_ram_I/U2646	0	2.76569
u_sm_ram_I/U891	0	1.38555
u_sm_ram_I/mem_reg[138][2]	0	1.9027
u_sm_ram_I/U3411	0	1.22084
u_sm_ram_Q/PLACE_HFSBUF_645_464	0	0.555556
u_sm_ram_Q/PLACE_HFSBUF_508_461	0	0.506173
u_sm_ram_I/U4175	0	0.867126
u_sm_ram_Q/U3539	0	0.790116
u_sm_ram_I/U2061	0	2.55242
u_sm_ram_Q/U3437	0	0.809406
u_sm_ram_Q/U822	0	0.583399
u_sm_ram_Q/U1520	0	1.87542
u_sm_ram_I/PLACE_HFSBUF_244_678	0	1.48148
u_sm_ram_Q/U2612	0	1.70468
u_sm_ram_I/U1416	0	0.860478
u_sm_ram_Q/U3344	0	0.583943
u_sm_ram_Q/U1678	0	2.1515
u_sm_ram_Q/U2436	0	0.639877
u_sm_ram_Q/U882	0	2.1869
u_sm_ram_I/mem_reg[250][2]	0	1.29208
u_sm_ram_Q/U1143	0	1.28175
u_sm_ram_I/mem_reg[233][0]	0	1.86465
u_sm_ram_I/U1414	0	0.582353
u_sm_ram_I/mem_reg[104][3]	0	0.811674
u_sm_ram_Q/U351	0	1.22911
u_sm_ram_I/PLACE_HFSINV_5401_819	0	1.55556
u_sm_ram_I/PLACE_HFSINV_3484_788	0	1.46914
u_sm_ram_Q/U2352	0	2.05899
u_sm_ram_I/U3447	0	0.76353
u_sm_ram_I/PLACE_HFSBUF_5708_818	0	0.555556
u_sm_ram_I/PLACE_HFSBUF_1777_785	0	1.39506
u_sm_ram_I/PLACE_HFSBUF_4140_817	0	1.53086
u_sm_ram_I/U1413	0	1.98726
u_sm_ram_Q/U2351	0	1.60739
u_sm_ram_I/U956	0	1.48496
u_sm_ram_I/U955	0	1.02475
u_sm_ram_I/U1084	0	0.950529
u_sm_ram_I/U890	0	0.861493
u_sm_ram_Q/U894	0	2.23872
u_sm_ram_Q/PLACE_HFSBUF_6318_873	0	0.555556
u_sm_ram_Q/U1959	0	1.12451
u_sm_ram_Q/mem_reg[186][0]	0	0.852708
u_sm_ram_I/U2074	0	1.05128
u_sm_ram_I/U2006	0	0.992812
u_sm_ram_I/U698	0	0.772022
u_sm_ram_I/U3016	0	1.94311
u_sm_ram_Q/U2891	0	1.8388
u_sm_ram_Q/U3177	0	1.00193
u_sm_ram_I/PLACE_HFSBUF_1698_694	0	1.55556
u_sm_ram_Q/PLACE_HFSBUF_11820_547	0	0.555556
u_sm_ram_I/mem_reg[169][2]	0	1.26447
u_sm_ram_Q/U803	0	1.05208
u_sm_ram_Q/mem_reg[14][1]	0	0.705231
u_sm_ram_I/U1173	0	1.12845
u_sm_ram_I/U1286	0	2.08581
u_sm_ram_I/U1151	0	2.64083
u_sm_ram_I/mem_reg[40][1]	0	1.17339
u_sm_ram_Q/U2010	0	1.15488
u_sm_ram_I/mem_reg[40][3]	0	1.48877
u_sm_ram_I/U957	0	0.828009
u_sm_ram_I/PLACE_HFSBUF_4294_813	0	1.55556
u_sm_ram_I/U892	0	1.07888
u_sm_ram_Q/U3687	0	1.76566
u_sm_ram_I/mem_reg[169][1]	0	1.09023
u_sm_ram_I/U954	0	1.0114
u_sm_ram_I/mem_reg[72][1]	0	0.490181
u_sm_ram_Q/PLACE_HFSBUF_6675_875	0	1.55556
u_sm_ram_I/U889	0	1.11881
u_sm_ram_Q/U280	0	0.685559
u_sm_ram_Q/mem_reg[169][1]	0	0.800031
u_sm_ram_I/U689	0	0.961624
u_sm_ram_Q/mem_reg[107][2]	0	1.53738
u_sm_ram_I/mem_reg[40][0]	0	2.83897
u_sm_ram_I/U34	0	0.879128
u_sm_ram_I/mem_reg[105][2]	0	1.658
u_sm_ram_Q/U3116	0	1.24866
u_sm_ram_I/mem_reg[251][2]	0	1.09486
u_sm_ram_Q/U1518	0	1.75368
u_sm_ram_I/U3365	0	0.672346
u_sm_ram_Q/U3492	0	1.42361
u_sm_ram_I/mem_reg[105][3]	0	1.26032
u_sm_ram_Q/U807	0	1.97789
u_sm_ram_Q/mem_reg[14][0]	0	2.49917
u_sm_ram_I/mem_reg[154][1]	0	0.831049
u_sm_ram_Q/U3124	0	2.6791
u_sm_ram_I/mem_reg[153][1]	0	0.625073
u_sm_ram_I/mem_reg[153][2]	0	2.88665
u_sm_ram_Q/mem_reg[168][1]	0	1.0223
u_sm_ram_Q/mem_reg[76][2]	0	0.592211
u_sm_ram_I/mem_reg[219][3]	0	0.964977
u_sm_ram_I/mem_reg[121][1]	0	1.23622
u_sm_ram_Q/U881	0	2.25043
u_sm_ram_I/PLACE_HFSBUF_26_924	0	0.555556
u_sm_ram_Q/U890	0	1.94855
u_sm_ram_Q/U821	0	0.952847
u_sm_ram_I/U3284	0	1.0139
u_sm_ram_Q/U2177	0	0.856007
u_sm_ram_I/U3586	0	1.8449
u_sm_ram_Q/U3254	0	0.899294
u_sm_ram_Q/U1847	0	1.18358
u_sm_ram_I/U1018	0	2.22458
u_sm_ram_I/mem_reg[121][0]	0	0.958912
u_zp_mux/PLACE_HFSBUF_766_1211	0	1.55556
u_zp_mux/PLACE_HFSBUF_703_1214	0	1.48148
u_sm_ram_I/U1150	0	0.754992
u_sm_ram_Q/U2765	0	0.596111
u_sm_ram_Q/U1835	0	1.88257
u_sm_ram_Q/U2178	0	1.86835
u_sm_ram_Q/U3972	0	1.13596
u_sm_ram_I/U4005	0	1.09572
u_sm_ram_Q/U3848	0	1.27147
u_sm_ram_I/U2057	0	2.40603
u_sm_ram_I/mem_reg[153][3]	0	2.40393
u_sm_ram_Q/U801	0	1.11382
u_sm_ram_I/mem_reg[153][0]	0	1.47649
u_sm_ram_Q/mem_reg[76][0]	0	2.08199
u_sm_ram_Q/mem_reg[171][0]	0	1.45575
u_sm_ram_I/mem_reg[169][3]	0	0.849491
u_sm_ram_I/mem_reg[139][3]	0	0.69289
u_sm_ram_Q/U340	0	0.859969
u_sm_ram_I/U2568	0	2.133
u_sm_ram_I/U686	0	1.30037
u_sm_ram_Q/PLACE_HFSBUF_5179_450	0	1.55556
u_sm_ram_Q/PLACE_HFSBUF_5031_449	0	1.55556
u_sm_ram_Q/U3484	0	0.754942
u_sm_ram_I/mem_reg[72][2]	0	1.39253
u_sm_ram_Q/U1941	0	0.859059
u_sm_ram_Q/mem_reg[158][0]	0	1.44915
u_sm_ram_I/mem_reg[59][0]	0	1.81079
u_sm_ram_Q/U937	0	1.51599
u_sm_ram_Q/U2840	0	0.823492
u_sm_ram_Q/U169	0	1.83867
u_sm_ram_Q/U802	0	0.919606
u_sm_ram_Q/mem_reg[191][3]	0	0.716551
u_sm_ram_Q/mem_reg[186][1]	0	0.586701
u_sm_ram_Q/mem_reg[186][3]	0	1.80109
u_sm_ram_Q/mem_reg[15][3]	0	1.89391
u_sm_ram_Q/mem_reg[168][0]	0	0.916127
u_sm_ram_Q/U3546	0	1.64747
u_sm_ram_I/mem_reg[169][0]	0	1.96635
u_sm_ram_I/U4182	0	1.50468
u_sm_ram_Q/U3749	0	2.29081
u_sm_ram_Q/U1400	0	0.762458
u_sm_ram_Q/U3567	0	0.848059
u_sm_ram_Q/U2587	0	0.937982
u_sm_ram_I/U3373	0	1.76691
u_sm_ram_Q/U3278	0	0.546601
u_sm_ram_Q/PLACE_HFSBUF_355_1005	0	1.55556
u_sm_ram_I/U1087	0	0.787894
u_sm_ram_Q/U930	0	1.55941
u_sm_ram_Q/U3252	0	1.42838
u_sm_ram_Q/U3630	0	0.548356
u_sm_ram_I/mem_reg[138][3]	0	2.7627
u_sm_ram_Q/mem_reg[152][2]	0	2.1611
u_sm_ram_Q/U3193	0	0.839541
u_sm_ram_I/U1011	0	2.57864
u_sm_ram_Q/mem_reg[185][1]	0	1.01206
u_sm_ram_Q/U3482	0	2.3186
u_sm_ram_I/U3339	0	0.887998
u_sm_ram_Q/U961	0	0.696177
u_sm_ram_I/U4215	0	0.615293
u_sm_ram_Q/U958	0	0.806829
u_sm_ram_I/U3091	0	1.54802
u_sm_ram_I/mem_reg[121][3]	0	2.00593
u_sm_ram_I/mem_reg[219][0]	0	1.00069
u_sm_ram_I/mem_reg[139][0]	0	3.1977
u_sm_ram_I/U4245	0	0.894367
u_sm_ram_I/U4176	0	0.755019
u_sm_ram_Q/U889	0	1.64633
u_sm_ram_Q/mem_reg[152][1]	0	1.86039
u_sm_ram_Q/U1836	0	1.08581
u_sm_ram_Q/U806	0	0.583538
u_sm_ram_Q/U3248	0	0.815517
u_sm_ram_Q/U1943	0	2.06399
u_sm_ram_I/U2838	0	1.25659
u_sm_ram_Q/mem_reg[190][1]	0	1.35238
u_sm_ram_Q/U804	0	2.23758
u_sm_ram_I/U4249	0	1.68431
u_sm_ram_I/U1336	0	0.982824
u_sm_ram_Q/U3323	0	0.843067
u_sm_ram_Q/U1263	0	0.956065
u_sm_ram_Q/mem_reg[190][3]	0	1.54288
u_sm_ram_Q/PLACE_HFSBUF_760_1029	0	1.53086
u_sm_ram_Q/U3373	0	0.773634
u_sm_ram_Q/U1904	0	0.961721
u_sm_ram_Q/U892	0	2.31238
u_sm_ram_I/U3626	0	1.24088
u_sm_ram_Q/mem_reg[171][3]	0	1.0916
u_sm_ram_Q/U1996	0	0.999807
u_sm_ram_I/U3480	0	0.767662
u_sm_ram_Q/U2086	0	1.264
u_sm_ram_Q/U1266	0	1.04225
u_sm_ram_I/mem_reg[171][3]	0	0.959691
u_sm_ram_Q/U1264	0	1.28762
u_sm_ram_I/mem_reg[105][1]	0	0.56419
u_sm_ram_I/U953	0	0.560066
u_sm_ram_I/mem_reg[251][1]	0	0.81142
u_sm_ram_Q/PLACE_HFSBUF_11853_503	0	0.555556
u_sm_ram_Q/PLACE_HFSBUF_11995_505	0	0.555556
u_sm_ram_Q/PLACE_HFSBUF_12649_500	0	1.48148
u_sm_ram_Q/PLACE_HFSBUF_11628_506	0	2.55556
u_sm_ram_I/mem_reg[250][1]	0	0.679981
u_sm_ram_I/U1412	0	1.15824
u_sm_ram_I/U4227	0	1.46152
u_sm_ram_Q/U3641	0	0.711671
u_sm_ram_Q/mem_reg[185][2]	0	1.37903
u_sm_ram_I/mem_reg[41][3]	0	1.20388
u_sm_ram_I/mem_reg[155][3]	0	1.98127
u_sm_ram_I/U687	0	1.00987
u_sm_ram_Q/PLACE_HFSBUF_818_1111	0	0.555556
u_sm_ram_Q/PLACE_HFSBUF_767_1110	0	0.481481
u_sm_ram_Q/PLACE_HFSBUF_11137_550	0	1.55556
u_sm_ram_I/U2616	0	1.41255
u_sm_ram_I/U1411	0	0.890185
u_sm_ram_I/U4216	0	0.613287
u_sm_ram_Q/PLACE_HFSBUF_6701_458	0	0.555556
u_sm_ram_Q/mem_reg[42][0]	0	1.90574
u_sm_ram_Q/U800	0	0.995336
u_sm_ram_Q/U3316	0	1.33077
u_sm_ram_Q/U3754	0	0.602658
u_sm_ram_Q/mem_reg[190][2]	0	0.617095
u_sm_ram_I/mem_reg[154][3]	0	1.48157
u_sm_ram_I/U688	0	1.72778
u_sm_ram_I/PLACE_HFSBUF_2101_730	0	0.530864
u_sm_ram_I/PLACE_HFSBUF_2382_731	0	1.55556
u_sm_ram_I/PLACE_HFSBUF_2235_733	0	0.555556
u_sm_ram_I/PLACE_HFSBUF_2559_732	0	0.555556
u_sm_ram_Q/mem_reg[169][0]	0	1.55905
u_sm_ram_Q/mem_reg[191][1]	0	1.40843
u_sm_ram_Q/mem_reg[253][1]	0	0.850355
u_sm_ram_Q/mem_reg[190][0]	0	2.31983
u_sm_ram_I/U1409	0	0.662662
u_sm_ram_I/mem_reg[105][0]	0	1.18139
u_sm_ram_I/mem_reg[155][1]	0	0.980428
u_sm_ram_Q/mem_reg[185][3]	0	0.60005
u_sm_ram_I/U2822	0	1.96238
u_sm_ram_I/U558	0	1.9328
u_sm_ram_Q/mem_reg[158][2]	0	0.85157
u_sm_ram_Q/U550	0	1.37943
u_sm_ram_Q/U893	0	0.648183
u_sm_ram_Q/U313	0	1.12188
u_sm_ram_Q/mem_reg[77][3]	0	0.59189
u_sm_ram_Q/U3031	0	1.67221
u_sm_ram_I/U3403	0	0.895432
u_sm_ram_I/mem_reg[219][1]	0	0.680185
u_sm_ram_Q/mem_reg[43][0]	0	1.23153
u_sm_ram_I/mem_reg[250][0]	0	2.09848
u_sm_ram_I/mem_reg[59][3]	0	2.2188
u_sm_ram_Q/PLACE_HFSBUF_249_998	0	1.55556
u_sm_ram_Q/mem_reg[152][3]	0	0.647114
u_sm_ram_I/U1014	0	1.34223
u_sm_ram_Q/U2579	0	0.984803
u_sm_ram_I/U1086	0	0.888214
u_sm_ram_I/U4236	0	0.688931
u_sm_ram_Q/mem_reg[191][2]	0	2.1694
u_sm_ram_I/mem_reg[58][3]	0	0.739533
u_sm_ram_I/mem_reg[170][3]	0	1.19584
u_sm_ram_Q/mem_reg[77][0]	0	0.646767
u_sm_ram_I/U1338	0	1.57605
u_sm_ram_Q/PLACE_HFSBUF_4129_448	0	0.555556
u_sm_ram_Q/mem_reg[77][1]	0	0.884491
u_sm_ram_I/U1410	0	1.16814
u_sm_ram_I/U3666	0	1.60361
u_sm_ram_I/U3274	0	1.28728
u_sm_ram_Q/U3127	0	0.564965
u_sm_ram_Q/U3485	0	1.5112
u_sm_ram_Q/U1515	0	1.49125
u_sm_ram_I/U2824	0	0.931489
u_sm_ram_Q/U1265	0	1.74874
u_sm_ram_I/U3758	0	0.601555
u_sm_ram_I/U2484	0	0.915162
u_sm_ram_Q/U3378	0	0.810424
u_sm_ram_I/mem_reg[41][0]	0	1.18176
u_sm_ram_I/mem_reg[121][2]	0	1.24124
u_sm_ram_Q/mem_reg[152][0]	0	1.67125
u_sm_ram_Q/U817	0	0.882261
u_sm_ram_I/U3445	0	0.569718
u_sm_ram_I/mem_reg[219][2]	0	2.51581
u_sm_ram_I/U1012	0	1.60995
u_sm_ram_Q/U1405	0	0.762431
u_sm_ram_Q/U3814	0	1.93247
u_sm_ram_I/U2625	0	0.752454
u_sm_ram_Q/mem_reg[169][3]	0	0.758549
u_sm_ram_I/PLACE_HFSBUF_26_988	0	1.54321
u_sm_ram_Q/mem_reg[187][2]	0	1.54085
u_sm_ram_Q/U3562	0	1.78552
u_sm_ram_Q/mem_reg[76][3]	0	2.14145
u_sm_ram_Q/mem_reg[187][1]	0	1.87185
u_sm_ram_I/U1013	0	1.48217
u_sm_ram_Q/U818	0	0.878607
u_sm_ram_Q/mem_reg[15][0]	0	2.05736
u_sm_ram_I/mem_reg[123][0]	0	1.72171
u_sm_ram_Q/PLACE_HFSBUF_14132_447	0	1.55556
u_sm_ram_I/U557	0	1.27045
u_sm_ram_Q/mem_reg[253][2]	0	1.74145
u_sm_ram_I/mem_reg[59][2]	0	0.622176
u_sm_ram_Q/U3257	0	1.3088
u_sm_ram_Q/U896	0	0.573854
u_sm_ram_I/U3670	0	0.567793
u_sm_ram_Q/mem_reg[168][3]	0	1.14005
u_sm_ram_Q/mem_reg[77][2]	0	2.19105
u_sm_ram_I/mem_reg[41][1]	0	1.88509
u_sm_ram_I/U644	0	0.771335
u_sm_ram_Q/mem_reg[159][3]	0	2.02637
u_sm_ram_Q/U3706	0	1.41903
u_sm_ram_I/mem_reg[139][1]	0	0.750181
u_sm_ram_Q/mem_reg[191][0]	0	0.92191
u_sm_ram_I/mem_reg[41][2]	0	0.600864
u_sm_ram_I/U2482	0	0.815243
u_sm_ram_I/mem_reg[171][0]	0	0.937365
u_sm_ram_I/mem_reg[106][0]	0	0.781755
u_sm_ram_Q/U1062	0	2.26262
u_sm_ram_Q/U934	0	0.552739
u_sm_ram_I/U1337	0	2.3548
u_sm_ram_Q/mem_reg[127][2]	0	0.729209
u_sm_ram_Q/U361	0	2.06737
u_sm_ram_Q/U3424	0	0.702126
u_sm_ram_I/U2948	0	0.689506
u_sm_ram_Q/U3182	0	1.09887
u_sm_ram_Q/PLACE_HFSBUF_102_947	0	1.55556
u_sm_ram_Q/U1407	0	0.921609
u_sm_ram_I/U3508	0	0.825586
u_sm_ram_Q/U1427	0	2.06841
u_sm_ram_I/U3157	0	0.855517
u_sm_ram_I/PLACE_HFSBUF_3070_660	0	0.555556
u_sm_ram_I/U3490	0	0.924356
u_sm_ram_Q/U1815	0	0.546535
u_sm_ram_Q/U819	0	0.99076
u_sm_ram_Q/U281	0	0.961998
u_sm_ram_I/U3451	0	1.89308
u_sm_ram_I/U952	0	0.909313
u_sm_ram_I/PLACE_HFSBUF_614_779	0	0.555556
u_sm_ram_Q/U936	0	0.845108
u_sm_ram_Q/mem_reg[218][3]	0	1.29373
u_sm_ram_I/U1147	0	1.22608
u_sm_ram_I/U3584	0	0.918839
u_sm_ram_I/mem_reg[139][2]	0	2.14933
u_sm_ram_Q/U1401	0	1.61928
u_sm_ram_Q/U2540	0	0.583931
u_sm_ram_Q/PLACE_HFSBUF_146_1117	0	1.55556
u_sm_ram_Q/PLACE_HFSBUF_193_1116	0	1.48148
u_sm_ram_I/U556	0	0.930586
u_sm_ram_I/mem_reg[154][0]	0	0.614776
u_sm_ram_I/mem_reg[251][0]	0	0.623835
u_sm_ram_I/U888	0	1.28743
u_sm_ram_Q/U1905	0	1.10995
u_sm_ram_I/U3848	0	1.18308
u_sm_ram_Q/U931	0	0.811821
u_sm_ram_Q/mem_reg[42][2]	0	0.645444
u_sm_ram_I/U1145	0	1.81123
u_sm_ram_I/PLACE_HFSBUF_5718_769	0	0.54321
u_sm_ram_I/PLACE_HFSBUF_8175_770	0	0.469136
u_sm_ram_I/U1148	0	1.33674
u_sm_ram_I/mem_reg[106][2]	0	0.942446
u_sm_ram_Q/U1853	0	0.882793
u_sm_ram_I/U3583	0	0.788565
u_sm_ram_Q/U816	0	1.06915
u_sm_ram_I/U3585	0	1.80061
u_sm_ram_Q/U3765	0	0.904306
u_sm_ram_I/U2761	0	0.757415
u_sm_ram_I/U559	0	1.33391
u_sm_ram_I/U3994	0	0.83581
u_sm_ram_I/mem_reg[27][2]	0	1.86796
u_sm_ram_Q/U1461	0	1.31796
u_sm_ram_I/U3372	0	0.741644
u_sm_ram_I/U2823	0	0.901474
u_sm_ram_I/mem_reg[59][1]	0	0.929221
u_sm_ram_I/U2819	0	1.15113
u_sm_ram_Q/U3371	0	0.709113
u_sm_ram_Q/mem_reg[43][2]	0	1.10756
u_sm_ram_I/mem_reg[43][0]	0	1.57365
u_sm_ram_Q/mem_reg[221][2]	0	1.16137
u_sm_ram_I/mem_reg[218][0]	0	1.21743
u_sm_ram_I/U3882	0	1.14182
u_sm_ram_I/U2821	0	1.33686
u_sm_ram_I/U946	0	1.03333
u_sm_ram_I/U1468	0	2.51725
u_sm_ram_Q/U3675	0	0.873449
u_sm_ram_Q/U3306	0	0.809117
u_sm_ram_I/U883	0	1.39982
u_sm_ram_I/mem_reg[250][3]	0	0.670752
u_sm_ram_I/U2401	0	0.664626
u_sm_ram_I/U881	0	1.51858
u_sm_ram_I/U3827	0	2.48957
u_sm_ram_Q/U3699	0	1.29838
u_sm_ram_Q/mem_reg[252][1]	0	1.36772
u_sm_ram_I/U1146	0	1.1598
u_sm_ram_Q/U1329	0	0.869024
u_sm_ram_I/U3371	0	1.02792
u_sm_ram_I/U3779	0	0.993549
u_sm_ram_I/U947	0	2.16299
u_sm_ram_I/U2762	0	1.76078
u_sm_ram_Q/U1060	0	0.745378
u_sm_ram_I/U4174	0	1.25505
u_sm_ram_I/mem_reg[155][0]	0	0.963711
u_sm_ram_I/U2778	0	0.742558
u_sm_ram_Q/PLACE_HFSBUF_10386_546	0	0.555556
u_sm_ram_I/U1076	0	1.19758
u_sm_ram_Q/U933	0	0.757099
u_sm_ram_I/U3921	0	0.724255
u_sm_ram_Q/U932	0	1.99388
u_sm_ram_Q/U3758	0	2.58379
u_sm_ram_I/U3500	0	1.16434
u_sm_ram_Q/U3647	0	1.03891
u_sm_ram_Q/mem_reg[159][1]	0	0.872504
u_sm_ram_I/mem_reg[170][0]	0	1.1114
u_sm_ram_I/U2313	0	1.68654
u_sm_ram_Q/U828	0	0.898233
u_sm_ram_I/PLACE_HFSBUF_59_923	0	0.555556
u_sm_ram_I/U3592	0	1.03024
u_sm_ram_I/U2820	0	0.701173
u_sm_ram_I/U2003	0	0.624344
u_sm_ram_Q/U1994	0.0625	0.881779
u_sm_ram_Q/U1516	0	0.796485
u_sm_ram_Q/U600	0	0.650401
u_sm_ram_Q/mem_reg[153][2]	0	0.742558
u_sm_ram_I/mem_reg[154][2]	0	1.86101
u_sm_ram_I/mem_reg[235][2]	0	1.08058
u_sm_ram_I/U1830	0	0.89059
u_sm_ram_Q/mem_reg[185][0]	0	0.762901
u_sm_ram_Q/U2243	0	0.937361
u_sm_ram_I/U3950	0	2.1129
u_sm_ram_Q/mem_reg[61][2]	0	1.01255
u_sm_ram_Q/U2263	0	0.57262
u_sm_ram_Q/U3575	0	1.13047
u_sm_ram_I/U623	0	1.98052
u_sm_ram_Q/mem_reg[187][3]	0	0.565544
u_sm_ram_Q/mem_reg[187][0]	0	2.07556
u_sm_ram_Q/U1942	0	2.43682
u_sm_ram_Q/mem_reg[127][0]	0	1.13474
u_sm_ram_Q/U3272	0	0.826933
u_sm_ram_Q/U1862	0	0.845683
u_sm_ram_Q/PLACE_HFSBUF_10170_545	0	1.55556
u_sm_ram_Q/U3111	0	1.71733
u_sm_ram_Q/U1845	0	1.0118
u_sm_ram_Q/U2018	0	1.71116
u_sm_ram_I/U882	0	0.609167
u_sm_ram_I/U754	0	1.21971
u_sm_ram_Q/U3737	0	1.15527
u_sm_ram_Q/U553	0	1.40189
u_sm_ram_Q/U3782	0	0.629985
u_sm_ram_I/U948	0	1.80476
u_sm_ram_I/U227	0	1.13219
u_sm_ram_I/U2483	0	0.657701
u_sm_ram_Q/U3374	0	0.850201
u_sm_ram_I/U3831	0	2.12793
u_sm_ram_Q/U2641	0	0.637905
u_sm_ram_Q/U352	0.25	1.10039
u_sm_ram_Q/PLACE_HFSBUF_741_527	0	0.555556
u_sm_ram_Q/U2266	0	1.75922
u_sm_ram_I/U3769	0	0.833353
u_sm_ram_I/mem_reg[251][3]	0	1.55454
u_sm_ram_I/mem_reg[58][2]	0	2.03284
u_sm_ram_I/PLACE_HFSBUF_6169_767	0	0.555556
u_sm_ram_I/PLACE_HFSBUF_6328_766	0	0.481481
u_sm_ram_Q/U3372	0	1.38993
u_sm_ram_Q/mem_reg[15][1]	0	1.07333
u_sm_ram_Q/U1403	0	1.91361
u_sm_ram_Q/mem_reg[219][3]	0	0.675945
u_sm_ram_Q/U2869	0	0.986921
u_sm_ram_Q/PLACE_HFSBUF_1695_881	0	1.55556
u_sm_ram_Q/mem_reg[153][1]	0	1.56672
u_sm_ram_Q/U2356	0	2.58169
u_sm_ram_Q/U3336	0	1.86861
u_sm_ram_Q/U2019	0	1.42314
u_sm_ram_Q/U693	0	2.79506
u_sm_ram_Q/U1517	0	1.18615
u_sm_ram_I/mem_reg[106][3]	0	1.44219
u_sm_ram_I/U3939	0	2.22664
u_sm_ram_I/U2227	0	1.63102
u_sm_ram_Q/U3060	0	0.554105
u_sm_ram_I/mem_reg[171][2]	0	0.68907
u_sm_ram_I/U3496	0	1.52202
u_sm_ram_I/U312	0	0.809248
u_sm_ram_Q/mem_reg[61][1]	0	0.667299
u_sm_ram_I/U3509	0	0.941713
u_sm_ram_I/U3266	0	1.13353
u_sm_ram_I/U1401	0	0.701821
u_sm_ram_Q/mem_reg[159][2]	0	0.901169
u_sm_ram_I/U2094	0	0.757697
u_sm_ram_I/U1466	0	0.953866
u_sm_ram_Q/U827	0	2.09308
u_sm_ram_Q/mem_reg[127][3]	0	0.64821
u_sm_ram_Q/U3368	0	0.692836
u_sm_ram_I/PLACE_HFSBUF_101_966	0	1.55556
u_sm_ram_I/PLACE_HFSBUF_174_967	0	1.55556
u_sm_ram_I/PLACE_HFSBUF_275_963	0	1.55556
u_sm_ram_Q/U678	0	0.764433
u_sm_ram_I/mem_reg[106][1]	0	1.42054
u_sm_ram_I/U1467	0	2.07038
u_sm_ram_I/U2415	0	0.596088
u_sm_ram_I/mem_reg[171][1]	0	2.67257
u_sm_ram_Q/mem_reg[221][0]	0	1.30227
u_sm_ram_Q/PLACE_HFSBUF_86_1026	0	0.555556
u_sm_ram_I/U3582	0	0.889402
u_sm_ram_Q/U1406	0	1.38612
u_sm_ram_Q/U829	0	1.41853
u_sm_ram_I/mem_reg[203][3]	0	0.566073
u_sm_ram_Q/mem_reg[15][2]	0	0.991636
u_sm_ram_I/U3893	0	1.07918
u_sm_ram_Q/U1828	0	2.05027
u_sm_ram_I/U233	0	0.870791
u_sm_ram_I/U2002	0	0.726289
u_sm_ram_I/U1829	0	1.51292
u_sm_ram_I/U2845	0	1.0327
u_sm_ram_I/U3725	0	1.00067
u_sm_ram_Q/U935	0	0.977504
u_sm_ram_Q/U1823	0	2.05923
u_sm_ram_Q/U955	0	2.62385
u_sm_ram_I/U1212	0	1.07553
u_sm_ram_I/U1402	0	1.53664
u_sm_ram_I/U1469	0	0.655289
u_sm_ram_Q/U3106	0	0.610949
u_sm_ram_I/U2226	0	0.669333
u_sm_ram_I/mem_reg[155][2]	0	0.945945
u_sm_ram_Q/U2285	0	1.15382
u_sm_ram_I/PLACE_HFSBUF_1931_734	0	1.55556
u_sm_ram_I/PLACE_HFSBUF_458_691	0	1.55556
u_sm_ram_I/U2312	0	1.67345
u_sm_ram_I/U2212	0	0.776296
u_sm_ram_I/mem_reg[27][0]	0	1.34571
u_sm_ram_Q/U831	0	1.05649
u_sm_ram_Q/U1322	0	0.693241
u_sm_ram_Q/mem_reg[184][0]	0	1.81618
u_sm_ram_Q/mem_reg[43][3]	0	1.86391
u_sm_ram_I/U624	0	1.00895
u_sm_ram_Q/U1408	0	1.82675
u_sm_ram_I/mem_reg[27][3]	0	0.674151
u_sm_ram_Q/U1321	0	1.64558
u_sm_ram_I/mem_reg[90][0]	0	1.18912
u_sm_ram_Q/PLACE_HFSBUF_224_946	0	0.555556
u_sm_ram_Q/PLACE_HFSBUF_156_944	0	1.55556
u_sm_ram_Q/PLACE_HFSBUF_270_945	0	1.55556
u_sm_ram_I/U3364	0	0.774498
u_sm_ram_I/U3379	0	2.004
u_sm_ram_Q/mem_reg[218][1]	0	0.836748
u_sm_ram_I/mem_reg[27][1]	0	0.736995
u_sm_ram_Q/mem_reg[42][1]	0	1.69055
u_sm_ram_I/mem_reg[218][2]	0	2.45702
u_sm_ram_I/U3652	0	0.792272
u_sm_ram_Q/U1323	0	0.750004
u_sm_ram_Q/mem_reg[127][1]	0	2.13252
u_sm_ram_Q/U2584	0	1.06773
u_sm_ram_Q/PLACE_HFSBUF_528_1106	0	1.55556
u_sm_ram_Q/PLACE_HFSBUF_2728_1107	0	1.49383
u_sm_ram_I/U3181	0	0.929576
u_sm_ram_Q/U3055	0	0.594927
u_sm_ram_I/mem_reg[218][3]	0	1.1926
u_sm_ram_Q/U2591	0	2.38391
u_sm_ram_I/mem_reg[235][3]	0	0.977978
u_sm_ram_I/PLACE_HFSBUF_149_1061	0	1.55556
u_sm_ram_I/PLACE_HFSBUF_30_1063	0	0.555556
u_sm_ram_I/PLACE_HFSBUF_196_1062	0	0.555556
u_sm_ram_I/mem_reg[43][1]	0	1.17611
u_sm_ram_Q/U1679	0	0.841454
u_sm_ram_Q/mem_reg[252][2]	0	1.18174
u_sm_ram_Q/mem_reg[42][3]	0	1.46461
u_sm_ram_I/U622	0	1.08964
u_sm_ram_Q/U681	0	1.11288
u_sm_ram_I/mem_reg[186][3]	0	3.03267
u_sm_ram_Q/U688	0	1.02174
u_sm_ram_Q/mem_reg[158][3]	0	0.581019
u_sm_ram_Q/U3635	0	1.34478
u_sm_ram_Q/U687	0	1.89507
u_sm_ram_I/U3728	0	1.28285
u_sm_ram_Q/mem_reg[184][1]	0	1.30641
u_sm_ram_Q/mem_reg[63][1]	0	1.83774
u_sm_ram_I/U3370	0	1.47755
u_sm_ram_Q/mem_reg[63][2]	0	0.696362
u_sm_ram_I/U3160	0	0.877596
u_sm_ram_Q/mem_reg[219][1]	0	1.00138
u_sm_ram_I/U1341	0	1.03014
u_sm_ram_I/U3651	0	0.669992
u_sm_ram_I/PLACE_HFSBUF_172_981	0	1.55556
u_sm_ram_I/PLACE_HFSBUF_1114_986	0	1.55556
u_sm_ram_I/PLACE_HFSBUF_1066_987	0	0.555556
u_sm_ram_I/PLACE_HFSBUF_121_985	0	0.555556
u_sm_ram_Q/U3270	0	0.777404
u_sm_ram_Q/U679	0	1.2795
u_sm_ram_I/U3159	0	0.941821
u_sm_ram_Q/mem_reg[158][1]	0	2.62906
u_sm_ram_Q/mem_reg[79][3]	0	0.590799
u_sm_ram_Q/mem_reg[63][0]	0	2.54325
u_sm_ram_Q/U1861	0	2.03518
u_sm_ram_I/U4234	0	1.12119
u_sm_ram_I/U2005	0	1.10509
u_sm_ram_I/U2073	0	1.17698
u_sm_ram_Q/mem_reg[184][3]	0	0.993835
u_sm_ram_Q/PLACE_HFSBUF_124_837	0	0.555556
u_sm_ram_Q/PLACE_HFSBUF_183_836	0	1.55556
u_sm_ram_I/U3845	0	0.560204
u_sm_ram_I/U753	0	2.24917
u_sm_ram_I/U3944	0	1.70823
u_sm_ram_Q/U691	0	1.22989
u_sm_ram_I/U3801	0	1.69728
u_sm_ram_Q/U1782	0	1.31805
u_sm_ram_I/U1342	0	0.98591
u_sm_ram_I/U2944	0	1.23461
u_sm_ram_Q/U3556	0	1.90136
u_sm_ram_Q/U3560	0	0.67412
u_sm_ram_Q/mem_reg[63][3]	0	0.728067
u_sm_ram_Q/U3271	0	1.27534
u_sm_ram_I/mem_reg[90][2]	0	0.838669
u_sm_ram_I/U885	0	0.68821
u_sm_ram_Q/mem_reg[219][2]	0	1.47836
u_sm_ram_I/U3872	0	1.23555
u_sm_ram_I/U1857	0	1.68801
u_sm_ram_Q/U312	0	0.552249
u_sm_ram_I/U1340	0	0.558993
u_sm_ram_I/U3958	0	0.743781
u_sm_ram_Q/U3366	0	0.615629
u_sm_ram_Q/U912	0	0.974529
u_sm_ram_I/mem_reg[58][1]	0	1.03797
u_sm_ram_I/U3901	0	2.20217
u_sm_ram_I/PLACE_HFSBUF_237_982	0	1.55556
u_sm_ram_Q/mem_reg[221][1]	0	1.69583
u_sm_ram_I/U2095	0	1.36331
u_sm_ram_I/U2634	0	0.880293
u_sm_ram_I/PLACE_HFSBUF_292_983	0	0.555556
u_sm_ram_I/PLACE_HFSBUF_350_984	0	1.55556
u_sm_ram_Q/U2595	0	1.26392
u_sm_ram_Q/U1258	0	2.05352
u_sm_ram_Q/U824	0	1.21305
u_sm_ram_Q/mem_reg[153][3]	0	1.40961
u_sm_ram_I/mem_reg[235][1]	0	0.756335
u_sm_ram_Q/U2872	0	0.892234
u_sm_ram_I/U752	0	0.977859
u_sm_ram_I/mem_reg[203][2]	0	1.49037
u_sm_ram_Q/U1831	0	1.2963
u_sm_ram_Q/U673	0	0.857921
u_sm_ram_I/U2190	0	1.485
u_sm_ram_Q/U1783	0	1.8297
u_sm_ram_Q/U2710	0	0.670814
u_sm_ram_I/U2775	0	0.554576
u_sm_ram_Q/U1255	0	0.78478
u_sm_ram_I/U3818	0	2.09132
u_sm_ram_I/PLACE_HFSBUF_407_964	0	0.555556
u_sm_ram_I/PLACE_HFSBUF_477_965	0	1.55556
u_sm_ram_Q/U949	0	1.24549
u_sm_ram_I/U3787	0	1.14005
u_sm_ram_Q/U3507	0	1.95149
u_sm_ram_Q/U3788	0	1.00065
u_sm_ram_Q/PLACE_HFSBUF_546_537	0	0.555556
u_sm_ram_Q/PLACE_HFSINV_7869_877	0	1.55556
u_sm_ram_I/U3903	0	1.51139
u_sm_ram_Q/U1402	0	2.28951
u_sm_ram_Q/mem_reg[221][3]	0	0.593175
u_sm_ram_I/U751	0	1.83665
u_sm_ram_I/PLACE_HFSBUF_6859_794	0	1.55556
u_sm_ram_I/PLACE_HFSBUF_6592_790	0	0.493827
u_sm_ram_I/mem_reg[218][1]	0	1.3457
u_sm_ram_I/U3381	0	1.86807
u_sm_ram_Q/U686	0	0.890571
u_sm_ram_Q/U682	0	2.20091
u_sm_ram_Q/U3536	0	0.921871
u_sm_ram_Q/mem_reg[223][3]	0	1.66674
u_sm_ram_Q/U4084	0	1.71348
u_sm_ram_Q/U2539	0	1.93261
u_sm_ram_Q/mem_reg[61][0]	0	0.862006
u_sm_ram_I/U2392	0	1.66193
u_sm_ram_I/mem_reg[58][0]	0	0.773827
u_sm_ram_I/U3924	0	0.708634
u_sm_ram_Q/mem_reg[79][0]	0	0.915976
u_sm_ram_I/U3963	0	0.687685
u_sm_ram_I/mem_reg[26][0]	0	1.35588
u_sm_ram_I/U1753	0	1.05907
u_sm_ram_I/U2104	0	0.895482
u_sm_ram_Q/mem_reg[56][1]	0	0.690961
u_sm_ram_I/mem_reg[203][0]	0	1.32346
u_sm_ram_Q/U830	0	1.43218
u_sm_ram_Q/mem_reg[153][0]	0	1.14748
u_sm_ram_I/U3796	0	0.738383
u_sm_ram_I/U2945	0	1.51416
u_sm_ram_Q/mem_reg[43][1]	0	1.23106
u_sm_ram_Q/U1192	0	0.98836
u_sm_ram_I/U2004	0	1.55178
u_sm_ram_I/U621	0	2.01289
u_sm_ram_I/U1535	0	0.650513
u_sm_ram_I/U3438	0	1.18691
u_sm_ram_I/U3776	0	0.903688
u_sm_ram_I/U3878	0	1.48118
u_sm_ram_I/mem_reg[90][3]	0	1.20204
u_sm_ram_I/U3178	0	1.31186
u_sm_ram_Q/U3250	0	0.825544
u_sm_ram_I/mem_reg[43][2]	0	1.46956
u_sm_ram_I/mem_reg[186][2]	0	2.17156
u_sm_ram_I/U1213	0	1.34787
u_sm_ram_Q/U1797	0	1.2523
u_sm_ram_I/U3579	0	1.56364
u_sm_ram_Q/U3062	0	1.18998
u_sm_ram_Q/U110	0	1.10113
u_sm_ram_Q/U2435	0	1.20485
u_sm_ram_Q/U692	0	0.789591
u_sm_ram_Q/U2560	0	2.8736
u_sm_ram_Q/U3476	0	0.944664
u_sm_ram_Q/mem_reg[62][0]	0	0.861925
u_sm_ram_I/U2486	0	0.851003
u_sm_ram_Q/mem_reg[220][3]	0	1.54296
u_sm_ram_Q/mem_reg[220][0]	0	3.21826
u_sm_ram_I/U1914	0	0.896316
u_sm_ram_I/U1891	0	0.845251
u_sm_I/data_out_reg[3]	0	2.08703
u_sm_ram_Q/mem_reg[218][2]	0	1.60386
u_sm_ram_I/mem_reg[187][1]	0	1.07773
u_sm_ram_I/U3375	0	1.24712
u_sm_ram_Q/U1256	0	2.06661
u_sm_ram_I/U2481	0	0.848854
u_sm_ram_Q/mem_reg[58][3]	0	0.557539
u_sm_ram_I/U2485	0	1.09972
u_sm_ram_Q/U3367	0	1.62166
u_sm_ram_I/U3158	0	0.883337
u_sm_ram_I/mem_reg[11][0]	0	1.75192
u_sm_ram_I/U2647	0	1.24208
u_sm_ram_Q/U3736	0	1.94651
u_sm_ram_Q/U2363	0	1.79013
u_sm_ram_I/U1824	0	0.655139
u_sm_ram_I/U4140	0	0.631887
u_sm_ram_I/U1529	0	1.23877
u_sm_ram_Q/mem_reg[59][3]	0	0.647392
u_sm_ram_Q/mem_reg[79][1]	0	0.583156
u_sm_ram_Q/U1793	0	0.68353
u_sm_ram_Q/mem_reg[184][2]	0	0.952994
u_sm_ram_I/U3161	0	1.45693
u_sm_ram_Q/mem_reg[219][0]	0	1.03733
u_sm_ram_I/U2776	0	1.29534
u_sm_ram_Q/mem_reg[72][2]	0	0.659622
u_sm_ram_Q/mem_reg[220][1]	0	1.08613
u_sm_ram_Q/U1257	0	2.41892
u_sm_ram_I/U1896	0	0.91836
u_sm_ram_I/mem_reg[203][1]	0	0.871412
u_sm_ram_I/U3593	0	0.828623
u_sm_ram_I/U1470	0	1.788
u_sm_ram_Q/mem_reg[95][2]	0	2.96076
u_sm_ram_Q/PLACE_HFSBUF_344_1175	0	1.55556
u_sm_ram_I/U1471	0	2.04139
u_sm_ram_I/U2726	0	1.9834
u_sm_ram_I/U3360	0	1.02907
u_sm_ram_I/mem_reg[235][0]	0	2.73267
u_sm_ram_I/U886	0	0.908989
u_sm_ram_I/U3947	0	1.92464
u_sm_ram_I/U887	0	0.779672
u_sm_ram_I/PLACE_HFSBUF_15512_771	0	3.55556
u_sm_ram_I/PLACE_HFSINV_16838_772	0	2.49383
u_sm_ram_Q/PLACE_HFSBUF_623_1174	0	1.55556
u_sm_ram_Q/PLACE_HFSBUF_566_1170	0	1.51852
u_sm_ram_I/U2531	0	0.843329
u_sm_ram_I/U2199	0	1.04443
u_sm_ram_Q/U1388	0	0.794464
u_sm_ram_Q/U3799	0	1.20019
u_sm_ram_I/U627	0	0.890837
u_sm_ram_I/U3429	0	0.999973
u_sm_ram_Q/U3300	0	0.671022
u_sm_ram_Q/U690	0	0.662836
u_sm_ram_Q/U3619	0	1.15773
u_sm_ram_I/U625	0	1.84155
u_sm_ram_I/mem_reg[91][3]	0	0.578171
u_sm_ram_I/U3835	0	0.755089
u_sm_ram_I/U3640	0	1.49488
u_sm_ram_I/U2383	0	0.910031
u_sm_ram_Q/U2241	0	0.712674
u_sm_ram_Q/PLACE_HFSBUF_23_939	0	0.555556
u_sm_ram_Q/PLACE_HFSBUF_76_938	0	1.55556
u_sm_ram_Q/U3397	0	2.07331
u_sm_ram_I/U757	0	0.685841
u_sm_ram_Q/U683	0	0.769649
u_sm_ram_Q/U1349	0	1.0813
u_sm_ram_Q/PLACE_HFSINV_2125_1022	0	1.55556
u_sm_ram_Q/mem_reg[79][2]	0	0.55865
u_sm_ram_I/U3369	0	1.25725
u_sm_ram_I/mem_reg[186][1]	0	1.11766
u_sm_ram_I/U755	0	0.561782
u_sm_ram_Q/U1364	0	1.26826
u_sm_ram_Q/PLACE_HFSBUF_601_1027	0	0.555556
u_sm_ram_Q/PLACE_HFSBUF_1046_1030	0	1.55556
u_sm_ram_I/U1750	0	0.883291
u_sm_ram_I/U3491	0	0.59412
u_sm_ram_I/U2487	0	0.774529
u_sm_ram_Q/U2451	0	0.828117
u_sm_ram_Q/U3488	0	0.606292
u_sm_ram_I/U2500	0	1.77062
u_sm_ram_Q/U3352	0	1.8595
u_sm_ram_I/U3864	0	2.1065
u_sm_ram_I/mem_reg[234][1]	0	1.2039
u_sm_ram_I/mem_reg[170][2]	0	0.775818
u_sm_ram_I/U1272	0	0.678688
u_sm_ram_I/U818	0	1.85291
u_sm_ram_I/U3423	0	0.646296
u_sm_ram_I/U817	0	1.05405
u_sm_ram_Q/U3453	0	0.927384
u_sm_ram_I/mem_reg[170][1]	0	1.92754
u_sm_ram_I/PLACE_HFSBUF_6364_789	0	0.555556
u_sm_ram_I/PLACE_HFSBUF_5949_763	0	0.555556
u_sm_ram_I/U1404	0	2.00302
u_sm_ram_I/mem_reg[234][2]	0	2.22219
u_sm_ram_I/U2476	0	1.38402
u_sm_ram_I/U1537	0	1.07436
u_sm_ram_Q/U684	0	1.63292
u_sm_ram_Q/U3547	0	1.03745
u_sm_ram_I/U2633	0	2.23319
u_sm_ram_I/U628	0	0.965174
u_sm_ram_I/U1080	0	0.640536
u_sm_ram_Q/mem_reg[56][3]	0	2.00089
u_sm_ram_Q/U2581	0	0.665382
u_sm_ram_I/U2093	0	1.93351
u_sm_ram_Q/U3679	0	1.46861
u_sm_ram_Q/mem_reg[59][1]	0	1.21602
u_sm_ram_I/U819	0	1.49551
u_sm_I/data_out_reg[2]	0	3.27446
u_sm_ram_I/U2285	0	2.14483
u_sm_ram_I/mem_reg[186][0]	0	2.61463
u_sm_ram_Q/U3655	0	1.22791
u_sm_ram_I/U1403	0	1.60893
u_sm_ram_Q/mem_reg[61][3]	0	0.728495
u_sm_ram_I/PLACE_HFSBUF_6622_764	0	1.55556
u_sm_ram_I/PLACE_HFSINV_5190_778	0	1.55556
u_sm_ram_I/U2777	0	0.553989
u_sm_ram_Q/U3489	0	0.770436
u_sm_ram_Q/U3353	0	0.876744
u_sm_ram_Q/U1285	0	1.81724
u_sm_ram_I/U3180	0	0.557045
u_sm_ram_I/mem_reg[234][0]	0	0.970768
u_sm_ram_Q/PLACE_HFSBUF_228_833	0	0.555556
u_sm_ram_I/mem_reg[11][2]	0	1.06501
u_sm_ram_I/mem_reg[202][0]	0	0.956848
u_sm_ram_Q/U1324	0	0.816555
u_sm_ram_I/U758	0	1.03903
u_sm_ram_I/U1211	0	1.32366
u_sm_ram_I/mem_reg[75][3]	0	0.690594
u_sm_ram_Q/U3267	0	1.40674
u_sm_ram_Q/mem_reg[218][0]	0	1.03089
u_sm_ram_I/mem_reg[90][1]	0	1.1922
u_sm_ram_Q/U2366	0	0.681034
u_sm_ram_I/U1407	0	0.7564
u_sm_ram_Q/U3069	0	0.936327
u_sm_ram_I/U1536	0	0.856879
u_sm_ram_Q/U331	0	1.38831
u_sm_ram_Q/U2242	0	1.70596
u_sm_ram_I/U3965	0	1.9242
u_sm_ram_I/mem_reg[26][1]	0	0.721053
u_sm_ram_I/mem_reg[187][2]	0	2.76517
u_sm_ram_Q/PLACE_HFSBUF_1505_882	0	1.55556
u_sm_ram_Q/U3284	0	0.900972
u_sm_ram_Q/mem_reg[220][2]	0	0.895185
u_sm_ram_Q/U3269	0	0.724306
u_sm_ram_Q/U2365	0	0.712122
u_sm_ram_I/U3886	0	1.26601
u_sm_ram_Q/mem_reg[58][0]	0	1.47432
u_sm_ram_Q/U2208	0	1.30192
u_sm_ram_I/U756	0	1.31316
u_sm_ram_I/U1615	0	1.55736
u_sm_ram_I/U1271	0	2.15889
u_sm_ram_I/mem_reg[122][0]	0	1.85641
u_sm_ram_Q/mem_reg[88][0]	0	2.55414
u_sm_ram_I/mem_reg[187][3]	0	2.08414
u_sm_ram_Q/U3068	0	2.20478
u_sm_ram_I/U1473	0	1.10872
u_sm_ram_I/U1472	0	0.568592
u_sm_ram_I/mem_reg[75][1]	0	2.03805
u_sm_ram_I/mem_reg[202][2]	0	2.09201
u_sm_ram_Q/PLACE_HFSBUF_6178_874	0	0.555556
u_sm_ram_I/mem_reg[234][3]	0	1.92557
u_sm_ram_Q/U670	0	0.748565
u_sm_ram_I/mem_reg[43][3]	0	1.87619
u_sm_ram_Q/U674	0	1.19265
u_sm_ram_I/mem_reg[42][2]	0	1.08715
u_sm_ram_I/U2390	0	0.981651
u_sm_ram_I/mem_reg[202][3]	0	1.07629
u_sm_ram_I/U1614	0	1.40927
u_sm_ram_I/U1538	0	0.962535
u_sm_ram_Q/U3703	0	1.64107
u_sm_ram_Q/U2589	0	0.722326
u_sm_ram_I/PLACE_HFSBUF_2772_684	0	1.55556
u_sm_ram_I/PLACE_HFSINV_17273_685	0	1.45679
u_sm_ram_Q/U676	0	0.990903
u_sm_ram_Q/U618	0	0.962234
u_sm_ram_Q/U3748	0	1.87603
u_sm_ram_I/PLACE_HFSBUF_1055_782	0	1.55556
u_sm_ram_I/PLACE_HFSBUF_909_781	0	1.48148
u_sm_ram_I/PLACE_HFSBUF_853_780	0	0.555556
u_sm_ram_Q/U3495	0	0.882392
u_sm_ram_I/U1405	0	2.25887
u_sm_ram_Q/PLACE_HFSBUF_685_1173	0	1.55556
u_sm_ram_Q/PLACE_HFSBUF_1167_1105	0	1.55556
u_sm_ram_I/U2241	0	0.77914
u_sm_ram_I/mem_reg[42][0]	0	0.700324
u_sm_ram_Q/U2270	0	1.46326
u_sm_ram_Q/U1325	0	0.88113
u_sm_ram_I/U816	0	0.583642
u_sm_ram_Q/U3787	0	0.738908
u_sm_ram_Q/mem_reg[78][0]	0	0.677697
u_sm_ram_Q/U1326	0	1.4419
u_sm_ram_I/mem_reg[11][1]	0	1.61074
u_sm_ram_Q/mem_reg[222][2]	0	1.33901
u_sm_ram_Q/U1340	0	2.79848
u_sm_ram_Q/U3686	0	0.847095
u_sm_ram_Q/PLACE_HFSBUF_810_994	0	0.555556
u_sm_ram_Q/U1597	0	0.79255
u_sm_ram_Q/U1327	0	1.75254
u_sm_ram_Q/U1283	0	0.707149
u_sm_ram_I/mem_reg[75][0]	0	0.693827
u_sm_ram_Q/PLACE_HFSBUF_5820_872	0	0.555556
u_sm_ram_Q/PLACE_HFSBUF_725_1171	0	1.55556
u_sm_ram_Q/PLACE_HFSBUF_792_1172	0	0.530864
u_sm_ram_I/U1079	0	1.3885
u_sm_ram_I/mem_reg[75][2]	0	2.513
u_sm_ram_Q/mem_reg[222][0]	0	1.13851
u_sm_ram_Q/U2362	0	1.90875
u_sm_ram_I/mem_reg[11][3]	0	1.51278
u_sm_ram_Q/PLACE_HFSBUF_357_835	0	0.555556
u_sm_ram_Q/PLACE_HFSBUF_272_834	0	0.481481
u_sm_ram_Q/U2249	0	0.83238
u_sm_ram_Q/U26	0	2.06919
u_sm_ram_Q/U2284	0	0.927932
u_sm_ram_Q/PLACE_HFSBUF_3131_454	0	1.54321
u_sm_ram_Q/U2590	0	0.570301
u_sm_ram_Q/U3769	0	1.93155
u_sm_ram_Q/U2009	0	1.69542
u_sm_ram_Q/U3030	0	2.03962
u_sm_ram_Q/U2245	0	0.699171
u_sm_ram_Q/mem_reg[95][1]	0	1.56824
u_sm_ram_Q/U1260	0	2.00205
u_sm_I/data_out_reg[1]	0	2.37766
u_sm_ram_I/mem_reg[187][0]	0	0.93657
u_sm_ram_I/mem_reg[91][1]	0	1.35966
u_sm_ram_Q/U3152	0	0.766617
u_sm_ram_I/mem_reg[202][1]	0	1.50971
u_sm_ram_Q/mem_reg[62][1]	0	0.561169
u_sm_ram_Q/U3625	0	0.669379
u_sm_ram_Q/U1789	0	0.680683
u_sm_ram_Q/U1595	0	0.737122
u_sm_ram_I/mem_reg[91][2]	0	3.02826
u_sm_ram_I/U1082	0	0.99767
u_sm_ram_I/PLACE_HFSBUF_86_683	0	2.55556
u_sm_ram_I/PLACE_HFSBUF_1834_677	0	0.555556
u_sm_ram_I/PLACE_HFSBUF_1672_676	0	1.55556
u_sm_ram_I/PLACE_HFSBUF_3450_712	0	1.55556
u_sm_ram_I/PLACE_HFSBUF_3302_711	0	0.555556
u_sm_ram_Q/PLACE_HFSBUF_710_995	0	0.555556
u_sm_ram_Q/U996	0	1.03479
u_sm_ram_Q/U591	0	1.40921
u_sm_ram_Q/mem_reg[222][3]	0	1.00755
u_sm_ram_I/U2440	0	0.773881
u_sm_ram_I/mem_reg[26][2]	0	0.90365
u_sm_ram_I/mem_reg[123][3]	0	1.32211
u_sm_ram_Q/PLACE_HFSBUF_3317_457	0	1.55556
u_sm_ram_I/U1143	0	1.28409
u_sm_ram_Q/U3464	0	0.719865
u_sm_ram_Q/U1286	0	0.796786
u_sm_ram_I/U4032	0	0.520914
u_sm_ram_Q/U2248	0	0.962469
u_sm_ram_I/U3374	0	1.21627
u_sm_ram_Q/U2007	0	1.69744
u_sm_ram_Q/mem_reg[59][0]	0	1.09963
u_sm_ram_I/U2346	0	0.62902
u_sm_ram_I/U2347	0	0.952049
u_sm_ram_Q/U2559	0	0.804865
u_sm_ram_I/mem_reg[91][0]	0	1.87427
u_sm_ram_Q/mem_reg[62][3]	0	1.00168
u_sm_ram_Q/mem_reg[72][0]	0	1.52182
u_sm_ram_I/mem_reg[122][2]	0	0.827076
u_sm_ram_Q/mem_reg[56][2]	0	0.751671
u_sm_ram_Q/U1985	0	0.59811
u_sm_ram_I/mem_reg[26][3]	0	2.49941
u_sm_ram_I/U619	0	0.884302
u_sm_ram_Q/U1341	0	1.4983
u_sm_ram_Q/mem_reg[62][2]	0	2.80341
u_sm_ram_I/U3318	0	0.905015
u_sm_ram_I/mem_reg[107][2]	0	0.870644
u_sm_I/U19	0	2.12327
u_sm_ram_Q/U1342	0	1.68551
u_sm_ram_Q/U3990	0	0.534271
u_sm_ram_Q/U1261	0	2.31115
u_sm_ram_I/U615	0	0.598866
u_sm_ram_I/U2438	0	1.17878
u_sm_ram_I/PLACE_HFSBUF_54_362	0	1.55556
u_sm_ram_I/PLACE_HFSBUF_1769_728	0	0.481481
u_sm_ram_I/U3337	0	1.01483
u_sm_ram_I/U616	0	0.798426
u_sm_ram_I/PLACE_HFSBUF_15799_727	0	2.55556
u_sm_ram_Q/U1368	0	1.10976
u_sm_ram_I/U2759	0	1.7552
u_sm_ram_I/U1083	0	0.557249
u_sm_ram_I/U3536	0	0.665949
u_sm_ram_Q/mem_reg[252][3]	0	2.31096
u_sm_ram_I/PLACE_HFSBUF_5341_668	0	0.555556
u_sm_ram_Q/mem_reg[223][0]	0	0.900019
u_sm_ram_Q/U998	0	0.5974
u_sm_ram_I/U2682	0	0.764823
u_sm_ram_Q/U3216	0	1.81588
u_sm_ram_I/mem_reg[221][2]	0	0.766647
u_sm_ram_I/U1081	0	1.0887
u_sm_ram_I/U2840	0	1.11738
u_sm_ram_I/U3306	0	0.605475
u_sm_ram_I/mem_reg[221][0]	0	1.37465
u_sm_ram_Q/U997	0	1.46865
u_sm_ram_Q/mem_reg[88][2]	0	0.9139
u_sm_ram_Q/mem_reg[143][1]	0	0.925679
u_sm_ram_I/U617	0	1.13417
u_sm_I/data_out_reg[0]	0	0.815104
u_sm_ram_I/U1408	0	1.01029
u_sm_ram_I/U614	0	0.891373
u_sm_ram_Q/mem_reg[58][1]	0	0.712658
u_sm_ram_I/U2495	0	1.04093
u_sm_ram_Q/mem_reg[58][2]	0	2.14275
u_sm_ram_I/U3439	0	0.869776
u_sm_ram_I/U4097	0	0.768792
u_sm_ram_I/U3596	0	0.894456
u_sm_ram_Q/mem_reg[78][2]	0	0.683399
u_sm_ram_I/mem_reg[236][2]	0	1.504
u_sm_ram_Q/mem_reg[59][2]	0	2.41673
u_sm_ram_I/U1141	0	1.17548
u_sm_ram_I/U3594	0	0.59887
u_sm_ram_I/U620	0	0.878017
u_sm_ram_I/U3382	0	0.634159
u_sm_ram_Q/U675	0	1.23023
u_sm_ram_I/mem_reg[237][3]	0	0.646358
u_sm_ram_Q/mem_reg[78][1]	0	2.54396
u_sm_ram_I/U3289	0	0.894579
u_sm_ram_I/U2194	0	0.831289
u_sm_ram_I/U1540	0	1.47372
u_sm_ram_I/U2290	0	0.841952
u_sm_ram_Q/U3538	0	0.635316
u_sm_ram_I/U2289	0	2.2457
u_sm_ram_I/U2288	0	2.43145
u_sm_ram_Q/PLACE_HFSBUF_862_1102	0	0.555556
u_sm_ram_Q/U1259	0	0.582137
u_sm_ram_I/U1543	0	0.704109
u_sm_ram_I/PLACE_HFSBUF_1592_729	0	0.530864
u_sm_ram_I/PLACE_HFSINV_3354_738	0	1.55556
u_sm_ram_I/U1541	0	1.37498
u_sm_ram_Q/mem_reg[155][2]	0	0.594163
u_sm_ram_Q/mem_reg[57][1]	0	1.77192
u_sm_ram_Q/mem_reg[72][3]	0	2.04897
u_sm_ram_I/PLACE_HFSBUF_178_773	0	1.55556
u_sm_ram_Q/mem_reg[222][1]	0	1.55764
u_sm_ram_I/mem_reg[221][1]	0	1.45474
u_sm_ram_Q/U3436	0	0.564676
u_sm_ram_I/U1278	0	1.26998
u_sm_ram_I/PLACE_HFSINV_9841_688	0	1.55556
u_sm_ram_I/PLACE_HFSINV_2496_697	0	1.53086
u_sm_ram_I/PLACE_HFSBUF_1344_695	0	0.54321
u_sm_ram_Q/PLACE_HFSBUF_527_528	0	0.555556
u_sm_ram_Q/U3431	0	0.550251
u_sm_ram_I/U1542	0	0.570864
u_sm_ram_Q/U1887	0	0.716582
u_sm_ram_I/U1525	0	0.894861
u_sm_ram_I/PLACE_HFSBUF_1190_693	0	1.55556
u_sm_ram_I/PLACE_HFSINV_7549_675	0	1.4321
u_sm_ram_I/PLACE_HFSBUF_15486_686	0	1.45679
u_sm_ram_I/U3307	0	1.38736
u_sm_ram_Q/U3241	0	0.733407
u_sm_ram_Q/U3532	0	0.80091
u_sm_ram_Q/U995	0	1.44187
u_sm_ram_Q/U1839	0	1.30352
u_sm_ram_I/PLACE_HFSBUF_2892_667	0	0.555556
u_sm_ram_I/PLACE_HFSBUF_6660_672	0	1.51852
u_sm_ram_I/mem_reg[237][1]	0	1.56691
u_sm_ram_I/mem_reg[237][2]	0	3.28921
u_sm_ram_I/U1078	0	0.608326
u_sm_ram_Q/mem_reg[74][2]	0	2.01006
u_sm_I/U20	0	1.93359
u_sm_ram_I/U1406	0	1.00248
u_sm_ram_I/mem_reg[10][3]	0	0.698669
u_sm_ram_I/PLACE_HFSBUF_114_689	0	0.555556
u_sm_ram_I/PLACE_HFSBUF_281_692	0	0.555556
u_sm_ram_Q/mem_reg[56][0]	0	0.794672
u_sm_ram_I/mem_reg[74][0]	0	0.706929
u_sm_ram_I/U3538	0	1.09507
u_sm_ram_I/mem_reg[122][3]	0	1.03502
u_sm_ram_Q/U2003	0	1.74417
u_sm_ram_I/mem_reg[236][1]	0	1.1623
u_sm_ram_Q/U534	0	0.828179
u_sm_ram_I/mem_reg[10][0]	0	2.03731
u_sm_ram_Q/U3206	0	1.21199
u_sm_ram_I/mem_reg[74][2]	0	2.09531
u_sm_ram_I/mem_reg[236][3]	0	2.95999
u_sm_ram_I/mem_reg[42][3]	0	0.840791
u_sm_ram_I/U1009	0	0.906069
u_sm_ram_Q/U306	0	1.22373
u_sm_ram_I/mem_reg[123][2]	0	0.826397
u_sm_ram_Q/U3988	0	0.934946
u_sm_ram_I/U1685	0	1.08167
u_sm_ram_Q/U1986	0	0.758056
u_sm_ram_I/mem_reg[204][0]	0	1.99757
u_sm_ram_I/mem_reg[122][1]	0	2.40039
u_sm_ram_Q/mem_reg[143][3]	0	1.25958
u_sm_ram_Q/U501	0	2.62464
u_sm_ram_Q/PLACE_HFSBUF_237_1023	0	0.555556
u_sm_ram_Q/U1262	0	1.8006
u_sm_ram_Q/U3478	0	1.4618
u_sm_ram_Q/mem_reg[143][2]	0	3.07407
u_sm_ram_Q/mem_reg[75][2]	0	1.12069
u_sm_ram_Q/U3481	0	1.3922
u_sm_ram_I/U1142	0	0.773951
u_sm_ram_I/U3530	0	0.777581
u_sm_ram_I/mem_reg[10][2]	0	1.70212
u_sm_ram_Q/U3176	0	1.83354
u_sm_ram_I/mem_reg[10][1]	0	2.47214
u_sm_ram_I/mem_reg[107][0]	0	1.23473
u_sm_ram_Q/U3989	0	1.09628
u_sm_ram_Q/U3629	0	1.5037
u_sm_ram_Q/U626	0	1.33317
u_sm_ram_Q/U2283	0	1.5659
u_sm_ram_Q/U3063	0	1.61775
u_sm_ram_I/U3995	0	0.924356
u_sm_ram_I/mem_reg[140][2]	0	1.04075
u_sm_ram_I/U1077	0	2.44516
u_sm_ram_I/U2348	0	2.29259
u_sm_ram_Q/U1770	0	1.83943
u_sm_ram_I/mem_reg[74][1]	0	1.00014
u_sm_ram_Q/U551	0	0.861246
u_sm_ram_Q/PLACE_HFSBUF_368_536	0	1.51852
u_sm_ram_Q/U2870	0	1.21989
u_sm_ram_I/U3240	0	1.78423
u_sm_ram_Q/mem_reg[253][3]	0	0.834653
u_sm_ram_Q/U672	0	0.945224
u_sm_I/U21	0	0.758873
u_sm_ram_Q/U3217	0	0.837041
u_sm_ram_Q/U2207	0	0.823773
u_sm_ram_I/U3470	0	1.08906
u_sm_ram_Q/U3337	0	1.11652
u_sm_ram_I/PLACE_HFSBUF_2152_786	0	0.555556
u_sm_I/U24	0	1.01078
u_sm_ram_I/mem_reg[236][0]	0	1.23109
u_sm_ram_I/mem_reg[221][3]	0	1.10776
u_sm_ram_Q/U3502	0	0.955093
u_sm_ram_Q/mem_reg[252][0]	0	2.49487
u_sm_ram_I/U613	0	1.42136
u_sm_ram_Q/U3742	0	1.31218
u_sm_ram_Q/U4081	0	0.927627
u_sm_ram_Q/U2184	0	1.3565
u_sm_ram_Q/U1284	0	1.86972
u_sm_ram_Q/U2049	0	1.50861
u_sm_ram_I/U1008	0	1.05696
u_sm_ram_I/mem_reg[237][0]	0	1.43591
u_sm_ram_Q/U2357	0	1.18169
u_sm_ram_I/U684	0	0.765961
u_sm_ram_I/U1007	0	0.578831
u_sm_ram_Q/U1848	0	1.36639
u_sm_ram_I/PLACE_HFSBUF_109_473	0	1.55556
u_sm_ram_I/U1010	0	1.45339
u_sm_ram_Q/U1346	0	1.1798
u_sm_ram_Q/U2052	0	1.20129
u_sm_I/U23	0	1.20499
u_sm_ram_Q/U984	0	2.20032
u_sm_ram_Q/U2580	0	0.83314
u_sm_ram_Q/U3450	0	1.12848
u_sm_ram_Q/U2209	0	1.27902
u_sm_ram_Q/U2576	0	1.03977
u_sm_ram_Q/U1367	0	1.84275
u_sm_ram_I/mem_reg[74][3]	0	2.08034
u_sm_ram_Q/U3184	0	0.607573
u_sm_ram_Q/PLACE_HFSBUF_141_540	0	1.55556
u_sm_ram_Q/PLACE_HFSBUF_10762_549	0	0.481481
u_sm_ram_Q/PLACE_HFSBUF_10912_551	0	0.555556
u_sm_ram_Q/PLACE_HFSBUF_10586_552	0	1.55556
u_sm_ram_Q/U3710	0	1.23357
u_sm_ram_Q/U3735	0	1.50661
u_sm_ram_Q/U2578	0	0.791192
u_sm_ram_I/U2258	0	0.637566
u_sm_ram_Q/U3435	0	1.80409
u_sm_ram_Q/U3451	0	0.934823
u_sm_ram_I/U1144	0	1.85436
u_sm_ram_I/U749	0	0.972334
u_sm_ram_Q/mem_reg[223][2]	0	0.657461
u_sm_ram_Q/PLACE_HFSBUF_322_525	0	1.55556
u_sm_ram_Q/U3100	0	0.892176
u_sm_ram_Q/U3298	0	1.3812
u_sm_ram_I/mem_reg[42][1]	0	0.833183
u_sm_ram_Q/mem_reg[143][0]	0	0.754931
u_sm_ram_Q/mem_reg[234][1]	0	0.843314
u_sm_ram_Q/U3231	0	1.23328
u_sm_ram_Q/U2167	0	1.52204
u_sm_ram_I/U748	0	0.9463
u_sm_ram_I/U2345	0	1.14974
u_sm_ram_Q/U3694	0	0.915907
u_sm_ram_Q/U3061	0	0.958576
u_sm_ram_I/U3422	0	1.635
u_sm_ram_I/mem_reg[123][1]	0	1.42836
u_sm_ram_I/U4229	0	0.680081
u_sm_ram_Q/mem_reg[78][3]	0	2.17138
u_sm_I/U26	0	1.71792
u_sm_ram_Q/U1273	0	0.84946
u_sm_ram_I/U122	0	0.931304
u_sm_ram_Q/U2170	0	0.769907
u_sm_ram_I/U685	0	0.934205
u_sm_ram_I/U750	0	1.87298
u_sm_ram_I/U4091	0	0.576238
u_sm_ram_Q/U1369	0	2.19096
u_sm_ram_Q/mem_reg[72][1]	0	0.673634
u_sm_ram_Q/U671	0	1.03098
u_sm_ram_I/mem_reg[107][1]	0	0.692523
u_sm_ram_Q/U1271	0	0.902215
u_sm_ram_Q/U2169	0	2.65073
u_sm_ram_Q/U2171	0	1.08294
u_sm_ram_I/PLACE_HFSBUF_127_363	0	0.555556
u_sm_ram_Q/mem_reg[74][3]	0	1.18683
u_sm_ram_Q/mem_reg[57][0]	0	1.29211
u_sm_ram_I/mem_reg[172][2]	0	0.90613
u_sm_ram_I/PLACE_HFSBUF_6061_669	0	0.555556
u_sm_ram_I/U3550	0	1.04799
u_sm_ram_Q/U2317	0	1.92406
u_sm_ram_Q/U3825	0	0.993499
u_sm_ram_Q/U3807	0	0.566879
u_sm_ram_I/U3663	0	0.723681
u_sm_ram_I/U4067	0	1.39154
u_sm_ram_Q/U3095	0	1.40419
u_sm_ram_I/mem_reg[140][0]	0	1.24852
u_sm_ram_Q/mem_reg[57][3]	0	1.53171
u_sm_ram_Q/U1999	0	1.25956
u_sm_ram_I/mem_reg[140][3]	0	3.11681
u_sm_ram_Q/U3826	0	2.65537
u_sm_ram_I/mem_reg[220][2]	0	0.689745
u_sm_ram_I/U879	0	1.68856
u_sm_ram_Q/mem_reg[95][0]	0	0.884105
u_sm_ram_Q/mem_reg[155][3]	0	1.56294
u_sm_ram_Q/U1344	0	0.624309
u_sm_I/U22	0	0.924819
u_sm_ram_I/U3269	0	1.07778
u_sm_ram_Q/mem_reg[75][0]	0	0.748098
u_sm_ram_Q/U1125	0	1.69773
u_sm_ram_Q/U1274	0	1.86611
u_sm_ram_I/U3587	0	0.629622
u_sm_ram_Q/U3762	0	0.768727
u_sm_ram_Q/U3643	0	1.87537
u_sm_ram_I/mem_reg[220][1]	0	2.2363
u_sm_ram_I/U3573	0	0.654363
u_sm_ram_I/U3632	0	1.59867
u_sm_ram_I/U4073	0	0.724174
u_sm_I/U27	0	2.12881
u_sm_ram_I/mem_reg[140][1]	0	1.102
u_sm_ram_I/U3645	0	1.36213
u_sm_ram_I/U3479	0	0.753326
u_sm_ram_I/U3991	0	0.583032
u_sm_ram_I/mem_reg[107][3]	0	1.39134
u_sm_ram_Q/U3713	0	0.680548
u_sm_ram_I/U3514	0	0.602704
u_sm_ram_I/U3340	0	0.672438
u_sm_ram_I/U548	0	0.927037
u_sm_ram_Q/U1126	0	1.03519
u_sm_ram_I/U4103	0	0.918723
u_sm_ram_Q/U3693	0	2.52579
u_sm_ram_Q/U1128	0	1.77918
u_sm_ram_I/U3551	0	0.947222
u_sm_ram_I/U1332	0	1.05234
u_sm_ram_Q/U3632	0	0.758129
u_sm_ram_I/U3468	0	0.67956
u_sm_ram_Q/mem_reg[154][2]	0	0.719086
u_sm_ram_I/U3413	0	1.12225
u_sm_ram_I/U1200	0	1.04969
u_sm_ram_Q/U2203	0	1.22992
u_sm_ram_I/U2059	0	0.573696
u_sm_ram_Q/mem_reg[57][2]	0	1.35982
u_sm_ram_I/U814	0	1.05128
u_sm_ram_I/U3428	0	1.5353
u_sm_ram_I/mem_reg[252][0]	0	1.36049
u_sm_ram_I/U3475	0	0.903765
u_sm_ram_I/U1907	0	1.1614
u_sm_ram_I/mem_reg[220][0]	0	2.2534
u_sm_ram_Q/mem_reg[74][1]	0	0.900374
u_sm_ram_I/U3288	0	1.41686
u_sm_ram_I/U875	0	1.40275
u_sm_ram_Q/U3772	0	0.786246
u_sm_ram_Q/mem_reg[88][1]	0	1.986
u_sm_ram_I/mem_reg[220][3]	0	0.850216
u_sm_ram_Q/mem_reg[253][0]	0	0.663218
u_sm_ram_Q/U3133	0	0.608912
u_sm_ram_Q/U4063	0	0.688333
u_sm_I/U25	0	0.778893
u_sm_ram_I/mem_reg[204][3]	0	2.09649
u_sm_ram_I/mem_reg[253][0]	0	1.13088
u_sm_ram_I/U1567	0	1.82545
u_sm_ram_Q/U3752	0	0.892635
u_sm_ram_I/U1335	0	1.50943
u_sm_ram_Q/U613	0	0.955031
u_sm_ram_I/U1198	0	2.04375
u_sm_ram_I/U4086	0	1.25473
u_sm_ram_I/U549	0	1.66456
u_sm_ram_Q/U4012	0	1.35938
u_sm_ram_I/U1927	0	1.03899
u_sm_ram_Q/U3520	0	1.99396
u_sm_ram_I/U1201	0	0.825606
u_sm_ram_Q/U3103	0	0.877886
u_sm_ram_Q/U3522	0	1.49831
u_sm_ram_I/mem_reg[157][0]	0	1.51043
u_sm_ram_I/PLACE_HFSBUF_54_828	0	1.55556
u_sm_ram_I/PLACE_HFSBUF_402_898	0	1.55556
PLACE_HFSINV_3136_376	0	1.55556
u_sm_ram_I/U874	0	1.91406
u_sm_ram_Q/U3964	0	1.46328
u_sm_ram_I/U1333	0	0.972041
u_sm_ram_Q/U1005	0	0.868688
u_sm_ram_I/U1399	0	1.47742
u_sm_ram_I/mem_reg[204][2]	0	0.658573
u_sm_ram_I/U551	0	0.912018
u_sm_ram_I/U3472	0	1.90664
u_sm_ram_Q/mem_reg[141][2]	0	0.641138
u_sm_ram_I/U3449	0	1.23181
u_sm_ram_I/U2161	0	1.30824
u_sm_ram_Q/mem_reg[111][3]	0	0.8163
u_sm_ram_I/U3600	0	0.966057
u_sm_ram_I/mem_reg[172][0]	0	1.19132
u_sm_ram_I/U873	0	1.13563
u_sm_ram_Q/mem_reg[74][0]	0	2.84362
u_sm_ram_I/U1727	0	2.21042
u_sm_ram_Q/PLACE_HFSBUF_349_460	0	0.555556
u_sm_ram_I/U3278	0	1.59959
u_sm_ram_I/U2159	0	1.08237
u_sm_ram_I/U3541	0	1.82983
u_sm_ram_I/U3520	0	1.24291
u_sm_ram_Q/U1127	0	0.714703
u_sm_ram_I/U1334	0	1.50149
u_sm_ram_I/U552	0	1.01925
u_sm_ram_I/U942	0	1.81691
u_sm_ram_Q/U4021	0	0.562573
u_sm_ram_I/U3642	0	0.751786
u_sm_ram_I/mem_reg[45][0]	0	1.00482
u_sm_ram_I/mem_reg[93][2]	0	1.65596
u_sm_ram_Q/mem_reg[88][3]	0	0.661331
u_sm_ram_Q/U1272	0	2.11981
u_sm_ram_I/U1330	0	1.71175
u_sm_ram_Q/mem_reg[95][3]	0	2.04666
u_sm_I/U39	0	0.648654
u_sm_ram_I/U876	0	1.73767
u_sm_ram_Q/mem_reg[223][1]	0	1.2524
u_sm_ram_I/PLACE_HFSINV_7654_726	0	2.55556
u_sm_ram_I/U1929	0	1.48673
u_sm_ram_I/U1400	0	1.01666
u_sm_ram_Q/U3383	0	0.633854
u_sm_ram_Q/U612	0	1.99822
u_sm_ram_I/U4230	0	1.79511
u_sm_ram_Q/U1656	0	0.63539
u_sm_ram_I/U815	0	0.551042
u_sm_ram_Q/mem_reg[155][0]	0	0.67934
u_sm_ram_I/U813	0	1.79568
u_sm_ram_I/U1397	0	0.708075
u_sm_ram_Q/U311	0	0.779815
u_sm_ram_I/U3644	0	1.01967
u_sm_ram_I/U550	0	1.07839
u_sm_ram_I/PLACE_HFSBUF_5716_674	0	0.432099
u_sm_ram_Q/mem_reg[75][3]	0	1.48498
u_sm_ram_I/U3548	0	0.583029
u_sm_ram_I/U1329	0	0.995212
u_sm_ram_I/U554	0	1.98702
u_sm_ram_Q/U614	0	0.881223
u_sm_ram_I/mem_reg[60][3]	0	0.682284
u_sm_I/U42	0	1.6868
u_sm_I/shift_reg_reg[1]	0	1.1588
u_sm_ram_Q/mem_reg[140][3]	0	1.7658
u_sm_ram_I/mem_reg[156][0]	0	1.21684
u_sm_ram_Q/U3997	0	1.07005
u_sm_ram_Q/U3192	0	1.34292
u_sm_ram_I/mem_reg[108][2]	0	2.17274
u_sm_ram_Q/U3148	0	0.987878
u_sm_ram_Q/mem_reg[111][0]	0	2.64002
u_sm_ram_I/U3656	0	0.609117
u_sm_ram_Q/U3190	0	0.704375
u_sm_ram_I/mem_reg[60][0]	0	2.3573
u_sm_ram_I/U1003	0	1.52498
u_sm_ram_I/mem_reg[253][3]	0	0.772153
u_sm_ram_I/U1005	0	1.48287
u_sm_ram_Q/mem_reg[75][1]	0	1.56623
u_sm_ram_Q/U615	0	0.822245
u_sm_ram_Q/U2865	0	1.01958
u_sm_ram_Q/mem_reg[238][3]	0	3.05277
u_sm_ram_Q/U609	0	0.922971
u_sm_ram_I/mem_reg[61][2]	0	0.703515
u_sm_ram_I/mem_reg[188][2]	0	2.16042
u_sm_ram_I/U1398	0	1.15754
u_sm_ram_I/U383	0	0.558194
u_sm_ram_I/mem_reg[173][0]	0	0.750837
u_sm_ram_Q/U1003	0	2.28708
u_sm_ram_Q/U3487	0	1.12843
u_sm_ram_Q/PLACE_HFSBUF_12793_502	0	0.555556
u_sm_ram_I/PLACE_HFSBUF_55_899	0	1.55556
u_sm_ram_I/U812	0	1.36995
u_sm_ram_Q/U3456	0	0.709213
u_sm_ram_I/mem_reg[93][3]	0	0.957326
u_sm_ram_I/mem_reg[173][2]	0	0.982867
u_sm_ram_I/U555	0	1.05693
u_sm_ram_Q/U3531	0	1.68369
u_sm_ram_I/PLACE_HFSBUF_638_894	0	0.481481
u_sm_ram_I/PLACE_HFSBUF_829_892	0	1.55556
u_sm_ram_Q/U1130	0	1.88463
u_sm_ram_Q/U610	0	1.32809
u_sm_ram_Q/U611	0	0.633939
u_sm_ram_Q/U3151	0	0.786107
u_sm_ram_Q/mem_reg[155][1]	0	2.679
u_sm_I/U38	0	0.58331
u_sm_ram_Q/U2575	0	0.772423
u_sm_ram_Q/U568	0	0.779819
u_sm_ram_Q/U3395	0	1.93958
u_sm_I/U40	0	1.88071
u_sm_ram_Q/U2892	0	1.57326
u_sm_ram_I/U1676	0	1.82392
u_sm_ram_I/U2999	0	1.02936
u_sm_ram_Q/U3685	0	2.2467
u_sm_ram_I/mem_reg[188][1]	0	1.35251
u_sm_ram_I/mem_reg[252][2]	0	0.902415
u_sm_ram_I/mem_reg[44][3]	0	2.83496
u_sm_ram_Q/mem_reg[237][0]	0	0.850212
u_sm_ram_I/mem_reg[93][1]	0	1.68125
u_sm_ram_I/mem_reg[173][1]	0	2.10348
u_sm_ram_I/PLACE_HFSINV_4467_716	0	0.555556
u_sm_ram_I/mem_reg[44][0]	0	1.49891
u_sm_ram_I/mem_reg[204][1]	0	1.33571
u_sm_ram_Q/U1004	0	0.916177
u_sm_ram_I/mem_reg[44][2]	0	0.854248
u_sm_ram_I/U3934	0	1.18627
u_sm_ram_I/mem_reg[253][2]	0	2.35497
u_sm_ram_Q/PLACE_HFSBUF_559_936	0	0.555556
u_sm_ram_Q/PLACE_HFSBUF_364_937	0	0.481481
u_sm_ram_I/PLACE_HFSBUF_4152_715	0	1.53086
u_sm_ram_I/PLACE_HFSBUF_3658_713	0	0.481481
u_sm_ram_I/U553	0	2.43279
u_sm_ram_Q/mem_reg[111][1]	0	0.907882
u_sm_ram_I/mem_reg[253][1]	0	1.73446
u_sm_ram_I/U880	0	2.41022
u_sm_ram_I/mem_reg[141][0]	0	3.24762
u_sm_ram_I/mem_reg[60][2]	0	2.02308
u_sm_ram_I/mem_reg[61][1]	0	2.04076
u_sm_ram_I/U3341	0	0.821057
u_sm_ram_I/U1928	0	0.761524
u_sm_ram_Q/U1657	0	1.33461
u_sm_ram_Q/U1132	0	1.60647
u_sm_ram_I/PLACE_HFSBUF_55_1136	0	0.555556
u_sm_ram_Q/U563	0	1.69414
u_sm_ram_Q/U1757	0	1.52927
u_sm_ram_Q/U1347	0	0.661424
u_sm_ram_Q/U1997	0	1.06005
u_sm_ram_I/mem_reg[141][2]	0	0.983229
u_sm_ram_Q/U3821	0	1.21562
u_sm_ram_Q/mem_reg[250][3]	0	1.81544
u_sm_ram_Q/U569	0	1.29459
u_sm_ram_Q/mem_reg[141][0]	0	1.53199
u_sm_ram_I/mem_reg[188][3]	0	0.641894
u_sm_I/U31	0	0.804722
u_sm_ram_I/mem_reg[45][3]	0	2.25548
u_sm_ram_I/U938	0	0.691759
u_sm_ram_Q/U1131	0	1.20424
u_sm_ram_Q/U1006	0	0.894306
u_sm_ram_Q/mem_reg[238][0]	0	0.586817
u_sm_ram_Q/mem_reg[141][1]	0	1.24724
u_sm_ram_Q/U570	0	1.70853
u_sm_ram_I/mem_reg[252][1]	0	1.11591
u_sm_ram_I/PLACE_HFSBUF_120_1130	0	0.54321
u_sm_ram_Q/mem_reg[110][1]	0	2.7124
u_sm_ram_Q/mem_reg[248][3]	0	0.613804
u_sm_ram_I/U950	0	1.01799
u_sm_ram_Q/mem_reg[238][2]	0	2.07896
u_sm_ram_Q/U928	0	1.15275
u_sm_ram_Q/U3503	0	0.592025
u_sm_ram_Q/mem_reg[248][1]	0	0.816659
u_sm_ram_I/mem_reg[93][0]	0	2.55173
u_sm_ram_I/U878	0	0.760502
u_sm_ram_Q/U1335	0	0.655644
u_sm_ram_I/mem_reg[205][3]	0	1.60188
u_sm_ram_I/mem_reg[252][3]	0	1.9443
u_sm_ram_I/mem_reg[45][2]	0	1.58702
u_sm_ram_Q/U560	0	0.758569
u_sm_ram_I/U877	0	1.83245
u_sm_ram_I/U3930	0	1.36155
u_sm_ram_I/U3440	0	1.62796
u_sm_ram_Q/U1186	0	1.66571
u_sm_ram_I/mem_reg[45][1]	0	1.17744
u_sm_I/U29	0	1.5033
u_sm_ram_Q/U3480	0	1.31316
u_sm_ram_Q/U1129	0	1.72421
u_sm_ram_Q/PLACE_HFSBUF_1306_880	0	0.555556
u_sm_ram_Q/mem_reg[238][1]	0	2.21604
u_sm_ram_I/mem_reg[205][0]	0	1.02459
u_sm_ram_Q/mem_reg[60][3]	0	1.24399
u_sm_I/U28	0	1.4238
u_sm_ram_Q/U1187	0	1.62898
u_sm_ram_Q/mem_reg[110][3]	0	0.619109
u_sm_ram_Q/U1282	0	0.584934
u_sm_ram_Q/U2026	0	2.46413
u_sm_ram_Q/mem_reg[123][2]	0	0.619394
u_sm_ram_Q/U616	0	2.45479
u_sm_ram_I/mem_reg[239][2]	0	0.708588
u_sm_ram_Q/mem_reg[250][0]	0	1.15648
u_sm_ram_I/mem_reg[188][0]	0	1.74883
u_sm_ram_Q/mem_reg[121][2]	0	0.777878
u_sm_ram_Q/mem_reg[111][2]	0	1.85885
u_sm_ram_I/mem_reg[60][1]	0	0.737392
u_sm_ram_Q/U3380	0	2.03101
u_sm_ram_Q/PLACE_HFSBUF_5660_876	0	1.55556
u_sm_ram_Q/U1010	0	1.37173
u_sm_ram_I/U940	0	1.05318
u_sm_ram_Q/U1280	0	2.08637
u_sm_ram_I/U2011	0.25	1.08724
u_sm_ram_I/U2329	0	1.97807
u_sm_ram_Q/mem_reg[141][3]	0	1.48111
u_sm_ram_I/mem_reg[172][3]	0	1.29556
u_sm_ram_Q/U3224	0	0.562743
u_sm_ram_Q/U1822	0	2.00216
u_sm_ram_Q/U3335	0	1.80267
u_sm_ram_I/U1004	0	1.00497
u_sm_ram_I/mem_reg[157][2]	0	0.573302
u_sm_ram_I/U1139	0	2.09066
u_sm_ram_I/U3232	0	1.67958
u_sm_I/U30	0	1.72806
u_sm_ram_Q/U2806	0	1.8227
u_sm_ram_I/PLACE_HFSBUF_327_774	0	1.55556
u_sm_ram_I/PLACE_HFSBUF_6767_765	0	1.55556
u_sm_ram_Q/PLACE_HFSBUF_12973_501	0	0.358025
u_sm_ram_Q/mem_reg[110][2]	0	2.81946
u_sm_ram_I/U944	0	1.43455
u_sm_ram_I/U3208	0	1.46472
u_sm_ram_Q/U3121	0	2.30407
u_sm_ram_I/U943	0	1.31024
u_sm_I/bit_cnt_reg[1]	0	1.82377
u_sm_ram_I/U2325	0	0.954429
u_sm_I/U32	0	1.04159
u_sm_ram_I/U945	0	1.43623
u_sm_ram_Q/mem_reg[237][1]	0	1.06733
u_sm_ram_I/U269	0	1.01775
u_sm_ram_Q/mem_reg[248][0]	0	1.77428
u_sm_ram_I/mem_reg[29][3]	0	2.282
u_sm_ram_Q/U1332	0	1.06917
u_sm_ram_Q/U3640	0	0.635687
u_sm_ram_I/mem_reg[44][1]	0	3.51571
u_sm_ram_I/mem_reg[173][3]	0	0.608997
u_sm_ram_Q/mem_reg[237][2]	0	1.57894
u_sm_ram_I/U1331	0	0.848353
u_sm_ram_Q/U3293	0	0.571944
u_sm_ram_I/mem_reg[172][1]	0	1.08968
u_sm_ram_Q/U1888	0	2.12733
u_sm_ram_Q/U1334	0	0.739306
u_sm_ram_I/U2146	0	0.827666
u_sm_ram_I/U1656	0	2.35334
u_sm_ram_I/U183	0	0.791532
u_sm_ram_I/mem_reg[108][1]	0	0.590494
u_sm_ram_I/U1729	0	0.557157
u_sm_ram_I/U3236	0	0.963302
u_sm_ram_Q/U181	0	1.21317
u_sm_ram_I/U1922	0	2.12838
u_sm_I/shift_reg_reg[0]	0	1.87252
u_sm_ram_Q/mem_reg[73][3]	0	1.57925
u_sm_ram_I/U3311	0	0.796887
u_sm_I/U41	0	0.938241
u_sm_ram_Q/PLACE_HFSBUF_3479_456	0	0.555556
u_sm_ram_Q/U561	0	1.01209
u_sm_ram_I/U607	0	2.73868
u_sm_ram_Q/U1079	0	1.39136
u_sm_ram_I/U3224	0	0.801489
u_sm_ram_Q/PLACE_HFSBUF_1026_993	0	0.555556
u_sm_ram_Q/PLACE_HFSBUF_969_992	0	1.55556
u_sm_ram_Q/mem_reg[126][2]	0	1.0312
u_sm_ram_I/U336	0	0.669425
u_sm_ram_I/mem_reg[141][1]	0	2.39378
u_sm_ram_I/U221	0	2.41511
u_sm_ram_Q/U314	0	0.861555
u_sm_ram_I/U1138	0	1.42787
u_sm_ram_Q/U1086	0	1.50575
u_sm_ram_I/U2147	0	1.38873
u_sm_ram_Q/U3032	0	0.570818
u_sm_ram_Q/U1281	0	1.56901
u_sm_ram_Q/mem_reg[250][1]	0	1.25819
u_sm_ram_Q/mem_reg[237][3]	0	0.608113
u_sm_ram_Q/U3083	0	1.21584
u_sm_ram_I/mem_reg[61][3]	0	1.84717
u_sm_ram_I/U467	0	0.647924
u_sm_ram_Q/U1007	0	0.965278
u_sm_ram_Q/U999	0	1.53801
u_sm_ram_Q/mem_reg[73][1]	0	2.11494
u_sm_ram_Q/mem_reg[248][2]	0	0.962975
u_sm_ram_Q/U2024	0	1.41057
u_sm_ram_Q/U433	0	1.16507
u_sm_ram_I/U1367	0	0.704402
u_sm_ram_I/U562	0	1.36
u_sm_ram_Q/U562	0	1.9595
u_sm_ram_I/mem_reg[239][1]	0	1.27333
u_sm_ram_Q/mem_reg[60][2]	0	1.39073
u_sm_ram_Q/PLACE_HFSBUF_406_1025	0	0.555556
u_sm_ram_Q/PLACE_HFSBUF_463_1024	0	1.55556
u_sm_ram_Q/mem_reg[110][0]	0	1.45214
u_sm_ram_I/U3427	0	0.795679
u_sm_I/bit_cnt_reg[0]	0	0.752643
u_sm_ram_I/U1756	0	1.7475
u_sm_ram_I/mem_reg[156][2]	0	2.0279
u_sm_ram_Q/mem_reg[123][3]	0	1.45865
u_sm_ram_I/U187	0	0.838075
u_sm_ram_Q/U2544	0	2.28894
u_sm_ram_I/mem_reg[61][0]	0	0.689873
u_sm_ram_I/U3008	0	0.894942
u_sm_ram_Q/mem_reg[60][1]	0	2.92933
u_sm_ram_I/U2152	0	1.76716
u_sm_ram_I/U237	0	2.74385
u_sm_ram_Q/U1875	0	1.43627
u_sm_ram_Q/U3280	0	1.12022
u_sm_ram_Q/U3150	0	0.95365
u_sm_ram_Q/mem_reg[60][0]	0	2.42211
u_sm_ram_I/U606	0	1.03482
u_sm_ram_I/U1757	0	0.584699
u_sm_ram_I/U1006	0	0.816782
u_sm_ram_I/mem_reg[205][2]	0	1.02704
u_sm_ram_I/U1461	0	2.26481
u_sm_ram_I/PLACE_HFSBUF_5534_673	0	1.51852
u_sm_ram_I/U1261	0	0.666312
u_sm_ram_I/U3457	0	1.56194
u_sm_ram_I/U663	0	0.691562
u_sm_ram_Q/U3255	0	0.954182
u_sm_ram_I/U3905	0	0.927342
u_payload_ram/mem_reg[102][5]	0	0.64988
u_sm_ram_Q/mem_reg[126][3]	0	1.65191
u_sm_ram_I/U1519	0	0.857249
u_sm_ram_Q/U1000	0	1.12873
u_sm_ram_I/U341	0	0.836663
u_sm_ram_I/U3283	0	1.23373
u_sm_ram_I/U808	0	1.68552
u_sm_ram_Q/mem_reg[140][0]	0	1.89416
u_sm_ram_I/U2323	0	0.900201
u_sm_ram_Q/mem_reg[250][2]	0	0.713017
u_sm_ram_Q/mem_reg[126][0]	0	1.21725
u_sm_ram_I/U2063	0	1.41892
u_sm_ram_I/mem_reg[189][0]	0	1.69325
u_sm_ram_Q/U2023	0	1.87948
u_sm_ram_I/U195	0	1.03353
u_sm_ram_I/U3355	0	1.3423
u_sm_ram_Q/mem_reg[142][0]	0	1.18295
u_sm_ram_I/U821	0	1.99646
u_sm_ram_I/mem_reg[156][3]	0	1.17931
u_sm_ram_Q/U1279	0	0.93115
u_sm_ram_Q/U2025	0	1.60807
u_sm_ram_Q/U3288	0	1.20292
u_sm_ram_I/U3624	0	1.42703
u_sm_ram_Q/U1089	0	2.47973
u_sm_ram_Q/U1002	0	2.29894
u_sm_ram_I/U1205	0	1.69383
u_payload_ram/mem_reg[86][1]	0	1.90779
u_sm_ram_Q/U2020	0	1.05131
u_sm_ram_Q/U367	0	1.421
u_sm_ram_I/mem_reg[239][0]	0	1.35359
u_payload_ram/mem_reg[102][3]	0	1.09493
u_sm_ram_I/U3622	0	0.617824
u_sm_ram_I/U3328	0	0.847187
u_sm_ram_I/U1465	0	1.51555
u_sm_ram_Q/U157	0	1.13929
u_sm_ram_Q/PLACE_HFSBUF_510_884	0	1.55556
u_sm_ram_I/U2275	0	0.882774
u_sm_ram_I/U3467	0	1.12765
u_sm_ram_I/mem_reg[189][2]	0	1.03238
u_sm_ram_I/U307	0	1.2404
u_sm_ram_I/mem_reg[141][3]	0	1.30425
u_sm_ram_I/U543	0	1.50875
u_sm_ram_I/U1483	0	1.4509
u_sm_ram_Q/U3399	0	1.46059
u_sm_ram_Q/U377	0	1.3819
u_sm_ram_Q/U3408	0	1.06183
u_sm_ram_Q/mem_reg[142][1]	0	0.643835
u_sm_ram_I/PLACE_HFSBUF_531_893	0	1.55556
u_sm_ram_I/U2462	0	0.925482
u_sm_ram_I/U3406	0	0.847654
u_sm_ram_I/U609	0	0.726971
u_sm_ram_I/U740	0	0.859117
u_sm_ram_I/U2617	0	0.668144
u_sm_ram_Q/mem_reg[73][0]	0	1.25348
u_sm_ram_Q/U3715	0	0.854591
u_sm_ram_Q/U2021	0	1.14484
u_sm_ram_Q/U2538	0	2.66496
u_sm_ram_Q/mem_reg[120][1]	0	0.571181
u_sm_ram_I/U2297	0	1.09966
u_sm_ram_I/U2563	0	1.13038
u_sm_ram_Q/U1990	0	0.795648
u_sm_ram_I/U2158	0	0.693993
u_sm_ram_I/U3609	0	0.982187
u_sm_ram_I/U941	0	2.34715
u_sm_ram_Q/U3634	0	0.984147
u_sm_ram_Q/mem_reg[73][2]	0	1.82627
u_sm_ram_I/U959	0	1.66855
u_sm_ram_I/U3407	0	1.47026
u_sm_ram_I/mem_reg[28][3]	0	0.676914
u_sm_ram_I/U3513	0	0.745444
u_sm_ram_I/U1203	0	0.66787
u_sm_ram_I/U949	0	0.641246
u_payload_ram/mem_reg[102][7]	0	1.58582
u_sm_ram_I/U2721	0	1.29153
u_sm_ram_I/U3606	0	1.54285
u_sm_ram_Q/U1001	0	2.45412
u_sm_ram_I/U1887	0	0.786555
u_sm_ram_I/U612	0	0.778329
u_sm_ram_Q/mem_reg[154][1]	0	1.72356
u_sm_ram_I/U3549	0	0.748638
u_sm_ram_I/mem_reg[12][0]	0	0.689892
u_sm_ram_I/U1204	0	1.16212
u_sm_ram_Q/U2390	0	0.621138
u_sm_ram_Q/mem_reg[120][2]	0	1.9771
u_sm_ram_Q/mem_reg[123][0]	0	0.676624
u_sm_ram_I/U610	0	1.57489
u_sm_ram_Q/U1958	0	0.589113
u_sm_ram_I/mem_reg[108][0]	0	0.601177
u_payload_ram/mem_reg[102][1]	0	3.22613
u_sm_ram_I/mem_reg[92][3]	0	0.875768
u_sm_ram_I/U1862	0	0.918538
u_sm_ram_I/U608	0	0.634008
u_sm_ram_I/U605	0	0.686532
u_sm_ram_I/U3324	0	0.572978
u_sm_ram_Q/mem_reg[121][1]	0	0.736809
u_sm_ram_Q/U2533	0	0.671682
u_sm_ram_I/mem_reg[29][0]	0	0.631366
u_sm_ram_I/U1202	0	1.40613
u_sm_ram_Q/mem_reg[126][1]	0	1.41034
u_sm_ram_I/U1462	0	0.744186
u_sm_ram_I/mem_reg[255][3]	0	1.0401
u_sm_ram_Q/mem_reg[142][3]	0	1.57106
u_sm_ram_Q/U2807	0	2.09836
u_sm_ram_Q/U2028	0	0.909961
u_sm_ram_Q/U2543	0	0.983773
u_sm_ram_I/U2324	0	0.630282
u_sm_ram_I/mem_reg[156][1]	0	0.891227
u_sm_ram_Q/U3239	0	0.881474
u_sm_ram_I/PLACE_HFSBUF_238_896	0	0.555556
u_sm_ram_I/PLACE_HFSBUF_180_897	0	0.481481
u_sm_ram_I/U1874	0	0.577623
u_sm_ram_I/U611	0	0.66924
u_sm_ram_I/U541	0	1.55028
u_sm_ram_Q/PLACE_HFSBUF_3632_455	0	1.55556
u_sm_ram_Q/U3268	0	1.0463
u_sm_ram_Q/PLACE_HFSBUF_1888_466	0	1.55556
u_sm_ram_I/PLACE_HFSINV_3005_710	0	0.518519
u_sm_ram_Q/PLACE_HFSBUF_2034_465	0	0.555556
u_sm_ram_I/U2296	0	2.55577
u_sm_ram_I/mem_reg[239][3]	0	0.878387
u_sm_ram_I/U1464	0	2.41742
u_sm_ram_I/U101	0	1.01633
u_sm_ram_I/U2145	0	0.966481
u_sm_ram_Q/U2205	0	0.841258
u_sm_ram_I/mem_reg[77][3]	0	1.8865
u_sm_ram_I/mem_reg[108][3]	0	1.27583
u_sm_ram_I/mem_reg[92][1]	0	1.9317
u_payload_ram/mem_reg[102][6]	0	0.821721
u_sm_ram_Q/U1009	0	0.726103
u_sm_ram_I/U2160	0	0.871046
u_sm_ram_Q/U1197	0	2.36508
u_sm_ram_Q/mem_reg[120][3]	0	1.85706
u_sm_ram_Q/mem_reg[236][3]	0	0.755671
u_sm_ram_Q/U3775	0	1.31964
u_sm_ram_I/PLACE_HFSBUF_232_1135	0	1.55556
u_sm_ram_I/PLACE_HFSBUF_185_1131	0	1.55556
u_sm_ram_Q/PLACE_HFSBUF_1298_1104	0	0.555556
u_sm_ram_Q/PLACE_HFSBUF_1676_1103	0	1.55556
u_sm_ram_I/PLACE_HFSBUF_115_895	0	1.55556
u_sm_ram_Q/mem_reg[142][2]	0	1.29495
u_sm_ram_I/U809	0	1.07746
u_sm_ram_Q/U1008	0	1.65804
u_sm_ram_I/PLACE_HFSBUF_467_1132	0	1.54321
u_sm_ram_I/PLACE_HFSBUF_416_1133	0	0.469136
u_sm_ram_I/mem_reg[238][3]	0	1.39195
u_sm_ram_I/U1463	0	0.801528
u_sm_ram_I/mem_reg[28][0]	0	2.12391
u_sm_ram_Q/mem_reg[123][1]	0	2.04961
u_sm_ram_I/mem_reg[238][1]	0	3.19805
u_sm_ram_Q/U3264	0	0.78216
u_sm_ram_I/mem_reg[157][3]	0	2.4995
u_sm_ram_I/U3777	0	1.63344
u_sm_ram_I/mem_reg[189][3]	0	1.33242
u_sm_ram_I/U3601	0	0.671767
u_sm_ram_Q/U951	0	2.27676
u_sm_ram_Q/U2130	0	0.716231
u_sm_ram_I/mem_reg[205][1]	0	1.47054
u_sm_ram_I/U2947	0	0.56235
u_sm_ram_I/mem_reg[206][1]	0	0.942029
u_sm_ram_Q/U3776	0	1.96368
u_sm_ram_I/U3918	0	1.41048
u_payload_ram/mem_reg[86][3]	0	1.00967
u_sm_ram_Q/mem_reg[255][0]	0	0.806894
u_sm_ram_I/PLACE_HFSBUF_6397_670	0	0.555556
u_sm_ram_I/PLACE_HFSBUF_6209_671	0	0.481481
u_sm_ram_I/U1265	0	0.899772
u_sm_ram_I/mem_reg[238][0]	0	1.02059
u_sm_ram_I/mem_reg[255][1]	0	0.973129
u_sm_ram_I/PLACE_HFSBUF_148_585	0	1.53086
u_sm_ram_I/PLACE_HFSBUF_75_584	0	1.46914
u_sm_ram_I/mem_reg[92][0]	0	0.576636
u_sm_ram_Q/mem_reg[140][1]	0	0.642951
u_sm_ram_Q/U1846	0	0.59387
u_sm_ram_I/U1460	0	0.813773
u_sm_ram_Q/mem_reg[94][3]	0	1.35336
u_sm_ram_I/mem_reg[28][2]	0	0.544668
u_sm_ram_I/mem_reg[77][0]	0	1.02415
u_sm_ram_Q/U2314	0	1.55488
u_sm_ram_Q/U2532	0	0.763106
u_sm_ram_I/mem_reg[29][1]	0	0.991617
u_sm_ram_Q/U1784	0	0.746065
u_sm_ram_Q/U608	0	1.40106
u_sm_ram_Q/U2369	0	0.766964
u_sm_ram_Q/U1084	0	1.26018
u_sm_ram_I/U1886	0	2.393
u_payload_ram/mem_reg[86][0]	0	1.50954
u_sm_ram_Q/U3242	0	0.730289
u_sm_ram_I/mem_reg[28][1]	0	2.27159
u_sm_ram_Q/U1212	0	0.822265
u_sm_ram_Q/mem_reg[140][2]	0	2.20942
u_sm_ram_Q/mem_reg[236][2]	0	0.605494
u_sm_ram_Q/U541	0	2.15779
u_payload_ram/mem_reg[86][4]	0	1.27563
u_sm_ram_Q/U2168	0	1.97622
u_sm_ram_Q/U566	0	0.96348
u_sm_ram_I/mem_reg[92][2]	0	1.90576
u_sm_ram_Q/U2029	0	0.938029
u_sm_ram_Q/U634	0	2.21208
u_sm_ram_Q/U444	0	2.12979
u_payload_ram/U857	0	1.42569
u_sm_ram_Q/mem_reg[122][1]	0	1.37623
u_sm_ram_Q/U2813	0	1.32993
u_sm_ram_Q/U3011	0	1.345
u_payload_ram/U479	0	0.686524
u_sm_ram_I/U3620	0	0.770748
u_payload_ram/mem_reg[103][2]	0	1.01575
u_sm_ram_Q/U3232	0	1.96044
u_sm_ram_Q/U607	0	1.85553
u_sm_ram_I/U3667	0	1.58615
u_sm_ram_Q/mem_reg[232][1]	0	0.907454
u_sm_ram_I/U1530	0	0.988337
u_sm_ram_Q/mem_reg[90][2]	0	1.0451
u_sm_ram_I/U939	0	2.57417
u_sm_ram_I/U3615	0	0.827975
u_sm_ram_Q/U3314	0	1.33096
u_sm_ram_I/U2148	0	0.672658
u_sm_ram_I/U372	0	2.11479
u_payload_ram/U2150	0	0.76034
u_payload_ram/U4209	0	1.26638
u_sm_ram_I/U3996	0	1.62157
u_payload_ram/mem_reg[22][4]	0	2.57596
u_sm_ram_I/mem_reg[77][1]	0	0.881381
u_sm_ram_I/U3716	0	0.981219
u_sm_ram_Q/mem_reg[120][0]	0	1.49902
u_sm_ram_I/U4098	0	0.977353
u_sm_ram_I/U542	0	1.07269
u_sm_ram_I/mem_reg[29][2]	0	2.51176
u_payload_ram/U306	0	1.48436
u_sm_ram_Q/U1087	0	1.41867
u_payload_ram/mem_reg[22][6]	0	1.41675
u_sm_ram_I/U3342	0	1.36913
u_sm_ram_Q/mem_reg[154][0]	0	2.60431
u_sm_ram_Q/PLACE_HFSBUF_1983_531	0	1.53086
u_sm_ram_I/U737	0	1.551
u_sm_ram_I/U3543	0	0.912681
u_sm_ram_I/U3742	0	0.857604
u_sm_ram_Q/mem_reg[249][2]	0	2.64569
u_sm_ram_I/U3643	0	1.44769
u_sm_ram_I/U540	0	1.15229
u_payload_ram/U477	0	1.09921
u_sm_ram_I/U3960	0	2.3377
u_sm_ram_I/U1133	0	1.01564
u_sm_ram_Q/mem_reg[234][0]	0	0.775397
u_sm_ram_Q/U2204	0	2.4036
u_sm_ram_Q/U2008	0	0.711107
u_sm_ram_Q/U2391	0	1.35404
u_payload_ram/U4095	0	1.63667
u_sm_ram_I/U3937	0	0.906732
u_sm_ram_Q/U2166	0	2.26044
u_sm_ram_I/PLACE_HFSBUF_338_1134	0	0.555556
u_sm_ram_I/U738	0	1.04101
u_sm_ram_I/U3914	0	0.979915
u_sm_ram_I/mem_reg[157][1]	0	1.23177
u_sm_ram_I/U3017	0	0.841682
u_sm_ram_I/mem_reg[207][2]	0	1.74347
u_sm_ram_Q/mem_reg[121][3]	0	2.0366
u_sm_ram_Q/U2126	0	1.15718
u_sm_ram_Q/U1195	0	0.566705
u_sm_ram_Q/mem_reg[255][1]	0	0.879008
u_sm_ram_I/U3312	0	1.28378
u_sm_ram_Q/mem_reg[239][2]	0	0.644684
u_sm_ram_I/U2116	0	0.758727
u_sm_ram_Q/U533	0	0.884549
u_payload_ram/mem_reg[103][1]	0	1.71629
u_sm_ram_I/mem_reg[189][1]	0	1.21086
u_sm_ram_Q/U1384	0	1.83685
u_sm_ram_I/U3631	0	1.03648
u_sm_ram_I/mem_reg[238][2]	0	1.02791
u_sm_ram_Q/U2135	0	2.65145
u_payload_ram/U2151	0	1.50401
u_sm_ram_Q/mem_reg[121][0]	0	0.970127
u_sm_ram_Q/U356	0	1.2936
u_sm_ram_I/U2526	0	0.611991
u_sm_ram_I/U3476	0	1.46549
u_sm_ram_I/U3849	0	1.80571
u_sm_ram_I/PLACE_HFSBUF_6008_796	0	1.55556
u_sm_ram_I/U735	0	0.732697
u_sm_ram_Q/mem_reg[255][2]	0	2.08926
u_payload_ram/mem_reg[103][3]	0	0.834969
u_sm_ram_I/U1135	0	0.556065
u_sm_ram_I/U3580	0	0.711154
u_sm_ram_I/U3454	0	0.650421
u_sm_ram_I/mem_reg[77][2]	0	0.840367
u_sm_ram_I/U742	0	2.33001
u_sm_ram_Q/mem_reg[94][0]	0	2.58686
u_sm_ram_I/U2842	0	1.74883
u_sm_ram_Q/mem_reg[236][0]	0	1.95715
u_sm_ram_I/mem_reg[206][3]	0	0.933688
u_sm_ram_I/mem_reg[142][2]	0	0.679996
u_sm_ram_I/mem_reg[255][0]	0	2.43228
u_sm_ram_I/U2627	0	1.38091
u_sm_ram_I/U414	0	0.834992
u_sm_ram_I/U934	0	0.912955
u_sm_ram_I/mem_reg[109][0]	0	1.02118
u_sm_ram_I/U2100	0	1.24671
u_sm_ram_I/U4087	0	1.42179
u_sm_ram_I/U547	0	1.32189
u_sm_ram_I/U3737	0	1.79966
u_sm_ram_I/U3239	0	0.923191
u_sm_ram_Q/U2172	0	2.18943
u_sm_ram_Q/mem_reg[94][2]	0	0.945598
u_sm_ram_Q/U2541	0	0.706076
u_payload_ram/U3510	0	0.797485
u_sm_ram_I/U3673	0	0.622087
u_sm_ram_I/U3612	0	1.20292
u_sm_ram_I/U3300	0	1.53053
u_sm_ram_Q/mem_reg[255][3]	0	1.25054
u_sm_ram_I/U3568	0	1.00328
u_sm_ram_I/U4068	0	1.44563
u_payload_ram/mem_reg[86][2]	0	1.49026
u_sm_ram_Q/U3674	0	0.556416
u_sm_ram_I/U4074	0	0.780529
u_sm_ram_I/U736	0	1.0136
u_sm_ram_I/U314	0	0.984911
u_sm_ram_I/U1136	0	1.51497
u_sm_ram_I/PLACE_HFSBUF_4411_666	0	1.55556
u_sm_ram_Q/PLACE_HFSBUF_2057_534	0	1.55556
u_sm_ram_I/PLACE_HFSBUF_4600_665	0	1.48148
u_sm_ram_I/U1926	0	0.657573
u_sm_ram_Q/mem_reg[232][0]	0	2.19561
u_sm_ram_Q/mem_reg[90][1]	0	1.93907
u_sm_ram_I/U3420	0	0.640664
u_sm_ram_Q/U2125	0	1.22089
u_sm_ram_I/U3499	0	0.585926
u_payload_ram/mem_reg[86][7]	0	0.667685
u_payload_ram/mem_reg[102][4]	0	2.05055
u_sm_ram_I/mem_reg[143][2]	0	2.4407
u_sm_ram_Q/U3361	0	0.900185
u_sm_ram_I/U546	0	0.824471
u_sm_ram_I/U1268	0	1.74727
u_sm_ram_I/mem_reg[76][0]	0	1.75232
u_sm_ram_I/U2449	0	1.96867
u_sm_ram_I/U2062	0	0.556998
u_sm_ram_Q/mem_reg[94][1]	0	2.6928
u_payload_ram/U608	0	1.3964
u_sm_ram_I/U936	0	0.942465
u_sm_ram_I/mem_reg[207][0]	0	2.10863
u_sm_ram_I/U741	0	1.94944
u_sm_ram_Q/U2128	0	1.86672
u_sm_ram_I/mem_reg[158][0]	0	0.816053
u_sm_ram_I/U3636	0	1.03909
u_sm_ram_I/U1134	0	1.19835
u_payload_ram/U1125	0	0.629981
u_sm_ram_I/U3815	0	0.863997
u_payload_ram/mem_reg[87][7]	0	0.837218
u_payload_ram/U470	0	0.710791
u_sm_ram_Q/mem_reg[236][1]	0	0.594857
u_payload_ram/U609	0	1.29215
u_sm_ram_Q/U2127	0	1.44645
u_sm_ram_I/U739	0	1.61095
u_sm_ram_I/U2318	0	0.863399
u_sm_ram_I/U935	0	1.17952
u_sm_ram_I/U2337	0	1.05796
u_sm_ram_Q/mem_reg[122][0]	0	1.57189
u_sm_ram_Q/mem_reg[154][3]	0	0.632488
u_sm_ram_I/U3940	0	1.02617
u_sm_ram_Q/U2535	0	1.20788
u_sm_ram_I/U3434	0	0.565841
u_sm_ram_Q/U567	0	1.40985
u_sm_ram_Q/U3099	0	0.695309
u_sm_ram_I/U545	0	1.8996
u_sm_ram_Q/U2530	0	0.7601
u_sm_ram_I/U3387	0	0.991501
u_sm_ram_Q/mem_reg[249][3]	0	0.653557
u_payload_ram/mem_reg[103][0]	0	0.944842
u_sm_ram_I/U3291	0	0.766265
u_sm_ram_Q/U3326	0	0.647554
u_sm_ram_I/mem_reg[255][2]	0	1.66127
u_sm_ram_I/mem_reg[207][1]	0	0.759248
u_sm_ram_I/U1925	0	1.13176
u_sm_ram_Q/U2131	0	0.627288
u_payload_ram/U3509	0	0.952535
u_sm_ram_I/U1190	0	1.68402
u_sm_ram_I/mem_reg[207][3]	0	2.16714
u_sm_ram_Q/U1546	0	0.876597
u_sm_ram_I/U387	0	1.1
u_payload_ram/U1127	0	2.23699
u_sm_ram_I/U1532	0	1.19821
u_sm_ram_I/U3860	0	2.07712
u_payload_ram/U468	0	1.02208
u_sm_ram_I/U544	0	0.980031
u_sm_ram_Q/mem_reg[9][1]	0	0.907693
u_sm_ram_I/U102	0	1.71891
u_sm_ram_Q/U565	0	0.965027
u_sm_ram_I/mem_reg[159][3]	0	2.35478
u_sm_ram_I/mem_reg[109][1]	0	1.54936
u_sm_ram_Q/U3613	0	0.632569
u_sm_ram_I/U1531	0	0.971887
u_sm_ram_I/mem_reg[254][3]	0	1.447
u_sm_ram_Q/U2051	0	1.16591
u_sm_ram_I/U1192	0	0.762847
u_sm_ram_Q/U1542	0	1.14939
u_sm_ram_I/U1924	0	0.731057
u_sm_ram_Q/mem_reg[122][3]	0	0.80414
u_sm_ram_I/mem_reg[109][3]	0	1.23281
u_sm_ram_Q/U1208	0	1.61292
u_sm_ram_I/mem_reg[254][2]	0	1.68142
u_sm_ram_Q/U605	0	0.961235
u_payload_ram/U469	0	0.70897
u_sm_ram_I/mem_reg[12][2]	0	1.65467
u_sm_ram_Q/U1394	0	0.852083
u_sm_ram_I/mem_reg[109][2]	0	1.13336
u_sm_ram_I/U2189	0	1.02139
u_sm_ram_I/U2626	0	0.657415
u_sm_ram_I/mem_reg[206][2]	0	0.721489
u_sm_ram_Q/mem_reg[239][3]	0	0.958341
u_sm_ram_Q/U1380	0	0.767253
u_sm_ram_Q/U1540	0	1.12159
u_sm_ram_I/mem_reg[158][1]	0	0.898156
u_sm_ram_I/U1533	0	0.932554
u_sm_ram_I/U3531	0	1.43383
u_sm_ram_I/U1923	0	1.01196
u_payload_ram/U4221	0	0.86032
u_sm_ram_Q/U2293	0	1.68824
u_sm_ram_I/mem_reg[206][0]	0	2.64064
u_sm_ram_I/mem_reg[158][2]	0	1.92221
u_sm_ram_Q/U2129	0	1.79184
u_payload_ram/mem_reg[102][2]	0	1.77664
u_sm_ram_I/mem_reg[158][3]	0	1.39579
u_payload_ram/U3511	0	1.68832
u_sm_ram_Q/U1543	0	0.867523
u_sm_ram_I/mem_reg[13][3]	0	1.44466
u_sm_ram_Q/U3305	0	1.06192
u_sm_ram_I/U3518	0	1.75052
u_sm_ram_Q/U2192	0	1.49338
u_payload_ram/U1123	0	1.13758
u_sm_ram_I/U675	0	2.00637
u_sm_ram_I/mem_reg[222][2]	0	1.99575
u_sm_ram_Q/U2191	0	2.6484
u_sm_ram_I/U47	0	0.707311
u_sm_ram_I/mem_reg[76][1]	0	1.54068
u_payload_ram/mem_reg[87][2]	0	1.28313
u_sm_ram_I/mem_reg[254][0]	0	1.36291
u_payload_ram/U4227	0	0.971327
u_payload_ram/mem_reg[103][7]	0	0.565583
u_sm_ram_Q/mem_reg[234][3]	0	1.25527
u_sm_ram_I/mem_reg[95][0]	0	1.04766
u_sm_ram_Q/U2089	0	0.756813
u_sm_ram_I/mem_reg[12][3]	0	1.41992
u_sm_ram_Q/U2190	0	0.737917
u_sm_ram_I/mem_reg[13][2]	0	1.46503
u_sm_ram_I/U1001	0	1.198
u_sm_ram_Q/U2227	0	0.725656
u_sm_ram_Q/mem_reg[122][2]	0	1.64036
u_sm_ram_Q/U1133	0	1.29599
u_sm_ram_I/U2628	0	1.66652
u_sm_ram_Q/mem_reg[239][0]	0	2.47606
u_sm_ram_I/PLACE_HFSBUF_6134_795	0	0.54321
u_sm_ram_I/PLACE_HFSBUF_6961_791	0	0.555556
u_sm_ram_I/PLACE_HFSBUF_477_776	0	0.555556
u_payload_ram/U612	0	0.928812
u_sm_ram_I/U2609	0	0.628376
u_payload_ram/PLACE_HFSINV_637_78	0	0.555556
u_sm_ram_I/U3792	0	0.815471
u_sm_ram_I/U933	0	1.59718
u_sm_ram_Q/U606	0	0.69152
u_sm_ram_I/U2060	0	0.563164
u_sm_ram_I/U2714	0	1.70494
u_sm_ram_Q/U1134	0	0.641111
u_sm_ram_I/U3301	0	0.692701
u_payload_ram/PLACE_HFSINV_593_349	0	1.55556
u_sm_ram_I/PLACE_HFSBUF_1573_1149	0	1.55556
u_sm_ram_I/PLACE_HFSBUF_1403_1148	0	1.55556
u_sm_ram_I/mem_reg[13][1]	0	3.14444
u_payload_ram/U4133	0	2.04509
u_payload_ram/PLACE_HFSINV_417_272	0	0.555556
u_payload_ram/U3969	0	0.995918
u_payload_ram/mem_reg[54][5]	0	0.974869
u_payload_ram/mem_reg[103][6]	0	2.0484
u_sm_ram_I/mem_reg[79][0]	0	1.7104
u_sm_ram_Q/mem_reg[232][3]	0	1.16708
u_payload_ram/mem_reg[22][1]	0	0.636617
u_payload_ram/mem_reg[22][2]	0	1.1102
u_sm_ram_I/mem_reg[222][1]	0	1.06852
u_sm_ram_I/mem_reg[95][2]	0	1.98278
u_sm_ram_Q/U3191	0	0.901806
u_payload_ram/mem_reg[103][4]	0	1.00195
u_payload_ram/mem_reg[86][5]	0	2.3935
u_sm_ram_Q/U2088	0	0.718183
u_sm_ram_I/U1149	0	0.998125
u_payload_ram/U4109	0	1.17539
u_sm_Q/data_out_reg[3]	0	1.13512
u_sm_ram_I/U2524	0	1.73171
u_sm_ram_Q/mem_reg[10][0]	0	0.835887
u_sm_ram_I/U3774	0	0.883233
u_sm_ram_I/mem_reg[12][1]	0	1.92676
u_sm_ram_Q/mem_reg[9][3]	0	1.2014
u_payload_ram/mem_reg[71][3]	0	2.24715
u_payload_ram/mem_reg[87][6]	0	1.48057
u_sm_ram_I/U389	0	1.01426
u_sm_ram_Q/mem_reg[249][1]	0	0.936906
u_sm_ram_Q/mem_reg[90][0]	0	1.14538
u_sm_ram_Q/mem_reg[10][2]	0	1.78046
u_sm_ram_Q/mem_reg[10][1]	0	0.545995
u_sm_ram_Q/U2087	0	2.21635
u_payload_ram/mem_reg[102][0]	0	1.57101
u_sm_ram_Q/mem_reg[249][0]	0	2.32277
u_sm_ram_I/U3572	0	1.32873
u_payload_ram/U610	0	1.12417
u_payload_ram/U3798	0	0.790756
u_sm_ram_I/U2509	0	1.76522
u_sm_ram_I/U2715	0	1.94946
u_payload_ram/mem_reg[103][5]	0	1.83742
u_sm_ram_I/PLACE_HFSBUF_7110_792	0	1.55556
u_sm_ram_I/PLACE_HFSBUF_7327_793	0	1.48148
u_sm_ram_Q/mem_reg[109][0]	0	0.994591
u_sm_ram_Q/mem_reg[234][2]	0	1.19257
u_sm_ram_Q/mem_reg[91][2]	0	2.22909
u_sm_ram_Q/mem_reg[90][3]	0	2.81877
u_payload_ram/U604	0	1.50263
u_sm_ram_I/U37	0	0.650829
u_payload_ram/PLACE_HFSINV_371_66	0	0.555556
u_sm_ram_I/U2581	0	1.79313
u_payload_ram/U4129	0	1.1172
u_sm_ram_Q/U3281	0	0.816624
u_sm_ram_I/U4104	0	0.920671
u_sm_ram_I/U1002	0	0.694205
u_sm_ram_I/mem_reg[79][2]	0	1.26005
u_sm_ram_Q/U1135	0	1.00155
u_sm_ram_I/U3841	0	1.04211
u_sm_ram_Q/mem_reg[9][2]	0	1.61516
u_sm_ram_Q/mem_reg[9][0]	0	3.48887
u_sm_ram_I/mem_reg[76][2]	0	1.11533
u_sm_Q/data_out_reg[0]	0	2.38119
u_sm_ram_I/mem_reg[254][1]	0	0.870089
u_payload_ram/mem_reg[54][4]	0	1.45887
u_sm_ram_I/mem_reg[111][2]	0	1.49935
u_sm_ram_Q/PLACE_HFSBUF_16161_878	0	0.555556
u_sm_ram_I/U2121	0	0.559715
u_payload_ram/mem_reg[22][7]	0	2.41231
u_sm_ram_I/U2114	0	0.717481
u_sm_ram_I/U3436	0	1.24439
u_sm_ram_I/U674	0	2.47943
u_sm_ram_I/U932	0	1.71153
u_sm_ram_I/mem_reg[94][2]	0	3.089
u_payload_ram/mem_reg[87][0]	0	1.35525
u_payload_ram/mem_reg[71][0]	0	1.8997
u_sm_ram_I/U2525	0	0.652905
u_sm_ram_I/mem_reg[13][0]	0	1.42494
u_sm_ram_I/U1196	0	1.07228
u_sm_ram_I/U4092	0	1.8083
u_payload_ram/mem_reg[87][5]	0	0.705436
u_sm_ram_I/U3164	0	0.858056
u_sm_ram_Q/mem_reg[109][1]	0	2.30559
u_sm_ram_I/U3408	0	1.39311
u_sm_ram_I/U2499	0	1.07707
u_sm_ram_I/mem_reg[76][3]	0	2.79597
u_sm_ram_I/mem_reg[79][3]	0	0.608337
u_payload_ram/U478	0	0.774495
u_sm_ram_I/U2830	0	0.907083
u_sm_ram_I/U1140	0	1.1638
u_sm_ram_I/mem_reg[143][3]	0	1.0566
u_sm_ram_I/U930	0	0.905799
u_sm_Q/data_out_reg[2]	0	1.40275
u_sm_ram_Q/mem_reg[239][1]	0	1.49008
u_sm_ram_Q/mem_reg[254][2]	0	0.914745
u_sm_ram_Q/U1136	0	1.11992
u_payload_ram/U611	0	1.04662
u_sm_ram_I/U2528	0	0.608735
u_sm_ram_I/mem_reg[142][3]	0	1.5386
u_sm_ram_Q/PLACE_HFSBUF_14600_568	0	0.555556
u_sm_ram_Q/PLACE_HFSINV_15060_569	0	1.55556
u_sm_ram_I/U21	0	0.647242
u_sm_ram_I/U1389	0	1.8256
u_sm_ram_Q/U2085	0	1.28585
u_payload_ram/mem_reg[54][0]	0	0.741844
u_payload_ram/U476	0	2.10892
u_sm_ram_I/U3493	0	0.917373
u_sm_ram_I/U1686	0	0.653831
u_sm_ram_I/U3770	0	0.987284
u_sm_ram_Q/mem_reg[254][0]	0	3.07725
u_sm_ram_Q/U330	0	0.722087
u_sm_ram_I/U677	0	1.31345
u_sm_ram_I/mem_reg[222][0]	0	0.853202
u_sm_ram_Q/PLACE_HFSINV_3155_888	0	1.55556
u_sm_ram_I/mem_reg[159][2]	0	1.2939
u_payload_ram/mem_reg[23][2]	0	2.53924
u_sm_ram_I/mem_reg[143][1]	0	1.17291
u_sm_ram_Q/mem_reg[232][2]	0	0.833978
u_sm_ram_Q/mem_reg[10][3]	0	1.24773
u_sm_ram_Q/PLACE_HFSBUF_921_886	0	1.55556
u_sm_ram_Q/PLACE_HFSBUF_138_885	0	0.555556
u_sm_ram_Q/PLACE_HFSBUF_1184_883	0	1.55556
u_sm_ram_Q/PLACE_HFSBUF_1041_879	0	1.55556
u_sm_ram_I/U1065	0	0.694468
u_sm_ram_I/U2292	0	0.698931
u_payload_ram/U474	0	1.26551
u_sm_ram_Q/U3771	0	0.973769
u_payload_ram/mem_reg[86][6]	0	0.775035
u_sm_ram_I/U2529	0	0.716022
u_payload_ram/PLACE_HFSINV_483_68	0	1.55556
u_sm_ram_I/U381	0	1.26355
u_payload_ram/U475	0	1.14874
u_sm_ram_I/mem_reg[46][0]	0	1.54576
u_sm_ram_I/U2115	0	2.38765
u_sm_ram_I/U931	0	1.81853
u_sm_ram_I/U1194	0	1.29856
u_payload_ram/mem_reg[22][0]	0	1.04662
u_sm_ram_I/U3155	0	1.4703
u_payload_ram/U4131	0	0.962025
u_sm_ram_I/U2105	0	1.07465
u_payload_ram/U1122	0	1.3868
u_sm_ram_I/U3890	0	1.57024
u_sm_ram_Q/U1551	0	0.871593
u_sm_ram_I/U3330	0	1.14049
u_payload_ram/U1165	0	1.87848
u_sm_ram_I/mem_reg[159][0]	0	1.61014
u_sm_ram_Q/U1787	0	1.22171
u_sm_ram_I/U3736	0	1.00956
u_sm_ram_I/U2293	0	0.532828
u_sm_ram_I/U1454	0	0.916076
u_payload_ram/U3429	0	1.61686
u_sm_ram_Q/PLACE_HFSINV_18145_532	0	0.555556
u_sm_ram_I/U2754	0	1.47089
u_sm_ram_Q/U1898	0	2.45795
u_sm_ram_I/U900	0	0.941944
u_sm_ram_Q/mem_reg[109][2]	0	0.917103
u_payload_ram/mem_reg[71][2]	0	0.907832
u_sm_ram_Q/U1998	0	0.869491
u_sm_ram_Q/U2261	0	0.589329
u_sm_ram_I/U1638	0	2.33628
u_sm_ram_I/PLACE_HFSBUF_4008_714	0	1.55556
u_payload_ram/U2645	0	1.05137
u_sm_ram_Q/U3727	0	0.610583
u_sm_ram_I/U1365	0	1.94891
u_sm_ram_I/PLACE_HFSBUF_664_775	0	0.555556
u_payload_ram/mem_reg[87][3]	0	1.0732
u_sm_ram_Q/U2090	0	0.617315
u_sm_ram_I/U3477	0	1.94707
u_sm_ram_I/mem_reg[30][3]	0	0.80961
u_sm_ram_Q/U3094	0	0.587415
u_sm_ram_I/U2188	0	1.4455
u_sm_ram_I/U1385	0	0.661755
u_sm_ram_Q/PLACE_HFSBUF_1909_535	0	0.54321
u_sm_ram_Q/PLACE_HFSBUF_1739_533	0	1.53086
u_sm_ram_I/U3335	0	1.82162
u_payload_ram/mem_reg[71][4]	0	2.52422
u_sm_ram_I/U1000	0	0.868819
u_sm_ram_I/U1066	0	0.832731
u_sm_ram_I/U2398	0	1.41039
u_payload_ram/U3551	0	2.25009
u_sm_Q/U19	0	0.499772
u_sm_ram_Q/U3223	0	0.973133
u_sm_ram_Q/U1217	0	2.05933
u_sm_ram_Q/U2292	0	0.575471
u_sm_ram_I/mem_reg[78][3]	0	1.53054
u_sm_ram_I/U2044	0	1.97448
u_payload_ram/U1128	0	1.18123
u_sm_ram_Q/mem_reg[89][3]	0	0.854549
u_sm_ram_I/U1390	0	0.590328
u_sm_ram_I/U2940	0	0.593372
u_sm_ram_I/U2043	0	0.949807
u_sm_ram_I/U1127	0	1.80301
u_payload_ram/U3532	0	0.836474
u_sm_ram_Q/mem_reg[91][0]	0	1.03244
u_sm_ram_Q/U3702	0	0.976447
u_sm_ram_I/U1195	0	1.13721
u_payload_ram/mem_reg[70][0]	0	2.10794
u_sm_ram_I/U1064	0	0.936879
u_payload_ram/U3611	0	1.96841
u_sm_ram_Q/U1786	0	0.894498
u_payload_ram/U868	0	0.693538
u_sm_ram_Q/U1020	0	1.08473
u_sm_ram_I/mem_reg[79][1]	0	1.45396
u_sm_ram_I/U2291	0	1.73256
u_sm_ram_I/mem_reg[78][2]	0	0.823627
u_sm_ram_I/U1191	0	0.848125
u_sm_Q/U23	0	1.30251
u_sm_ram_I/mem_reg[94][0]	0	1.52431
u_sm_ram_I/mem_reg[126][1]	0	1.06529
u_sm_ram_I/U671	0	1.58569
u_payload_ram/U473	0	1.14445
u_sm_ram_Q/U1016	0	1.6635
u_sm_ram_Q/U1022	0	1.16504
u_sm_ram_Q/mem_reg[109][3]	0	1.13702
u_payload_ram/U867	0	1.34926
u_sm_ram_I/mem_reg[159][1]	0	0.725401
u_sm_ram_I/U1069	0	1.58747
u_payload_ram/mem_reg[23][3]	0	1.29365
u_sm_ram_Q/U2301	0	0.890035
u_sm_ram_Q/U1207	0	1.52307
u_sm_ram_Q/U1863	0	1.1269
u_sm_ram_Q/U3761	0	0.862033
u_sm_ram_Q/U305	0	1.69234
u_sm_ram_Q/U2303	0	1.28779
u_sm_ram_I/U2273	0	0.813356
u_sm_ram_I/U1193	0	0.989533
u_sm_ram_Q/PLACE_HFSBUF_1730_530	0	1.55556
u_sm_ram_Q/PLACE_HFSBUF_168_529	0	1.46914
u_sm_ram_I/mem_reg[126][0]	0	0.944873
u_payload_ram/U599	0	0.928453
u_sm_ram_I/U3883	0	0.940081
u_sm_ram_I/U999	0	1.06201
u_payload_ram/mem_reg[55][5]	0	1.35353
u_sm_ram_Q/U3346	0	0.904456
u_payload_ram/mem_reg[70][4]	0	0.715756
u_payload_ram/U602	0	1.54997
u_sm_Q/U20	0	1.57703
u_sm_ram_Q/U3204	0	0.71407
u_payload_ram/U2641	0	0.737365
u_sm_ram_I/mem_reg[142][1]	0	1.45762
u_sm_ram_Q/U1209	0	0.807654
u_sm_ram_I/mem_reg[47][0]	0	0.966447
u_payload_ram/U603	0	1.29068
u_sm_ram_I/U1067	0	1.34801
u_sm_Q/data_out_reg[1]	0	2.12221
u_sm_ram_Q/U1017	0	0.758904
u_payload_ram/U3516	0	1.16743
u_sm_ram_I/mem_reg[94][3]	0	1.52306
u_sm_ram_I/mem_reg[46][1]	0	1.33991
u_payload_ram/mem_reg[39][0]	0	1.02916
u_sm_ram_Q/U1550	0	0.988191
u_sm_ram_I/mem_reg[222][3]	0	0.681092
u_sm_ram_Q/U1536	0	1.5342
u_sm_ram_I/mem_reg[126][2]	0	2.54693
u_sm_ram_I/U3163	0	2.45278
u_sm_ram_I/mem_reg[30][2]	0	1.6138
u_sm_ram_I/mem_reg[143][0]	0	0.837801
u_sm_ram_I/mem_reg[30][1]	0	0.568646
u_payload_ram/mem_reg[22][3]	0	0.811215
u_sm_ram_Q/U1552	0	1.4685
u_sm_ram_Q/mem_reg[137][1]	0	1.0195
u_sm_ram_I/mem_reg[125][1]	0	2.32542
u_sm_ram_Q/PLACE_HFSBUF_1699_467	0	1.55556
u_sm_ram_I/U2079	0	2.02769
u_sm_ram_I/U672	0	0.667145
u_sm_ram_Q/U442	0	0.773194
u_sm_ram_I/U2344	0	1.24029
u_sm_ram_Q/U3347	0	0.667913
u_payload_ram/U3651	0	0.647064
u_sm_Q/U24	0	1.38723
u_sm_ram_Q/mem_reg[8][1]	0	0.551914
u_sm_ram_Q/mem_reg[254][1]	0	2.27014
u_sm_ram_I/mem_reg[94][1]	0	0.775108
u_sm_ram_Q/U1015	0	1.33833
u_sm_ram_Q/U25	0	1.5954
u_sm_ram_I/U670	0	1.4095
u_payload_ram/U600	0	1.96149
u_sm_ram_I/mem_reg[223][1]	0	2.04063
u_sm_ram_I/mem_reg[142][0]	0	2.47183
u_sm_ram_I/mem_reg[30][0]	0	2.14424
u_sm_ram_I/PLACE_HFSINV_1331_1147	0	1.55556
u_sm_ram_I/U1392	0	1.2166
u_sm_ram_Q/mem_reg[11][3]	0	1.08054
u_sm_ram_I/mem_reg[126][3]	0	2.59089
u_sm_ram_I/U15	0	1.80669
u_sm_ram_Q/mem_reg[254][3]	0	1.77818
u_payload_ram/U3729	0	0.744996
u_sm_ram_I/U2107	0	0.793885
u_sm_ram_I/mem_reg[78][0]	0	1.96779
u_sm_ram_I/U1391	0	1.36595
u_sm_ram_I/U3726	0	1.15264
u_payload_ram/U863	0	0.916786
u_sm_ram_I/mem_reg[95][3]	0	0.940752
u_sm_ram_I/mem_reg[95][1]	0	2.35448
u_payload_ram/U3567	0	1.60432
u_sm_ram_I/U3282	0	0.924252
u_payload_ram/mem_reg[54][3]	0	0.886408
u_sm_ram_Q/mem_reg[138][2]	0	0.736705
u_sm_ram_Q/U1553	0	0.682897
u_payload_ram/U597	0	0.786651
u_sm_ram_Q/U1018	0	2.46137
u_sm_ram_Q/PLACE_HFSINV_16041_469	0	2.55556
u_sm_ram_I/U2560	0	1.15411
u_sm_ram_Q/U1021	0	0.592608
u_sm_ram_I/mem_reg[223][2]	0	0.836211
u_payload_ram/mem_reg[57][7]	0	0.736605
u_sm_ram_Q/U2302	0	0.72027
u_payload_ram/mem_reg[71][1]	0	1.95802
u_sm_ram_I/mem_reg[78][1]	0	0.652774
u_payload_ram/U846	0	2.26057
u_sm_ram_Q/U1019	0	0.665779
u_sm_ram_Q/U3234	0	0.7374
u_payload_ram/U730	0	1.45495
u_sm_ram_I/U802	0	0.834421
u_sm_ram_Q/U3266	0	1.71283
u_payload_ram/mem_reg[70][3]	0	0.720417
u_sm_ram_Q/mem_reg[138][1]	0	1.94723
u_payload_ram/U984	0	1.6125
u_payload_ram/U1121	0	2.31142
u_sm_ram_Q/mem_reg[91][1]	0	0.87223
u_payload_ram/U2434	0	2.33333
u_payload_ram/U2010	0	0.876678
u_sm_ram_Q/mem_reg[8][2]	0	0.651335
u_payload_ram/mem_reg[70][2]	0	1.86392
u_sm_ram_I/U3425	0	1.35245
u_payload_ram/U601	0	0.60689
u_sm_ram_I/mem_reg[46][2]	0	1.1529
u_sm_ram_Q/U1026	0	0.803569
u_sm_ram_Q/mem_reg[11][0]	0	1.19181
u_sm_ram_I/U382	0	0.63316
u_payload_ram/U1429	0	1.53254
u_sm_ram_I/U355	0	1.26532
u_sm_ram_Q/mem_reg[138][0]	0	3.55264
u_sm_ram_Q/U632	0	2.03536
u_sm_ram_Q/mem_reg[137][3]	0	2.87426
u_sm_ram_I/U3362	0	1.14238
u_sm_Q/U22	0	0.718503
u_sm_ram_Q/mem_reg[138][3]	0	0.826096
u_sm_ram_Q/U1216	0	0.622311
u_sm_ram_Q/mem_reg[91][3]	0	0.758819
u_payload_ram/U598	0	1.68066
u_sm_ram_Q/mem_reg[89][2]	0	0.760231
u_sm_ram_I/U1913	0	1.17579
u_sm_ram_Q/U3274	0	1.60054
u_payload_ram/U1124	0	1.49675
u_payload_ram/U1115	0	0.568723
u_payload_ram/U2653	0	1.13407
u_sm_ram_Q/U1025	0	0.721975
u_sm_ram_Q/mem_reg[11][1]	0	2.07495
u_payload_ram/mem_reg[55][3]	0	0.944796
u_sm_ram_I/U3925	0	1.72827
u_payload_ram/U143	0	0.716574
u_payload_ram/U738	0	0.856381
u_sm_ram_I/mem_reg[223][3]	0	1.03404
u_sm_ram_I/PLACE_HFSBUF_37_1150	0	1.55556
u_payload_ram/PLACE_HFSBUF_478_1357	0	1.55556
u_payload_ram/PLACE_HFSBUF_423_1355	0	0.54321
u_payload_ram/PLACE_HFSBUF_613_1356	0	1.55556
u_payload_ram/mem_reg[55][7]	0	2.56182
u_sm_ram_I/U2010	0	1.31836
u_payload_ram/U2646	0	0.996717
u_sm_ram_Q/U2046	0	1.45351
u_payload_ram/U3530	0	0.591547
u_sm_Q/U25	0	1.50241
u_sm_ram_Q/PLACE_HFSBUF_201_468	0	1.55556
u_sm_ram_Q/PLACE_HFSBUF_15067_459	0	0.555556
u_sm_ram_I/mem_reg[46][3]	0	1.72611
u_sm_ram_I/PLACE_HFSBUF_109_901	0	0.555556
u_sm_ram_I/PLACE_HFSBUF_243_902	0	0.481481
u_sm_ram_I/PLACE_HFSINV_5_900	0	1.55556
u_payload_ram/mem_reg[87][4]	0	0.668912
u_payload_ram/U2674	0	1.29203
u_sm_ram_I/U1128	0	2.5999
u_sm_ram_I/U2141	0	0.909603
u_sm_ram_I/U3156	0	0.787593
u_sm_ram_I/U2388	0	1.18595
u_payload_ram/U1116	0	0.779016
u_sm_ram_I/U3749	0	0.722546
u_sm_ram_I/mem_reg[191][3]	0	0.905814
u_sm_ram_I/PLACE_HFSBUF_612_904	0	2.55556
u_sm_ram_I/PLACE_HFSBUF_518_903	0	1.55556
u_sm_ram_Q/U2206	0	0.814171
u_sm_Q/U21	0	1.75032
u_sm_ram_Q/mem_reg[8][0]	0	1.6164
u_payload_ram/mem_reg[70][1]	0	1.1634
u_sm_ram_I/U2078	0	1.45654
u_payload_ram/mem_reg[57][5]	0	1.45909
u_payload_ram/mem_reg[55][1]	0	1.62117
u_sm_ram_I/U1068	0	0.753507
u_sm_ram_I/mem_reg[223][0]	0	2.02589
u_sm_ram_I/U872	0	1.93292
u_sm_ram_Q/mem_reg[137][2]	0	0.825721
u_sm_ram_I/U3821	0	1.62192
u_sm_ram_I/mem_reg[47][2]	0	0.820891
u_sm_ram_I/U793	0	0.807442
u_sm_ram_Q/U1023	0	0.932083
u_payload_ram/U3587	0	0.585829
u_sm_ram_Q/U1024	0	1.62473
u_sm_ram_I/U2106	0	1.27753
u_sm_ram_I/mem_reg[191][2]	0	0.578229
u_sm_ram_I/U1126	0	0.593507
u_sm_Q/U26	0	0.762299
u_sm_ram_I/PLACE_HFSBUF_182_1154	0	0.555556
u_sm_ram_I/PLACE_HFSBUF_584_1153	0	1.55556
u_payload_ram/mem_reg[54][1]	0	0.79223
u_sm_ram_I/U3154	0	1.02868
u_sm_ram_I/U2561	0	1.16268
u_payload_ram/U691	0	1.51674
u_payload_ram/U734	0	0.647133
u_sm_ram_Q/mem_reg[235][1]	0	1.5162
u_sm_ram_I/U3721	0	0.658202
u_sm_ram_Q/mem_reg[233][3]	0	1.04725
u_payload_ram/PLACE_HFSBUF_377_1354	0	1.55556
u_sm_ram_I/U3819	0	0.619753
u_sm_ram_I/mem_reg[191][0]	0	2.32693
u_payload_ram/mem_reg[70][7]	0	2.89694
u_payload_ram/mem_reg[71][6]	0	1.47224
u_sm_ram_Q/mem_reg[136][2]	0	3.06329
u_sm_ram_I/PLACE_HFSBUF_3599_736	0	0.555556
u_sm_ram_I/PLACE_HFSBUF_4248_737	0	0.530864
u_sm_ram_I/PLACE_HFSBUF_3777_735	0	1.55556
u_sm_ram_I/PLACE_HFSBUF_88_908	0	0.555556
u_sm_ram_I/mem_reg[111][1]	0	1.20797
u_sm_ram_I/U2118	0	1.69225
u_payload_ram/mem_reg[70][6]	0	1.03441
u_sm_ram_I/U3128	0	1.57084
u_sm_ram_I/U2614	0	1.83748
u_sm_ram_I/U801	0	1.35137
u_sm_ram_I/mem_reg[125][0]	0	1.35688
u_payload_ram/mem_reg[54][7]	0	1.50243
u_sm_ram_I/U1071	0	1.82271
u_sm_Q/shift_reg_reg[1]	0	1.4454
u_payload_ram/mem_reg[43][7]	0	1.02505
u_sm_ram_Q/mem_reg[8][3]	0	1.14601
u_payload_ram/U3560	0	1.0784
u_payload_ram/U1126	0	0.801157
u_sm_ram_I/U1070	0	1.10056
u_sm_ram_I/U3129	0	1.16915
u_payload_ram/U3523	0	2.06653
u_payload_ram/mem_reg[22][5]	0	1.13609
u_sm_ram_Q/U629	0	1.36711
u_sm_ram_I/U2389	0	1.0951
u_payload_ram/U842	0	0.617029
u_demux/o_valid_Q_reg	0	1.01344
u_sm_ram_I/mem_reg[174][3]	0	1.02902
u_sm_Q/U27	0	1.12856
u_sm_ram_Q/U630	0	1.46488
u_sm_ram_I/PLACE_HFSBUF_270_825	0	0.555556
u_sm_Q/U40	0	0.898056
u_payload_ram/U866	0	1.04004
u_payload_ram/mem_reg[38][0]	0	0.956354
u_payload_ram/PLACE_HFSINV_240_1226	0	1.55556
u_payload_ram/mem_reg[57][3]	0	2.10887
u_sm_ram_I/U3948	0	0.7626
u_sm_ram_I/U55	0	0.75321
u_payload_ram/U3578	0	0.965378
u_payload_ram/U3576	0	0.952589
u_sm_ram_Q/mem_reg[137][0]	0	1.92133
u_sm_ram_I/U2376	0	0.941346
u_sm_ram_I/U3797	0	1.11136
u_sm_ram_I/U1130	0	1.03852
u_sm_ram_Q/mem_reg[11][2]	0	1.60513
u_sm_ram_Q/mem_reg[136][3]	0	1.81324
u_sm_ram_I/U2397	0	2.69197
u_sm_ram_Q/U1214	0	0.977874
u_sm_ram_I/U2377	0	1.09936
u_sm_ram_I/U3789	0	0.868252
u_sm_ram_Q/U622	0	1.32214
u_sm_ram_Q/U1215	0	0.613052
u_payload_ram/U3564	0	2.32791
u_sm_ram_I/U3416	0	1.13548
u_sm_ram_Q/U3341	0	1.23684
u_sm_ram_I/U2144	0	0.932739
u_sm_ram_I/U3391	0	1.01623
u_sm_ram_Q/mem_reg[89][1]	0	1.35775
u_payload_ram/U726	0	1.46473
u_sm_ram_I/mem_reg[125][3]	0	0.929834
u_sm_ram_I/U3478	0	0.674329
u_payload_ram/U737	0	0.987816
u_sm_ram_I/U386	0	1.25394
u_payload_ram/mem_reg[87][1]	0	2.31363
u_sm_ram_I/mem_reg[127][1]	0	0.985675
u_sm_ram_Q/mem_reg[251][2]	0	2.91985
u_sm_ram_I/U2399	0	1.49998
u_payload_ram/mem_reg[64][7]	0	1.50019
u_sm_ram_I/mem_reg[125][2]	0	1.80936
u_sm_ram_Q/U558	0	1.44162
u_payload_ram/mem_reg[39][2]	0	1.29885
u_sm_ram_I/U1132	0	0.560305
u_sm_ram_I/U326	0	1.17017
u_payload_ram/U844	0	1.48816
u_payload_ram/U736	0	0.677172
u_sm_ram_Q/U2415	0	1.53326
u_payload_ram/U2679	0	0.832612
u_sm_ram_Q/U3343	0	0.907921
u_payload_ram/mem_reg[42][0]	0	0.710316
u_sm_ram_Q/U631	0	1.08514
u_payload_ram/U2678	0	1.48784
u_sm_ram_I/PLACE_HFSBUF_300_1152	0	1.55556
u_sm_ram_I/PLACE_HFSBUF_365_1151	0	0.518519
u_payload_ram/U727	0	1.73254
u_sm_ram_I/mem_reg[110][1]	0	0.632704
u_payload_ram/U3593	0	0.80093
u_payload_ram/U2081	0	1.34586
u_sm_ram_I/U3897	0	1.97835
u_sm_ram_Q/U557	0	0.771485
u_sm_Q/U43	0	1.30342
u_sm_ram_Q/U559	0	2.41297
u_payload_ram/mem_reg[59][7]	0	2.59929
u_sm_ram_I/mem_reg[111][3]	0	1.83011
u_payload_ram/U870	0	0.822423
u_sm_ram_I/U3762	0	0.806265
u_payload_ram/U845	0	0.842338
u_sm_ram_Q/U1014	0	1.1961
u_sm_ram_Q/U3381	0	0.602029
u_sm_ram_I/mem_reg[191][1]	0	1.61638
u_payload_ram/U3534	0	1.58785
u_sm_ram_Q/U1013	0	1.94029
u_sm_Q/U39	0	1.03859
u_payload_ram/mem_reg[42][1]	0	1.96582
u_payload_ram/PLACE_HFSBUF_403_1229	0	1.49383
u_payload_ram/PLACE_HFSBUF_274_1228	0	0.407407
u_sm_ram_I/U870	0	1.03768
u_sm_ram_Q/mem_reg[136][1]	0	0.622207
u_sm_ram_Q/mem_reg[136][0]	0	2.25186
u_sm_ram_I/U3946	0	0.882261
u_payload_ram/mem_reg[57][1]	0	1.03841
u_sm_Q/U41	0	1.13721
u_sm_ram_I/mem_reg[47][1]	0	0.827045
u_sm_ram_Q/U1012	0	0.643673
u_payload_ram/mem_reg[64][4]	0	1.59409
u_payload_ram/mem_reg[70][5]	0	1.01286
u_payload_ram/U4111	0	1.89131
u_sm_ram_I/U2395	0	2.13603
u_sm_ram_I/U3729	0	0.85282
u_payload_ram/PLACE_HFSINV_136_153	0	0.555556
u_payload_ram/U3685	0	0.887018
u_payload_ram/U957	0	1.43007
u_sm_ram_Q/mem_reg[233][1]	0	2.23137
u_payload_ram/U2644	0	1.76946
u_sm_ram_Q/U556	0	0.958854
u_payload_ram/U4110	0	0.56936
u_payload_ram/U2652	0	1.59533
u_payload_ram/mem_reg[54][6]	0	0.724387
u_payload_ram/U1984	0	1.08471
u_payload_ram/U864	0	1.78978
u_sm_ram_I/mem_reg[47][3]	0	2.68611
u_payload_ram/U841	0	2.30719
u_sm_Q/U28	0	0.828287
u_payload_ram/PLACE_HFSBUF_195_1259	0	1.54321
u_payload_ram/PLACE_HFSINV_1409_1260	0	0.555556
u_sm_Q/U29	0	1.17184
u_sm_ram_I/U3894	0	1.45627
u_payload_ram/U735	0	0.988318
u_sm_Q/U31	0	1.40247
u_sm_ram_Q/mem_reg[233][2]	0	2.13625
u_payload_ram/U1090	0	1.61308
u_sm_ram_I/U871	0	1.27592
u_payload_ram/mem_reg[64][6]	0	1.39437
u_payload_ram/mem_reg[55][6]	0	1.15409
u_sm_ram_I/mem_reg[111][0]	0	1.1059
u_sm_ram_I/U1320	0	1.46761
u_payload_ram/mem_reg[71][7]	0	0.58718
u_payload_ram/mem_reg[57][6]	0	0.930359
u_sm_ram_I/U3268	0	0.877323
u_payload_ram/U840	0	0.754807
u_payload_ram/mem_reg[38][6]	0	0.90353
u_sm_ram_I/U1321	0	0.994556
u_demux/o_Q_reg	0	1.37481
u_payload_ram/mem_reg[64][2]	0	0.751871
u_payload_ram/mem_reg[57][2]	0	2.22258
u_sm_Q/U30	0	1.56697
u_payload_ram/mem_reg[42][3]	0	1.39968
u_payload_ram/mem_reg[23][0]	0	0.813607
u_sm_ram_I/U3803	0	0.766146
u_sm_ram_I/mem_reg[110][3]	0	0.639016
u_payload_ram/mem_reg[38][2]	0	2.85606
u_payload_ram/U1870	0	0.800721
u_sm_ram_I/U1518	0	1.96285
u_sm_ram_I/U3361	0	0.945872
u_sm_ram_Q/mem_reg[139][1]	0	1.03138
u_payload_ram/U3648	0	0.744464
u_sm_Q/U42	0	1.11065
u_payload_ram/U740	0	1.63817
u_payload_ram/U31	0	0.811454
u_payload_ram/PLACE_HFSBUF_85_1227	0	0.555556
u_payload_ram/PLACE_HFSBUF_23_1230	0	0.506173
u_payload_ram/U1113	0	0.85566
u_payload_ram/U1245	0	0.849155
u_sm_ram_Q/mem_reg[89][0]	0	1.87361
u_sm_ram_I/U1129	0	1.98178
u_payload_ram/U869	0	1.26068
u_sm_ram_I/U1060	0	1.40615
u_sm_ram_I/mem_reg[174][2]	0	0.762708
u_payload_ram/PLACE_HFSINV_2313_1353	0	0.45679
u_sm_ram_Q/U621	0	0.930748
u_payload_ram/mem_reg[38][1]	0	0.68534
u_payload_ram/mem_reg[71][5]	0	0.890826
u_payload_ram/U2561	0	0.755887
u_sm_Q/shift_reg_reg[0]	0	1.3432
u_payload_ram/U741	0	1.70825
u_sm_ram_I/U1515	0	1.65094
u_payload_ram/mem_reg[39][1]	0	1.92085
u_sm_ram_I/U1137	0	0.671015
u_payload_ram/mem_reg[40][3]	0	0.973877
u_payload_ram/PLACE_HFSBUF_52_1362	0	1.46914
u_sm_ram_I/U3426	0	0.717238
u_sm_ram_I/U3951	0	1.29207
u_payload_ram/U2642	0	2.13433
u_sm_ram_I/U805	0	0.654379
u_payload_ram/mem_reg[64][1]	0	1.21594
u_sm_ram_I/U804	0	2.01752
u_sm_ram_Q/U1011	0	1.27985
u_sm_ram_I/U869	0	2.50612
u_payload_ram/mem_reg[42][2]	0	1.57055
u_sm_ram_Q/mem_reg[251][3]	0	0.610918
u_payload_ram/U2677	0	2.55618
u_sm_Q/U32	0	0.690664
u_payload_ram/PLACE_HFSBUF_334_1256	0	0.530864
u_payload_ram/PLACE_HFSBUF_693_1257	0	0.555556
u_payload_ram/U2675	0	1.23899
u_sm_ram_I/U806	0	0.738661
u_sm_ram_Q/U2102	0	1.06376
u_payload_ram/mem_reg[23][4]	0	1.03093
u_sm_ram_Q/U624	0	1.38198
u_sm_ram_Q/mem_reg[251][1]	0	1.5869
u_sm_ram_I/U1912	0	1.26958
u_payload_ram/U732	0	1.85144
u_payload_ram/PLACE_HFSINV_345_228	0	1.55556
u_payload_ram/U830	0	1.77946
u_sm_ram_I/U2593	0	1.20713
u_payload_ram/U187	0	0.964522
u_payload_ram/mem_reg[38][5]	0	1.41233
u_sm_Q/bit_cnt_reg[1]	0	1.331
u_sm_ram_Q/mem_reg[139][3]	0	2.39056
u_payload_ram/U1114	0	2.45062
u_sm_ram_Q/mem_reg[251][0]	0	2.80292
u_payload_ram/PLACE_HFSBUF_296_1358	0	1.55556
u_payload_ram/PLACE_HFSBUF_1487_1359	0	0.45679
u_payload_ram/PLACE_HFSBUF_230_1361	0	1.55556
u_sm_ram_I/mem_reg[174][1]	0	0.934564
u_payload_ram/U739	0	0.905355
u_payload_ram/mem_reg[57][0]	0	1.00137
u_sm_ram_I/U3363	0	0.802527
u_sm_ram_Q/mem_reg[235][0]	0	1.00154
u_sm_ram_I/U1323	0	1.41023
u_sm_ram_I/U2580	0	0.640621
u_sm_ram_I/U3177	0	1.18739
u_payload_ram/U828	0	0.640004
u_sm_ram_Q/U623	0	1.61078
u_sm_ram_I/mem_reg[190][1]	0	1.14708
u_sm_ram_I/U1072	0	0.970062
u_sm_ram_I/U3859	0	0.963214
u_sm_ram_I/U1063	0	2.07291
u_sm_ram_I/U1075	0	0.649718
u_payload_ram/mem_reg[96][2]	0	1.03622
u_sm_ram_I/U807	0	1.01686
u_sm_ram_I/U3354	0	1.10824
u_payload_ram/U843	0	2.28604
u_demux/U10	0	2.22797
u_payload_ram/mem_reg[118][4]	0	1.09944
u_demux/U4	0	1.7748
u_sm_ram_I/mem_reg[190][0]	0	1.78145
u_payload_ram/U865	0	0.619522
u_sm_Q/bit_cnt_reg[0]	0	0.8589
u_sm_ram_I/mem_reg[63][0]	0	0.705351
u_sm_ram_Q/mem_reg[233][0]	0	1.65231
u_sm_ram_I/U2946	0	1.04925
u_sm_ram_I/U3127	0	0.649599
u_sm_ram_I/mem_reg[127][0]	0	0.980907
u_payload_ram/U3528	0	2.20034
u_payload_ram/mem_reg[59][3]	0	1.30427
u_payload_ram/PLACE_HFSINV_631_298	0	0.555556
u_payload_ram/PLACE_HFSINV_712_351	0	1.55556
u_payload_ram/U2638	0	1.58406
u_sm_ram_I/U907	0	2.10083
u_payload_ram/mem_reg[40][1]	0	2.40512
u_payload_ram/U1598	0	1.49493
u_payload_ram/U3723	0	2.25803
u_payload_ram/mem_reg[58][3]	0	2.37541
u_payload_ram/U961	0	1.1397
u_payload_ram/mem_reg[40][0]	0	0.609317
u_sm_ram_I/U1131	0	0.971948
u_payload_ram/mem_reg[48][6]	0	2.03877
u_sm_ram_I/U1325	0	0.706427
u_payload_ram/U786	0	2.67737
u_payload_ram/mem_reg[23][1]	0	0.826308
u_demux/U6	0	0.930563
u_payload_ram/U3642	0	2.31006
u_payload_ram/U2671	0	1.24924
u_sm_ram_I/mem_reg[15][3]	0	0.578669
u_sm_ram_I/U3866	0	0.985231
u_payload_ram/U2639	0	0.742157
u_sm_ram_I/U3290	0	0.726462
u_payload_ram/mem_reg[54][2]	0	1.28766
u_payload_ram/mem_reg[43][1]	0	1.53603
u_payload_ram/PLACE_HFSBUF_1327_391	0	0.555556
u_payload_ram/PLACE_HFSBUF_810_383	0	1.50617
u_payload_ram/U960	0	0.73348
u_payload_ram/mem_reg[119][6]	0	1.18048
u_sm_ram_Q/mem_reg[235][3]	0	1.139
u_payload_ram/U2676	0	1.48024
u_demux/U8	0	0.933376
u_sm_ram_I/U1322	0	1.11358
u_sm_ram_I/U1516	0	1.15961
u_payload_ram/mem_reg[57][4]	0	0.892122
u_sm_ram_I/U1517	0	1.46152
u_sm_ram_I/U1327	0	1.67943
u_payload_ram/U788	0	1.54402
u_sm_ram_I/mem_reg[190][2]	0	0.910926
u_sm_ram_I/U866	0	0.870494
u_payload_ram/U986	0	1.13383
u_payload_ram/U2673	0	0.795181
u_payload_ram/mem_reg[51][6]	0	2.58176
u_payload_ram/mem_reg[59][5]	0	0.666779
u_sm_ram_I/U3277	0	1.18362
u_sm_ram_I/mem_reg[63][3]	0	0.922052
u_payload_ram/U2200	0	0.930579
u_payload_ram/U994	0	0.73012
u_payload_ram/mem_reg[23][6]	0	0.846424
u_payload_ram/U3556	0	1.65453
u_sm_ram_I/mem_reg[62][3]	0	1.17463
u_payload_ram/mem_reg[119][4]	0	2.084
u_sm_ram_I/mem_reg[110][0]	0	0.686829
u_payload_ram/U191	0	0.71255
u_sm_ram_Q/mem_reg[235][2]	0	1.70288
u_sm_ram_I/mem_reg[190][3]	0	1.76779
u_sm_ram_I/U1452	0	2.00103
u_sm_ram_I/U1453	0	0.932782
u_sm_ram_I/U865	0	1.99486
u_payload_ram/mem_reg[55][0]	0	0.95228
u_sm_ram_I/U1324	0	2.00238
u_payload_ram/mem_reg[64][0]	0	1.53015
u_payload_ram/U2672	0	1.65994
u_zp/counter_reg[2]	0	1.21198
u_payload_ram/U2426	0	0.976316
u_sm_ram_I/mem_reg[15][0]	0	2.17863
u_sm_ram_I/U867	0	2.28315
u_sm_ram_I/U1073	0	1.04288
u_payload_ram/U690	0	0.871281
u_sm_ram_I/U1074	0	0.842735
u_payload_ram/mem_reg[39][6]	0	0.958908
u_payload_ram/U3581	0	1.04774
u_demux/even_bit_reg	0	1.06897
u_payload_ram/mem_reg[119][7]	0	0.634074
u_sm_ram_I/U1451	0	0.757878
u_sm_ram_I/mem_reg[124][0]	0	1.54294
u_payload_ram/U962	0	0.629525
u_sm_ram_I/mem_reg[127][2]	0	2.42801
u_payload_ram/mem_reg[55][4]	0	2.02709
u_sm_ram_Q/mem_reg[139][2]	0	0.580251
u_zp/counter_reg[3]	0	0.916559
u_payload_ram/mem_reg[51][4]	0	1.27458
u_payload_ram/mem_reg[118][6]	0	1.68329
u_sm_ram_I/U90	0	0.88456
u_payload_ram/U998	0	0.822095
u_demux/U5	0	0.64897
u_payload_ram/mem_reg[56][1]	0	1.74636
u_sm_ram_Q/mem_reg[139][0]	0	2.12698
u_sm_ram_I/mem_reg[124][3]	0	0.864016
u_sm_ram_I/U868	0	0.907106
u_payload_ram/U2209	0	0.772164
u_sm_ram_I/U3398	0	1.48774
u_sm_ram_I/mem_reg[175][1]	0	0.968356
u_sm_ram_I/U1520	0	2.59375
u_sm_ram_I/mem_reg[175][0]	0	2.23968
u_demux/o_I_reg	0	1.2225
u_payload_ram/U1117	0	1.83682
u_payload_ram/U997	0	1.16242
u_demux/o_valid_I_reg	0	2.37336
u_sm_ram_I/U2527	0	1.10067
u_payload_ram/mem_reg[40][2]	0	0.639186
u_payload_ram/U1119	0	1.80917
u_payload_ram/U963	0	2.45172
u_payload_ram/U985	0	1.79608
u_payload_ram/mem_reg[59][2]	0	1.19108
u_payload_ram/U993	0	1.55507
u_sm_ram_I/U1521	0	1.42672
u_sm_ram_I/mem_reg[127][3]	0	2.29825
u_sm_ram_I/mem_reg[175][2]	0	1.06929
u_payload_ram/U1577	0	0.641489
u_payload_ram/mem_reg[55][2]	0	2.02226
u_sm_ram_I/U1450	0	0.93919
u_sm_ram_I/mem_reg[174][0]	0	2.4846
u_payload_ram/U526	0	1.00843
u_zp/U96	0	1.53115
u_payload_ram/U2211	0	0.910941
u_payload_ram/U983	0	1.13752
u_demux/U9	0	0.864518
u_sm_ram_I/mem_reg[124][2]	0	2.22336
u_payload_ram/U3634	0	1.0209
u_sm_ram_I/mem_reg[63][1]	0	1.54279
u_payload_ram/PLACE_HFSBUF_1615_30	0	0.555556
u_payload_ram/U190	0	1.04774
u_sm_ram_I/U1326	0	2.094
u_payload_ram/U917	0	0.76218
u_payload_ram/mem_reg[48][2]	0	1.44989
u_payload_ram/mem_reg[51][5]	0	1.009
u_sm_ram_I/mem_reg[31][3]	0	1.47151
u_sm_ram_I/mem_reg[175][3]	0	2.33783
u_payload_ram/mem_reg[56][6]	0	0.61206
u_sm_ram_I/U1522	0	1.77493
u_payload_ram/U992	0	1.0203
u_payload_ram/U1120	0	1.99901
u_sm_ram_I/mem_reg[14][0]	0	0.76679
u_payload_ram/mem_reg[52][2]	0	1.1084
u_payload_ram/mem_reg[43][2]	0	2.03851
u_payload_ram/U3833	0	0.725486
u_payload_ram/mem_reg[119][5]	0	1.45303
u_sm_ram_I/U1523	0	1.85322
u_payload_ram/U826	0	1.19449
u_sm_ram_I/mem_reg[62][1]	0	0.73091
u_sm_ram_I/mem_reg[15][1]	0	1.74759
u_sm_ram_I/mem_reg[63][2]	0	2.81552
u_payload_ram/U976	0	1.34419
u_sm_ram_I/mem_reg[31][2]	0	0.715995
u_demux/U12	0	0.942982
u_payload_ram/U1506	0	2.504
u_payload_ram/U2794	0	1.73396
u_payload_ram/mem_reg[51][0]	0	1.4902
u_payload_ram/U3661	0	1.92597
u_payload_ram/mem_reg[52][1]	0	1.4641
u_payload_ram/U834	0	1.00709
u_payload_ram/mem_reg[59][6]	0	0.977029
u_payload_ram/U2213	0	0.665733
u_zp/U222	0	1.08236
u_sm_ram_I/mem_reg[62][2]	0	2.24923
u_payload_ram/U1576	0	1.32519
u_payload_ram/mem_reg[38][7]	0	3.5813
u_sm_ram_I/mem_reg[110][2]	0	1.06113
u_payload_ram/U954	0	0.965282
u_payload_ram/U3547	0	0.851146
u_payload_ram/mem_reg[58][6]	0	1.42263
u_payload_ram/U524	0	0.667882
u_payload_ram/mem_reg[23][7]	0	0.937299
u_payload_ram/mem_reg[96][0]	0	1.32306
u_zp/U95	0	0.993218
u_payload_ram/U343	0	0.611385
u_zp/U205	0	0.777828
u_demux/U3	0	1.79498
u_demux/U11	0	0.8188
u_payload_ram/mem_reg[23][5]	0	1.51265
u_sm_ram_I/mem_reg[14][1]	0	2.19863
u_sm_ram_I/mem_reg[62][0]	0	1.97167
u_payload_ram/U3594	0	0.561146
u_payload_ram/mem_reg[60][2]	0	1.72922
u_payload_ram/mem_reg[66][6]	0	1.26863
u_payload_ram/U3628	0	1.31181
u_sm_ram_I/mem_reg[124][1]	0	0.783951
u_payload_ram/U2149	0	2.39838
u_payload_ram/U2388	0	1.03432
u_payload_ram/U2158	0	0.960482
u_payload_ram/U893	0	0.726821
u_payload_ram/mem_reg[39][5]	0	0.726713
u_sm_ram_I/mem_reg[14][2]	0	0.820918
u_zp/U62	0	1.6163
u_payload_ram/U913	0	0.821713
u_zp/counter_reg[0]	0	1.06997
u_payload_ram/U172	0	2.52407
u_zp/U97	0	2.16966
u_sm_ram_I/mem_reg[31][1]	0	1.67901
u_payload_ram/U3974	0	0.94015
u_payload_ram/U1118	0	2.53555
u_payload_ram/U345	0	1.8786
u_payload_ram/U1022	0	0.893792
u_payload_ram/U3700	0	1.39692
u_payload_ram/U825	0	0.983657
u_payload_ram/mem_reg[64][5]	0	1.38014
u_zp/U113	0	0.863611
u_payload_ram/U2458	0	0.939996
u_zp/state_reg[0]	0	1.86556
u_payload_ram/mem_reg[118][7]	0	0.949151
u_payload_ram/U2382	0	1.07532
u_payload_ram/U821	0	1.57183
u_payload_ram/U78	0	2.49745
u_payload_ram/U891	0	0.709961
u_payload_ram/U574	0	0.871227
u_payload_ram/U978	0	0.566281
u_payload_ram/U2670	0	1.40304
u_zp/o_serial_reg	0	0.565864
u_payload_ram/U353	0	1.68954
u_payload_ram/mem_reg[60][6]	0	0.798198
u_payload_ram/mem_reg[60][5]	0	0.825826
u_payload_ram/U3709	0	0.631022
u_zp/o_invalid_bit_reg	0	0.967654
u_payload_ram/PLACE_HFSINV_327_258	0	0.555556
u_sm_ram_I/mem_reg[14][3]	0	2.21845
u_payload_ram/U3034	0	1.34465
u_payload_ram/mem_reg[62][4]	0	0.898495
u_payload_ram/PLACE_HFSBUF_1501_204	0	0.555556
u_payload_ram/PLACE_HFSBUF_1555_205	0	0.481481
u_payload_ram/U346	0	0.889317
u_payload_ram/mem_reg[48][7]	0	1.19207
u_payload_ram/mem_reg[66][2]	0	0.814961
u_payload_ram/U4064	0	1.26241
u_payload_ram/U3619	0	2.0399
u_sm_ram_I/mem_reg[31][0]	0	1.41914
u_payload_ram/U3772	0	1.13842
u_payload_ram/U344	0	0.898187
u_payload_ram/U999	0	0.753098
u_payload_ram/U816	0	2.06654
u_payload_ram/mem_reg[51][1]	0	0.737288
u_payload_ram/U829	0	1.15949
u_payload_ram/U819	0	2.50073
u_payload_ram/U892	0	1.72479
u_payload_ram/U996	0	0.955644
u_payload_ram/U824	0	1.50014
u_payload_ram/U929	0	1.73085
u_sm_ram_I/mem_reg[15][2]	0	2.80912
u_payload_ram/PLACE_HFSINV_361_118	0	0.555556
u_payload_ram/U3692	0	2.2956
u_payload_ram/U995	0	2.02645
u_payload_ram/U2460	0	0.720413
u_payload_ram/U880	0	1.16986
u_payload_ram/U3774	0	1.09875
u_payload_ram/U1400	0	0.896289
u_payload_ram/U4065	0	2.04481
u_payload_ram/PLACE_HFSBUF_179_1360	0	0.45679
u_payload_ram/mem_reg[96][4]	0	1.01698
u_payload_ram/mem_reg[46][3]	0	0.758329
u_zp/U112	0	2.45855
u_payload_ram/PLACE_HFSINV_815_155	0	0.555556
u_payload_ram/mem_reg[43][0]	0	1.04034
u_payload_ram/U529	0	1.9966
u_payload_ram/U4113	0	2.13934
u_payload_ram/mem_reg[52][6]	0	1.27894
u_payload_ram/U4093	0	0.951061
u_payload_ram/U791	0	1.31641
u_payload_ram/U341	0	1.1578
u_payload_ram/mem_reg[96][7]	0	0.716794
u_payload_ram/U918	0	1.57284
u_payload_ram/mem_reg[7][7]	0	0.692006
u_payload_ram/mem_reg[62][6]	0	0.793634
u_payload_ram/PLACE_HFSINV_468_183	0	0.555556
u_payload_ram/mem_reg[53][2]	0	1.15765
u_payload_ram/mem_reg[64][3]	0	0.669591
u_payload_ram/U848	0	1.00524
u_zp/U221	0	1.17591
u_payload_ram/U2245	0	0.748661
u_payload_ram/U2175	0	0.577751
u_payload_ram/U2459	0	1.6828
u_payload_ram/mem_reg[38][3]	0	1.02419
u_payload_ram/U2011	0	1.11274
u_payload_ram/mem_reg[44][7]	0	1.78327
u_payload_ram/U1427	0	0.764491
u_payload_ram/mem_reg[46][1]	0	0.658754
u_payload_ram/U823	0	0.982944
u_payload_ram/U4072	0	0.992218
u_payload_ram/mem_reg[59][1]	0	0.675243
u_payload_ram/mem_reg[7][1]	0	1.83875
u_zp/U220	0	2.18539
u_zp/U94	0	0.934529
u_payload_ram/mem_reg[6][7]	0	2.67736
u_payload_ram/U4180	0	2.18331
u_payload_ram/mem_reg[46][4]	0	2.19003
u_payload_ram/mem_reg[63][0]	0	1.2876
u_payload_ram/U838	0	0.751617
u_payload_ram/U837	0	1.69725
u_payload_ram/U1289	0	1.14991
u_payload_ram/mem_reg[119][2]	0	1.36098
u_payload_ram/PLACE_HFSINV_517_274	0	0.555556
u_payload_ram/U1622	0	0.846759
u_payload_ram/mem_reg[66][0]	0	2.25159
u_payload_ram/U1390	0	1.81693
u_payload_ram/mem_reg[60][1]	0	1.34863
u_payload_ram/mem_reg[44][0]	0	0.963164
u_payload_ram/U2120	0	1.03796
u_payload_ram/U881	0	1.45488
u_payload_ram/PLACE_HFSBUF_2256_618	0	0.555556
u_payload_ram/mem_reg[118][5]	0	0.62613
u_payload_ram/mem_reg[65][1]	0	1.04248
u_payload_ram/U4112	0	1.51314
u_payload_ram/mem_reg[42][4]	0	2.36763
u_payload_ram/mem_reg[7][4]	0	0.977735
u_payload_ram/mem_reg[38][4]	0	0.669637
u_payload_ram/mem_reg[58][7]	0	1.46875
u_payload_ram/mem_reg[63][7]	0	3.09615
u_zp/U114	0	1.01363
u_zp/U110	0	1.08792
u_payload_ram/U3776	0	1.94382
u_payload_ram/U887	0	2.06956
u_payload_ram/U85	0	2.13303
u_payload_ram/U1028	0	0.818002
u_payload_ram/PLACE_HFSINV_694_147	0	1.55556
u_payload_ram/PLACE_HFSBUF_647_11	0	0.555556
u_payload_ram/mem_reg[59][4]	0	2.07367
u_zp/counter_reg[1]	0	1.10491
u_payload_ram/U817	0	0.872384
u_payload_ram/U4103	0	0.797855
u_payload_ram/mem_reg[96][5]	0	0.860174
u_payload_ram/U885	0	1.68026
u_payload_ram/mem_reg[62][3]	0	1.7191
u_payload_ram/PLACE_HFSINV_357_353	0	0.555556
u_payload_ram/mem_reg[60][4]	0	2.83762
u_payload_ram/U955	0	1.90267
u_payload_ram/mem_reg[39][7]	0	0.879294
u_payload_ram/U820	0	1.1458
u_payload_ram/mem_reg[66][5]	0	0.604637
u_payload_ram/mem_reg[59][0]	0	0.70934
u_payload_ram/PLACE_HFSINV_347_246	0	0.555556
u_payload_ram/PLACE_HFSINV_423_137	0	0.555556
u_payload_ram/mem_reg[39][4]	0	2.31712
u_payload_ram/U914	0	0.598013
u_payload_ram/U2246	0	0.607951
u_payload_ram/U4096	0	1.30626
u_zp/U93	0	1.87191
u_payload_ram/U888	0	0.820046
u_payload_ram/U831	0	1.02357
u_payload_ram/U4086	0	0.516427
u_payload_ram/U835	0	0.812041
u_payload_ram/U787	0	2.47318
u_payload_ram/U4037	0	1.24246
u_payload_ram/mem_reg[118][2]	0	0.869228
u_payload_ram/U916	0	2.55299
u_payload_ram/mem_reg[40][7]	0	1.22957
u_payload_ram/PLACE_HFSINV_609_151	0	0.555556
u_zp/U228	0	0.980177
u_payload_ram/U2121	0	0.696721
u_zp/state_reg[1]	0	2.52581
u_zp/U206	0	0.750216
u_payload_ram/PLACE_HFSINV_471_282	0	1.55556
u_payload_ram/mem_reg[61][7]	0	1.49945
u_payload_ram/U4108	0	1.21662
u_payload_ram/U803	0	1.32373
u_payload_ram/U874	0	0.996809
u_payload_ram/PLACE_HFSBUF_593_608	0	0.555556
u_payload_ram/PLACE_HFSBUF_630_605	0	1.55556
u_payload_ram/PLACE_HFSBUF_1243_609	0	0.555556
u_payload_ram/PLACE_HFSBUF_153_960	0	1.55556
u_payload_ram/PLACE_HFSINV_496_264	0	1.55556
u_zp/U120	0	1.22004
u_payload_ram/U833	0	1.36471
u_payload_ram/U4143	0	1.3185
u_zp/U212	0	0.669344
u_payload_ram/U2241	0	2.56416
u_zp/U115	0	0.608275
u_payload_ram/U850	0	2.15142
u_payload_ram/U912	0	0.758098
u_payload_ram/U873	0	1.82778
u_payload_ram/U342	0	1.2774
u_payload_ram/U4079	0	1.46568
u_payload_ram/U931	0	1.92747
u_payload_ram/mem_reg[51][7]	0	1.11754
u_payload_ram/U4229	0	0.784545
u_payload_ram/mem_reg[48][5]	0	0.655899
u_payload_ram/mem_reg[44][2]	0	0.674653
u_payload_ram/mem_reg[65][0]	0	0.824927
u_payload_ram/U2122	0	0.904047
u_payload_ram/mem_reg[58][5]	0	0.696231
u_payload_ram/PLACE_HFSBUF_1520_4	0	0.555556
u_payload_ram/PLACE_HFSBUF_728_12	0	1.50617
u_payload_ram/mem_reg[96][6]	0	2.33558
u_payload_ram/U3717	0	1.40307
u_payload_ram/mem_reg[48][3]	0	2.4927
u_payload_ram/mem_reg[43][3]	0	1.38877
u_payload_ram/U889	0	2.57443
u_payload_ram/U932	0	0.802211
u_payload_ram/PLACE_HFSBUF_563_633	0	0.555556
u_payload_ram/PLACE_HFSBUF_450_632	0	1.55556
u_payload_ram/U2500	0	0.880301
u_payload_ram/U849	0	1.33118
u_payload_ram/U890	0	0.726424
u_payload_ram/U894	0	2.06404
u_payload_ram/mem_reg[39][3]	0	1.89532
u_zp/U92	0	0.933619
u_payload_ram/mem_reg[66][1]	0	0.871667
u_payload_ram/U847	0	1.96099
u_payload_ram/mem_reg[53][3]	0	2.52807
u_zp/U229	0	1.4332
u_payload_ram/mem_reg[58][0]	0	2.57122
u_payload_ram/mem_reg[52][4]	0	1.11319
u_payload_ram/mem_reg[46][2]	0	2.0316
u_payload_ram/U773	0	2.17462
u_payload_ram/mem_reg[56][5]	0	1.48754
u_payload_ram/mem_reg[119][3]	0	2.03715
u_payload_ram/U3543	0	0.558198
u_payload_ram/U3565	0	1.46044
u_payload_ram/U952	0	2.24517
u_payload_ram/PLACE_HFSINV_341_238	0	1.55556
u_payload_ram/PLACE_HFSBUF_104_418	0	0.555556
u_payload_ram/PLACE_HFSBUF_153_420	0	2.45679
u_payload_ram/mem_reg[48][1]	0	1.50086
u_payload_ram/mem_reg[58][4]	0	0.942006
u_payload_ram/mem_reg[56][0]	0	0.793376
u_payload_ram/U3552	0	1.32082
u_payload_ram/mem_reg[51][2]	0	0.835575
u_payload_ram/mem_reg[53][7]	0	2.4949
u_payload_ram/mem_reg[56][3]	0	0.746007
u_payload_ram/U472	0	0.793268
u_zp/U195	0	0.793098
u_payload_ram/mem_reg[58][2]	0	1.77322
u_payload_ram/PLACE_HFSINV_595_104	0	0.469136
u_payload_ram/PLACE_HFSBUF_214_419	0	0.555556
u_zp/U217	0	1.8411
u_payload_ram/U3884	0	0.759884
u_zp/U218	0	0.609155
u_payload_ram/PLACE_HFSINV_894_357	0	1.55556
u_zp/U188	0	1.13116
u_payload_ram/U4031	0	2.23268
u_payload_ram/mem_reg[46][7]	0	1.14671
u_payload_ram/U775	0	2.27662
u_zp/U119	0	0.772755
u_payload_ram/mem_reg[51][3]	0	2.63415
u_payload_ram/mem_reg[66][7]	0	0.913538
u_payload_ram/U1257	0	1.21172
u_payload_ram/U3603	0	1.1888
u_payload_ram/mem_reg[63][3]	0	0.621759
u_payload_ram/mem_reg[56][2]	0	1.93299
u_zp/U211	0	1.23394
u_payload_ram/PLACE_HFSBUF_1714_28	0	1.55556
u_payload_ram/mem_reg[50][2]	0	2.086
u_payload_ram/U930	0	0.899981
u_payload_ram/mem_reg[56][4]	0	2.70125
u_payload_ram/U805	0	0.573245
u_payload_ram/mem_reg[66][3]	0	1.92833
u_payload_ram/mem_reg[60][3]	0	1.20564
u_payload_ram/mem_reg[50][5]	0	1.44684
u_payload_ram/U2148	0	1.9969
u_payload_ram/mem_reg[119][0]	0	0.964522
u_payload_ram/U798	0	2.31818
u_payload_ram/mem_reg[62][5]	0	1.24171
u_payload_ram/U827	0	2.56298
u_payload_ram/U822	0	1.84166
u_zp/U197	0	2.44791
u_zp/U194	0	0.626628
u_payload_ram/U815	0	0.857037
u_payload_ram/U1251	0	1.77868
u_payload_ram/U2244	0	2.0575
u_payload_ram/mem_reg[6][1]	0	2.52271
u_payload_ram/U951	0	0.551312
u_payload_ram/U883	0	0.668893
u_payload_ram/PLACE_HFSINV_338_106	0	2.55556
u_payload_ram/U3559	0	0.671601
u_payload_ram/mem_reg[61][5]	0	0.724803
u_zp/U224	0	1.94565
u_payload_ram/U4034	0	2.72816
u_payload_ram/U2147	0	0.893245
u_payload_ram/U3599	0	1.00853
u_payload_ram/U812	0	1.58098
u_payload_ram/U987	0	0.524927
u_zp/U242	0	1.17418
u_payload_ram/U525	0	0.92527
u_payload_ram/U350	0	1.38171
u_payload_ram/U802	0	1.31117
u_payload_ram/mem_reg[42][5]	0	1.20238
u_payload_ram/U814	0	0.62363
u_payload_ram/mem_reg[50][7]	0	2.33492
u_payload_ram/U1254	0	2.26019
u_payload_ram/U1976	0	2.55567
u_payload_ram/U4179	0	1.17621
u_payload_ram/mem_reg[49][5]	0	1.4597
u_payload_ram/U3156	0	1.04253
u_payload_ram/U3583	0	0.970046
u_payload_ram/U944	0	0.991605
u_payload_ram/U1253	0	1.86822
u_payload_ram/mem_reg[41][2]	0	0.951682
u_payload_ram/U3571	0	0.847149
u_payload_ram/U349	0	1.05662
u_payload_ram/U796	0	1.35382
u_zp/U121	0	1.19242
u_payload_ram/U946	0	1.16581
u_payload_ram/mem_reg[49][7]	0	1.58529
u_payload_ram/U836	0	1.26396
u_payload_ram/U884	0	0.5838
u_zp/U243	0	0.794645
u_payload_ram/mem_reg[105][5]	0	2.47233
u_payload_ram/U886	0	1.52819
u_payload_ram/PLACE_HFSINV_538_278	0	0.555556
u_payload_ram/mem_reg[67][6]	0	1.71469
u_payload_ram/U1266	0	1.04555
u_payload_ram/U4130	0	2.19253
u_zp/U223	0	0.618816
u_payload_ram/U1970	0	1.6635
u_zp/U244	0	0.596439
u_payload_ram/mem_reg[44][3]	0	2.09265
u_payload_ram/U1255	0	1.94624
u_payload_ram/U2393	0	0.706998
u_payload_ram/U2087	0	2.13546
u_payload_ram/U935	0	0.927176
u_payload_ram/mem_reg[65][7]	0	0.931555
u_zp/U245	0	0.633534
u_payload_ram/mem_reg[53][6]	0	1.17776
u_zp/U213	0	1.53897
u_payload_ram/U4226	0	0.809383
u_payload_ram/U933	0	0.701254
u_zp/U117	0	0.579236
u_payload_ram/mem_reg[118][3]	0	1.92399
u_payload_ram/mem_reg[60][7]	0	1.57973
u_payload_ram/U928	0	0.827419
u_payload_ram/U3617	0	2.02182
u_zp/U190	0	1.49479
u_payload_ram/mem_reg[96][1]	0	1.02247
u_payload_ram/PLACE_HFSINV_611_167	0	0.555556
u_payload_ram/mem_reg[46][0]	0	0.82211
u_payload_ram/mem_reg[65][5]	0	2.63362
u_payload_ram/U3515	0	0.609371
u_payload_ram/U4132	0	1.83937
u_payload_ram/mem_reg[43][4]	0	1.18925
u_payload_ram/U832	0	0.868615
u_payload_ram/U1817	0	2.53475
u_payload_ram/U2205	0	0.988843
u_payload_ram/U1256	0	2.03135
u_payload_ram/U800	0	0.83093
u_payload_ram/U878	0	0.860019
u_payload_ram/mem_reg[67][5]	0	0.68843
u_payload_ram/U876	0	0.629703
u_payload_ram/U2243	0	1.40279
u_zp/U123	0	0.669039
u_payload_ram/U518	0	1.99796
u_payload_ram/U348	0	1.1203
u_payload_ram/U804	0	1.01011
u_payload_ram/mem_reg[63][5]	0	0.960505
u_payload_ram/U1682	0	1.31965
u_payload_ram/mem_reg[52][5]	0	1.05759
u_zp/U124	0	0.578414
u_payload_ram/U811	0	0.609518
u_payload_ram/mem_reg[7][3]	0	1.03459
u_payload_ram/mem_reg[58][1]	0	0.643353
u_payload_ram/mem_reg[53][5]	0	1.47827
u_payload_ram/mem_reg[60][0]	0	0.957407
u_payload_ram/mem_reg[62][1]	0	1.39065
u_payload_ram/U902	0	0.639078
u_zp/U196	0	0.70674
u_payload_ram/U467	0	2.37531
u_payload_ram/U900	0	1.38533
u_payload_ram/mem_reg[52][7]	0	3.16627
u_payload_ram/U813	0	0.860926
u_payload_ram/mem_reg[62][7]	0	2.25193
u_payload_ram/mem_reg[56][7]	0	1.09686
u_payload_ram/mem_reg[66][4]	0	1.02122
u_payload_ram/U527	0	1.06657
u_payload_ram/U339	0	0.652894
u_payload_ram/U3536	0	1.30246
u_payload_ram/U347	0	1.28382
u_payload_ram/U897	0	2.36747
u_zp/U179	0	0.674159
u_payload_ram/U340	0	1.41067
u_payload_ram/mem_reg[46][5]	0	0.874375
u_zp/U230	0	0.55978
u_payload_ram/U4232	0	0.941346
u_zp/U246	0	0.601686
u_zp/U207	0	1.49182
u_zp/PLACE_HFSINV_280_430	0	2.53086
u_payload_ram/U806	0	0.807963
u_payload_ram/U934	0	0.747693
u_payload_ram/mem_reg[7][5]	0	1.09524
u_zp/U214	0	0.967801
u_payload_ram/mem_reg[63][4]	0	2.48663
u_payload_ram/U4163	0	0.597126
u_payload_ram/U779	0	0.994309
u_payload_ram/mem_reg[6][4]	0	1.79747
u_payload_ram/U2436	0	1.53869
u_zp/U219	0	1.52002
u_payload_ram/U964	0	1.19323
u_zp/U200	0	1.12519
u_payload_ram/U793	0	0.752492
u_payload_ram/U810	0	1.30644
u_zp/U247	0	1.65326
u_zp/U193	0	1.86762
u_payload_ram/mem_reg[67][7]	0	1.76389
u_payload_ram/mem_reg[118][1]	0	0.804869
u_payload_ram/mem_reg[63][2]	0	1.23074
u_payload_ram/PLACE_HFSINV_134_304	0	0.506173
u_payload_ram/U908	0	2.4713
u_payload_ram/PLACE_HFSBUF_586_330	0	1.55556
u_payload_ram/mem_reg[50][1]	0	0.744556
u_payload_ram/U2654	0	1.25032
u_payload_ram/U948	0	0.843098
u_payload_ram/mem_reg[118][0]	0	2.83077
u_payload_ram/mem_reg[119][1]	0	0.717982
u_zp/U199	0	0.83843
u_payload_ram/U3643	0	1.23436
u_zp/latched_no_of_zeros_reg[1]	0	1.15242
u_payload_ram/PLACE_HFSBUF_51_600	0	1.55556
u_payload_ram/mem_reg[67][4]	0	0.752477
u_payload_ram/mem_reg[61][3]	0	1.12509
u_payload_ram/mem_reg[7][6]	0	1.09146
u_payload_ram/mem_reg[96][3]	0	1.41324
u_payload_ram/U3799	0	1.28883
u_payload_ram/U2355	0	1.45372
u_payload_ram/U947	0	0.712994
u_payload_ram/U3686	0	2.03731
u_payload_ram/U910	0	0.743264
u_payload_ram/mem_reg[61][6]	0	0.905355
u_payload_ram/U970	0	1.92539
u_payload_ram/mem_reg[6][2]	0	2.27887
u_payload_ram/mem_reg[106][3]	0	0.928121
u_payload_ram/mem_reg[46][6]	0	2.10594
u_payload_ram/mem_reg[44][1]	0	1.36367
u_payload_ram/U3615	0	2.16434
u_payload_ram/mem_reg[45][0]	0	1.0157
u_payload_ram/U3687	0	0.961177
u_payload_ram/PLACE_HFSINV_190_1261	0	1.55556
u_payload_ram/U4162	0	1.99912
u_zp/U232	0	2.08249
u_payload_ram/mem_reg[61][4]	0	1.81901
u_payload_ram/U959	0	1.10805
u_payload_ram/PLACE_HFSINV_638_270	0	1.54321
u_payload_ram/U877	0	0.999336
u_zp/U187	0	0.83657
u_payload_ram/mem_reg[105][2]	0	0.788225
u_payload_ram/U4087	0	2.02065
u_zp/U111	0	0.970027
u_payload_ram/PLACE_HFSINV_439_165	0	0.555556
u_payload_ram/U776	0	0.626489
u_payload_ram/U1816	0	1.12814
u_payload_ram/mem_reg[49][3]	0	2.025
u_payload_ram/U1818	0	1.29158
u_payload_ram/U901	0	0.57054
u_payload_ram/mem_reg[106][0]	0	2.22024
u_payload_ram/mem_reg[107][1]	0	0.743642
u_payload_ram/U4128	0	1.54949
u_payload_ram/U807	0	1.05228
u_payload_ram/U4219	0	2.09257
u_zp/U122	0	1.4277
u_payload_ram/U896	0	1.99028
u_payload_ram/U3645	0	1.82221
u_payload_ram/U945	0	2.09451
u_payload_ram/mem_reg[47][0]	0	1.28893
u_payload_ram/U778	0	0.931242
u_payload_ram/mem_reg[49][2]	0	1.86092
u_payload_ram/mem_reg[106][1]	0	1.03106
u_payload_ram/U2381	0	0.934302
u_payload_ram/U3157	0	1.19061
u_payload_ram/U3644	0	0.603792
u_payload_ram/mem_reg[44][4]	0	2.62618
u_payload_ram/PLACE_HFSBUF_507_334	0	1.55556
u_payload_ram/PLACE_HFSBUF_657_332	0	0.518519
u_payload_ram/PLACE_HFSBUF_618_331	0	1.51852
u_payload_ram/PLACE_HFSBUF_711_333	0	1.49383
u_payload_ram/U2472	0	1.1315
u_zp/U116	0	0.959228
u_payload_ram/mem_reg[105][7]	0	2.12603
u_payload_ram/mem_reg[104][7]	0	0.573947
u_payload_ram/U764	0	1.98755
u_payload_ram/mem_reg[62][2]	0	0.887998
u_zp/U231	0	2.02863
u_zp/U210	0	1.92409
u_payload_ram/mem_reg[67][0]	0	2.18921
u_payload_ram/U1678	0	2.59756
u_payload_ram/U1260	0	0.732122
u_payload_ram/mem_reg[62][0]	0	1.89215
u_payload_ram/U1408	0	0.819595
u_payload_ram/U875	0	0.84461
u_zp/U233	0	1.30648
u_payload_ram/mem_reg[107][0]	0	2.41145
u_payload_ram/mem_reg[47][1]	0	1.87721
u_payload_ram/PLACE_HFSINV_393_252	0	0.555556
u_payload_ram/mem_reg[65][6]	0	0.699151
u_payload_ram/mem_reg[65][3]	0	2.6105
u_payload_ram/U2451	0	1.33502
u_zp/U192	0	0.737515
u_payload_ram/U4052	0	1.52434
u_payload_ram/U882	0	2.581
u_zp/U72	0	0.618931
u_payload_ram/mem_reg[61][0]	0	0.822419
u_zp/U87	0	1.57036
u_payload_ram/U795	0	1.27262
u_payload_ram/U2006	0	1.11126
u_payload_ram/U3631	0	0.854988
u_payload_ram/U3688	0	1.01691
u_payload_ram/mem_reg[65][2]	0	1.45615
u_payload_ram/U2512	0	0.94363
u_payload_ram/U3684	0	2.3894
u_payload_ram/U895	0	0.99838
u_payload_ram/U898	0	1.0447
u_payload_ram/U3582	0	0.591196
u_payload_ram/U762	0	1.27576
u_payload_ram/U1815	0	0.773731
u_payload_ram/U2607	0	0.592758
u_payload_ram/mem_reg[52][3]	0	2.38588
u_payload_ram/U1832	0	1.87263
u_payload_ram/U1263	0	1.16296
u_payload_ram/U899	0	1.53966
u_payload_ram/U808	0	0.736624
u_payload_ram/U3574	0	0.969695
u_payload_ram/U968	0	1.31191
u_zp/U178	0	0.579653
u_payload_ram/U792	0	0.596188
u_payload_ram/U903	0	0.694564
u_payload_ram/mem_reg[63][6]	0	1.21767
u_payload_ram/U1262	0	1.54451
u_payload_ram/PLACE_HFSBUF_165_601	0	1.55556
u_payload_ram/PLACE_HFSBUF_91_604	0	1.55556
u_payload_ram/U966	0	0.55419
u_payload_ram/mem_reg[50][3]	0	0.74679
u_payload_ram/mem_reg[52][0]	0	1.50603
u_payload_ram/mem_reg[73][3]	0	1.16345
u_payload_ram/U938	0	0.827604
u_payload_ram/U871	0	1.17587
u_payload_ram/PLACE_HFSBUF_2054_409	0	1.55556
u_payload_ram/U2373	0	0.766373
u_payload_ram/U427	0	1.31296
u_payload_ram/U1265	0	0.612701
u_payload_ram/mem_reg[50][0]	0	2.85949
u_payload_ram/U763	0	1.18835
u_zp/latched_no_of_zeros_reg[2]	0	1.75044
u_payload_ram/U3683	0	0.637531
u_payload_ram/mem_reg[53][4]	0	0.557357
u_payload_ram/mem_reg[47][7]	0	0.669302
u_payload_ram/mem_reg[50][6]	0	1.32569
u_payload_ram/U3689	0	1.35958
u_payload_ram/mem_reg[6][3]	0	0.673457
u_payload_ram/PLACE_HFSBUF_1435_206	0	0.555556
u_zp/U71	0	0.546431
u_payload_ram/mem_reg[45][2]	0	1.46331
u_payload_ram/mem_reg[109][7]	0	1.91882
u_payload_ram/mem_reg[63][1]	0	1.20078
u_zp/U198	0	0.631524
u_payload_ram/mem_reg[49][0]	0	1.26412
u_payload_ram/U3668	0	2.2629
u_zp/U118	0	1.2309
u_payload_ram/U765	0	1.07855
u_payload_ram/mem_reg[65][4]	0	0.804688
u_payload_ram/U809	0	0.767299
u_payload_ram/U972	0	1.07305
u_payload_ram/mem_reg[61][2]	0	1.67659
u_payload_ram/U2349	0	0.925147
u_payload_ram/U797	0	2.06054
u_payload_ram/U445	0	1.10329
u_payload_ram/U1264	0	1.18419
u_payload_ram/U936	0	1.50012
u_payload_ram/mem_reg[41][0]	0	1.7095
u_payload_ram/U1421	0	1.63803
u_payload_ram/U1252	0	0.736705
u_payload_ram/U447	0	1.94238
u_payload_ram/mem_reg[6][0]	0	2.25603
u_payload_ram/U3585	0	1.06456
u_payload_ram/U108	0	2.45514
u_payload_ram/U2206	0	0.874857
u_payload_ram/U436	0	1.18998
u_payload_ram/mem_reg[50][4]	0	2.92705
u_payload_ram/PLACE_HFSINV_5_1293	0	1.50617
u_payload_ram/mem_reg[6][6]	0	1.86387
u_payload_ram/U2108	0	0.687153
u_zp/U88	0	0.641204
u_payload_ram/U2227	0	1.66119
u_zp/U70	0	0.793264
u_payload_ram/mem_reg[45][4]	0	0.817832
u_payload_ram/U729	0	2.49111
u_payload_ram/U2685	0	0.866775
u_payload_ram/U906	0	0.643279
u_payload_ram/U2400	0	0.737797
u_payload_ram/U1250	0	0.917782
u_payload_ram/U3275	0	1.03425
u_payload_ram/U2234	0	0.689622
u_zp/add_101/U1	0	1.31395
u_payload_ram/mem_reg[104][1]	0	2.17834
u_payload_ram/U3099	0	0.881597
u_payload_ram/mem_reg[6][5]	0	0.922153
u_payload_ram/U437	0	0.79287
u_payload_ram/U799	0	0.82696
u_zp/U91	0	1.82055
u_payload_ram/U801	0	1.86995
u_payload_ram/U2204	0	0.786593
u_payload_ram/U3607	0	1.11059
u_payload_ram/U3584	0	1.16042
u_payload_ram/U905	0	0.974198
u_payload_ram/U2453	0	0.726003
u_payload_ram/U958	0	1.1215
u_payload_ram/PLACE_HFSBUF_933_22	0	1.55556
u_payload_ram/PLACE_HFSINV_287_177	0	1.55556
u_payload_ram/PLACE_HFSINV_367_121	0	0.555556
u_payload_ram/mem_reg[97][0]	0	1.30253
u_payload_ram/mem_reg[97][7]	0	1.08308
u_payload_ram/U758	0	0.699869
u_payload_ram/U454	0	1.11686
u_zp/o_ram_address_reg[0]	0	0.740073
u_payload_ram/U4069	0	1.48385
u_payload_ram/mem_reg[61][1]	0	0.612936
u_payload_ram/PLACE_HFSBUF_115_1288	0	1.55556
u_payload_ram/U3529	0	1.45316
u_payload_ram/mem_reg[53][0]	0	1.34463
u_payload_ram/U4061	0	0.859649
u_payload_ram/U3646	0	1.23941
u_payload_ram/mem_reg[106][7]	0	0.608005
u_payload_ram/mem_reg[109][0]	0	0.925575
u_payload_ram/PLACE_HFSINV_489_248	0	0.555556
u_payload_ram/U2630	0	1.20162
u_zp/U208	0	1.44532
u_zp/U127	0	1.31312
u_payload_ram/U3641	0	1.10593
u_zp/U98	0	1.1514
u_payload_ram/mem_reg[67][2]	0	2.19901
u_payload_ram/U4046	0	1.14885
u_payload_ram/mem_reg[47][2]	0	0.567847
u_payload_ram/U2384	0	1.016
u_zp/U209	0	0.56066
u_payload_ram/mem_reg[49][1]	0	1.10601
u_payload_ram/U1681	0	0.907612
u_payload_ram/U1854	0	2.61054
u_payload_ram/mem_reg[105][1]	0	0.674074
u_payload_ram/U2686	0	2.00418
u_payload_ram/PLACE_HFSBUF_1753_320	0	0.555556
u_payload_ram/PLACE_HFSBUF_1702_321	0	0.407407
u_payload_ram/U1522	0	2.09586
u_payload_ram/U3647	0	1.88549
u_payload_ram/mem_reg[7][2]	0	0.975903
u_payload_ram/U1684	0	0.995243
u_payload_ram/PLACE_HFSBUF_1528_615	0	1.55556
PLACE_HFSINV_301_380	0	1.55556
u_payload_ram/PLACE_HFSBUF_1488_610	0	1.55556
u_zp/U51	0	1.36604
u_payload_ram/mem_reg[107][7]	0	0.581948
u_payload_ram/U872	0	0.877338
u_payload_ram/U444	0	0.64865
u_payload_ram/U2203	0	0.98336
u_payload_ram/U733	0	0.848758
u_payload_ram/U909	0	2.26812
u_zp/U63	0	1.99561
u_payload_ram/mem_reg[111][0]	0	1.04536
u_payload_ram/mem_reg[7][0]	0	1.89164
u_zp/U90	0	1.23864
u_zp/PLACE_HFSINV_934_310	0	1.55556
u_payload_ram/U132	0	1.43568
u_payload_ram/U2408	0	2.36872
u_payload_ram/mem_reg[110][0]	0	2.49631
u_payload_ram/U2369	0	0.725972
u_payload_ram/mem_reg[69][6]	0	2.70247
u_payload_ram/U452	0	0.690332
u_payload_ram/U1023	0	1.24701
u_payload_ram/PLACE_HFSBUF_1757_29	0	1.55556
u_payload_ram/PLACE_HFSBUF_986_21	0	2.39506
u_payload_ram/U2202	0	1.09708
u_payload_ram/U3633	0	0.965899
u_payload_ram/U3316	0	1.14384
u_payload_ram/mem_reg[98][0]	0	1.2411
u_payload_ram/PLACE_HFSINV_443_145	0	0.555556
u_payload_ram/U451	0	1.15822
u_payload_ram/U3563	0	1.46331
u_payload_ram/U3513	0	0.929306
u_payload_ram/U2357	0	0.914336
u_payload_ram/U1680	0	0.619267
u_zp/PLACE_HFSINV_438_82	0	0.555556
u_payload_ram/U4100	0	0.626111
u_payload_ram/U3558	0	1.75024
u_payload_ram/mem_reg[97][4]	0	1.11217
u_payload_ram/U243	0	0.972677
u_payload_ram/U3601	0	1.65024
u_payload_ram/U2194	0	1.34693
u_payload_ram/mem_reg[74][1]	0	0.878673
u_payload_ram/U1672	0	1.4509
u_zp/add_101/U1_1_1	0	2.5738
u_payload_ram/U2146	0	2.03885
u_payload_ram/PLACE_HFSBUF_224_1267	0	1.55556
u_payload_ram/mem_reg[53][1]	0	0.901231
u_payload_ram/mem_reg[105][0]	0	1.14746
u_payload_ram/U907	0	1.99676
u_payload_ram/mem_reg[49][6]	0	0.745868
u_payload_ram/U461	0	1.16726
u_payload_ram/mem_reg[110][7]	0	0.938441
u_zp/U100	0	0.801794
u_payload_ram/mem_reg[45][7]	0	1.55497
u_payload_ram/mem_reg[101][0]	0	1.53944
u_payload_ram/U3580	0	0.651096
u_zp/latched_payload_length_reg[0]	0	1.39507
u_payload_ram/U420	0	0.715266
u_payload_ram/mem_reg[107][3]	0	0.935093
u_zp/latched_payload_length_reg[2]	0	1.29195
u_payload_ram/PLACE_HFSBUF_333_15	0	1.55556
u_payload_ram/PLACE_HFSBUF_283_16	0	1.53086
u_payload_ram/PLACE_HFSBUF_1631_624	0	0.555556
u_payload_ram/mem_reg[98][7]	0	1.37867
u_payload_ram/U3640	0	1.42198
u_payload_ram/mem_reg[100][0]	0	1.13861
u_payload_ram/PLACE_HFSINV_741_254	0	1.55556
u_zp/PLACE_HFSBUF_169_311	0	0.555556
u_payload_ram/U3721	0	1.26147
u_payload_ram/mem_reg[47][4]	0	1.09954
u_payload_ram/U2135	0	1.19032
u_payload_ram/mem_reg[37][3]	0	1.83782
u_payload_ram/U446	0	0.709614
u_zp/latched_payload_length_reg[1]	0	0.751501
u_payload_ram/U257	0	1.28813
u_payload_ram/U4055	0	2.10696
u_payload_ram/U943	0	0.813202
u_payload_ram/U1671	0	2.81079
u_payload_ram/U927	0	0.985486
u_payload_ram/mem_reg[44][6]	0	0.673002
u_payload_ram/PLACE_HFSINV_621_114	0	1.55556
u_payload_ram/PLACE_HFSINV_488_292	0	0.555556
u_payload_ram/U940	0	2.20042
u_payload_ram/U759	0	0.81086
u_payload_ram/U3307	0	2.08862
u_payload_ram/U4047	0	1.28181
u_zp/U69	0	1.29111
u_payload_ram/U4056	0	0.997477
u_payload_ram/PLACE_HFSINV_379_185	0	1.54321
u_payload_ram/PLACE_HFSINV_327_250	0	0.555556
u_payload_ram/U2473	0	0.688048
u_payload_ram/U2474	0	1.20509
u_payload_ram/U904	0	0.604931
u_payload_ram/mem_reg[49][4]	0	1.00684
u_payload_ram/U1670	0	0.902689
u_payload_ram/PLACE_HFSINV_660_159	0	1.51852
u_payload_ram/PLACE_HFSINV_27_961	0	0.555556
u_zp/o_ram_address_reg[1]	0	0.674927
u_payload_ram/U717	0	1.04343
u_payload_ram/U2524	0	0.716427
u_payload_ram/U2497	0	1.14317
u_payload_ram/mem_reg[73][5]	0	0.810741
u_payload_ram/U4051	0	1.57478
u_payload_ram/U4120	0	0.610733
u_payload_ram/U424	0	0.99314
u_payload_ram/PLACE_HFSINV_742_163	0	1.55556
u_payload_ram/U711	0	2.00414
u_payload_ram/mem_reg[67][1]	0	2.45941
u_payload_ram/U3730	0	0.775459
u_payload_ram/U443	0	1.61954
u_payload_ram/U449	0	0.66174
u_payload_ram/mem_reg[104][2]	0	0.762323
u_payload_ram/PLACE_HFSINV_354_125	0	0.555556
u_zp/U153	0	0.661617
u_payload_ram/U1951	0	2.11967
u_payload_ram/U748	0	0.944514
u_payload_ram/U4091	0	1.6955
u_payload_ram/U4125	0	1.25108
u_zp/U11	0	0.830363
u_payload_ram/U462	0	1.21334
u_payload_ram/U4071	0	1.20769
u_payload_ram/PLACE_HFSINV_900_169	0	0.493827
u_payload_ram/U4182	0	1.09485
u_payload_ram/mem_reg[106][2]	0	2.24714
u_payload_ram/mem_reg[108][0]	0	2.55312
u_payload_ram/U761	0	0.818696
u_payload_ram/PLACE_HFSBUF_301_1339	0	2.55556
u_payload_ram/PLACE_HFSBUF_141_1340	0	2.49383
u_payload_ram/PLACE_HFSBUF_26_959	0	0.555556
u_payload_ram/U4136	0	1.2709
u_payload_ram/PLACE_HFSBUF_1823_621	0	1.55556
u_payload_ram/PLACE_HFSBUF_1556_623	0	1.44444
u_payload_ram/mem_reg[107][2]	0	0.623418
u_payload_ram/mem_reg[99][0]	0	1.38059
u_payload_ram/U453	0	1.80084
u_payload_ram/U456	0	0.734255
u_payload_ram/mem_reg[48][0]	0	1.01572
u_payload_ram/mem_reg[37][1]	0	0.69162
u_payload_ram/U4216	0	1.1616
u_payload_ram/mem_reg[99][7]	0	1.70722
u_payload_ram/U2581	0	1.48012
u_payload_ram/mem_reg[104][0]	0	1.01648
u_payload_ram/U742	0	1.5125
u_payload_ram/U404	0	0.828704
u_payload_ram/PLACE_HFSBUF_207_1328	0	0.555556
u_payload_ram/PLACE_HFSBUF_249_1329	0	1.55556
u_payload_ram/PLACE_HFSINV_331_92	0	1.55556
u_payload_ram/U2454	0	0.71544
u_payload_ram/mem_reg[109][4]	0	0.629302
u_payload_ram/U421	0	1.887
u_payload_ram/U412	0	1.8164
u_payload_ram/U1857	0	0.88338
u_payload_ram/U455	0	1.90238
u_payload_ram/mem_reg[73][0]	0	2.2161
u_zp/U234	0	1.61933
u_payload_ram/U419	0	2.22411
u_payload_ram/U484	0	0.933526
u_payload_ram/mem_reg[99][4]	0	0.964113
u_payload_ram/U1003	0	1.9764
u_payload_ram/PLACE_HFSBUF_1609_611	0	0.493827
u_payload_ram/U703	0	1.03061
u_payload_ram/U192	0	1.34556
u_payload_ram/U1679	0	0.767384
u_payload_ram/U743	0	0.5613
u_payload_ram/mem_reg[73][7]	0	1.39031
u_zp/U235	0	0.773322
u_payload_ram/PLACE_HFSBUF_695_607	0	0.555556
u_payload_ram/PLACE_HFSBUF_1660_612	0	1.55556
u_payload_ram/U2404	0	1.38856
u_payload_ram/U1287	0	0.799896
u_payload_ram/U1521	0	1.97196
u_payload_ram/mem_reg[100][1]	0	0.738434
u_payload_ram/U1288	0	0.629796
u_payload_ram/mem_reg[73][1]	0	1.06142
u_payload_ram/mem_reg[111][2]	0	0.663947
u_payload_ram/U2110	0	1.33558
u_payload_ram/U438	0	1.82741
u_payload_ram/U69	0	2.31385
u_payload_ram/PLACE_HFSINV_699_62	0	1.55556
u_payload_ram/U749	0	1.5649
u_payload_ram/U925	0	0.708939
u_payload_ram/mem_reg[69][2]	0	0.571026
u_payload_ram/U4126	0	0.729001
u_payload_ram/PLACE_HFSBUF_295_634	0	0.555556
u_payload_ram/U3274	0	1.74799
u_payload_ram/mem_reg[67][3]	0	0.918449
u_payload_ram/U2693	0	0.926663
u_payload_ram/U70	0	1.73817
u_payload_ram/U2390	0	2.53457
u_payload_ram/mem_reg[45][1]	0	0.630965
u_payload_ram/mem_reg[101][1]	0	0.684834
u_payload_ram/PLACE_HFSBUF_1217_1241	0	0.555556
u_payload_ram/PLACE_HFSBUF_1267_1240	0	1.55556
u_payload_ram/U1859	0	0.962342
u_payload_ram/mem_reg[47][3]	0	1.04684
u_zp/add_101/U1_1_2	0	2.20956
u_payload_ram/U937	0	1.68718
u_payload_ram/U428	0	1.01091
u_payload_ram/U448	0	1.40546
u_payload_ram/U2437	0	1.55168
u_payload_ram/U926	0	1.92347
u_payload_ram/U414	0	0.593414
u_payload_ram/U1858	0	2.12608
u_payload_ram/U924	0	1.89718
u_zp/U225	0	1.06313
u_payload_ram/mem_reg[37][0]	0	1.87531
u_zp/U103	0	1.50403
u_payload_ram/mem_reg[105][3]	0	2.1049
u_payload_ram/U2475	0	1.58265
u_payload_ram/U950	0	1.30105
u_payload_ram/mem_reg[109][1]	0	0.586181
u_payload_ram/mem_reg[69][1]	0	0.711215
u_payload_ram/PLACE_HFSBUF_1195_1303	0	0.555556
u_payload_ram/PLACE_HFSBUF_93_1302	0	0.555556
u_payload_ram/U439	0	1.00229
u_zp/latched_payload_length_reg[3]	0	1.2252
u_payload_ram/mem_reg[101][7]	0	2.09055
u_payload_ram/mem_reg[69][0]	0	2.15604
u_payload_ram/PLACE_HFSBUF_270_1365	0	1.55556
u_payload_ram/mem_reg[36][3]	0	0.88086
u_zp/U104	0	1.68424
u_payload_ram/mem_reg[106][5]	0	1.16495
u_payload_ram/mem_reg[45][6]	0	0.543275
u_payload_ram/U3531	0	0.620004
u_payload_ram/mem_reg[48][4]	0	0.723383
u_payload_ram/U515	0	1.38926
u_payload_ram/U441	0	0.669757
u_payload_ram/mem_reg[105][4]	0	0.739938
u_payload_ram/U949	0	0.575887
u_payload_ram/U771	0	0.623607
u_payload_ram/mem_reg[108][2]	0	0.89076
u_payload_ram/mem_reg[37][2]	0	2.94666
u_payload_ram/U1860	0.125	1.48868
u_payload_ram/U3728	0	1.88032
u_payload_ram/PLACE_HFSBUF_352_635	0	1.45679
u_payload_ram/mem_reg[97][1]	0	1.40845
u_payload_ram/U507	0	1.95281
u_payload_ram/mem_reg[100][2]	0	0.872296
u_payload_ram/U260	0	0.875274
u_payload_ram/mem_reg[101][2]	0	2.80932
u_payload_ram/U450	0	0.718546
u_payload_ram/U435	0	0.710841
u_payload_ram/mem_reg[107][4]	0	0.97838
u_payload_ram/mem_reg[47][5]	0	1.27875
u_payload_ram/U258	0	2.62088
u_zp/o_ram_address_reg[2]	0	0.740548
u_payload_ram/PLACE_HFSINV_667_98	0	1.51852
u_payload_ram/U715	0	1.69203
u_payload_ram/U1856	0	0.933966
u_payload_ram/mem_reg[107][5]	0	0.757037
u_payload_ram/U3196	0	1.21349
u_payload_ram/U440	0	2.48229
u_zp/U68	0	0.824757
u_payload_ram/mem_reg[106][4]	0	1.81434
u_payload_ram/mem_reg[47][6]	0	3.11251
u_payload_ram/U403	0	0.907712
u_payload_ram/U710	0	2.06487
u_zp/latched_payload_length_reg[7]	0	1.02659
u_payload_ram/mem_reg[104][3]	0	1.61184
u_payload_ram/U3955	0	0.75603
u_payload_ram/PLACE_HFSBUF_340_1249	0	1.55556
u_payload_ram/PLACE_HFSBUF_406_1248	0	1.53086
u_payload_ram/PLACE_HFSBUF_1463_5	0	1.55556
u_payload_ram/U460	0	1.35166
u_zp/U236	0	1.49541
u_payload_ram/U941	0	0.65358
u_payload_ram/U3544	0	1.79698
u_payload_ram/U705	0	0.870012
u_payload_ram/U2456	0	1.88201
u_zp/U128	0	0.992423
u_payload_ram/U261	0	1.62129
u_payload_ram/U712	0	0.611682
u_payload_ram/U911	0	2.33693
u_payload_ram/U702	0	1.16346
u_payload_ram/U2182	0	2.11282
u_payload_ram/U2635	0	0.935895
u_payload_ram/mem_reg[110][2]	0	0.880644
u_payload_ram/U2455	0	0.819452
u_payload_ram/mem_reg[100][7]	0	1.8804
u_payload_ram/U49	0	0.561705
u_payload_ram/U744	0	1.5379
u_payload_ram/mem_reg[45][5]	0	0.896802
u_payload_ram/U3194	0	1.28676
u_payload_ram/U2374	0	1.34323
u_payload_ram/U714	0	0.931593
u_payload_ram/mem_reg[69][7]	0	0.569055
u_payload_ram/U430	0	1.32353
u_payload_ram/mem_reg[75][3]	0	2.19785
u_payload_ram/U4101	0	1.77753
u_payload_ram/PLACE_HFSINV_366_181	0	0.555556
u_payload_ram/mem_reg[44][5]	0	2.33614
u_payload_ram/U716	0	0.97946
u_payload_ram/U1402	0	1.28225
u_payload_ram/U4063	0	2.00726
u_payload_ram/U406	0	0.809117
u_payload_ram/U442	0	2.8062
u_payload_ram/U2538	0	0.887751
u_payload_ram/PLACE_HFSBUF_46_1351	0	1.55556
u_payload_ram/PLACE_HFSBUF_93_1350	0	0.506173
u_payload_ram/U2235	0	0.836906
u_payload_ram/mem_reg[73][4]	0	1.04825
u_payload_ram/U2133	0	0.917446
u_payload_ram/mem_reg[108][7]	0	0.851848
u_zp/U216	0	1.45171
u_payload_ram/U2851	0	0.689927
u_payload_ram/U915	0	0.642616
u_payload_ram/mem_reg[68][2]	0	1.32471
u_payload_ram/PLACE_HFSINV_680_88	0	0.555556
u_payload_ram/PLACE_HFSBUF_241_1225	0	0.530864
u_payload_ram/U457	0	1.53056
u_payload_ram/mem_reg[98][3]	0	1.73732
u_payload_ram/U1091	0	0.711833
u_payload_ram/U425	0	1.36789
u_payload_ram/PLACE_HFSINV_713_171	0	1.55556
u_payload_ram/mem_reg[73][6]	0	0.885914
u_payload_ram/U407	0	0.92174
u_payload_ram/U485	0	0.865926
u_payload_ram/mem_reg[106][6]	0	0.668657
u_payload_ram/mem_reg[111][3]	0	1.53186
u_payload_ram/mem_reg[73][2]	0	2.06676
u_payload_ram/U2496	0	0.831998
u_payload_ram/U4137	0	0.714402
u_payload_ram/mem_reg[74][3]	0	2.4015
u_payload_ram/U464	0	1.32931
u_payload_ram/U426	0	1.78286
u_payload_ram/U1986	0	1.02617
u_payload_ram/mem_reg[74][0]	0	0.956346
u_payload_ram/U858	0	1.04027
u_payload_ram/mem_reg[98][2]	0	0.757423
u_payload_ram/U746	0	2.58747
u_payload_ram/U429	0	0.568005
u_payload_ram/mem_reg[98][1]	0	2.1016
u_payload_ram/PLACE_HFSINV_410_280	0	1.55556
u_payload_ram/U262	0	1.01974
u_payload_ram/U4223	0	1.10461
u_payload_ram/U942	0	1.41081
u_payload_ram/U3308	0	2.49512
u_zp/latched_payload_length_reg[4]	0	1.14001
u_payload_ram/U4140	0	1.88002
u_zp/U105	0	0.739147
u_payload_ram/mem_reg[72][4]	0	2.76924
u_payload_ram/U259	0	0.835992
u_zp/add_101/U1_1_3	0	1.57098
u_zp/U226	0	0.658492
u_payload_ram/mem_reg[36][1]	0	0.695853
u_payload_ram/mem_reg[107][6]	0	0.626505
u_payload_ram/U56	0	0.795802
u_payload_ram/U939	0	1.20933
u_payload_ram/U1586	0	0.92495
u_payload_ram/U2015	0	1.3246
u_payload_ram/mem_reg[78][3]	0	1.3742
u_payload_ram/mem_reg[104][4]	0	2.53406
u_payload_ram/mem_reg[97][5]	0	0.602191
u_payload_ram/U2852	0	0.65387
u_payload_ram/mem_reg[109][2]	0	1.02483
u_payload_ram/U2034	0	1.63667
u_payload_ram/mem_reg[75][0]	0	2.18265
u_payload_ram/mem_reg[98][5]	0	1.29233
u_payload_ram/U4121	0	1.53407
u_payload_ram/PLACE_HFSINV_134_90	0	0.555556
u_payload_ram/U692	0	0.967639
u_zp/U237	0	2.50784
u_payload_ram/mem_reg[109][6]	0	0.591929
u_payload_ram/U2066	0	0.624066
u_payload_ram/U1464	0	1.10434
u_payload_ram/U673	0	2.03106
u_payload_ram/U415	0	2.04488
u_payload_ram/U1928	0	2.10234
u_payload_ram/PLACE_HFSINV_400_189	0	0.555556
u_payload_ram/U747	0	0.806833
u_payload_ram/U3499	0	0.6612
u_zp/U109	0	1.26016
u_payload_ram/U2000	0	0.998133
u_payload_ram/U3665	0	1.31771
u_payload_ram/U2215	0	1.34981
u_payload_ram/U2457	0	1.18312
u_payload_ram/U2452	0	0.927793
u_payload_ram/mem_reg[97][3]	0	2.23391
u_payload_ram/U2643	0	0.554699
u_payload_ram/U2189	0	0.894514
u_payload_ram/U745	0	0.908191
u_payload_ram/mem_reg[97][2]	0	0.610386
u_payload_ram/U3612	0	0.594734
u_payload_ram/U750	0	1.69229
u_payload_ram/U1375	0	2.03301
u_payload_ram/mem_reg[110][6]	0	1.98773
u_payload_ram/mem_reg[108][1]	0	1.94581
u_payload_ram/mem_reg[45][3]	0	0.969171
u_payload_ram/U1649	0	1.86221
u_payload_ram/PLACE_HFSBUF_1531_27	0	1.55556
u_payload_ram/U1010	0	0.861447
u_payload_ram/mem_reg[109][5]	0	2.61218
u_payload_ram/U486	0	1.87402
u_payload_ram/U4194	0	0.77387
u_payload_ram/U2582	0	1.26945
u_payload_ram/U752	0	1.80233
u_zp/U227	0	1.44315
u_zp/U106	0	2.05844
u_payload_ram/mem_reg[72][0]	0	0.965656
u_payload_ram/PLACE_HFSBUF_2006_410	0	1.55556
u_payload_ram/U434	0	2.03815
u_payload_ram/mem_reg[97][6]	0	0.918534
u_payload_ram/U1490	0	2.62924
u_payload_ram/U499	0	1.31073
u_payload_ram/mem_reg[69][4]	0	1.22969
u_payload_ram/PLACE_HFSBUF_263_32	0	0.555556
u_payload_ram/PLACE_HFSBUF_181_33	0	1.55556
u_payload_ram/U2343	0	2.33335
u_payload_ram/mem_reg[104][5]	0	0.866489
u_zp/U7	0	0.762288
u_payload_ram/U1501	0	1.85617
u_payload_ram/U2190	0	0.670968
u_zp/latched_payload_length_reg[5]	0	0.921049
u_payload_ram/U491	0	1.45799
u_payload_ram/PLACE_HFSBUF_1416_3	0	1.54321
u_payload_ram/U2669	0	1.02373
u_payload_ram/U697	0	1.71718
u_payload_ram/U2419	0	0.569383
u_payload_ram/U3514	0	0.671694
u_payload_ram/U2366	0	0.959703
u_payload_ram/U433	0	2.08659
u_payload_ram/mem_reg[98][4]	0	0.700073
u_payload_ram/mem_reg[105][6]	0	2.18426
u_payload_ram/U1648	0	1.6789
u_payload_ram/U3731	0	0.654244
u_payload_ram/mem_reg[110][3]	0	1.28684
u_payload_ram/U3305	0	2.83267
u_payload_ram/U432	0	0.983102
u_payload_ram/mem_reg[69][5]	0	1.72464
u_payload_ram/U2731	0	0.969379
u_payload_ram/U1240	0	1.14836
u_payload_ram/mem_reg[36][2]	0	0.667369
u_payload_ram/mem_reg[98][6]	0	2.35341
u_payload_ram/U1523	0	0.848546
u_payload_ram/U1841	0	0.549306
u_payload_ram/U3500	0	0.937975
u_payload_ram/U1261	0	0.763237
u_zp/o_ram_address_reg[3]	0	2.39627
u_payload_ram/mem_reg[69][3]	0	3.40252
u_payload_ram/mem_reg[72][3]	0	1.37602
u_zp/U67	0	2.63694
u_payload_ram/mem_reg[68][3]	0	1.20554
u_payload_ram/U319	0	0.608846
u_payload_ram/mem_reg[36][0]	0	2.25385
u_payload_ram/U3575	0	0.859097
u_payload_ram/U1480	0	0.940529
u_payload_ram/U2389	0	1.12036
u_payload_ram/PLACE_HFSBUF_30_1292	0	1.55556
u_payload_ram/PLACE_HFSINV_207_1286	0	0.54321
u_payload_ram/U1012	0	0.791038
u_zp/U156	0	0.859873
u_payload_ram/U431	0	0.655671
u_payload_ram/U1374	0	1.89582
u_payload_ram/U2232	0	0.823549
u_payload_ram/U2347	0	1.66008
u_payload_ram/U694	0	0.974811
u_payload_ram/mem_reg[111][7]	0	2.66005
u_payload_ram/U2576	0	1.55715
u_payload_ram/U264	0	1.3391
u_payload_ram/mem_reg[99][6]	0	1.17587
u_payload_ram/mem_reg[68][0]	0	3.30327
u_payload_ram/U2003	0	1.57407
u_payload_ram/U1520	0	1.62456
u_zp/U107	0	2.34724
u_payload_ram/mem_reg[108][5]	0	0.639807
u_payload_ram/PLACE_HFSINV_800_225	0	1.55556
u_payload_ram/U2338	0	0.941103
u_zp/U204	0	0.909417
u_payload_ram/mem_reg[108][4]	0	0.741894
u_payload_ram/U722	0	1.09642
u_payload_ram/PLACE_HFSBUF_226_1279	0	0.555556
u_payload_ram/U3637	0	1.16441
u_payload_ram/U1677	0	2.43555
u_payload_ram/U2217	0	1.17258
u_zp/byte_holder_reg[0]	0	0.922184
u_payload_ram/mem_reg[108][6]	0	2.18757
u_payload_ram/PLACE_HFSINV_256_48	0	1.55556
u_payload_ram/mem_reg[74][7]	0	0.676856
u_payload_ram/U1943	0	1.10983
u_payload_ram/mem_reg[101][4]	0	1.01146
u_payload_ram/PLACE_HFSINV_394_141	0	1.55556
u_payload_ram/U3202	0	1.07395
u_payload_ram/U256	0	0.674171
u_payload_ram/U626	0	2.07124
u_payload_ram/mem_reg[111][6]	0	1.24194
u_payload_ram/U4089	0	0.966952
u_payload_ram/mem_reg[74][2]	0	2.32904
u_payload_ram/PLACE_HFSBUF_108_1253	0	1.55556
u_payload_ram/PLACE_HFSBUF_78_1255	0	0.555556
u_payload_ram/U422	0	1.26535
u_payload_ram/mem_reg[108][3]	0	2.25731
u_payload_ram/mem_reg[36][4]	0	2.85882
u_zp/U89	0	1.16564
u_payload_ram/mem_reg[75][2]	0	1.03285
u_payload_ram/U2339	0	1.04335
u_payload_ram/U2505	0	0.584402
u_payload_ram/U4228	0	1.01524
u_payload_ram/U1177	0	2.07993
u_zp/U238	0	1.07789
u_payload_ram/U683	0	1.10554
u_payload_ram/U3198	0	0.646439
u_payload_ram/mem_reg[78][0]	0	0.702199
u_payload_ram/U2059	0	1.22195
u_payload_ram/U670	0	1.19041
u_payload_ram/U721	0	2.26358
u_payload_ram/U1650	0	2.57905
u_payload_ram/U2314	0	0.842103
u_payload_ram/mem_reg[99][1]	0	0.821524
u_payload_ram/mem_reg[99][5]	0	1.12987
u_payload_ram/U2236	0	1.48412
u_payload_ram/U3638	0	0.55537
u_payload_ram/U3348	0	0.900972
u_payload_ram/U3295	0	1.78003
u_payload_ram/U2391	0	0.748588
u_payload_ram/PLACE_HFSBUF_1310_1304	0	1.55556
u_payload_ram/U3357	0	1.46959
u_payload_ram/mem_reg[100][3]	0	0.808839
u_payload_ram/mem_reg[109][3]	0	1.64499
u_payload_ram/U718	0	0.848121
u_payload_ram/U2018	0	0.937924
u_payload_ram/U1855	0	1.4209
u_payload_ram/mem_reg[76][3]	0	1.03719
u_zp/U108	0	0.552878
u_payload_ram/U2191	0	2.03728
u_payload_ram/U418	0	0.66939
u_payload_ram/PLACE_HFSBUF_317_1299	0	1.55556
u_payload_ram/PLACE_HFSBUF_147_1345	0	1.55556
u_payload_ram/PLACE_HFSBUF_55_1044	0	0.555556
u_payload_ram/PLACE_HFSBUF_1253_1298	0	2.55556
u_payload_ram/U466	0	1.46804
u_zp/U86	0	1.71649
u_payload_ram/U3722	0	1.43422
u_payload_ram/U754	0	1.20677
u_payload_ram/U3818	0	0.893912
u_payload_ram/PLACE_HFSINV_665_302	0	1.55556
u_payload_ram/U4212	0	0.563873
u_payload_ram/U3512	0	0.919367
u_payload_ram/U465	0	1.65056
u_payload_ram/U3610	0	0.610432
u_payload_ram/U1646	0	0.641605
u_zp/U215	0	1.3684
u_payload_ram/U417	0	0.72071
u_payload_ram/U753	0	0.642373
u_payload_ram/U1647	0	1.28386
u_payload_ram/PLACE_HFSINV_656_56	0	0.555556
u_payload_ram/U2668	0	1.30402
u_payload_ram/U3977	0	0.645598
u_payload_ram/U3203	0	0.604502
u_payload_ram/U3577	0	2.40902
u_payload_ram/U4077	0	1.18708
u_payload_ram/U2766	0	1.08983
u_payload_ram/U3199	0	2.64814
u_payload_ram/U1389	0	0.663256
u_payload_ram/PLACE_HFSBUF_111_401	0	0.555556
u_payload_ram/U2370	0	1.11133
u_payload_ram/U1420	0	0.563507
u_zp/U239	0	1.36518
u_payload_ram/U3541	0	0.659792
u_payload_ram/U2004	0	0.596053
u_payload_ram/mem_reg[76][4]	0	1.95553
u_zp/add_101/U1_1_4	0	1.11103
u_payload_ram/mem_reg[104][6]	0	0.964194
u_payload_ram/mem_reg[80][3]	0	0.633515
u_payload_ram/PLACE_HFSBUF_118_1327	0	1.55556
u_payload_ram/U1840	0	1.08104
u_payload_ram/U2503	0	1.5603
u_payload_ram/U1486	0	0.782562
u_payload_ram/mem_reg[68][4]	0	1.61243
u_payload_ram/U2301	0	1.1294
u_payload_ram/PLACE_HFSBUF_37_1268	0	0.555556
u_payload_ram/PLACE_HFSBUF_133_1129	0	2.55556
u_payload_ram/PLACE_HFSBUF_98_1266	0	1.55556
u_payload_ram/mem_reg[79][3]	0	2.41075
u_payload_ram/U4168	0	1.19272
u_payload_ram/U2574	0	1.2837
u_payload_ram/U1675	0	0.972843
u_payload_ram/U487	0	2.57339
u_zp/latched_payload_length_reg[6]	0	1.28457
u_payload_ram/U2229	0	2.22389
u_payload_ram/U2187	0	1.30873
u_payload_ram/PLACE_HFSINV_643_52	0	1.55556
u_payload_ram/PLACE_HFSBUF_452_1269	0	1.55556
u_payload_ram/U2837	0	2.45735
u_payload_ram/mem_reg[72][2]	0	0.871308
u_payload_ram/U4053	0	2.12214
u_payload_ram/PLACE_HFSINV_228_1043	0	1.50617
u_payload_ram/PLACE_HFSBUF_98_1338	0	0.555556
u_payload_ram/mem_reg[77][3]	0	0.699749
u_payload_ram/U2414	0	0.859645
u_payload_ram/U649	0	0.995239
u_payload_ram/PLACE_HFSINV_631_100	0	1.55556
u_payload_ram/U3356	0	1.56855
u_payload_ram/U1418	0	0.996381
u_payload_ram/U783	0	0.563345
u_payload_ram/PLACE_HFSINV_388_306	0	1.55556
u_payload_ram/U3679	0	2.40807
u_payload_ram/U3976	0	0.608789
u_payload_ram/U4192	0	1.14243
u_payload_ram/mem_reg[80][2]	0	2.10152
u_payload_ram/U2739	0	0.905347
u_zp/U85	0	1.23755
u_payload_ram/U3493	0	0.595147
u_payload_ram/U676	0	0.896007
u_payload_ram/U488	0	0.717932
u_payload_ram/U411	0	0.892535
u_payload_ram/U3102	0	1.51003
u_payload_ram/U1141	0	2.31471
u_payload_ram/mem_reg[81][4]	0	0.571377
u_payload_ram/U3184	0	1.38451
u_payload_ram/U4154	0	0.900467
u_payload_ram/U57	0	0.642855
u_payload_ram/U2137	0	0.778113
u_payload_ram/U709	0	1.69441
u_payload_ram/U1991	0	0.639576
u_payload_ram/U2515	0	0.842508
u_payload_ram/U3197	0	1.66938
u_payload_ram/mem_reg[99][2]	0	1.75045
u_zp/byte_holder_reg[1]	0	1.21677
u_payload_ram/PLACE_HFSBUF_217_1276	0	0.555556
u_payload_ram/PLACE_HFSBUF_899_1274	0	1.55556
u_payload_ram/PLACE_HFSBUF_112_1275	0	0.555556
u_payload_ram/U696	0	1.18947
u_payload_ram/U671	0	0.682558
u_payload_ram/U490	0	1.17349
u_payload_ram/U489	0	0.893762
u_payload_ram/U3676	0	1.69159
u_payload_ram/PLACE_HFSBUF_165_400	0	1.55556
u_payload_ram/mem_reg[111][5]	0	1.34073
u_payload_ram/U1011	0	0.81936
u_payload_ram/U1335	0	0.719657
u_payload_ram/U704	0	0.960309
u_payload_ram/U1504	0	0.940922
u_payload_ram/PLACE_HFSINV_321_179	0	1.55556
u_payload_ram/mem_reg[110][5]	0	0.633669
u_zp/U240	0	1.17735
u_payload_ram/U159	0	0.750772
u_payload_ram/U410	0	1.01238
u_payload_ram/mem_reg[79][7]	0	0.645768
u_payload_ram/U140	0	1.40624
u_payload_ram/U2002	0	0.581983
u_payload_ram/U4078	0	1.07195
u_payload_ram/U3816	0	0.897959
u_payload_ram/U1823	0	1.94722
u_payload_ram/U1112	0	0.989452
u_payload_ram/U408	0	0.961798
u_payload_ram/PLACE_HFSINV_2680_1312	0	1.55556
u_payload_ram/U2136	0	1.19524
u_payload_ram/U3297	0	0.569074
u_payload_ram/U2160	0	0.860216
u_payload_ram/mem_reg[101][3]	0	0.67387
u_payload_ram/mem_reg[100][4]	0	2.65823
u_payload_ram/mem_reg[79][0]	0	1.92885
u_payload_ram/U3358	0	0.631713
u_payload_ram/mem_reg[100][6]	0	0.908677
u_payload_ram/U3491	0	0.996408
u_zp/U66	0	1.31255
u_payload_ram/U2237	0	0.98223
u_payload_ram/U3002	0	0.822369
u_zp/U84	0	0.74233
u_payload_ram/U2578	0	1.43357
u_payload_ram/U751	0	0.873152
u_payload_ram/PLACE_HFSBUF_55_1321	0	1.55556
u_payload_ram/mem_reg[75][1]	0	1.14085
u_payload_ram/U2118	0	1.23152
u_payload_ram/U969	0	2.56248
u_payload_ram/U3201	0	2.15354
u_payload_ram/U2107	0	0.775764
u_payload_ram/U1835	0	1.96335
u_payload_ram/U2094	0	1.46495
u_payload_ram/U1853	0	0.829556
u_payload_ram/U1139	0	0.76216
u_payload_ram/U3367	0	1.36007
u_payload_ram/U3317	0	0.997554
u_payload_ram/mem_reg[101][5]	0	2.82546
u_payload_ram/U720	0	0.926269
u_payload_ram/U2073	0	0.772276
u_payload_ram/U677	0	0.90012
u_payload_ram/PLACE_HFSBUF_50_1366	0	0.555556
u_payload_ram/mem_reg[99][3]	0	1.60598
u_payload_ram/U2031	0	1.49228
u_payload_ram/U3677	0	0.660212
u_payload_ram/U423	0	1.69502
u_payload_ram/U1172	0	0.589286
u_payload_ram/U681	0	1.62867
u_payload_ram/U416	0	1.85679
u_payload_ram/mem_reg[80][0]	0	0.801725
u_payload_ram/U1002	0.25	1.70337
u_payload_ram/mem_reg[78][6]	0	1.92338
u_payload_ram/U4166	0	2.34004
u_payload_ram/mem_reg[83][0]	0	0.747079
u_payload_ram/U1945	0	1.55255
u_payload_ram/U2504	0	0.680999
u_payload_ram/PLACE_HFSINV_348_288	0	1.55556
u_payload_ram/mem_reg[78][1]	0	1.39441
u_payload_ram/U4090	0	0.790096
u_zp/U241	0	1.28527
u_payload_ram/PLACE_HFSBUF_303_1250	0	1.48148
u_payload_ram/PLACE_HFSINV_2642_1278	0	0.555556
u_payload_ram/U4149	0	0.812434
u_zp/add_101/U1_1_5	0	0.629703
u_payload_ram/mem_reg[41][1]	0	0.762415
u_payload_ram/U724	0	0.857527
u_payload_ram/U2730	0	0.687739
u_payload_ram/U246	0	0.788588
u_payload_ram/U665	0	0.990579
u_payload_ram/U1111	0	0.675926
u_payload_ram/mem_reg[111][4]	0	0.689699
u_payload_ram/U2105	0	0.669325
u_payload_ram/U2429	0	1.37223
u_payload_ram/U3033	0	1.01379
u_payload_ram/U4117	0	1.4855
u_payload_ram/U2727	0	1.81652
u_payload_ram/PLACE_HFSINV_437_72	0	0.555556
u_payload_ram/U3309	0	2.40268
u_payload_ram/U3028	0	0.882948
u_zp/U83	0	1.12367
u_payload_ram/PLACE_HFSBUF_579_1322	0	0.555556
u_payload_ram/PLACE_HFSBUF_645_1251	0	0.555556
u_payload_ram/mem_reg[68][1]	0	0.545382
u_payload_ram/U4135	0	1.11825
u_payload_ram/U2085	0	0.689174
u_zp/U73	0	1.14195
u_payload_ram/mem_reg[77][0]	0	0.889398
u_payload_ram/U4175	0	1.73992
u_payload_ram/U2521	0	0.680629
u_payload_ram/U2084	0	0.858546
u_payload_ram/PLACE_HFSINV_777_262	0	0.555556
u_payload_ram/U2405	0	0.921362
u_payload_ram/U628	0	0.649051
u_payload_ram/U1021	0	1.5099
u_payload_ram/U725	0	0.789491
u_payload_ram/U756	0	0.876184
u_payload_ram/U3725	0	0.987245
u_payload_ram/mem_reg[68][6]	0	2.71979
u_payload_ram/U4073	0	1.10165
u_payload_ram/U2376	0	2.40982
u_payload_ram/U3492	0	0.860563
u_payload_ram/U645	0	1.10904
u_payload_ram/U1473	0	0.990162
u_payload_ram/U2764	0	0.566389
u_payload_ram/mem_reg[81][3]	0	1.13204
u_payload_ram/U2648	0	1.04778
u_payload_ram/U409	0	0.630544
u_payload_ram/U1587	0	1.20091
u_zp/byte_holder_reg[7]	0	1.43347
u_payload_ram/U2080	0	0.621617
u_payload_ram/PLACE_HFSBUF_868_415	0	0.506173
u_payload_ram/PLACE_HFSINV_879_1237	0	1.55556
u_payload_ram/PLACE_HFSBUF_1559_1242	0	0.530864
u_payload_ram/PLACE_HFSBUF_776_414	0	1.55556
u_payload_ram/PLACE_HFSINV_1618_1235	0	1.55556
u_payload_ram/U723	0	1.82481
u_payload_ram/U1794	0	1.10467
u_payload_ram/mem_reg[78][7]	0	1.25594
u_payload_ram/mem_reg[82][2]	0	0.744282
u_payload_ram/U2583	0	1.18656
u_payload_ram/mem_reg[82][1]	0	1.79621
u_payload_ram/mem_reg[81][0]	0	1.98314
u_zp/U13	0	1.49625
u_payload_ram/U3678	0	1.01695
u_payload_ram/mem_reg[101][6]	0	1.21209
u_payload_ram/U701	0	1.37508
u_payload_ram/U3306	0	0.709502
u_payload_ram/U656	0	0.938804
u_payload_ram/U1834	0	0.695914
u_payload_ram/PLACE_HFSBUF_229_17	0	1.55556
u_zp/byte_holder_reg[2]	0	1.2128
u_payload_ram/mem_reg[43][5]	0	0.652334
u_payload_ram/mem_reg[72][6]	0	0.565679
u_payload_ram/mem_reg[75][7]	0	1.04131
u_payload_ram/U3419	0	1.90603
u_payload_ram/U647	0	2.52144
u_payload_ram/U655	0	1.72865
u_payload_ram/PLACE_HFSBUF_151_1246	0	0.555556
u_payload_ram/PLACE_HFSBUF_101_1247	0	1.55556
u_payload_ram/PLACE_HFSBUF_53_1245	0	0.555556
u_payload_ram/mem_reg[82][3]	0	2.72116
u_payload_ram/U2502	0	1.84517
u_payload_ram/U3315	0	0.688009
u_payload_ram/U413	0	2.00274
u_payload_ram/U1004	0	1.07608
u_payload_ram/U3655	0	0.607593
u_payload_ram/U1431	0	2.04326
u_payload_ram/U974	0	1.6267
u_payload_ram/U662	0	1.33301
u_payload_ram/U2522	0	0.583696
u_payload_ram/PLACE_HFSBUF_374_1300	0	0.555556
u_payload_ram/U3680	0	0.796211
u_payload_ram/mem_reg[84][3]	0	0.62147
u_payload_ram/U2399	0	1.0308
u_payload_ram/U2363	0	1.35495
u_payload_ram/U2096	0	0.860945
u_payload_ram/U4152	0	1.68862
u_payload_ram/mem_reg[110][4]	0	0.937407
u_payload_ram/U695	0	2.2555
u_payload_ram/PLACE_HFSBUF_1056_1310	0	1.55556
u_payload_ram/PLACE_HFSBUF_735_384	0	1.55556
u_payload_ram/PLACE_HFSBUF_329_1280	0	0.555556
u_payload_ram/PLACE_HFSBUF_1601_1284	0	1.55556
u_payload_ram/PLACE_HFSBUF_2174_1285	0	1.55556
u_payload_ram/mem_reg[72][7]	0	2.28356
u_payload_ram/mem_reg[111][1]	0	1.35174
u_zp/U82	0	1.65271
u_payload_ram/U4092	0	1.91048
u_payload_ram/U653	0	1.56308
u_payload_ram/PLACE_HFSBUF_1772_614	0	1.55556
u_payload_ram/PLACE_HFSBUF_1817_613	0	0.555556
u_payload_ram/PLACE_HFSBUF_336_1317	0	1.55556
u_payload_ram/mem_reg[76][6]	0	0.670579
u_payload_ram/U94	0	0.677797
u_payload_ram/U2519	0	0.770251
u_payload_ram/mem_reg[43][6]	0	2.52875
u_payload_ram/mem_reg[82][0]	0	0.558453
u_payload_ram/U4146	0	0.682076
u_zp/U65	0	0.557566
u_payload_ram/mem_reg[72][5]	0	0.975247
u_payload_ram/U4097	0	0.993553
u_payload_ram/U3654	0	1.97245
u_payload_ram/mem_reg[76][7]	0	1.38622
u_payload_ram/mem_reg[110][1]	0	2.79534
u_payload_ram/mem_reg[100][5]	0	2.69829
u_payload_ram/U667	0	1.65014
u_payload_ram/U3014	0	0.602674
u_payload_ram/U1424	0	1.97989
u_payload_ram/mem_reg[37][4]	0	1.96015
u_payload_ram/U3016	0	1.28177
u_payload_ram/U4116	0	1.01184
u_zp/add_101/U2	0	1.46136
u_payload_ram/U669	0	0.587527
u_payload_ram/mem_reg[83][2]	0	0.713403
u_payload_ram/mem_reg[85][3]	0	0.556593
u_payload_ram/mem_reg[79][5]	0	1.30233
u_payload_ram/U4107	0	1.19162
u_payload_ram/U675	0	1.66817
u_payload_ram/U678	0	0.822284
u_payload_ram/U3304	0	1.50328
u_payload_ram/U2240	0	2.05637
u_payload_ram/U3302	0	0.891578
u_payload_ram/U405	0	2.22895
u_payload_ram/PLACE_HFSBUF_582_1367	0	1.55556
u_payload_ram/PLACE_HFSBUF_120_1231	0	0.530864
u_payload_ram/PLACE_HFSINV_2427_1364	0	0.555556
u_payload_ram/mem_reg[74][6]	0	0.586111
u_payload_ram/mem_reg[93][5]	0	0.66512
u_payload_ram/U3416	0	1.85682
u_payload_ram/U2520	0	1.48746
u_payload_ram/PLACE_HFSBUF_805_1341	0	1.55556
u_payload_ram/PLACE_HFSBUF_1878_1337	0	1.48148
u_payload_ram/PLACE_HFSINV_870_1332	0	2.55556
u_payload_ram/mem_reg[41][3]	0	0.836898
u_payload_ram/U706	0	0.756304
u_payload_ram/U2765	0	2.02223
u_payload_ram/U708	0	0.917242
u_payload_ram/U629	0	1.81922
u_payload_ram/PLACE_HFSBUF_1111_1370	0	1.55556
u_payload_ram/PLACE_HFSBUF_1661_1372	0	2.55556
u_payload_ram/mem_reg[75][6]	0	2.17766
u_payload_ram/mem_reg[81][2]	0	0.586424
u_payload_ram/U2111	0	1.23091
u_payload_ram/U317	0	0.934826
u_payload_ram/mem_reg[41][4]	0	0.80723
u_payload_ram/U2804	0	0.885409
u_payload_ram/U4076	0	1.28506
u_zp/U80	0	0.568484
u_payload_ram/mem_reg[85][5]	0	0.552384
u_payload_ram/U707	0	1.77815
u_payload_ram/U3952	0	0.593989
u_payload_ram/U3329	0	2.13604
u_payload_ram/U2499	0	1.23313
u_payload_ram/U188	0	0.696613
u_zp/o_ram_address_reg[5]	0	1.50587
u_payload_ram/mem_reg[41][6]	0	2.02356
u_payload_ram/U3724	0	0.609742
u_payload_ram/U2225	0	1.88158
u_payload_ram/PLACE_HFSBUF_1342_335	0	1.55556
u_payload_ram/PLACE_HFSBUF_1654_1316	0	0.555556
u_payload_ram/PLACE_HFSINV_419_175	0	0.555556
u_payload_ram/PLACE_HFSBUF_707_1319	0	1.55556
u_payload_ram/PLACE_HFSBUF_463_1318	0	0.555556
u_payload_ram/PLACE_HFSBUF_1909_322	0	0.555556
u_payload_ram/mem_reg[41][7]	0	3.19456
u_zp/U81	0	1.58809
u_payload_ram/U640	0	0.918974
u_zp/U64	0	1.12586
u_payload_ram/U3504	0	1.48333
u_payload_ram/mem_reg[78][5]	0	0.641111
u_payload_ram/U4142	0	1.48007
u_payload_ram/mem_reg[77][2]	0	1.48106
u_payload_ram/U3347	0	0.585266
u_payload_ram/U1926	0	0.959637
u_payload_ram/U3579	0	2.46632
u_payload_ram/U3726	0	0.589483
u_payload_ram/U757	0	0.933989
u_payload_ram/U3211	0	0.878306
u_payload_ram/U3561	0	0.602959
u_payload_ram/U393	0	2.37879
u_payload_ram/U1609	0	0.508283
u_payload_ram/U3013	0	0.976362
u_payload_ram/mem_reg[42][7]	0	0.926181
u_payload_ram/U3727	0	1.84992
u_payload_ram/U4104	0	1.9358
u_payload_ram/mem_reg[75][5]	0	0.929788
u_payload_ram/U1708	0	0.644402
u_payload_ram/U3613	0	1.72378
u_payload_ram/PLACE_HFSBUF_244_631	0	1.55556
u_payload_ram/U2033	0	0.776408
u_payload_ram/U1370	0	0.638449
u_zp/U74	0	1.00116
u_payload_ram/U2183	0	1.81264
u_payload_ram/U1027	0	1.09243
u_payload_ram/U2729	0	0.808106
u_payload_ram/U719	0	0.889086
u_payload_ram/PLACE_HFSINV_591_64	0	0.555556
u_payload_ram/PLACE_HFSINV_527_110	0	0.530864
u_payload_ram/mem_reg[68][7]	0	1.04293
u_payload_ram/U3566	0	0.961478
u_payload_ram/U4044	0	1.52637
u_payload_ram/U4127	0	1.29377
u_payload_ram/mem_reg[76][5]	0	2.31991
u_payload_ram/U664	0	0.764043
u_payload_ram/U1927	0	1.08677
u_payload_ram/mem_reg[94][2]	0	0.596728
u_payload_ram/U3629	0	2.31892
u_payload_ram/mem_reg[74][5]	0	1.94428
u_payload_ram/mem_reg[74][4]	0	0.582303
u_payload_ram/mem_reg[92][2]	0	2.49575
u_payload_ram/U3420	0	1.12949
u_payload_ram/U638	0	0.569603
u_zp/byte_holder_reg[3]	0	1.15428
u_payload_ram/PLACE_HFSBUF_52_1234	0	0.555556
u_payload_ram/U631	0	0.80939
u_payload_ram/U680	0	2.29233
u_payload_ram/U3681	0	1.01298
u_payload_ram/U1407	0	2.33723
u_payload_ram/U1833	0	0.681157
u_payload_ram/PLACE_HFSBUF_411_1344	0	0.555556
u_payload_ram/PLACE_HFSBUF_334_1343	0	1.55556
u_payload_ram/U3338	0	1.04206
u_payload_ram/U639	0	1.21287
u_payload_ram/U554	0	1.86064
u_payload_ram/PLACE_HFSBUF_1778_620	0	1.55556
u_payload_ram/PLACE_HFSBUF_1608_325	0	0.333333
u_payload_ram/mem_reg[79][2]	0	1.10213
u_zp/U76	0	0.818098
u_payload_ram/U2819	0	1.32491
u_payload_ram/PLACE_HFSBUF_214_1349	0	0.469136
u_payload_ram/U624	0	1.00647
u_payload_ram/U1763	0	0.821215
u_payload_ram/mem_reg[72][1]	0	0.951555
u_payload_ram/mem_reg[93][2]	0	1.27439
u_payload_ram/U543	0	2.15672
u_zp/U78	0	1.69169
u_zp/o_ram_address_reg[6]	0	0.618086
u_payload_ram/U3349	0	0.786605
u_zp/U9	0	1.39718
u_payload_ram/U614	0	0.930316
u_payload_ram/U657	0	0.587948
u_payload_ram/U975	0	0.86924
u_payload_ram/U2253	0	1.09527
u_payload_ram/U2406	0	0.8011
u_payload_ram/U637	0	0.654201
u_payload_ram/U654	0	1.08042
u_payload_ram/mem_reg[42][6]	0	1.05987
u_payload_ram/PLACE_HFSBUF_1922_209	0	1.54321
u_payload_ram/mem_reg[75][4]	0	2.54995
u_payload_ram/U646	0	0.657168
u_payload_ram/U3732	0	0.937948
u_payload_ram/U3012	0	1.10145
u_payload_ram/U973	0	0.810459
u_payload_ram/U2847	0	0.908546
u_payload_ram/PLACE_HFSINV_538_139	0	1.55556
u_payload_ram/PLACE_HFSBUF_281_603	0	0.555556
u_payload_ram/U3310	0	0.940895
u_payload_ram/U2552	0	1.48779
u_payload_ram/U686	0	0.729942
u_payload_ram/U616	0	0.780505
u_payload_ram/U699	0	2.00724
u_payload_ram/U3533	0	1.33443
u_payload_ram/mem_reg[76][2]	0	1.33571
u_payload_ram/U4088	0	0.66412
u_payload_ram/PLACE_HFSINV_326_161	0	1.55556
u_payload_ram/U2810	0	0.879572
u_payload_ram/U4138	0	0.615799
u_payload_ram/U3663	0	2.21073
u_payload_ram/U1019	0	1.41264
u_payload_ram/mem_reg[83][1]	0	0.874051
u_payload_ram/U3550	0	1.91556
u_payload_ram/U3675	0	1.96205
u_payload_ram/U2178	0	0.960891
u_payload_ram/U2201	0	1.51803
u_payload_ram/U4122	0	1.29546
u_payload_ram/U1979	0	2.07614
u_zp/o_ram_address_reg[4]	0	2.27551
u_payload_ram/mem_reg[85][1]	0	1.06566
u_payload_ram/U2467	0	0.625289
u_payload_ram/U679	0	0.825409
u_payload_ram/U659	0	0.731786
u_payload_ram/U3636	0	1.53141
u_payload_ram/U2424	0	0.638931
u_payload_ram/U551	0	1.04902
u_payload_ram/U4148	0	1.10824
u_payload_ram/U971	0	1.1017
u_payload_ram/U672	0	0.633877
u_payload_ram/mem_reg[80][1]	0	1.61943
u_zp/U79	0	2.11857
u_payload_ram/U2809	0	0.900228
u_payload_ram/U3421	0	0.805174
u_payload_ram/U755	0	0.956431
u_payload_ram/U3340	0	0.744448
u_payload_ram/U2846	0	0.848738
u_payload_ram/mem_reg[81][1]	0	1.38586
u_payload_ram/U700	0	0.972411
u_payload_ram/U642	0	1.26571
u_payload_ram/mem_reg[40][4]	0	1.12257
u_payload_ram/U652	0	1.00939
u_payload_ram/U3008	0	0.630575
u_payload_ram/mem_reg[89][3]	0	0.899309
u_payload_ram/U852	0	0.696786
u_payload_ram/mem_reg[94][5]	0	1.5076
u_payload_ram/PLACE_HFSINV_366_108	0	0.555556
u_payload_ram/U977	0	1.86881
u_payload_ram/mem_reg[68][5]	0	0.613684
u_payload_ram/U967	0	1.42446
u_payload_ram/U3674	0	1.38732
u_payload_ram/U2421	0	0.559375
u_payload_ram/mem_reg[80][4]	0	0.81909
u_payload_ram/U3986	0	0.582157
u_payload_ram/PLACE_HFSBUF_213_602	0	1.55556
u_payload_ram/PLACE_HFSINV_280_46	0	0.555556
u_payload_ram/U3710	0	1.87693
u_payload_ram/U4041	0	1.48647
u_payload_ram/U666	0	2.21918
u_payload_ram/U650	0	1.00125
u_payload_ram/mem_reg[116][5]	0	1.08499
u_zp/U75	0	2.52105
u_zp/U77	0	0.678646
u_payload_ram/U568	0	2.11932
u_payload_ram/mem_reg[41][5]	0	2.03059
u_payload_ram/U2722	0	0.949286
u_payload_ram/U3711	0	0.860505
u_payload_ram/U2354	0	0.900721
u_payload_ram/U3712	0	1.2149
u_payload_ram/U2155	0	1.08127
u_payload_ram/PLACE_HFSBUF_112_1224	0	0.555556
u_payload_ram/U644	0	0.647215
u_payload_ram/U3545	0	0.919992
u_payload_ram/U3635	0	1.20967
u_payload_ram/U3714	0	1.23836
u_payload_ram/U2109	0	1.86233
u_payload_ram/mem_reg[84][7]	0	0.74451
u_payload_ram/mem_reg[78][2]	0	1.24675
u_payload_ram/U1567	0	2.14348
u_payload_ram/U2025	0	1.8579
u_payload_ram/U698	0	0.846281
u_payload_ram/U641	0	1.50382
u_payload_ram/mem_reg[80][6]	0	1.6008
u_payload_ram/U2854	0	1.01074
u_payload_ram/PLACE_HFSBUF_428_1301	0	0.555556
u_payload_ram/PLACE_HFSBUF_141_1232	0	1.55556
u_payload_ram/U3557	0	1.8918
u_zp/byte_holder_reg[4]	0	1.28248
u_payload_ram/PLACE_HFSINV_491_173	0	0.555556
u_payload_ram/U559	0	0.780008
u_payload_ram/mem_reg[81][7]	0	0.615231
u_payload_ram/U643	0	0.801084
u_zp/byte_holder_reg[6]	0	0.63946
u_payload_ram/mem_reg[77][1]	0	0.96564
u_payload_ram/U630	0	0.778059
u_payload_ram/mem_reg[91][2]	0	1.34694
u_payload_ram/U2075	0	1.50222
u_payload_ram/PLACE_HFSINV_461_50	0	1.55556
u_payload_ram/U3664	0	2.13515
u_payload_ram/U4141	0	2.51192
u_payload_ram/U3321	0	1.17231
u_payload_ram/U684	0	0.924927
u_payload_ram/U2795	0	1.29305
u_payload_ram/U3608	0	1.34232
u_payload_ram/mem_reg[77][6]	0	1.22212
u_payload_ram/U4230	0	1.83571
u_payload_ram/mem_reg[116][7]	0	1.87974
u_payload_ram/U2683	0.25	1.42588
u_payload_ram/mem_reg[114][7]	0	2.06215
u_payload_ram/U663	0	1.35232
u_payload_ram/mem_reg[82][5]	0	0.585721
u_payload_ram/PLACE_HFSBUF_2582_406	0	1.55556
u_payload_ram/U651	0	1.30232
u_payload_ram/U567	0	1.24961
u_payload_ram/U3639	0	0.599965
u_payload_ram/U668	0	1.41463
u_payload_ram/mem_reg[82][6]	0	0.846663
u_zp/byte_holder_reg[5]	0	2.64447
u_payload_ram/U2157	0	0.700945
u_payload_ram/PLACE_HFSINV_343_286	0	1.55556
u_payload_ram/U2468	0	0.713191
u_payload_ram/U3458	0	1.45434
u_payload_ram/mem_reg[82][7]	0	2.06176
u_payload_ram/mem_reg[79][1]	0	0.870239
u_payload_ram/U4062	0	0.759024
u_payload_ram/U1015	0	0.855193
u_payload_ram/U2463	0	1.23983
u_payload_ram/U1007	0	2.05806
u_payload_ram/mem_reg[88][2]	0	0.722473
u_payload_ram/U617	0	1.43538
u_payload_ram/mem_reg[88][3]	0	2.52218
u_payload_ram/PLACE_HFSINV_302_112	0	1.55556
u_payload_ram/U2466	0	1.01823
u_payload_ram/U4054	0	0.732218
u_payload_ram/U688	0	1.32801
u_payload_ram/U3507	0	0.627481
u_payload_ram/U546	0	0.929992
u_payload_ram/mem_reg[91][3]	0	0.796562
u_payload_ram/U2462	0	1.60723
u_payload_ram/U687	0	1.60361
u_payload_ram/mem_reg[88][1]	0	2.71627
u_payload_ram/U2450	0	0.992218
u_payload_ram/U3318	0	2.11995
u_payload_ram/mem_reg[82][4]	0	2.09033
u_payload_ram/mem_reg[81][6]	0	1.64946
u_payload_ram/U562	0	0.585795
u_payload_ram/mem_reg[90][2]	0	1.38836
u_payload_ram/mem_reg[76][0]	0	1.67797
u_payload_ram/mem_reg[79][6]	0	0.956651
u_payload_ram/mem_reg[83][4]	0	0.845845
u_payload_ram/mem_reg[115][7]	0	0.652793
u_payload_ram/mem_reg[79][4]	0	2.55993
u_payload_ram/U1868	0	1.98053
u_payload_ram/mem_reg[33][4]	0	1.12671
u_payload_ram/mem_reg[89][1]	0	1.23998
u_payload_ram/mem_reg[85][7]	0	1.03642
u_payload_ram/mem_reg[94][1]	0	1.21787
u_payload_ram/U2470	0	0.970289
u_payload_ram/mem_reg[81][5]	0	0.694279
u_payload_ram/U560	0	0.591983
u_payload_ram/mem_reg[85][4]	0	1.56091
u_payload_ram/mem_reg[36][7]	0	1.38122
u_payload_ram/PLACE_HFSBUF_2773_407	0	1.55556
u_payload_ram/U4220	0	1.79786
u_payload_ram/U2387	0	0.710502
u_payload_ram/mem_reg[90][1]	0	1.36046
u_payload_ram/U2074	0	1.11362
u_payload_ram/U2377	0	1.57828
u_payload_ram/U555	0	1.32556
u_payload_ram/U552	0	0.966555
u_payload_ram/mem_reg[37][7]	0	1.10367
u_payload_ram/U660	0	1.51551
u_payload_ram/mem_reg[89][2]	0	1.77504
u_payload_ram/U674	0	1.86234
u_payload_ram/PLACE_HFSBUF_41_1221	0	0.555556
u_payload_ram/U368	0	0.620247
u_payload_ram/U1040	0	1.13064
u_payload_ram/U556	0	1.94954
u_payload_ram/PLACE_HFSBUF_143_1045	0	0.555556
u_payload_ram/PLACE_HFSBUF_702_199	0	1.55556
u_payload_ram/mem_reg[80][7]	0	0.915683
u_payload_ram/U2461	0	0.931593
u_payload_ram/U619	0	1.45041
u_payload_ram/mem_reg[115][5]	0	0.937157
u_payload_ram/mem_reg[115][3]	0	2.87261
u_payload_ram/U2803	0	0.679441
u_payload_ram/mem_reg[93][3]	0	0.843966
u_payload_ram/mem_reg[76][1]	0	0.869035
u_payload_ram/U685	0	0.716593
u_payload_ram/mem_reg[114][2]	0	1.20945
u_payload_ram/U3218	0	0.683295
u_payload_ram/U1001	0	1.20308
u_payload_ram/mem_reg[92][5]	0	2.84634
u_payload_ram/U370	0	1.78513
u_payload_ram/mem_reg[113][2]	0	2.24468
u_payload_ram/U2116	0	1.4045
u_payload_ram/U576	0	1.71236
u_payload_ram/mem_reg[92][3]	0	0.633534
u_payload_ram/U658	0	2.34852
u_payload_ram/mem_reg[93][7]	0	0.8036
u_payload_ram/U682	0	0.633557
u_payload_ram/PLACE_HFSBUF_1798_208	0	0.555556
u_payload_ram/PLACE_HFSBUF_721_1369	0	0.555556
u_payload_ram/PLACE_HFSBUF_1967_210	0	1.55556
u_payload_ram/mem_reg[84][2]	0	1.72278
u_payload_ram/mem_reg[93][6]	0	2.36063
u_payload_ram/U1822	0	1.63836
u_payload_ram/U548	0	0.934715
u_payload_ram/PLACE_HFSINV_329_123	0	0.555556
u_payload_ram/mem_reg[115][2]	0	2.29171
u_payload_ram/U2805	0	0.895336
u_payload_ram/U3701	0	1.56154
u_payload_ram/PLACE_HFSINV_520_80	0	1.55556
u_payload_ram/U592	0	0.713711
u_payload_ram/U3508	0	1.78171
u_payload_ram/U4070	0	1.12187
u_payload_ram/PLACE_HFSBUF_1359_2	0	0.555556
u_payload_ram/mem_reg[78][4]	0	2.17567
u_payload_ram/U1161	0	1.00821
u_payload_ram/U580	0	0.560312
u_payload_ram/U545	0	1.79098
u_payload_ram/U591	0	0.602886
u_payload_ram/PLACE_HFSBUF_779_1308	0	1.55556
u_payload_ram/PLACE_HFSBUF_145_1309	0	0.555556
u_payload_ram/mem_reg[77][5]	0	1.19198
u_payload_ram/U2012	0	1.59438
u_payload_ram/mem_reg[36][6]	0	0.637816
u_payload_ram/mem_reg[77][7]	0	2.22087
u_payload_ram/U588	0	1.69457
u_payload_ram/U2555	0	2.53033
u_payload_ram/mem_reg[91][1]	0	0.820656
u_payload_ram/U2432	0	0.895883
u_payload_ram/mem_reg[116][6]	0	0.807276
u_zp_mux/U8	0	1.04478
u_payload_ram/U4150	0	2.23683
u_payload_ram/U2304	0	0.807211
u_payload_ram/mem_reg[85][6]	0	1.74622
u_payload_ram/PLACE_HFSINV_330_96	0	0.555556
u_payload_ram/U3697	0	0.829402
u_payload_ram/U517	0	1.81742
u_payload_ram/U2185	0	1.45871
u_payload_ram/U3696	0	1.31978
u_payload_ram/mem_reg[77][4]	0	2.15736
u_payload_ram/mem_reg[114][3]	0	1.3873
u_payload_ram/U3527	0	0.980687
u_payload_ram/U3885	0	1.14897
u_payload_ram/U578	0	2.04456
u_payload_ram/U3431	0	0.78485
u_payload_ram/U542	0	1.53603
u_payload_ram/U633	0	1.05537
u_zp_mux/U7	0	0.734113
u_payload_ram/U2164	0	0.685791
u_payload_ram/mem_reg[90][3]	0	0.763904
u_payload_ram/U2352	0	0.843557
u_payload_ram/U596	0	2.49711
u_payload_ram/U3609	0	1.00777
u_payload_ram/U3319	0	1.93613
u_payload_ram/U2465	0	1.13779
u_payload_ram/U1450	0	0.682519
u_payload_ram/U1590	0	2.51822
u_zp_mux/U11	0	1.44344
u_payload_ram/U3336	0	0.71125
u_payload_ram/U1006	0	1.05017
u_payload_ram/U4193	0	0.586617
u_payload_ram/U3733	0	0.880972
u_payload_ram/U553	0	1.42782
u_payload_ram/mem_reg[90][7]	0	1.34539
u_payload_ram/U3598	0	1.02329
u_payload_ram/mem_reg[90][0]	0	2.10965
u_payload_ram/mem_reg[94][7]	0	1.15525
u_payload_ram/U635	0	1.5399
u_payload_ram/mem_reg[117][5]	0	1.28649
u_payload_ram/U550	0	1.08084
u_payload_ram/PLACE_HFSBUF_333_1270	0	0.555556
u_payload_ram/U369	0	1.94119
u_payload_ram/mem_reg[116][3]	0	1.18782
u_payload_ram/mem_reg[80][5]	0	0.629155
u_payload_ram/U3698	0	2.14488
u_payload_ram/U1020	0	0.836335
u_payload_ram/U572	0	1.17519
u_payload_ram/U590	0	2.88741
u_payload_ram/mem_reg[113][3]	0	1.8275
u_payload_ram/U3592	0	1.41586
u_payload_ram/U2076	0	1.24585
u_payload_ram/mem_reg[117][7]	0	1.62553
u_payload_ram/PLACE_HFSBUF_87_1342	0	0.555556
u_payload_ram/U636	0	0.920108
u_payload_ram/U2313	0	1.16845
u_payload_ram/U547	0	0.788557
u_payload_ram/U2682	0.125	0.561717
u_payload_ram/mem_reg[37][6]	0	0.851447
u_payload_ram/U1036	0	1.07254
u_payload_ram/U587	0	2.36253
u_payload_ram/U376	0	1.23897
u_payload_ram/U2402	0	1.03323
u_payload_ram/U3314	0	0.576404
u_payload_ram/PLACE_HFSINV_287_294	0	1.55556
u_payload_ram/PLACE_HFSINV_35_842	0	1.55556
u_payload_ram/mem_reg[89][7]	0	0.759988
u_payload_ram/mem_reg[88][7]	0	0.613534
u_payload_ram/U2226	0	0.93515
u_payload_ram/U381	0	1.53521
u_payload_ram/mem_reg[90][5]	0	1.6566
u_payload_ram/PLACE_HFSINV_352_187	0	0.555556
u_payload_ram/PLACE_HFSINV_360_347	0	0.555556
u_payload_ram/U634	0	2.16341
u_payload_ram/U4098	0	0.685965
u_payload_ram/U566	0	1.29778
u_payload_ram/mem_reg[93][4]	0	0.578804
u_payload_ram/U3705	0	1.22573
u_payload_ram/mem_reg[117][3]	0	3.19073
u_payload_ram/PLACE_HFSINV_655_343	0	1.55556
u_payload_ram/PLACE_HFSINV_498_1223	0	1.55556
u_payload_ram/PLACE_HFSBUF_220_1238	0	0.555556
u_payload_ram/U3706	0	1.58337
u_payload_ram/U4038	0	1.36614
u_payload_ram/U3864	0	2.19593
u_payload_ram/mem_reg[94][4]	0	0.738337
u_payload_ram/U1969	0	0.881343
u_payload_ram/PLACE_HFSINV_457_135	0	0.555556
u_payload_ram/U3334	0	0.767647
u_payload_ram/U4085	0	1.90468
u_payload_ram/U3323	0	1.53887
u_payload_ram/U2464	0	1.86328
u_payload_ram/U3622	0	0.619425
u_payload_ram/U2694	0	0.934498
u_payload_ram/mem_reg[91][7]	0	0.602897
u_payload_ram/mem_reg[93][1]	0	2.24625
u_payload_ram/U3350	0	1.63594
u_payload_ram/U281	0	0.699498
u_payload_ram/mem_reg[94][6]	0	2.17914
u_payload_ram/U589	0	0.86125
u_payload_ram/U549	0	0.7887
u_payload_ram/mem_reg[32][7]	0	1.70697
u_payload_ram/U2224	0	0.863974
u_payload_ram/U3624	0	1.42329
u_payload_ram/U3553	0	2.13082
u_payload_ram/mem_reg[89][6]	0	2.01975
u_payload_ram/U2184	0	2.36923
u_payload_ram/mem_reg[83][6]	0	1.37841
u_payload_ram/PLACE_HFSBUF_619_1347	0	1.55556
u_payload_ram/PLACE_HFSBUF_560_1348	0	0.555556
u_payload_ram/mem_reg[113][5]	0	1.41129
u_payload_ram/mem_reg[125][5]	0	1.12664
u_zp_mux/U19	0	1.73103
u_payload_ram/U279	0	0.922411
u_zp_mux/PLACE_HFSINV_161_1210	0	0.555556
u_zp_mux/PLACE_HFSBUF_656_1213	0	1.55556
u_payload_ram/PLACE_HFSBUF_444_216	0	0.555556
u_payload_ram/PLACE_HFSBUF_424_217	0	1.55556
u_zp_mux/U2	0	1.84074
u_payload_ram/U3623	0	1.12455
u_payload_ram/U3335	0	1.38054
u_payload_ram/U280	0	1.00258
u_payload_ram/U2442	0.1875	2.46703
u_payload_ram/mem_reg[125][6]	0	0.679271
u_payload_ram/U373	0	0.581674
u_payload_ram/U3568	0	0.68706
u_payload_ram/U3339	0	0.659012
u_payload_ram/U979	0	2.4944
u_payload_ram/mem_reg[83][7]	0	0.905274
u_payload_ram/PLACE_HFSBUF_633_1262	0	1.55556
u_payload_ram/U3217	0	0.62512
u_payload_ram/U3562	0	1.28941
u_payload_ram/PLACE_HFSBUF_622_1281	0	0.493827
u_payload_ram/U570	0	0.915432
u_payload_ram/U3394	0	0.679244
u_payload_ram/U1613	0	0.589005
u_payload_ram/U382	0	1.19054
u_payload_ram/U1038	0	0.555367
u_payload_ram/U3206	0	1.69449
u_payload_ram/mem_reg[127][5]	0	1.12373
u_payload_ram/U389	0	1.3899
u_payload_ram/mem_reg[89][0]	0	0.892126
u_payload_ram/mem_reg[83][5]	0	2.15118
u_payload_ram/mem_reg[88][0]	0	2.15301
u_payload_ram/mem_reg[127][6]	0	1.78788
u_zp_mux/U22	0	0.789992
u_payload_ram/mem_reg[93][0]	0	1.76894
u_payload_ram/U3626	0	0.626107
u_payload_ram/U2356	0	1.69973
u_payload_ram/U569	0	1.29551
u_payload_ram/U565	0	1.15884
u_payload_ram/PLACE_HFSBUF_57_1218	0	1.55556
u_payload_ram/PLACE_HFSBUF_103_1217	0	0.555556
u_payload_ram/U3537	0	1.9147
u_payload_ram/U2379	0	2.39154
u_payload_ram/U4231	0	2.2788
u_payload_ram/mem_reg[91][0]	0	1.55377
u_payload_ram/U3662	0	1.71128
u_payload_ram/U563	0	1.03948
u_zp_mux/U3	0	1.97549
u_payload_ram/U3216	0	0.592936
u_payload_ram/mem_reg[95][2]	0	0.817434
u_payload_ram/PLACE_HFSBUF_394_1273	0	0.555556
u_payload_ram/U3554	0	0.871647
u_payload_ram/U577	0	1.94735
u_zp_mux/U14	0	0.856964
u_payload_ram/U1014	0	1.87498
u_payload_ram/U3666	0	0.648522
u_payload_ram/U390	0	0.938727
u_payload_ram/U1013	0	2.23113
u_payload_ram/mem_reg[33][6]	0	0.982689
u_payload_ram/U3208	0	0.779124
u_payload_ram/PLACE_HFSBUF_821_1315	0	0.555556
u_payload_ram/U3652	0	0.642353
u_payload_ram/mem_reg[127][4]	0	0.767928
u_payload_ram/U3393	0	0.84659
u_payload_ram/U1978	0	1.11691
u_payload_ram/PLACE_HFSBUF_622_1326	0	0.555556
PLACE_HFSINV_4898_377	0	0.54321
u_payload_ram/U1975	0	2.17889
u_payload_ram/mem_reg[127][1]	0	3.02567
u_payload_ram/U595	0	1.85086
u_payload_ram/U377	0	0.54608
u_payload_ram/U571	0	0.997924
u_payload_ram/PLACE_HFSINV_380_234	0	0.54321
u_payload_ram/U1005	0	0.961273
u_payload_ram/U3219	0	1.57294
u_payload_ram/U375	0	0.837836
u_payload_ram/U579	0	0.553684
u_payload_ram/U3880	0	1.743
u_payload_ram/U2717	0	1.59581
u_payload_ram/U3538	0	0.785741
u_payload_ram/U2167	0	0.829298
u_payload_ram/mem_reg[37][5]	0	0.668542
u_payload_ram/mem_reg[40][6]	0	0.572967
u_payload_ram/mem_reg[91][5]	0	1.29105
u_payload_ram/U615	0	1.36854
u_payload_ram/U541	0	0.780567
u_payload_ram/mem_reg[32][6]	0	1.4944
u_payload_ram/PLACE_HFSBUF_685_1323	0	1.55556
u_payload_ram/U1768	0	0.663403
u_payload_ram/mem_reg[90][4]	0	1.84399
u_zp/U250	0	1.23706
u_payload_ram/U1778	0	1.20787
u_payload_ram/mem_reg[36][5]	0	1.01973
u_payload_ram/U294	0	0.690899
u_payload_ram/mem_reg[88][6]	0	2.07261
u_payload_ram/U358	0	0.967897
u_zp_mux/U16	0	1.59255
u_payload_ram/U558	0	2.60322
u_payload_ram/U2579	0	1.29167
u_payload_ram/U3546	0	1.94229
u_payload_ram/mem_reg[92][6]	0	1.30933
u_payload_ram/U1966	0	1.88228
u_payload_ram/U1035	0	2.11228
u_payload_ram/U2117	0	0.786335
u_payload_ram/mem_reg[94][0]	0	0.975876
u_payload_ram/U4247	0	1.74914
u_payload_ram/U296	0	1.90774
u_payload_ram/U585	0	0.692095
u_payload_ram/U3653	0	0.886748
u_payload_ram/U1600	0	1.89441
u_payload_ram/U632	0	1.86375
u_payload_ram/U533	0	1.51101
u_payload_ram/U3569	0	1.0241
u_payload_ram/U125	0	0.812145
u_payload_ram/U380	0	0.630162
u_payload_ram/mem_reg[91][6]	0	0.974761
u_payload_ram/U593	0	0.963457
u_payload_ram/mem_reg[92][1]	0	1.10287
u_payload_ram/mem_reg[114][5]	0	1.08822
u_payload_ram/U2367	0	1.41005
u_payload_ram/U3708	0	1.12352
u_payload_ram/mem_reg[125][3]	0	1.12454
u_payload_ram/PLACE_HFSINV_386_1287	0	0.555556
PLACE_HFSBUF_5212_f_378	0	1.53086
PLACE_HFSBUF_5030_f_382	0	1.46914
u_payload_ram/PLACE_HFSBUF_366_1291	0	1.55556
u_payload_ram/U297	0	0.773974
u_payload_ram/U2095	0	1.31137
u_payload_ram/mem_reg[91][4]	0	2.78496
u_payload_ram/U295	0	0.783206
u_payload_ram/U3518	0	1.08018
u_payload_ram/PLACE_HFSBUF_1144_7	0	0.555556
u_payload_ram/mem_reg[115][4]	0	0.582377
u_payload_ram/mem_reg[90][6]	0	1.07864
u_payload_ram/mem_reg[89][4]	0	0.599414
u_zp_mux/U9	0	1.62323
u_payload_ram/PLACE_HFSINV_932_1330	0	1.55556
u_payload_ram/PLACE_HFSBUF_1020_1333	0	1.50617
u_payload_ram/PLACE_HFSINV_1573_1331	0	1.48148
u_payload_ram/mem_reg[113][6]	0	0.608711
u_payload_ram/U2016	0	2.04638
u_payload_ram/U1562	0	0.662461
u_zp/U132	0	1.84451
u_payload_ram/mem_reg[114][1]	0	1.39429
u_zp_mux/U6	0	1.01144
u_payload_ram/mem_reg[115][6]	0	0.973808
u_payload_ram/mem_reg[33][3]	0	0.993349
u_payload_ram/U4195	0	1.18606
u_payload_ram/mem_reg[35][6]	0	2.78674
u_payload_ram/U3205	0	2.84775
u_payload_ram/U326	0	1.25475
u_payload_ram/U3281	0	1.53056
u_payload_ram/U2716	0	0.81331
u_payload_ram/PLACE_HFSBUF_273_1346	0	0.555556
u_payload_ram/PLACE_HFSBUF_46_1220	0	0.555556
u_payload_ram/PLACE_HFSBUF_100_1219	0	0.481481
u_payload_ram/mem_reg[88][4]	0	1.22899
u_payload_ram/mem_reg[85][2]	0	1.26397
u_payload_ram/U1047	0	2.45772
u_payload_ram/U564	0	1.31539
u_payload_ram/U586	0	2.06299
u_payload_ram/PLACE_HFSINV_328_345	0	1.55556
u_payload_ram/U3303	0	0.810436
u_payload_ram/U2022	0	0.65767
u_payload_ram/PLACE_HFSBUF_439_1254	0	0.555556
u_payload_ram/U535	0	2.16455
u_payload_ram/U2372	0	1.61586
u_payload_ram/mem_reg[83][3]	0	0.611543
u_payload_ram/mem_reg[124][3]	0	1.55371
u_payload_ram/U3656	0	1.06794
u_payload_ram/mem_reg[125][4]	0	0.856296
u_payload_ram/mem_reg[88][5]	0	2.38545
u_payload_ram/U3313	0	2.14502
u_zp_mux/U17	0	0.814695
u_payload_ram/U693	0	1.58043
u_payload_ram/mem_reg[120][3]	0	0.746713
u_payload_ram/U3207	0	0.649942
u_payload_ram/U2362	0	1.02002
u_payload_ram/U3614	0	1.69415
u_payload_ram/mem_reg[120][4]	0	2.49158
u_payload_ram/mem_reg[114][6]	0	2.12537
u_zp_mux/U5	0	1.35592
u_payload_ram/U278	0	1.33275
u_payload_ram/mem_reg[126][1]	0	1.09568
u_payload_ram/mem_reg[120][5]	0	2.28734
u_payload_ram/U3657	0	1.51708
u_payload_ram/PLACE_HFSBUF_1202_6	0	1.55556
u_zp_mux/U13	0	0.874363
u_payload_ram/U4160	0	0.983125
u_payload_ram/mem_reg[121][5]	0	0.655297
u_payload_ram/U557	0	0.997153
u_payload_ram/U367	0	1.05109
u_payload_ram/U253	0	1.66672
u_payload_ram/mem_reg[84][5]	0	1.1459
u_payload_ram/U2125	0	0.553665
u_payload_ram/U2166	0	1.11074
u_payload_ram/PLACE_HFSINV_450_290	0	1.55556
u_payload_ram/U3660	0	2.10423
u_payload_ram/mem_reg[113][7]	0	1.35837
u_payload_ram/U3658	0	1.55625
u_payload_ram/U3214	0	1.11187
u_payload_ram/mem_reg[92][7]	0	1.27346
u_payload_ram/U3866	0	0.637897
u_payload_ram/mem_reg[32][4]	0	1.74023
u_zp/U58	0	0.688742
u_payload_ram/PLACE_HFSBUF_1023_1283	0	0.555556
u_payload_ram/PLACE_HFSBUF_862_1282	0	0.481481
u_payload_ram/U276	0	0.908005
u_payload_ram/mem_reg[117][6]	0	0.804001
u_payload_ram/mem_reg[95][0]	0	0.883646
u_payload_ram/mem_reg[89][5]	0	0.981123
u_payload_ram/mem_reg[40][5]	0	2.89337
u_payload_ram/PLACE_HFSBUF_993_1368	0	0.555556
u_payload_ram/U2029	0	0.852897
u_payload_ram/U2067	0	0.816211
u_payload_ram/U254	0	1.83672
u_payload_ram/U1046	0	0.596092
u_payload_ram/U3746	0	1.45159
u_payload_ram/mem_reg[116][4]	0	2.51609
u_zp_mux/U23	0	1.94916
u_payload_ram/U3699	0	0.976929
u_payload_ram/PLACE_HFSINV_362_260	0	1.51852
u_payload_ram/U1401	0	0.661192
u_payload_ram/U302	0	2.38634
u_payload_ram/U3212	0	1.27312
u_payload_ram/mem_reg[122][5]	0	0.931123
u_payload_ram/PLACE_HFSBUF_308_34	0	1.54321
u_payload_ram/U4068	0	0.831323
u_payload_ram/U544	0	2.66773
u_payload_ram/mem_reg[33][1]	0	0.766366
u_payload_ram/U2233	0	0.993607
u_payload_ram/U3204	0	1.35551
u_payload_ram/U2181	0	1.72141
u_payload_ram/U2471	0	0.638515
u_payload_ram/U3210	0	1.61659
u_payload_ram/U2026	0	2.22166
u_payload_ram/PLACE_HFSBUF_149_962	0	0.555556
u_payload_ram/mem_reg[114][4]	0	1.5996
u_payload_ram/mem_reg[127][3]	0	1.40581
u_payload_ram/U379	0	0.768773
u_payload_ram/U2724	0	1.27921
u_zp_mux/U21	0	0.602832
u_payload_ram/mem_reg[94][3]	0	0.565089
u_zp_mux/U12	0	1.15239
u_payload_ram/mem_reg[92][0]	0	0.675297
u_payload_ram/U2604	0	2.31028
u_payload_ram/mem_reg[121][0]	0	0.726454
u_payload_ram/mem_reg[84][4]	0	0.647666
u_payload_ram/U371	0	1.02335
u_payload_ram/U621	0	1.07676
u_payload_ram/mem_reg[120][6]	0	1.32868
u_payload_ram/U2119	0	2.62446
u_payload_ram/U303	0	1.80624
u_payload_ram/PLACE_HFSBUF_879_202	0	0.555556
u_payload_ram/PLACE_HFSBUF_919_201	0	1.55556
u_payload_ram/U2169	0	1.14675
u_payload_ram/U372	0	1.3276
u_payload_ram/U4187	0	1.53032
u_payload_ram/U3704	0	1.33191
u_payload_ram/mem_reg[116][2]	0	0.690586
u_payload_ram/PLACE_HFSBUF_1017_386	0	1.55556
u_payload_ram/PLACE_HFSBUF_110_1233	0	1.55556
u_payload_ram/PLACE_HFSBUF_1819_390	0	0.555556
u_payload_ram/PLACE_HFSBUF_1390_392	0	1.55556
u_payload_ram/U4248	0	2.15905
u_payload_ram/U1962	0	0.629055
u_payload_ram/U32	0	0.728202
u_payload_ram/U3539	0	0.605544
u_payload_ram/U2168	0	1.7627
u_payload_ram/PLACE_HFSBUF_233_338	0	0.54321
u_payload_ram/PLACE_HFSINV_602_74	0	0.555556
u_payload_ram/PLACE_HFSBUF_186_337	0	1.55556
u_payload_ram/U2188	0	0.83184
u_payload_ram/U4198	0	1.60439
u_payload_ram/U3517	0	0.596559
u_payload_ram/PLACE_HFSINV_367_232	0	1.55556
u_payload_ram/U4139	0	0.718881
u_payload_ram/mem_reg[114][0]	0	0.648819
u_zp_mux/U10	0	1.99737
u_payload_ram/U561	0	0.814742
u_payload_ram/U3521	0	1.00431
u_payload_ram/mem_reg[124][4]	0	1.74196
u_payload_ram/U3596	0	1.41111
u_payload_ram/U3867	0	1.23169
u_payload_ram/U388	0	1.17285
u_payload_ram/U1044	0	1.93103
u_zp/U181	0	1.41572
u_zp/U182	0	0.913191
u_payload_ram/U3278	0	2.37593
u_payload_ram/PLACE_HFSBUF_442_36	0	0.555556
u_payload_ram/U335	0	0.724633
u_payload_ram/U2469	0	0.844495
u_payload_ram/U305	0	0.946123
u_payload_ram/mem_reg[115][0]	0	0.682103
u_payload_ram/U2180	0	0.982106
u_payload_ram/U3280	0	0.748769
u_payload_ram/mem_reg[35][4]	0	0.870872
u_payload_ram/U613	0	2.31087
u_payload_ram/U856	0	0.959765
u_payload_ram/U304	0	2.00415
u_zp_mux/U18	0	2.99386
u_payload_ram/PLACE_HFSINV_535_308	0	0.555556
u_payload_ram/U575	0	0.813889
u_payload_ram/U728	0	2.20665
u_payload_ram/U285	0	0.589846
u_payload_ram/U4202	0	1.34166
u_zp_mux/U15	0	0.717431
u_payload_ram/PLACE_HFSBUF_226_843	0	0.555556
u_payload_ram/U4258	0	1.34948
u_payload_ram/U4214	0	1.25748
u_payload_ram/U4245	0	2.11513
u_payload_ram/U2511	0	2.69727
u_payload_ram/U282	0	0.978326
u_payload_ram/U3277	0	0.591941
u_payload_ram/mem_reg[85][0]	0	0.742338
u_payload_ram/U2501	0	0.832164
u_payload_ram/mem_reg[124][5]	0	0.560193
u_payload_ram/U255	0	0.787427
u_payload_ram/U530	0	2.06991
u_payload_ram/U2174	0	2.21188
u_payload_ram/mem_reg[29][7]	0	1.47816
u_payload_ram/mem_reg[35][5]	0	0.718326
u_payload_ram/PLACE_HFSBUF_165_14	0	1.55556
u_payload_ram/mem_reg[33][5]	0	0.67419
u_payload_ram/mem_reg[115][1]	0	2.25581
u_payload_ram/U298	0	0.716165
u_payload_ram/mem_reg[92][4]	0	3.29168
u_payload_ram/mem_reg[126][2]	0	1.43561
u_zp_mux/U1	0	1.07029
u_payload_ram/mem_reg[113][1]	0	1.76593
u_payload_ram/U284	0	1.21634
u_payload_ram/PLACE_HFSINV_457_127	0	0.555556
u_payload_ram/U387	0	1.06308
u_payload_ram/U2835	0	1.15224
u_payload_ram/U534	0	2.61817
u_zp_mux/U4	0	1.02943
u_payload_ram/mem_reg[84][0]	0	2.20342
u_payload_ram/U330	0	0.76799
u_payload_ram/PLACE_HFSINV_364_191	0	1.53086
u_payload_ram/PLACE_HFSBUF_1193_1336	0	1.55556
u_payload_ram/U4197	0	0.947778
u_payload_ram/U1037	0	0.550505
u_payload_ram/U4074	0	0.494244
u_payload_ram/mem_reg[122][3]	0	1.23719
u_payload_ram/mem_reg[84][1]	0	0.629433
u_payload_ram/PLACE_HFSINV_338_236	0	0.555556
u_payload_ram/U1039	0	0.870123
u_payload_ram/U334	0	1.14517
u_payload_ram/U1608	0	0.656242
u_payload_ram/U3881	0	1.59442
u_payload_ram/U2017	0	0.913638
u_payload_ram/U1018	0	0.785374
u_payload_ram/U336	0	1.30753
u_payload_ram/U4159	0	1.67384
u_payload_ram/U3276	0	1.95211
u_payload_ram/PLACE_HFSINV_825_227	0	1.55556
u_payload_ram/mem_reg[127][7]	0	1.48501
u_payload_ram/mem_reg[95][1]	0	0.887222
u_payload_ram/U4246	0	2.4497
u_payload_ram/mem_reg[95][5]	0	0.859379
u_payload_ram/mem_reg[113][0]	0	0.900633
u_payload_ram/PLACE_HFSBUF_1496_387	0	0.555556
u_payload_ram/mem_reg[25][5]	0	1.06785
u_payload_ram/U189	0	1.25078
u_payload_ram/U252	0	2.0391
u_payload_ram/mem_reg[95][4]	0	1.98799
u_payload_ram/mem_reg[35][7]	0	1.31933
u_payload_ram/U289	0	1.07224
u_payload_ram/U2027	0	2.59799
u_payload_ram/U2005	0	1.64043
u_payload_ram/U337	0	1.37365
u_payload_ram/mem_reg[33][7]	0	1.25902
u_payload_ram/U2513	0	0.9189
u_payload_ram/U2477	0	2.05512
u_payload_ram/mem_reg[29][3]	0	0.634468
u_payload_ram/U3324	0	1.07753
u_payload_ram/mem_reg[121][3]	0	1.02296
u_payload_ram/mem_reg[122][0]	0	1.92968
u_payload_ram/U357	0	2.00622
u_payload_ram/PLACE_HFSBUF_866_629	0	0.555556
u_payload_ram/U355	0	2.60369
u_payload_ram/U3740	0	1.79142
u_payload_ram/mem_reg[125][7]	0	0.830644
u_payload_ram/U3682	0	1.28262
u_payload_ram/PLACE_HFSBUF_57_18	0	1.55556
u_payload_ram/PLACE_HFSBUF_101_13	0	0.555556
u_payload_ram/U1025	0	1.55745
u_payload_ram/U790	0	0.870602
u_payload_ram/PLACE_HFSINV_639_230	0	0.555556
u_payload_ram/mem_reg[124][6]	0	2.44338
u_payload_ram/U2333	0	0.781381
u_payload_ram/U1886	0	1.74084
u_payload_ram/PLACE_HFSBUF_1364_616	0	0.54321
u_payload_ram/mem_reg[113][4]	0	0.795895
u_payload_ram/U3865	0	1.26699
u_payload_ram/U2411	0	0.682153
u_payload_ram/U627	0	1.89756
u_payload_ram/mem_reg[121][7]	0	2.99417
u_payload_ram/U2216	0	1.08316
u_payload_ram/mem_reg[34][6]	0	0.771833
u_payload_ram/mem_reg[21][5]	0	0.603002
u_payload_ram/U4250	0	1.72285
u_zp/U180	0	0.886451
u_payload_ram/PLACE_HFSBUF_260_1307	0	0.555556
u_zp/U21	0	1.08444
u_payload_ram/U1043	0	0.869475
u_payload_ram/U288	0	1.46785
u_payload_ram/U1535	0	0.711925
u_payload_ram/U2449	0	1.01213
u_payload_ram/U3595	0	0.560872
u_payload_ram/U1102	0	0.853461
u_payload_ram/PLACE_HFSBUF_1536_388	0	0.555556
u_payload_ram/PLACE_HFSBUF_1086_393	0	1.55556
u_payload_ram/PLACE_HFSBUF_1144_394	0	0.555556
u_payload_ram/PLACE_HFSBUF_1577_389	0	1.55556
u_payload_ram/mem_reg[117][0]	0	0.574807
u_payload_ram/U2422	0	0.967292
u_payload_ram/mem_reg[121][4]	0	0.655459
u_payload_ram/U4235	0	1.27996
u_payload_ram/U3322	0	0.686165
u_payload_ram/mem_reg[34][5]	0	0.576582
u_payload_ram/mem_reg[117][2]	0	2.5973
u_payload_ram/mem_reg[126][6]	0	0.797199
u_payload_ram/mem_reg[34][1]	0	2.82265
u_payload_ram/U283	0	1.59927
u_payload_ram/U3256	0	0.847323
u_payload_ram/mem_reg[112][3]	0	0.920517
u_payload_ram/mem_reg[4][1]	0	1.28587
u_zp/U169	0	0.74995
u_payload_ram/U3771	0	1.17804
u_payload_ram/mem_reg[4][3]	0	1.00445
u_payload_ram/U3627	0	0.944915
u_payload_ram/mem_reg[33][0]	0	1.4892
u_payload_ram/U2170	0	0.999032
u_payload_ram/U4199	0	1.66847
u_payload_ram/PLACE_HFSBUF_924_630	0	1.55556
u_payload_ram/PLACE_HFSBUF_850_1296	0	1.55556
u_payload_ram/PLACE_HFSINV_512_94	0	0.555556
u_payload_ram/U3703	0	0.541478
u_payload_ram/U3713	0	0.625567
u_payload_ram/U2690	0	2.16362
u_payload_ram/U3861	0	1.32978
u_payload_ram/U1169	0	0.619012
u_payload_ram/U3036	0	0.769117
u_payload_ram/U3597	0	1.93691
u_payload_ram/U1045	0	1.07832
u_payload_ram/U2791	0	0.863021
u_payload_ram/mem_reg[126][0]	0	0.584136
u_payload_ram/mem_reg[117][4]	0	0.652928
u_payload_ram/mem_reg[121][6]	0	2.78495
u_zp/U39	0	1.1358
u_payload_ram/PLACE_HFSBUF_735_606	0	2.48148
u_payload_ram/PLACE_HFSBUF_1173_1314	0	1.55556
u_payload_ram/PLACE_HFSBUF_1080_1313	0	0.555556
u_payload_ram/PLACE_HFSBUF_1319_617	0	2.53086
u_payload_ram/mem_reg[84][6]	0	1.70591
u_payload_ram/U4244	0	1.44004
u_payload_ram/mem_reg[123][5]	0	0.77147
u_payload_ram/U1065	0	0.783256
u_payload_ram/PLACE_HFSBUF_499_1289	0	1.55556
u_payload_ram/PLACE_HFSBUF_542_1290	0	1.48148
u_payload_ram/U1072	0	1.53421
u_payload_ram/U2176	0	1.61042
u_payload_ram/U1921	0	0.730768
u_payload_ram/U4251	0	0.813472
u_payload_ram/U2114	0	0.964232
u_payload_ram/U385	0	1.80026
u_payload_ram/mem_reg[126][5]	0	1.93008
u_payload_ram/U1068	0	1.21339
u_payload_ram/U1103	0	1.07867
u_zp/U251	0	0.837828
u_payload_ram/mem_reg[112][7]	0	0.707388
u_payload_ram/U402	0	0.946053
u_payload_ram/U3519	0	1.03962
u_payload_ram/mem_reg[32][3]	0	0.929572
u_payload_ram/U4243	0	1.29105
u_payload_ram/mem_reg[33][2]	0	2.99484
u_payload_ram/mem_reg[34][3]	0	0.595602
u_payload_ram/U1259	0	1.18237
u_payload_ram/mem_reg[16][0]	0	0.568627
u_payload_ram/U229	0	1.91595
u_payload_ram/mem_reg[112][0]	0	0.952056
u_payload_ram/mem_reg[35][3]	0	1.28177
u_payload_ram/U1985	0	0.759035
u_payload_ram/mem_reg[29][0]	0	0.947805
u_payload_ram/U2420	0	1.66829
u_payload_ram/U2565	0	1.01941
u_payload_ram/mem_reg[32][1]	0	1.81093
u_payload_ram/U1101	0	1.68579
u_payload_ram/U2371	0	1.03421
u_payload_ram/mem_reg[32][5]	0	2.2658
u_payload_ram/U4225	0	2.75597
u_payload_ram/mem_reg[122][4]	0	1.56066
u_payload_ram/U2412	0	0.836682
u_zp/U249	0	0.966154
u_zp/U28	0	1.27282
u_zp/U15	0	1.62448
u_payload_ram/mem_reg[25][6]	0	0.61387
u_payload_ram/U538	0	2.21417
u_payload_ram/PLACE_HFSBUF_1371_207	0	1.55556
u_payload_ram/PLACE_HFSBUF_775_200	0	1.55556
u_payload_ram/U2413	0	1.06368
u_payload_ram/U4249	0	2.05025
u_payload_ram/mem_reg[34][7]	0	2.11684
u_payload_ram/PLACE_HFSBUF_819_1264	0	0.555556
u_payload_ram/PLACE_HFSBUF_697_1265	0	0.555556
u_payload_ram/PLACE_HFSBUF_762_1263	0	1.55556
u_payload_ram/U338	0	0.855579
u_payload_ram/U300	0	0.709664
u_payload_ram/U231	0	1.62295
u_payload_ram/U1070	0	0.530814
u_payload_ram/PLACE_HFSBUF_658_416	0	1.55556
u_payload_ram/U4290	0	1.93736
u_payload_ram/U537	0	0.604579
u_payload_ram/PLACE_HFSBUF_531_417	0	0.555556
u_payload_ram/U275	0	0.734005
u_payload_ram/U386	0	0.722454
u_payload_ram/U287	0	1.24051
u_payload_ram/U1104	0	2.39031
u_payload_ram/U331	0	0.80642
u_payload_ram/mem_reg[121][2]	0	0.969333
u_payload_ram/U3588	0	1.03825
u_payload_ram/mem_reg[126][7]	0	0.75108
u_payload_ram/U398	0	0.718376
u_payload_ram/U2172	0	0.550876
u_payload_ram/U277	0	1.43548
u_payload_ram/mem_reg[25][4]	0	0.859344
u_zp/U270	0	0.772921
u_payload_ram/U4176	0	1.13108
u_payload_ram/U3344	0	1.82959
u_payload_ram/PLACE_HFSBUF_808_628	0	2.55556
u_payload_ram/mem_reg[121][1]	0	1.85497
u_payload_ram/mem_reg[123][4]	0	1.38195
u_payload_ram/U2899	0	2.29668
u_zp/U271	0	1.24786
u_payload_ram/U1134	0	0.901343
u_payload_ram/U1946	0	1.12727
u_payload_ram/U2509	0	1.44872
u_payload_ram/U1280	0	1.24557
u_payload_ram/mem_reg[124][1]	0	0.589711
u_payload_ram/mem_reg[3][4]	0	1.40894
u_payload_ram/U2386	0	1.31483
u_payload_ram/U286	0	0.745224
u_zp/U101	0	0.879711
u_payload_ram/PLACE_HFSINV_429_54	0	1.54321
u_payload_ram/PLACE_HFSBUF_744_1325	0	0.555556
u_payload_ram/PLACE_HFSBUF_815_1324	0	1.55556
u_payload_ram/PLACE_HFSBUF_1933_411	0	1.55556
u_payload_ram/PLACE_HFSBUF_2488_408	0	0.555556
u_payload_ram/mem_reg[29][5]	0	0.608812
u_payload_ram/mem_reg[120][7]	0	1.39572
u_payload_ram/U395	0	1.41564
u_payload_ram/U3103	0	0.646073
u_payload_ram/U356	0	0.902573
u_payload_ram/PLACE_HFSINV_183_1252	0	0.555556
u_payload_ram/mem_reg[19][1]	0	2.29438
u_payload_ram/U2195	0	1.89674
u_payload_ram/U4060	0	0.884645
u_payload_ram/U176	0	1.83656
u_payload_ram/U3847	0	2.42697
u_zp/U265	0	0.960887
u_payload_ram/mem_reg[124][7]	0	2.88795
u_payload_ram/U333	0	1.62608
u_payload_ram/U1419	0	0.556532
u_payload_ram/U2418	0	1.0183
u_zp/U155	0	0.970498
u_payload_ram/U3345	0	0.681431
u_payload_ram/U1136	0	0.991215
u_payload_ram/mem_reg[25][7]	0	2.34444
u_zp/U32	0	0.573522
u_payload_ram/mem_reg[123][1]	0	0.895042
u_payload_ram/U1026	0	0.984684
u_payload_ram/U3570	0	1.0285
u_payload_ram/mem_reg[120][0]	0	0.638812
u_payload_ram/mem_reg[127][2]	0	0.70762
u_payload_ram/U540	0	1.03917
u_payload_ram/mem_reg[116][0]	0	0.778592
u_payload_ram/PLACE_HFSBUF_968_326	0	0.555556
u_payload_ram/PLACE_HFSBUF_766_1244	0	1.55556
u_payload_ram/PLACE_HFSBUF_837_1243	0	0.54321
u_payload_ram/U292	0	1.89439
u_payload_ram/U2476	0	0.603268
u_payload_ram/mem_reg[4][5]	0	0.797519
u_payload_ram/U2508	0	1.84497
u_payload_ram/U1133	0	0.95782
u_payload_ram/U383	0	1.01199
u_payload_ram/mem_reg[14][0]	0	1.38375
u_payload_ram/mem_reg[35][1]	0	1.22145
u_payload_ram/U3104	0	1.87711
u_payload_ram/U227	0	1.04417
u_payload_ram/mem_reg[127][0]	0	2.13525
u_payload_ram/mem_reg[21][7]	0	0.850004
u_payload_ram/PLACE_HFSINV_393_359	0	0.493827
u_payload_ram/PLACE_HFSINV_709_244	0	1.55556
u_payload_ram/U1676	0	0.923939
u_payload_ram/U4144	0	1.31524
u_payload_ram/PLACE_HFSBUF_1310_203	0	0.555556
u_payload_ram/mem_reg[126][3]	0	1.30611
u_zp/U158	0	1.22136
u_payload_ram/U4024	0	0.671439
u_payload_ram/U1097	0	0.851304
u_payload_ram/mem_reg[16][3]	0	0.669618
u_zp/U267	0	0.682685
u_payload_ram/U332	0	2.31402
u_payload_ram/PLACE_HFSBUF_1434_625	0	1.55556
u_payload_ram/U1849	0	0.730096
u_payload_ram/mem_reg[16][1]	0	3.23492
u_payload_ram/U1278	0	2.51306
u_payload_ram/mem_reg[16][4]	0	1.41543
u_payload_ram/mem_reg[112][5]	0	1.47507
u_payload_ram/PLACE_HFSBUF_2426_405	0	0.555556
u_payload_ram/PLACE_HFSBUF_354_413	0	0.530864
u_payload_ram/PLACE_HFSBUF_57_339	0	1.55556
u_payload_ram/PLACE_HFSBUF_30_421	0	0.555556
u_payload_ram/U1734	0	0.747731
u_payload_ram/mem_reg[125][1]	0	0.69326
u_payload_ram/U2171	0	0.875972
u_payload_ram/mem_reg[117][1]	0	2.11316
u_payload_ram/U4242	0	1.72922
u_payload_ram/U1146	0	1.27774
u_payload_ram/mem_reg[120][2]	0	1.19723
u_payload_ram/U3535	0	1.05302
u_payload_ram/mem_reg[32][0]	0	0.61902
u_payload_ram/U400	0	0.737701
u_payload_ram/PLACE_HFSBUF_275_397	0	0.555556
u_payload_ram/U1170	0	1.09935
u_payload_ram/U1066	0	0.715895
u_payload_ram/U1132	0	1.89998
u_payload_ram/U2523	0	1.43027
u_payload_ram/U3326	0	1.05141
u_payload_ram/U3591	0	1.18544
u_zp/U53	0	0.78914
u_payload_ram/U3555	0	1.33093
u_payload_ram/U3620	0	0.860293
u_payload_ram/U1536	0	1.11061
u_payload_ram/PLACE_HFSINV_345_355	0	0.555556
u_payload_ram/U1071	0	0.732187
u_payload_ram/U3589	0	1.37284
u_payload_ram/mem_reg[95][7]	0	0.769776
u_zp/U55	0	1.44055
u_payload_ram/mem_reg[14][1]	0	0.843372
u_payload_ram/mem_reg[29][6]	0	2.54208
u_payload_ram/U4099	0	1.08255
u_payload_ram/mem_reg[116][1]	0	1.69985
u_payload_ram/PLACE_HFSBUF_1035_329	0	1.55556
u_payload_ram/U3621	0	1.52429
u_payload_ram/mem_reg[13][2]	0	1.36407
u_payload_ram/mem_reg[126][4]	0	2.65634
u_payload_ram/U391	0	1.05831
u_payload_ram/mem_reg[25][0]	0	0.798152
u_payload_ram/PLACE_HFSINV_336_256	0	1.55556
u_payload_ram/U3604	0	0.575089
u_payload_ram/mem_reg[21][4]	0	2.10845
u_payload_ram/mem_reg[34][2]	0	1.01518
u_payload_ram/U2448	0	0.689896
u_payload_ram/U1282	0	0.632404
u_payload_ram/U1699	0	1.89017
u_payload_ram/U1098	0	0.814545
u_zp/U46	0	0.768391
u_payload_ram/mem_reg[120][1]	0	0.639309
u_payload_ram/U1281	0	0.76968
u_payload_ram/U4058	0	0.716011
u_payload_ram/U3602	0	0.579394
u_payload_ram/U1145	0	1.19216
u_payload_ram/U1173	0	1.97648
u_payload_ram/U2228	0	1.68596
u_zp/U167	0	1.8311
u_payload_ram/U1084	0	0.957492
u_payload_ram/U1081	0	0.599803
u_payload_ram/U228	0	1.1485
u_payload_ram/PLACE_HFSBUF_1072_328	0	0.555556
u_payload_ram/PLACE_HFSBUF_1464_26	0	0.555556
u_payload_ram/PLACE_HFSBUF_1122_327	0	1.55556
u_payload_ram/PLACE_HFSBUF_1912_31	0	1.55556
u_zp/U56	0	1.20072
u_payload_ram/U2299	0	0.885162
u_payload_ram/PLACE_HFSBUF_1495_622	0	2.55556
u_payload_ram/U1290	0	1.2981
u_payload_ram/U299	0	0.927577
u_payload_ram/U4183	0	1.69035
u_payload_ram/mem_reg[122][2]	0	1.20218
u_payload_ram/U3649	0	1.50371
u_payload_ram/U1149	0	0.649306
u_payload_ram/U536	0	0.75706
u_zp/U146	0	1.41971
u_payload_ram/U4177	0.125	2.43489
u_payload_ram/mem_reg[19][4]	0	1.02517
u_payload_ram/mem_reg[3][6]	0	1.8572
u_payload_ram/PLACE_HFSBUF_522_1272	0	0.555556
u_payload_ram/PLACE_HFSBUF_460_1271	0	1.55556
u_payload_ram/mem_reg[122][1]	0	1.69456
u_payload_ram/mem_reg[95][6]	0	2.13146
u_payload_ram/mem_reg[25][1]	0	0.708673
u_payload_ram/U1083	0	1.16451
u_payload_ram/U209	0	1.62823
u_payload_ram/mem_reg[21][3]	0	0.584055
u_payload_ram/U171	0	0.598048
u_payload_ram/mem_reg[13][3]	0	0.875922
u_payload_ram/U3355	0	2.17915
u_payload_ram/U2298	0	0.651547
u_payload_ram/mem_reg[35][2]	0	0.704811
u_payload_ram/U1175	0	1.94811
u_payload_ram/mem_reg[27][3]	0	0.997191
u_payload_ram/U2173	0	1.25747
u_payload_ram/U3606	0	1.62738
u_payload_ram/U2361	0	2.00232
u_payload_ram/U301	0	0.943225
u_payload_ram/U2428	0	1.76179
u_payload_ram/U322	0	0.76216
u_payload_ram/mem_reg[124][0]	0	1.21014
u_payload_ram/U3695	0	1.61015
u_zp/U266	0	0.546362
u_payload_ram/U3271	0	1.68777
u_payload_ram/mem_reg[9][5]	0	0.89142
u_payload_ram/U399	0	1.70809
u_payload_ram/mem_reg[35][0]	0	2.3129
u_payload_ram/mem_reg[29][2]	0	0.979421
u_payload_ram/U1630	0	1.51688
u_payload_ram/PLACE_HFSBUF_1880_626	0	0.555556
u_payload_ram/PLACE_HFSBUF_947_1295	0	0.555556
u_payload_ram/PLACE_HFSBUF_894_1294	0	0.481481
u_payload_ram/PLACE_HFSBUF_1297_636	0	1.55556
u_payload_ram/U314	0	0.690791
u_payload_ram/mem_reg[19][0]	0	1.15828
u_payload_ram/U1067	0	0.889888
u_zp/U12	0	0.807986
u_payload_ram/U308	0	0.972662
u_payload_ram/mem_reg[123][3]	0	0.955745
u_payload_ram/U55	0	1.63848
u_payload_ram/PLACE_HFSBUF_1335_1371	0	1.55556
u_payload_ram/PLACE_HFSBUF_135_37	0	2.55556
u_payload_ram/PLACE_HFSBUF_362_35	0	0.555556
u_payload_ram/mem_reg[0][5]	0	0.915992
u_payload_ram/mem_reg[27][0]	0	1.50275
u_payload_ram/U3702	0	1.97031
u_payload_ram/U3273	0	0.621165
u_payload_ram/U2486	0	1.50999
u_payload_ram/mem_reg[4][4]	0	2.35699
u_payload_ram/PLACE_HFSBUF_871_25	0	1.55556
u_payload_ram/PLACE_HFSBUF_1058_24	0	1.55556
u_payload_ram/PLACE_HFSBUF_1123_23	0	1.55556
u_payload_ram/U1142	0	0.604174
u_payload_ram/mem_reg[21][1]	0	0.67799
u_payload_ram/U1235	0	2.01826
u_payload_ram/PLACE_HFSBUF_1535_324	0	2.4321
u_payload_ram/PLACE_HFSBUF_1493_323	0	0.555556
u_payload_ram/U401	0	1.83733
u_payload_ram/U3180	0	0.637693
u_payload_ram/U731	0	0.955968
u_zp/U16	0	1.02081
u_payload_ram/mem_reg[125][0]	0	0.811825
u_payload_ram/U3270	0	1.36828
u_payload_ram/U2115	0	0.687805
u_payload_ram/U3693	0	2.58981
u_payload_ram/mem_reg[27][2]	0	3.49229
u_payload_ram/mem_reg[0][4]	0	2.02715
u_payload_ram/mem_reg[31][1]	0	1.13267
u_payload_ram/U2397	0	1.49267
u_payload_ram/U313	0	0.86637
u_zp/U6	0	1.82301
u_payload_ram/U2028	0	1.06125
u_zp/U54	0	0.623808
u_payload_ram/U291	0	1.12551
u_payload_ram/U3670	0	1.16655
u_payload_ram/U3366	0	2.20699
u_payload_ram/U1863	0	0.872404
u_payload_ram/U397	0	0.583615
u_payload_ram/mem_reg[29][1]	0	1.39806
u_payload_ram/PLACE_HFSBUF_100_212	0	1.54321
u_payload_ram/U396	0	0.848461
u_payload_ram/mem_reg[95][3]	0	0.975517
u_payload_ram/U1292	0	0.730023
u_payload_ram/U3272	0	0.995748
u_payload_ram/U1236	0	0.921863
u_payload_ram/mem_reg[112][6]	0	2.37688
u_payload_ram/U2438	0	0.887512
u_payload_ram/U2154	0	1.75994
u_payload_ram/U230	0	1.92038
u_payload_ram/PLACE_HFSBUF_3021_211	0	0.555556
u_payload_ram/PLACE_HFSBUF_620_219	0	1.55556
u_payload_ram/mem_reg[34][0]	0	0.815509
u_payload_ram/mem_reg[112][4]	0	1.49046
u_payload_ram/mem_reg[9][3]	0	1.11529
u_payload_ram/U4188	0	1.85564
u_zp/U57	0	0.939688
u_payload_ram/U1148	0	1.31898
u_payload_ram/U2106	0	1.2472
u_payload_ram/mem_reg[122][7]	0	1.35964
u_payload_ram/U1187	0	0.667434
u_payload_ram/U3009	0	1.31369
u_payload_ram/U1069	0	1.18285
u_payload_ram/U1050	0	2.23782
u_payload_ram/U2375	0	1.47624
u_payload_ram/U3417	0	0.93902
u_payload_ram/U2340	0	1.88617
u_payload_ram/U2380	0	1.14724
u_payload_ram/U1131	0	1.09382
u_payload_ram/PLACE_HFSBUF_356_399	0	0.555556
u_payload_ram/PLACE_HFSBUF_904_385	0	1.55556
u_payload_ram/PLACE_HFSBUF_312_398	0	0.555556
u_payload_ram/U1696	0	2.53876
u_payload_ram/U1698	0	0.563723
u_payload_ram/PLACE_HFSINV_1366_638	0	1.53086
u_payload_ram/PLACE_HFSBUF_292_1239	0	2.33333
u_payload_ram/U1140	0	1.26398
u_payload_ram/U3548	0	0.88488
u_payload_ram/U1188	0	1.52628
u_payload_ram/mem_reg[16][6]	0	1.40437
u_payload_ram/U2360	0	0.788256
u_payload_ram/mem_reg[124][2]	0	1.23797
u_payload_ram/U2478	0	1.56269
u_payload_ram/U2060	0	0.80294
u_payload_ram/U3364	0	0.707616
u_payload_ram/PLACE_HFSBUF_296_1306	0	0.555556
u_payload_ram/PLACE_HFSBUF_2118_627	0	1.4321
u_payload_ram/PLACE_HFSBUF_1286_1334	0	1.51852
u_payload_ram/PLACE_HFSBUF_1344_1335	0	1.50617
u_payload_ram/PLACE_HFSBUF_361_1305	0	1.55556
u_payload_ram/U2415	0	2.30689
u_zp/U17	0	0.766875
u_payload_ram/U3694	0	1.74534
u_payload_ram/U1700	0	2.0018
u_payload_ram/mem_reg[123][7]	0	2.52652
u_payload_ram/U2385	0	0.77941
u_payload_ram/U2510	0	1.24821
u_payload_ram/U1199	0	1.64916
u_payload_ram/U1099	0	1.07778
u_payload_ram/U1631	0	1.23218
u_payload_ram/U2535	0	0.876034
u_zp/U264	0	0.55282
u_payload_ram/U2112	0	0.689198
u_payload_ram/U384	0	1.53884
u_payload_ram/mem_reg[14][6]	0	1.02269
u_payload_ram/U4215	0	1.09692
u_payload_ram/U1284	0	2.14124
u_zp/U259	0	1.36762
u_zp/U139	0	0.972006
u_payload_ram/U2383	0	0.664649
u_payload_ram/mem_reg[34][4]	0	2.44185
u_payload_ram/U1171	0	0.980833
u_payload_ram/mem_reg[20][5]	0	1.10501
u_payload_ram/U1100	0	0.871393
u_payload_ram/U1152	0	0.851975
u_payload_ram/PLACE_HFSBUF_210_214	0	1.51852
u_payload_ram/PLACE_HFSBUF_167_213	0	0.555556
u_payload_ram/U1198	0	1.4174
u_payload_ram/U1054	0	1.14865
u_payload_ram/mem_reg[19][3]	0	1.16035
u_payload_ram/U3632	0	0.682577
u_payload_ram/U2230	0	2.22315
u_zp/U160	0	0.745791
u_payload_ram/U1697	0	1.55779
u_payload_ram/U1554	0	1.40541
u_payload_ram/U2700	0	0.968198
u_payload_ram/PLACE_HFSBUF_380_218	0	2.53086
u_payload_ram/PLACE_HFSBUF_49_215	0	0.555556
u_payload_ram/mem_reg[112][2]	0	1.99628
u_payload_ram/U4224	0	1.47486
u_payload_ram/mem_reg[21][0]	0	1.59901
u_payload_ram/mem_reg[123][6]	0	0.745301
u_payload_ram/mem_reg[13][4]	0	2.82784
u_payload_ram/mem_reg[24][4]	0	0.610343
u_payload_ram/U1502	0	2.42062
u_payload_ram/U3671	0	0.781775
u_zp/U263	0	0.906439
u_payload_ram/U1291	0	1.58202
u_payload_ram/U1147	0	0.791717
u_payload_ram/U2378	0	1.20849
u_payload_ram/U3650	0	1.20118
u_payload_ram/U2250	0	1.69478
u_payload_ram/U1150	0	0.956817
u_payload_ram/U2019	0	1.06737
u_payload_ram/U3352	0	0.658966
u_payload_ram/U1056	0	0.963642
u_payload_ram/U3672	0	0.699147
u_payload_ram/U3667	0	0.873302
u_payload_ram/U3255	0	0.568345
u_payload_ram/U3669	0	1.07622
u_payload_ram/U1239	0	2.18344
u_zp/U18	0	1.18098
u_payload_ram/U3549	0	2.05725
u_payload_ram/mem_reg[21][2]	0	2.47041
u_payload_ram/U1629	0	2.36819
u_payload_ram/mem_reg[29][4]	0	1.65243
u_payload_ram/mem_reg[26][3]	0	0.853326
u_payload_ram/mem_reg[31][5]	0	1.56243
u_payload_ram/U1237	0	1.3861
u_payload_ram/U1151	0	0.945617
u_payload_ram/U2537	0	0.967735
u_payload_ram/U3590	0	1.27652
u_payload_ram/U2425	0	2.0905
u_payload_ram/U1628	0	1.7163
u_payload_ram/mem_reg[25][3]	0	0.876481
u_payload_ram/U1293	0	0.967431
u_payload_ram/mem_reg[20][3]	0	1.84825
u_payload_ram/U1219	0	1.11787
u_payload_ram/mem_reg[32][2]	0	1.23045
u_payload_ram/U1174	0	0.844823
u_payload_ram/U1221	0	0.989375
u_payload_ram/mem_reg[4][7]	0	0.782091
u_payload_ram/U2482	0	1.53882
u_payload_ram/PLACE_HFSBUF_1982_10	0	0.555556
u_payload_ram/PLACE_HFSBUF_1089_8	0	0.555556
u_payload_ram/PLACE_HFSBUF_806_19	0	1.55556
u_payload_ram/mem_reg[125][2]	0	1.85713
u_payload_ram/mem_reg[20][2]	0	0.580772
u_payload_ram/mem_reg[19][2]	0	0.725031
u_payload_ram/mem_reg[123][2]	0	0.966481
u_payload_ram/U1176	0	1.95557
u_payload_ram/mem_reg[9][4]	0	1.44084
u_payload_ram/mem_reg[16][2]	0	0.623754
u_zp/U10	0	2.01865
u_payload_ram/U1130	0	1.31052
u_payload_ram/mem_reg[19][5]	0	1.19842
u_payload_ram/PLACE_HFSINV_165_957	0	1.53086
u_payload_ram/U293	0	1.16702
u_payload_ram/U2351	0	0.998692
u_payload_ram/mem_reg[123][0]	0	3.08359
u_payload_ram/U1057	0	2.70373
u_payload_ram/mem_reg[112][1]	0	2.27057
u_payload_ram/PLACE_HFSINV_663_84	0	0.45679
u_payload_ram/mem_reg[9][7]	0	1.46684
u_payload_ram/U1052	0	0.952172
u_payload_ram/U3691	0	0.556485
u_payload_ram/mem_reg[26][0]	0	1.67458
u_payload_ram/U3301	0	1.08727
u_payload_ram/U3300	0	1.59525
u_payload_ram/U2392	0	0.9825
u_payload_ram/U1317	0	0.863125
u_zp/U4	0	0.727041
u_payload_ram/U200	0	2.30491
u_payload_ram/mem_reg[3][5]	0	3.12215
u_payload_ram/mem_reg[19][6]	0	2.1398
u_payload_ram/U2113	0	0.929514
u_payload_ram/mem_reg[16][5]	0	2.36482
u_payload_ram/mem_reg[19][7]	0	1.59953
u_payload_ram/mem_reg[27][1]	0	0.925729
u_payload_ram/mem_reg[122][6]	0	0.74071
u_payload_ram/mem_reg[14][5]	0	2.72859
u_payload_ram/U3618	0	0.648769
u_payload_ram/U160	0	2.38133
u_payload_ram/mem_reg[25][2]	0	2.15751
u_payload_ram/U1556	0	1.32977
u_payload_ram/U3298	0	0.600903
u_payload_ram/U3719	0	0.704761
u_payload_ram/mem_reg[16][7]	0	0.6837
u_payload_ram/mem_reg[17][6]	0	2.18784
u_zp/U161	0	0.614722
u_payload_ram/U1078	0	1.66955
u_payload_ram/mem_reg[31][7]	0	0.769232
u_payload_ram/U3267	0	1.07502
u_zp/U145	0	1.15141
u_payload_ram/U3718	0	1.84908
u_payload_ram/U794	0	2.15819
u_zp/U134	0	0.760783
u_payload_ram/U4238	0	1.18379
u_payload_ram/U2364	0	0.807785
u_payload_ram/U3716	0	2.19419
u_payload_ram/U2403	0	0.683152
u_payload_ram/U1082	0	1.32249
u_payload_ram/U1191	0	0.99865
u_payload_ram/U3715	0	0.898812
u_zp/U162	0	1.54236
u_payload_ram/U2153	0	1.3089
u_payload_ram/U3299	0	0.564429
u_payload_ram/U3542	0	1.1216
u_payload_ram/U3320	0	1.7954
u_payload_ram/U2479	0	1.1919
u_payload_ram/U1193	0	0.59517
u_payload_ram/PLACE_HFSBUF_180_639	0	0.555556
u_payload_ram/U3720	0	1.25736
u_payload_ram/U1821	0	0.552762
u_payload_ram/U2481	0	1.58011
u_payload_ram/U1553	0	0.602245
u_payload_ram/U4222	0	1.47364
u_payload_ram/mem_reg[11][5]	0	1.08684
u_payload_ram/U1192	0	1.83774
u_payload_ram/PLACE_HFSBUF_1008_1	0	1.55556
u_payload_ram/PLACE_HFSBUF_951_9	0	1.4321
u_payload_ram/U2416	0	1.08958
u_payload_ram/U2484	0	0.894726
u_payload_ram/U1318	0	2.13203
u_zp/U47	0	0.894363
u_payload_ram/U3605	0	0.780181
u_payload_ram/mem_reg[17][5]	0	0.680613
u_payload_ram/U2551	0	1.44214
u_payload_ram/U1080	0	1.75533
u_payload_ram/U1106	0	0.883322
u_payload_ram/mem_reg[0][2]	0	1.37367
u_payload_ram/U1279	0	1.94336
u_payload_ram/U2480	0	0.639124
u_payload_ram/U1246	0	2.10141
u_payload_ram/U1238	0	2.49171
u_payload_ram/mem_reg[3][7]	0	0.986165
u_payload_ram/U1319	0	0.690359
u_payload_ram/U1129	0	2.03309
u_payload_ram/mem_reg[28][5]	0	2.95932
u_payload_ram/PLACE_HFSINV_461_284	0	0.555556
u_payload_ram/U3279	0	0.893067
u_payload_ram/mem_reg[3][3]	0	1.09074
u_payload_ram/U4145	0	1.32748
u_payload_ram/U1194	0	1.12927
u_payload_ram/U1200	0	0.753237
u_payload_ram/mem_reg[14][7]	0	0.720235
u_payload_ram/U1552	0	0.694159
u_payload_ram/U923	0	1.39963
u_payload_ram/mem_reg[11][7]	0	2.47629
u_zp/U48	0	1.66612
u_payload_ram/U1190	0	0.609344
u_payload_ram/PLACE_HFSINV_374_102	0	1.55556
u_payload_ram/U2605	0	0.84478
u_payload_ram/U4021	0	1.48784
u_payload_ram/U1189	0	1.59775
u_payload_ram/U1105	0	0.800702
u_payload_ram/mem_reg[30][5]	0	2.00901
u_payload_ram/U1135	0	1.69863
u_payload_ram/U2483	0	0.924811
u_payload_ram/mem_reg[0][6]	0	2.27664
u_payload_ram/U1088	0	1.14051
u_payload_ram/PLACE_HFSINV_367_266	0	0.555556
u_payload_ram/U1283	0	0.571539
u_payload_ram/U2695	0	0.872789
u_payload_ram/U4083	0	1.54102
u_payload_ram/PLACE_HFSINV_669_133	0	1.53086
u_payload_ram/PLACE_HFSINV_710_129	0	0.555556
u_payload_ram/U1555	0	2.26705
u_payload_ram/mem_reg[4][2]	0	1.33487
u_payload_ram/U1233	0	1.14805
u_payload_ram/U4082	0	1.53638
u_payload_ram/U953	0	1.75298
u_payload_ram/U4075	0	1.20541
u_payload_ram/mem_reg[24][1]	0	1.13965
u_payload_ram/mem_reg[24][5]	0	0.592392
u_payload_ram/U3258	0	0.854383
u_zp/U45	0	1.22088
u_payload_ram/mem_reg[13][0]	0	1.37777
u_payload_ram/U1277	0	1.75343
u_payload_ram/mem_reg[21][6]	0	0.949788
u_payload_ram/mem_reg[28][7]	0	3.286
u_payload_ram/U1216	0	0.819641
u_payload_ram/mem_reg[8][5]	0	1.29001
u_payload_ram/PLACE_HFSINV_165_240	0	0.555556
u_payload_ram/mem_reg[18][3]	0	0.627404
u_payload_ram/U1154	0	0.574533
u_payload_ram/U1320	0	0.638191
u_payload_ram/U1232	0	0.8224
u_payload_ram/U2165	0	2.00405
u_payload_ram/mem_reg[31][2]	0	0.780837
u_payload_ram/U1201	0	1.00718
u_payload_ram/PLACE_HFSINV_420_131	0	1.49383
u_payload_ram/mem_reg[27][7]	0	1.61759
u_payload_ram/U1156	0	1.48672
u_payload_ram/mem_reg[26][1]	0	0.769726
u_payload_ram/U3961	0	1.77139
u_payload_ram/mem_reg[26][2]	0	0.879942
u_payload_ram/U1197	0	1.85916
u_payload_ram/mem_reg[18][5]	0	1.5374
u_payload_ram/mem_reg[31][3]	0	2.04447
u_payload_ram/mem_reg[31][6]	0	0.711836
u_payload_ram/mem_reg[24][7]	0	1.38893
u_payload_ram/U4081	0	0.997712
u_payload_ram/U516	0	1.72902
u_zp/U150	0	1.06923
u_payload_ram/mem_reg[14][4]	0	0.95686
u_payload_ram/mem_reg[14][3]	0	1.89671
u_payload_ram/mem_reg[3][2]	0	1.19432
u_payload_ram/U1202	0	1.02667
u_payload_ram/mem_reg[1][1]	0	0.64966
u_payload_ram/U1270	0	0.621316
u_payload_ram/mem_reg[4][0]	0	1.23398
u_payload_ram/U1049	0	0.702392
u_payload_ram/PLACE_HFSBUF_152_336	0	0.555556
u_payload_ram/mem_reg[9][1]	0	1.95529
u_payload_ram/mem_reg[5][2]	0	0.852419
u_payload_ram/mem_reg[0][0]	0	1.85407
u_payload_ram/mem_reg[31][4]	0	1.64405
u_zp/U166	0	0.958079
u_payload_ram/mem_reg[4][6]	0	1.92393
u_zp/U257	0	1.06987
u_payload_ram/mem_reg[13][1]	0	0.890312
u_payload_ram/U1167	0	1.25923
u_payload_ram/mem_reg[28][1]	0	0.629603
u_payload_ram/mem_reg[14][2]	0	2.50188
u_payload_ram/U1074	0	0.628985
u_payload_ram/mem_reg[18][1]	0	2.61448
u_payload_ram/U1181	0	1.3583
u_payload_ram/mem_reg[24][0]	0	1.28031
u_payload_ram/mem_reg[0][7]	0	0.636397
u_zp/U177	0	1.03053
u_payload_ram/PLACE_HFSINV_724_268	0	0.555556
u_payload_ram/U2631	0	1.06709
u_payload_ram/U4084	0	1.18811
u_payload_ram/U1315	0	1.65294
u_payload_ram/PLACE_HFSINV_684_76	0	1.55556
u_payload_ram/U1196	0	1.19421
u_payload_ram/mem_reg[11][2]	0	1.34954
u_payload_ram/U4066	0	0.801381
u_payload_ram/U2628	0	1.45757
u_payload_ram/PLACE_HFSINV_383_242	0	0.555556
u_payload_ram/mem_reg[13][5]	0	2.02223
u_payload_ram/U1166	0	0.626752
u_payload_ram/mem_reg[2][6]	0	0.76277
u_payload_ram/U1217	0	1.09092
u_payload_ram/mem_reg[9][6]	0	0.726721
u_payload_ram/U1234	0	2.30526
u_payload_ram/mem_reg[15][3]	0	1.03829
u_payload_ram/U1158	0	2.53331
u_payload_ram/U3430	0	1.01255
u_payload_ram/U3964	0	0.71103
u_payload_ram/U2251	0	1.23673
u_payload_ram/PLACE_HFSINV_475_60	0	0.555556
u_zp/U44	0	1.49737
u_payload_ram/U1203	0	0.807731
u_payload_ram/U3630	0	1.31026
u_payload_ram/mem_reg[2][3]	0	2.47793
u_payload_ram/U4124	0	1.18371
u_payload_ram/U120	0	0.846809
u_payload_ram/mem_reg[31][0]	0	1.17284
u_payload_ram/mem_reg[10][5]	0	1.11763
u_payload_ram/mem_reg[13][6]	0	1.15274
u_payload_ram/U1162	0	1.8165
u_payload_ram/U2485	0	2.39554
u_zp/U3	0	1.2585
u_payload_ram/PLACE_HFSINV_563_143	0	0.555556
u_payload_ram/U4067	0	0.552716
u_payload_ram/U4094	0	1.11779
u_payload_ram/U4147	0	0.889861
u_payload_ram/U1247	0	0.60446
u_payload_ram/U1207	0	0.970579
u_payload_ram/U1143	0	0.784298
u_payload_ram/PLACE_HFSINV_580_116	0	0.555556
u_payload_ram/U2491	0	2.25324
u_payload_ram/U1611	0	1.74805
u_payload_ram/U1064	0	1.26885
u_zp/U131	0	1.34283
u_payload_ram/U4059	0	1.18297
u_payload_ram/U1314	0	0.686975
u_payload_ram/U3616	0	0.600359
u_payload_ram/U1094	0	0.84659
u_payload_ram/mem_reg[11][3]	0	2.06091
u_payload_ram/mem_reg[20][6]	0	0.72696
u_payload_ram/U1155	0	1.80267
u_payload_ram/U1062	0	1.64392
u_payload_ram/mem_reg[17][1]	0	2.00506
u_payload_ram/U1163	0	1.31645
u_payload_ram/U3152	0	1.19161
u_payload_ram/PLACE_HFSBUF_3243_38	0	1.55556
u_payload_ram/U2490	0	0.887855
u_payload_ram/U1085	0	0.871833
u_payload_ram/U1241	0	1.05845
u_zp/U41	0	2.03723
u_payload_ram/mem_reg[3][1]	0	0.621408
u_payload_ram/mem_reg[10][4]	0	1.65115
u_zp/U29	0	0.711991
u_payload_ram/U2895	0	0.945849
u_payload_ram/mem_reg[13][7]	0	1.87958
u_payload_ram/mem_reg[3][0]	0	2.94077
u_payload_ram/PLACE_HFSINV_3657_412	0	0.555556
u_payload_ram/PLACE_HFSINV_1708_422	0	1.55556
u_payload_ram/PLACE_HFSINV_4407_423	0	2.55556
u_payload_ram/PLACE_HFSBUF_485_958	0	1.55556
u_zp/U165	0	0.769174
u_payload_ram/U1157	0	1.43358
u_payload_ram/mem_reg[9][2]	0	0.753252
u_payload_ram/mem_reg[8][6]	0	2.90391
u_payload_ram/mem_reg[18][2]	0	1.04632
u_payload_ram/mem_reg[30][3]	0	1.61711
u_payload_ram/U1168	0	1.57719
u_payload_ram/mem_reg[27][4]	0	1.45576
u_payload_ram/PLACE_HFSBUF_52_844	0	2.50617
u_payload_ram/PLACE_HFSINV_393_58	0	0.555556
u_payload_ram/U1184	0	2.31939
u_payload_ram/mem_reg[30][7]	0	1.22507
u_payload_ram/U4123	0	1.0926
u_payload_ram/PLACE_HFSBUF_439_340	0	0.555556
u_payload_ram/U1138	0	0.707353
u_payload_ram/mem_reg[8][0]	0	1.32516
u_payload_ram/mem_reg[12][2]	0	0.985903
u_payload_ram/U1271	0	1.32421
u_payload_ram/U2069	0	0.694005
u_payload_ram/PLACE_HFSINV_280_300	0	1.48148
u_payload_ram/mem_reg[28][0]	0	1.69574
u_payload_ram/mem_reg[26][5]	0	2.99297
u_payload_ram/U2518	0	1.59005
u_payload_ram/mem_reg[0][1]	0	1.22483
u_payload_ram/U2569	0	1.95968
u_payload_ram/mem_reg[17][4]	0	0.82162
u_payload_ram/U2494	0	2.21909
u_payload_ram/mem_reg[9][0]	0	1.62376
u_payload_ram/U1274	0	0.779973
u_payload_ram/mem_reg[20][1]	0	0.726019
u_payload_ram/mem_reg[18][4]	0	0.895586
u_payload_ram/mem_reg[15][7]	0	2.72823
u_zp/U248	0	0.921782
u_payload_ram/U1214	0	0.824579
u_payload_ram/U1073	0	0.935691
u_payload_ram/U3502	0	1.71307
u_zp/U31	0	1.724
u_payload_ram/U1058	0	0.684923
u_payload_ram/U1178	0	0.650239
u_payload_ram/U1180	0	2.5237
u_payload_ram/U1210	0	1.49114
u_payload_ram/U1208	0	1.67313
u_payload_ram/PLACE_HFSBUF_631_402	0	1.55556
u_payload_ram/PLACE_HFSBUF_30_39	0	1.55556
u_payload_ram/PLACE_HFSBUF_2641_395	0	1.55556
u_payload_ram/U3773	0	0.869502
u_payload_ram/U1313	0	0.937072
u_payload_ram/U1076	0	1.0038
u_payload_ram/U2489	0	0.630907
u_payload_ram/U1305	0	1.72557
u_payload_ram/U1268	0	0.58765
u_payload_ram/U4045	0	0.692126
u_payload_ram/U1307	0	1.81846
u_payload_ram/U1093	0	0.609653
u_zp/U176	0	0.935617
u_payload_ram/U1269	0	2.0624
u_payload_ram/U1159	0	1.40924
u_payload_ram/U1060	0	0.932948
u_payload_ram/U1316	0	1.91199
u_payload_ram/U238	0	2.10712
u_payload_ram/U1153	0	2.34603
u_payload_ram/PLACE_HFSINV_648_70	0	0.555556
u_payload_ram/PLACE_HFSINV_60_119	0	0.555556
u_payload_ram/PLACE_HFSBUF_1868_404	0	2.55556
u_payload_ram/U1075	0	0.897608
u_payload_ram/U1209	0	2.73387
u_payload_ram/U1244	0	1.87747
u_payload_ram/U1137	0	2.31677
u_payload_ram/U3520	0	0.567496
u_payload_ram/mem_reg[17][7]	0	1.46375
u_payload_ram/U1309	0	2.16107
u_payload_ram/U2488	0	2.33442
u_payload_ram/U2487	0	1.68414
u_payload_ram/PLACE_HFSINV_471_149	0	2.49383
u_payload_ram/PLACE_HFSINV_292_296	0	0.555556
u_payload_ram/PLACE_HFSINV_321_157	0	1.55556
u_payload_ram/U4134	0	1.44015
u_payload_ram/mem_reg[5][6]	0	2.61142
u_payload_ram/U1096	0	1.65918
u_payload_ram/U1160	0	1.80875
u_payload_ram/U2517	0	0.792307
u_payload_ram/U1310	0	1.1611
u_payload_ram/U3958	0	1.09932
u_payload_ram/U4118	0	0.936829
u_payload_ram/U1095	0	1.24166
u_payload_ram/PLACE_HFSINV_680_276	0	1.48148
u_payload_ram/PLACE_HFSINV_341_44	0	0.555556
u_payload_ram/U1108	0	0.973117
u_zp/U202	0	0.967396
u_payload_ram/U1272	0	1.13978
u_payload_ram/U1206	0	0.841053
u_payload_ram/U1179	0	0.827427
u_zp/U34	0	0.917612
u_payload_ram/U1311	0	0.581744
u_payload_ram/U4106	0	0.855066
u_payload_ram/U1612	0	0.59973
u_zp/U37	0	1.15032
u_payload_ram/U1306	0	2.44873
u_payload_ram/U2785	0	0.83755
u_payload_ram/U1304	0	2.62477
u_payload_ram/U272	0	1.02953
u_payload_ram/U3506	0	1.53397
u_payload_ram/U1144	0	1.13281
u_payload_ram/U2305	0	2.4509
u_payload_ram/U4119	0	0.752708
u_payload_ram/U1248	0	2.20866
u_payload_ram/U1087	0	0.81772
u_payload_ram/U1275	0	0.70223
u_payload_ram/U3812	0	1.09343
u_payload_ram/U2152	0	1.61137
u_payload_ram/U1183	0	0.827975
u_payload_ram/U1308	0	0.885201
u_payload_ram/U2707	0	1.37757
u_payload_ram/U2571	0	0.679653
u_payload_ram/mem_reg[5][1]	0	1.01591
u_payload_ram/mem_reg[15][6]	0	0.730247
u_zp/U164	0	0.602404
u_payload_ram/PLACE_HFSBUF_3025_f_341	0	1.55556
u_payload_ram/mem_reg[20][0]	0	0.669884
u_payload_ram/U4241	0	1.14757
u_zp/U149	0	1.13302
u_payload_ram/mem_reg[30][0]	0	0.745868
u_payload_ram/U3434	0	1.04505
u_payload_ram/U1077	0	1.27993
u_zp/U99	0	0.61564
u_payload_ram/U1499	0	2.06564
u_payload_ram/U1273	0	1.70962
u_zp/U201	0	1.8721
u_payload_ram/U1215	0	0.506979
u_payload_ram/mem_reg[1][6]	0	1.41099
u_payload_ram/mem_reg[30][1]	0	2.57808
u_payload_ram/PLACE_HFSBUF_53_396	0	0.407407
u_payload_ram/U1220	0	0.710532
u_payload_ram/U1079	0	0.865675
u_payload_ram/U1107	0	1.41956
u_payload_ram/U1164	0	2.01773
u_payload_ram/U1218	0	1.28592
u_payload_ram/U3432	0	2.00693
u_payload_ram/U2493	0	2.2809
u_payload_ram/U3433	0	0.564479
u_zp/U258	0	1.3511
u_payload_ram/U3777	0	0.551366
u_payload_ram/U2570	0	0.823113
u_payload_ram/U3775	0	1.26912
u_payload_ram/U1243	0	1.0073
u_payload_ram/U1302	0	1.75603
u_zp/U173	0	0.594279
u_payload_ram/U2163	0	1.96943
u_payload_ram/U1212	0	0.566771
u_payload_ram/U1242	0	0.695733
u_payload_ram/U4239	0	1.5059
u_payload_ram/U1086	0	2.05652
u_payload_ram/U1211	0	2.06967
u_payload_ram/U2156	0	1.37649
u_payload_ram/mem_reg[24][3]	0	0.970066
u_payload_ram/mem_reg[11][0]	0	0.839711
u_payload_ram/mem_reg[2][7]	0	0.644657
u_payload_ram/mem_reg[2][4]	0	2.27014
u_payload_ram/mem_reg[8][2]	0	0.941809
u_payload_ram/mem_reg[8][7]	0	0.973511
u_payload_ram/mem_reg[2][2]	0	0.958302
u_payload_ram/mem_reg[8][1]	0	1.38316
u_payload_ram/mem_reg[2][1]	0	1.93802
u_payload_ram/mem_reg[2][5]	0	1.01757
u_payload_ram/mem_reg[2][0]	0	0.787226
u_payload_ram/mem_reg[8][3]	0	1.87938
u_payload_ram/mem_reg[10][7]	0	1.53473
u_payload_ram/mem_reg[8][4]	0	3.2866
u_payload_ram/mem_reg[5][0]	0	0.857365
u_payload_ram/mem_reg[10][6]	0	1.46674
u_payload_ram/mem_reg[17][3]	0	0.604066
u_payload_ram/mem_reg[30][2]	0	1.62007
u_payload_ram/mem_reg[10][3]	0	0.940559
u_payload_ram/mem_reg[10][2]	0	2.04205
u_payload_ram/mem_reg[1][0]	0	0.562539
u_payload_ram/mem_reg[10][1]	0	1.96813
u_payload_ram/mem_reg[10][0]	0	1.36039
u_payload_ram/mem_reg[11][6]	0	2.85316
u_payload_ram/mem_reg[30][4]	0	1.5657
u_payload_ram/mem_reg[11][4]	0	0.558094
u_payload_ram/mem_reg[1][2]	0	1.71146
u_payload_ram/mem_reg[30][6]	0	3.31483
u_payload_ram/mem_reg[11][1]	0	2.15296
u_payload_ram/mem_reg[12][7]	0	1.94764
u_payload_ram/mem_reg[12][6]	0	0.932191
u_payload_ram/mem_reg[1][3]	0	1.64278
u_payload_ram/mem_reg[17][0]	0	2.03542
u_payload_ram/mem_reg[12][5]	0	0.756358
u_payload_ram/mem_reg[12][1]	0	1.57441
u_payload_ram/mem_reg[12][4]	0	2.38021
u_payload_ram/mem_reg[28][6]	0	1.42688
u_payload_ram/mem_reg[12][3]	0	0.790525
u_payload_ram/mem_reg[27][5]	0	1.58368
u_payload_ram/mem_reg[12][0]	0	1.43577
u_payload_ram/mem_reg[15][4]	0	1.49386
u_payload_ram/mem_reg[26][7]	0	2.06948
u_payload_ram/mem_reg[20][7]	0	1.76028
u_payload_ram/mem_reg[28][2]	0	0.919414
u_payload_ram/mem_reg[15][5]	0	3.12799
u_payload_ram/mem_reg[26][6]	0	2.93136
u_payload_ram/mem_reg[15][2]	0	1.16028
u_payload_ram/mem_reg[17][2]	0	2.13424
u_payload_ram/mem_reg[15][1]	0	3.27983
u_payload_ram/mem_reg[18][7]	0	1.21973
u_payload_ram/mem_reg[15][0]	0	2.67389
u_payload_ram/mem_reg[24][6]	0	0.690039
u_payload_ram/mem_reg[28][3]	0	1.23855
u_payload_ram/mem_reg[18][0]	0	2.37205
u_payload_ram/mem_reg[28][4]	0	2.19306
u_payload_ram/mem_reg[1][4]	0	1.00157
u_payload_ram/mem_reg[1][5]	0	2.79375
u_payload_ram/mem_reg[5][4]	0	1.9607
u_payload_ram/mem_reg[18][6]	0	0.701497
u_payload_ram/mem_reg[1][7]	0	1.22761
u_payload_ram/mem_reg[27][6]	0	1.95521
u_payload_ram/mem_reg[26][4]	0	1.30636
u_payload_ram/mem_reg[20][4]	0	2.94709
u_payload_ram/mem_reg[5][7]	0	1.46611
u_payload_ram/mem_reg[5][5]	0	0.913962
u_payload_ram/mem_reg[5][3]	0	1.88427
u_payload_ram/mem_reg[0][3]	0	2.7148
u_payload_ram/mem_reg[24][2]	0	1.26889
u_zp/U126	0	1.37606
u_zp/U148	0	0.69397
u_payload_ram/U2732	0	1.31477
u_payload_ram/U4050	0	0.592207
u_zp/U142	0	1.21368
u_payload_ram/U2572	0	1.89904
u_payload_ram/U851	0	0.859757
u_payload_ram/U1874	0	0.820482
u_zp/U50	0	0.57184
u_payload_ram/U4240	0	0.619549
u_zp/U129	0	0.956096
u_zp/U33	0	1.16074
u_zp/U172	0	1.36036
u_zp/U163	0	1.18397
u_payload_ram/U1228	0	0.929969
u_zp/U203	0	1.19117
u_zp/U14	0	1.0839
u_zp/U174	0	1.90102
u_payload_ram/U2177	0	0.957593
u_payload_ram/U3503	0	1.38265
u_payload_ram/U3505	0	1.03517
u_zp/U175	0	1.53933
u_payload_ram/PLACE_HFSINV_417_86	0	0.530864
u_zp/U49	0	1.3007
u_zp/U59	0	1.85622
u_zp/U60	0	0.918426
End_Cell_Waste
Total_Cell_Waste	53
